Copyright 1986-2020 Xilinx, Inc. All Rights Reserved.
--------------------------------------------------------------------------------------------------------------------------------------------------------------------------------------------------------
| Tool Version : Vivado v.2020.1 (win64) Build 2902540 Wed May 27 19:54:49 MDT 2020
| Date         : Wed Mar 19 22:35:21 2025
| Host         : LAPTOP-C0SBPNAP running 64-bit major release  (build 9200)
| Command      : report_timing_summary -max_paths 10 -file SPI_control_timing_summary_routed.rpt -pb SPI_control_timing_summary_routed.pb -rpx SPI_control_timing_summary_routed.rpx -warn_on_violation
| Design       : SPI_control
| Device       : 7s6-ftgb196
| Speed File   : -1  PRODUCTION 1.23 2018-06-13
--------------------------------------------------------------------------------------------------------------------------------------------------------------------------------------------------------

Timing Summary Report

------------------------------------------------------------------------------------------------
| Timer Settings
| --------------
------------------------------------------------------------------------------------------------

  Enable Multi Corner Analysis               :  Yes
  Enable Pessimism Removal                   :  Yes
  Pessimism Removal Resolution               :  Nearest Common Node
  Enable Input Delay Default Clock           :  No
  Enable Preset / Clear Arcs                 :  No
  Disable Flight Delays                      :  No
  Ignore I/O Paths                           :  No
  Timing Early Launch at Borrowing Latches   :  No
  Borrow Time for Max Delay Exceptions       :  Yes
  Merge Timing Exceptions                    :  Yes

  Corner  Analyze    Analyze    
  Name    Max Paths  Min Paths  
  ------  ---------  ---------  
  Slow    Yes        Yes        
  Fast    Yes        Yes        



check_timing report

Table of Contents
-----------------
1. checking no_clock (0)
2. checking constant_clock (0)
3. checking pulse_width_clock (0)
4. checking unconstrained_internal_endpoints (0)
5. checking no_input_delay (4)
6. checking no_output_delay (16)
7. checking multiple_clock (0)
8. checking generated_clocks (0)
9. checking loops (0)
10. checking partial_input_delay (0)
11. checking partial_output_delay (0)
12. checking latch_loops (0)

1. checking no_clock (0)
------------------------
 There are 0 register/latch pins with no clock.


2. checking constant_clock (0)
------------------------------
 There are 0 register/latch pins with constant_clock.


3. checking pulse_width_clock (0)
---------------------------------
 There are 0 register/latch pins which need pulse_width check


4. checking unconstrained_internal_endpoints (0)
------------------------------------------------
 There are 0 pins that are not constrained for maximum delay.

 There are 0 pins that are not constrained for maximum delay due to constant clock.


5. checking no_input_delay (4)
------------------------------
 There are 4 input ports with no input delay specified. (HIGH)

 There are 0 input ports with no input delay but user has a false path constraint.


6. checking no_output_delay (16)
--------------------------------
 There are 16 ports with no output delay specified. (HIGH)

 There are 0 ports with no output delay but user has a false path constraint

 There are 0 ports with no output delay but with a timing clock defined on it or propagating through it


7. checking multiple_clock (0)
------------------------------
 There are 0 register/latch pins with multiple clocks.


8. checking generated_clocks (0)
--------------------------------
 There are 0 generated clocks that are not connected to a clock source.


9. checking loops (0)
---------------------
 There are 0 combinational loops in the design.


10. checking partial_input_delay (0)
------------------------------------
 There are 0 input ports with partial input delay specified.


11. checking partial_output_delay (0)
-------------------------------------
 There are 0 ports with partial output delay specified.


12. checking latch_loops (0)
----------------------------
 There are 0 combinational latch loops in the design through latch input



------------------------------------------------------------------------------------------------
| Design Timing Summary
| ---------------------
------------------------------------------------------------------------------------------------

    WNS(ns)      TNS(ns)  TNS Failing Endpoints  TNS Total Endpoints      WHS(ns)      THS(ns)  THS Failing Endpoints  THS Total Endpoints     WPWS(ns)     TPWS(ns)  TPWS Failing Endpoints  TPWS Total Endpoints  
    -------      -------  ---------------------  -------------------      -------      -------  ---------------------  -------------------     --------     --------  ----------------------  --------------------  
     15.776        0.000                      0                  214        0.168        0.000                      0                  214        9.500        0.000                       0                   137  


All user specified timing constraints are met.


------------------------------------------------------------------------------------------------
| Clock Summary
| -------------
------------------------------------------------------------------------------------------------

Clock  Waveform(ns)       Period(ns)      Frequency(MHz)
-----  ------------       ----------      --------------
clk    {0.000 10.000}     20.000          50.000          


------------------------------------------------------------------------------------------------
| Intra Clock Table
| -----------------
------------------------------------------------------------------------------------------------

Clock             WNS(ns)      TNS(ns)  TNS Failing Endpoints  TNS Total Endpoints      WHS(ns)      THS(ns)  THS Failing Endpoints  THS Total Endpoints     WPWS(ns)     TPWS(ns)  TPWS Failing Endpoints  TPWS Total Endpoints  
-----             -------      -------  ---------------------  -------------------      -------      -------  ---------------------  -------------------     --------     --------  ----------------------  --------------------  
clk                15.776        0.000                      0                  214        0.168        0.000                      0                  214        9.500        0.000                       0                   137  


------------------------------------------------------------------------------------------------
| Inter Clock Table
| -----------------
------------------------------------------------------------------------------------------------

From Clock    To Clock          WNS(ns)      TNS(ns)  TNS Failing Endpoints  TNS Total Endpoints      WHS(ns)      THS(ns)  THS Failing Endpoints  THS Total Endpoints  
----------    --------          -------      -------  ---------------------  -------------------      -------      -------  ---------------------  -------------------  


------------------------------------------------------------------------------------------------
| Other Path Groups Table
| -----------------------
------------------------------------------------------------------------------------------------

Path Group    From Clock    To Clock          WNS(ns)      TNS(ns)  TNS Failing Endpoints  TNS Total Endpoints      WHS(ns)      THS(ns)  THS Failing Endpoints  THS Total Endpoints  
----------    ----------    --------          -------      -------  ---------------------  -------------------      -------      -------  ---------------------  -------------------  


------------------------------------------------------------------------------------------------
| Timing Details
| --------------
------------------------------------------------------------------------------------------------


---------------------------------------------------------------------------------------------------
From Clock:  clk
  To Clock:  clk

Setup :            0  Failing Endpoints,  Worst Slack       15.776ns,  Total Violation        0.000ns
Hold  :            0  Failing Endpoints,  Worst Slack        0.168ns,  Total Violation        0.000ns
PW    :            0  Failing Endpoints,  Worst Slack        9.500ns,  Total Violation        0.000ns
---------------------------------------------------------------------------------------------------


Max Delay Paths
--------------------------------------------------------------------------------------
Slack (MET) :             15.776ns  (required time - arrival time)
  Source:                 segdisplay_inst/cnt_data_reg[0]/C
                            (rising edge-triggered cell FDCE clocked by clk  {rise@0.000ns fall@10.000ns period=20.000ns})
  Destination:            segdisplay_inst/cnt_data_reg[30]/D
                            (rising edge-triggered cell FDCE clocked by clk  {rise@0.000ns fall@10.000ns period=20.000ns})
  Path Group:             clk
  Path Type:              Setup (Max at Slow Process Corner)
  Requirement:            20.000ns  (clk rise@20.000ns - clk rise@0.000ns)
  Data Path Delay:        4.263ns  (logic 2.385ns (55.942%)  route 1.878ns (44.058%))
  Logic Levels:           9  (CARRY4=8 LUT5=1)
  Clock Path Skew:        0.000ns (DCD - SCD + CPR)
    Destination Clock Delay (DCD):    4.855ns = ( 24.855 - 20.000 ) 
    Source Clock Delay      (SCD):    5.152ns
    Clock Pessimism Removal (CPR):    0.298ns
  Clock Uncertainty:      0.035ns  ((TSJ^2 + TIJ^2)^1/2 + DJ) / 2 + PE
    Total System Jitter     (TSJ):    0.071ns
    Total Input Jitter      (TIJ):    0.000ns
    Discrete Jitter          (DJ):    0.000ns
    Phase Error              (PE):    0.000ns

    Location             Delay type                Incr(ns)  Path(ns)    Netlist Resource(s)
  -------------------------------------------------------------------    -------------------
                         (clock clk rise edge)        0.000     0.000 r  
    G11                                               0.000     0.000 r  clk (IN)
                         net (fo=0)                   0.000     0.000    clk
    G11                  IBUF (Prop_ibuf_I_O)         1.432     1.432 r  clk_IBUF_inst/O
                         net (fo=1, routed)           1.927     3.360    clk_IBUF
    BUFGCTRL_X0Y0        BUFG (Prop_bufg_I_O)         0.096     3.456 r  clk_IBUF_BUFG_inst/O
                         net (fo=136, routed)         1.696     5.152    segdisplay_inst/CLK
    SLICE_X35Y40         FDCE                                         r  segdisplay_inst/cnt_data_reg[0]/C
  -------------------------------------------------------------------    -------------------
    SLICE_X35Y40         FDCE (Prop_fdce_C_Q)         0.456     5.608 r  segdisplay_inst/cnt_data_reg[0]/Q
                         net (fo=34, routed)          1.060     6.668    segdisplay_inst/cnt_data[0]
    SLICE_X37Y33         CARRY4 (Prop_carry4_CYINIT_CO[3])
                                                      0.580     7.248 r  segdisplay_inst/cnt_data0_carry/CO[3]
                         net (fo=1, routed)           0.000     7.248    segdisplay_inst/cnt_data0_carry_n_0
    SLICE_X37Y34         CARRY4 (Prop_carry4_CI_CO[3])
                                                      0.114     7.362 r  segdisplay_inst/cnt_data0_carry__0/CO[3]
                         net (fo=1, routed)           0.000     7.362    segdisplay_inst/cnt_data0_carry__0_n_0
    SLICE_X37Y35         CARRY4 (Prop_carry4_CI_CO[3])
                                                      0.114     7.476 r  segdisplay_inst/cnt_data0_carry__1/CO[3]
                         net (fo=1, routed)           0.000     7.476    segdisplay_inst/cnt_data0_carry__1_n_0
    SLICE_X37Y36         CARRY4 (Prop_carry4_CI_CO[3])
                                                      0.114     7.590 r  segdisplay_inst/cnt_data0_carry__2/CO[3]
                         net (fo=1, routed)           0.000     7.590    segdisplay_inst/cnt_data0_carry__2_n_0
    SLICE_X37Y37         CARRY4 (Prop_carry4_CI_CO[3])
                                                      0.114     7.704 r  segdisplay_inst/cnt_data0_carry__3/CO[3]
                         net (fo=1, routed)           0.000     7.704    segdisplay_inst/cnt_data0_carry__3_n_0
    SLICE_X37Y38         CARRY4 (Prop_carry4_CI_CO[3])
                                                      0.114     7.818 r  segdisplay_inst/cnt_data0_carry__4/CO[3]
                         net (fo=1, routed)           0.000     7.818    segdisplay_inst/cnt_data0_carry__4_n_0
    SLICE_X37Y39         CARRY4 (Prop_carry4_CI_CO[3])
                                                      0.114     7.932 r  segdisplay_inst/cnt_data0_carry__5/CO[3]
                         net (fo=1, routed)           0.000     7.932    segdisplay_inst/cnt_data0_carry__5_n_0
    SLICE_X37Y40         CARRY4 (Prop_carry4_CI_O[1])
                                                      0.334     8.266 r  segdisplay_inst/cnt_data0_carry__6/O[1]
                         net (fo=1, routed)           0.818     9.084    segdisplay_inst/data0[30]
    SLICE_X35Y40         LUT5 (Prop_lut5_I4_O)        0.331     9.415 r  segdisplay_inst/cnt_data[30]_i_1/O
                         net (fo=1, routed)           0.000     9.415    segdisplay_inst/cnt_data_0[30]
    SLICE_X35Y40         FDCE                                         r  segdisplay_inst/cnt_data_reg[30]/D
  -------------------------------------------------------------------    -------------------

                         (clock clk rise edge)       20.000    20.000 r  
    G11                                               0.000    20.000 r  clk (IN)
                         net (fo=0)                   0.000    20.000    clk
    G11                  IBUF (Prop_ibuf_I_O)         1.362    21.362 r  clk_IBUF_inst/O
                         net (fo=1, routed)           1.824    23.186    clk_IBUF
    BUFGCTRL_X0Y0        BUFG (Prop_bufg_I_O)         0.091    23.277 r  clk_IBUF_BUFG_inst/O
                         net (fo=136, routed)         1.577    24.855    segdisplay_inst/CLK
    SLICE_X35Y40         FDCE                                         r  segdisplay_inst/cnt_data_reg[30]/C
                         clock pessimism              0.298    25.152    
                         clock uncertainty           -0.035    25.117    
    SLICE_X35Y40         FDCE (Setup_fdce_C_D)        0.075    25.192    segdisplay_inst/cnt_data_reg[30]
  -------------------------------------------------------------------
                         required time                         25.192    
                         arrival time                          -9.415    
  -------------------------------------------------------------------
                         slack                                 15.776    

Slack (MET) :             15.847ns  (required time - arrival time)
  Source:                 segdisplay_inst/cnt_data_reg[0]/C
                            (rising edge-triggered cell FDCE clocked by clk  {rise@0.000ns fall@10.000ns period=20.000ns})
  Destination:            segdisplay_inst/cnt_data_reg[26]/D
                            (rising edge-triggered cell FDCE clocked by clk  {rise@0.000ns fall@10.000ns period=20.000ns})
  Path Group:             clk
  Path Type:              Setup (Max at Slow Process Corner)
  Requirement:            20.000ns  (clk rise@20.000ns - clk rise@0.000ns)
  Data Path Delay:        4.123ns  (logic 2.243ns (54.398%)  route 1.880ns (45.602%))
  Logic Levels:           8  (CARRY4=7 LUT5=1)
  Clock Path Skew:        -0.025ns (DCD - SCD + CPR)
    Destination Clock Delay (DCD):    4.855ns = ( 24.855 - 20.000 ) 
    Source Clock Delay      (SCD):    5.152ns
    Clock Pessimism Removal (CPR):    0.273ns
  Clock Uncertainty:      0.035ns  ((TSJ^2 + TIJ^2)^1/2 + DJ) / 2 + PE
    Total System Jitter     (TSJ):    0.071ns
    Total Input Jitter      (TIJ):    0.000ns
    Discrete Jitter          (DJ):    0.000ns
    Phase Error              (PE):    0.000ns

    Location             Delay type                Incr(ns)  Path(ns)    Netlist Resource(s)
  -------------------------------------------------------------------    -------------------
                         (clock clk rise edge)        0.000     0.000 r  
    G11                                               0.000     0.000 r  clk (IN)
                         net (fo=0)                   0.000     0.000    clk
    G11                  IBUF (Prop_ibuf_I_O)         1.432     1.432 r  clk_IBUF_inst/O
                         net (fo=1, routed)           1.927     3.360    clk_IBUF
    BUFGCTRL_X0Y0        BUFG (Prop_bufg_I_O)         0.096     3.456 r  clk_IBUF_BUFG_inst/O
                         net (fo=136, routed)         1.696     5.152    segdisplay_inst/CLK
    SLICE_X35Y40         FDCE                                         r  segdisplay_inst/cnt_data_reg[0]/C
  -------------------------------------------------------------------    -------------------
    SLICE_X35Y40         FDCE (Prop_fdce_C_Q)         0.456     5.608 r  segdisplay_inst/cnt_data_reg[0]/Q
                         net (fo=34, routed)          1.060     6.668    segdisplay_inst/cnt_data[0]
    SLICE_X37Y33         CARRY4 (Prop_carry4_CYINIT_CO[3])
                                                      0.580     7.248 r  segdisplay_inst/cnt_data0_carry/CO[3]
                         net (fo=1, routed)           0.000     7.248    segdisplay_inst/cnt_data0_carry_n_0
    SLICE_X37Y34         CARRY4 (Prop_carry4_CI_CO[3])
                                                      0.114     7.362 r  segdisplay_inst/cnt_data0_carry__0/CO[3]
                         net (fo=1, routed)           0.000     7.362    segdisplay_inst/cnt_data0_carry__0_n_0
    SLICE_X37Y35         CARRY4 (Prop_carry4_CI_CO[3])
                                                      0.114     7.476 r  segdisplay_inst/cnt_data0_carry__1/CO[3]
                         net (fo=1, routed)           0.000     7.476    segdisplay_inst/cnt_data0_carry__1_n_0
    SLICE_X37Y36         CARRY4 (Prop_carry4_CI_CO[3])
                                                      0.114     7.590 r  segdisplay_inst/cnt_data0_carry__2/CO[3]
                         net (fo=1, routed)           0.000     7.590    segdisplay_inst/cnt_data0_carry__2_n_0
    SLICE_X37Y37         CARRY4 (Prop_carry4_CI_CO[3])
                                                      0.114     7.704 r  segdisplay_inst/cnt_data0_carry__3/CO[3]
                         net (fo=1, routed)           0.000     7.704    segdisplay_inst/cnt_data0_carry__3_n_0
    SLICE_X37Y38         CARRY4 (Prop_carry4_CI_CO[3])
                                                      0.114     7.818 r  segdisplay_inst/cnt_data0_carry__4/CO[3]
                         net (fo=1, routed)           0.000     7.818    segdisplay_inst/cnt_data0_carry__4_n_0
    SLICE_X37Y39         CARRY4 (Prop_carry4_CI_O[1])
                                                      0.334     8.152 r  segdisplay_inst/cnt_data0_carry__5/O[1]
                         net (fo=1, routed)           0.820     8.972    segdisplay_inst/data0[26]
    SLICE_X35Y39         LUT5 (Prop_lut5_I4_O)        0.303     9.275 r  segdisplay_inst/cnt_data[26]_i_1/O
                         net (fo=1, routed)           0.000     9.275    segdisplay_inst/cnt_data_0[26]
    SLICE_X35Y39         FDCE                                         r  segdisplay_inst/cnt_data_reg[26]/D
  -------------------------------------------------------------------    -------------------

                         (clock clk rise edge)       20.000    20.000 r  
    G11                                               0.000    20.000 r  clk (IN)
                         net (fo=0)                   0.000    20.000    clk
    G11                  IBUF (Prop_ibuf_I_O)         1.362    21.362 r  clk_IBUF_inst/O
                         net (fo=1, routed)           1.824    23.186    clk_IBUF
    BUFGCTRL_X0Y0        BUFG (Prop_bufg_I_O)         0.091    23.277 r  clk_IBUF_BUFG_inst/O
                         net (fo=136, routed)         1.577    24.855    segdisplay_inst/CLK
    SLICE_X35Y39         FDCE                                         r  segdisplay_inst/cnt_data_reg[26]/C
                         clock pessimism              0.273    25.127    
                         clock uncertainty           -0.035    25.092    
    SLICE_X35Y39         FDCE (Setup_fdce_C_D)        0.031    25.123    segdisplay_inst/cnt_data_reg[26]
  -------------------------------------------------------------------
                         required time                         25.123    
                         arrival time                          -9.275    
  -------------------------------------------------------------------
                         slack                                 15.847    

Slack (MET) :             15.864ns  (required time - arrival time)
  Source:                 segdisplay_inst/cnt_data_reg[0]/C
                            (rising edge-triggered cell FDCE clocked by clk  {rise@0.000ns fall@10.000ns period=20.000ns})
  Destination:            segdisplay_inst/cnt_data_reg[28]/D
                            (rising edge-triggered cell FDCE clocked by clk  {rise@0.000ns fall@10.000ns period=20.000ns})
  Path Group:             clk
  Path Type:              Setup (Max at Slow Process Corner)
  Requirement:            20.000ns  (clk rise@20.000ns - clk rise@0.000ns)
  Data Path Delay:        4.108ns  (logic 2.225ns (54.163%)  route 1.883ns (45.837%))
  Logic Levels:           8  (CARRY4=7 LUT5=1)
  Clock Path Skew:        -0.025ns (DCD - SCD + CPR)
    Destination Clock Delay (DCD):    4.855ns = ( 24.855 - 20.000 ) 
    Source Clock Delay      (SCD):    5.152ns
    Clock Pessimism Removal (CPR):    0.273ns
  Clock Uncertainty:      0.035ns  ((TSJ^2 + TIJ^2)^1/2 + DJ) / 2 + PE
    Total System Jitter     (TSJ):    0.071ns
    Total Input Jitter      (TIJ):    0.000ns
    Discrete Jitter          (DJ):    0.000ns
    Phase Error              (PE):    0.000ns

    Location             Delay type                Incr(ns)  Path(ns)    Netlist Resource(s)
  -------------------------------------------------------------------    -------------------
                         (clock clk rise edge)        0.000     0.000 r  
    G11                                               0.000     0.000 r  clk (IN)
                         net (fo=0)                   0.000     0.000    clk
    G11                  IBUF (Prop_ibuf_I_O)         1.432     1.432 r  clk_IBUF_inst/O
                         net (fo=1, routed)           1.927     3.360    clk_IBUF
    BUFGCTRL_X0Y0        BUFG (Prop_bufg_I_O)         0.096     3.456 r  clk_IBUF_BUFG_inst/O
                         net (fo=136, routed)         1.696     5.152    segdisplay_inst/CLK
    SLICE_X35Y40         FDCE                                         r  segdisplay_inst/cnt_data_reg[0]/C
  -------------------------------------------------------------------    -------------------
    SLICE_X35Y40         FDCE (Prop_fdce_C_Q)         0.456     5.608 r  segdisplay_inst/cnt_data_reg[0]/Q
                         net (fo=34, routed)          1.060     6.668    segdisplay_inst/cnt_data[0]
    SLICE_X37Y33         CARRY4 (Prop_carry4_CYINIT_CO[3])
                                                      0.580     7.248 r  segdisplay_inst/cnt_data0_carry/CO[3]
                         net (fo=1, routed)           0.000     7.248    segdisplay_inst/cnt_data0_carry_n_0
    SLICE_X37Y34         CARRY4 (Prop_carry4_CI_CO[3])
                                                      0.114     7.362 r  segdisplay_inst/cnt_data0_carry__0/CO[3]
                         net (fo=1, routed)           0.000     7.362    segdisplay_inst/cnt_data0_carry__0_n_0
    SLICE_X37Y35         CARRY4 (Prop_carry4_CI_CO[3])
                                                      0.114     7.476 r  segdisplay_inst/cnt_data0_carry__1/CO[3]
                         net (fo=1, routed)           0.000     7.476    segdisplay_inst/cnt_data0_carry__1_n_0
    SLICE_X37Y36         CARRY4 (Prop_carry4_CI_CO[3])
                                                      0.114     7.590 r  segdisplay_inst/cnt_data0_carry__2/CO[3]
                         net (fo=1, routed)           0.000     7.590    segdisplay_inst/cnt_data0_carry__2_n_0
    SLICE_X37Y37         CARRY4 (Prop_carry4_CI_CO[3])
                                                      0.114     7.704 r  segdisplay_inst/cnt_data0_carry__3/CO[3]
                         net (fo=1, routed)           0.000     7.704    segdisplay_inst/cnt_data0_carry__3_n_0
    SLICE_X37Y38         CARRY4 (Prop_carry4_CI_CO[3])
                                                      0.114     7.818 r  segdisplay_inst/cnt_data0_carry__4/CO[3]
                         net (fo=1, routed)           0.000     7.818    segdisplay_inst/cnt_data0_carry__4_n_0
    SLICE_X37Y39         CARRY4 (Prop_carry4_CI_O[3])
                                                      0.313     8.131 r  segdisplay_inst/cnt_data0_carry__5/O[3]
                         net (fo=1, routed)           0.823     8.954    segdisplay_inst/data0[28]
    SLICE_X35Y39         LUT5 (Prop_lut5_I4_O)        0.306     9.260 r  segdisplay_inst/cnt_data[28]_i_1/O
                         net (fo=1, routed)           0.000     9.260    segdisplay_inst/cnt_data_0[28]
    SLICE_X35Y39         FDCE                                         r  segdisplay_inst/cnt_data_reg[28]/D
  -------------------------------------------------------------------    -------------------

                         (clock clk rise edge)       20.000    20.000 r  
    G11                                               0.000    20.000 r  clk (IN)
                         net (fo=0)                   0.000    20.000    clk
    G11                  IBUF (Prop_ibuf_I_O)         1.362    21.362 r  clk_IBUF_inst/O
                         net (fo=1, routed)           1.824    23.186    clk_IBUF
    BUFGCTRL_X0Y0        BUFG (Prop_bufg_I_O)         0.091    23.277 r  clk_IBUF_BUFG_inst/O
                         net (fo=136, routed)         1.577    24.855    segdisplay_inst/CLK
    SLICE_X35Y39         FDCE                                         r  segdisplay_inst/cnt_data_reg[28]/C
                         clock pessimism              0.273    25.127    
                         clock uncertainty           -0.035    25.092    
    SLICE_X35Y39         FDCE (Setup_fdce_C_D)        0.032    25.124    segdisplay_inst/cnt_data_reg[28]
  -------------------------------------------------------------------
                         required time                         25.124    
                         arrival time                          -9.260    
  -------------------------------------------------------------------
                         slack                                 15.864    

Slack (MET) :             15.876ns  (required time - arrival time)
  Source:                 segdisplay_inst/cnt_data_reg[0]/C
                            (rising edge-triggered cell FDCE clocked by clk  {rise@0.000ns fall@10.000ns period=20.000ns})
  Destination:            segdisplay_inst/cnt_data_reg[29]/D
                            (rising edge-triggered cell FDCE clocked by clk  {rise@0.000ns fall@10.000ns period=20.000ns})
  Path Group:             clk
  Path Type:              Setup (Max at Slow Process Corner)
  Requirement:            20.000ns  (clk rise@20.000ns - clk rise@0.000ns)
  Data Path Delay:        4.120ns  (logic 2.241ns (54.392%)  route 1.879ns (45.608%))
  Logic Levels:           9  (CARRY4=8 LUT5=1)
  Clock Path Skew:        0.000ns (DCD - SCD + CPR)
    Destination Clock Delay (DCD):    4.855ns = ( 24.855 - 20.000 ) 
    Source Clock Delay      (SCD):    5.152ns
    Clock Pessimism Removal (CPR):    0.298ns
  Clock Uncertainty:      0.035ns  ((TSJ^2 + TIJ^2)^1/2 + DJ) / 2 + PE
    Total System Jitter     (TSJ):    0.071ns
    Total Input Jitter      (TIJ):    0.000ns
    Discrete Jitter          (DJ):    0.000ns
    Phase Error              (PE):    0.000ns

    Location             Delay type                Incr(ns)  Path(ns)    Netlist Resource(s)
  -------------------------------------------------------------------    -------------------
                         (clock clk rise edge)        0.000     0.000 r  
    G11                                               0.000     0.000 r  clk (IN)
                         net (fo=0)                   0.000     0.000    clk
    G11                  IBUF (Prop_ibuf_I_O)         1.432     1.432 r  clk_IBUF_inst/O
                         net (fo=1, routed)           1.927     3.360    clk_IBUF
    BUFGCTRL_X0Y0        BUFG (Prop_bufg_I_O)         0.096     3.456 r  clk_IBUF_BUFG_inst/O
                         net (fo=136, routed)         1.696     5.152    segdisplay_inst/CLK
    SLICE_X35Y40         FDCE                                         r  segdisplay_inst/cnt_data_reg[0]/C
  -------------------------------------------------------------------    -------------------
    SLICE_X35Y40         FDCE (Prop_fdce_C_Q)         0.456     5.608 r  segdisplay_inst/cnt_data_reg[0]/Q
                         net (fo=34, routed)          1.060     6.668    segdisplay_inst/cnt_data[0]
    SLICE_X37Y33         CARRY4 (Prop_carry4_CYINIT_CO[3])
                                                      0.580     7.248 r  segdisplay_inst/cnt_data0_carry/CO[3]
                         net (fo=1, routed)           0.000     7.248    segdisplay_inst/cnt_data0_carry_n_0
    SLICE_X37Y34         CARRY4 (Prop_carry4_CI_CO[3])
                                                      0.114     7.362 r  segdisplay_inst/cnt_data0_carry__0/CO[3]
                         net (fo=1, routed)           0.000     7.362    segdisplay_inst/cnt_data0_carry__0_n_0
    SLICE_X37Y35         CARRY4 (Prop_carry4_CI_CO[3])
                                                      0.114     7.476 r  segdisplay_inst/cnt_data0_carry__1/CO[3]
                         net (fo=1, routed)           0.000     7.476    segdisplay_inst/cnt_data0_carry__1_n_0
    SLICE_X37Y36         CARRY4 (Prop_carry4_CI_CO[3])
                                                      0.114     7.590 r  segdisplay_inst/cnt_data0_carry__2/CO[3]
                         net (fo=1, routed)           0.000     7.590    segdisplay_inst/cnt_data0_carry__2_n_0
    SLICE_X37Y37         CARRY4 (Prop_carry4_CI_CO[3])
                                                      0.114     7.704 r  segdisplay_inst/cnt_data0_carry__3/CO[3]
                         net (fo=1, routed)           0.000     7.704    segdisplay_inst/cnt_data0_carry__3_n_0
    SLICE_X37Y38         CARRY4 (Prop_carry4_CI_CO[3])
                                                      0.114     7.818 r  segdisplay_inst/cnt_data0_carry__4/CO[3]
                         net (fo=1, routed)           0.000     7.818    segdisplay_inst/cnt_data0_carry__4_n_0
    SLICE_X37Y39         CARRY4 (Prop_carry4_CI_CO[3])
                                                      0.114     7.932 r  segdisplay_inst/cnt_data0_carry__5/CO[3]
                         net (fo=1, routed)           0.000     7.932    segdisplay_inst/cnt_data0_carry__5_n_0
    SLICE_X37Y40         CARRY4 (Prop_carry4_CI_O[0])
                                                      0.222     8.154 r  segdisplay_inst/cnt_data0_carry__6/O[0]
                         net (fo=1, routed)           0.819     8.973    segdisplay_inst/data0[29]
    SLICE_X35Y40         LUT5 (Prop_lut5_I4_O)        0.299     9.272 r  segdisplay_inst/cnt_data[29]_i_1/O
                         net (fo=1, routed)           0.000     9.272    segdisplay_inst/cnt_data_0[29]
    SLICE_X35Y40         FDCE                                         r  segdisplay_inst/cnt_data_reg[29]/D
  -------------------------------------------------------------------    -------------------

                         (clock clk rise edge)       20.000    20.000 r  
    G11                                               0.000    20.000 r  clk (IN)
                         net (fo=0)                   0.000    20.000    clk
    G11                  IBUF (Prop_ibuf_I_O)         1.362    21.362 r  clk_IBUF_inst/O
                         net (fo=1, routed)           1.824    23.186    clk_IBUF
    BUFGCTRL_X0Y0        BUFG (Prop_bufg_I_O)         0.091    23.277 r  clk_IBUF_BUFG_inst/O
                         net (fo=136, routed)         1.577    24.855    segdisplay_inst/CLK
    SLICE_X35Y40         FDCE                                         r  segdisplay_inst/cnt_data_reg[29]/C
                         clock pessimism              0.298    25.152    
                         clock uncertainty           -0.035    25.117    
    SLICE_X35Y40         FDCE (Setup_fdce_C_D)        0.031    25.148    segdisplay_inst/cnt_data_reg[29]
  -------------------------------------------------------------------
                         required time                         25.148    
                         arrival time                          -9.272    
  -------------------------------------------------------------------
                         slack                                 15.876    

Slack (MET) :             15.945ns  (required time - arrival time)
  Source:                 segdisplay_inst/cnt_data_reg[0]/C
                            (rising edge-triggered cell FDCE clocked by clk  {rise@0.000ns fall@10.000ns period=20.000ns})
  Destination:            segdisplay_inst/cnt_data_reg[27]/D
                            (rising edge-triggered cell FDCE clocked by clk  {rise@0.000ns fall@10.000ns period=20.000ns})
  Path Group:             clk
  Path Type:              Setup (Max at Slow Process Corner)
  Requirement:            20.000ns  (clk rise@20.000ns - clk rise@0.000ns)
  Data Path Delay:        4.026ns  (logic 2.147ns (53.330%)  route 1.879ns (46.670%))
  Logic Levels:           8  (CARRY4=7 LUT5=1)
  Clock Path Skew:        -0.025ns (DCD - SCD + CPR)
    Destination Clock Delay (DCD):    4.855ns = ( 24.855 - 20.000 ) 
    Source Clock Delay      (SCD):    5.152ns
    Clock Pessimism Removal (CPR):    0.273ns
  Clock Uncertainty:      0.035ns  ((TSJ^2 + TIJ^2)^1/2 + DJ) / 2 + PE
    Total System Jitter     (TSJ):    0.071ns
    Total Input Jitter      (TIJ):    0.000ns
    Discrete Jitter          (DJ):    0.000ns
    Phase Error              (PE):    0.000ns

    Location             Delay type                Incr(ns)  Path(ns)    Netlist Resource(s)
  -------------------------------------------------------------------    -------------------
                         (clock clk rise edge)        0.000     0.000 r  
    G11                                               0.000     0.000 r  clk (IN)
                         net (fo=0)                   0.000     0.000    clk
    G11                  IBUF (Prop_ibuf_I_O)         1.432     1.432 r  clk_IBUF_inst/O
                         net (fo=1, routed)           1.927     3.360    clk_IBUF
    BUFGCTRL_X0Y0        BUFG (Prop_bufg_I_O)         0.096     3.456 r  clk_IBUF_BUFG_inst/O
                         net (fo=136, routed)         1.696     5.152    segdisplay_inst/CLK
    SLICE_X35Y40         FDCE                                         r  segdisplay_inst/cnt_data_reg[0]/C
  -------------------------------------------------------------------    -------------------
    SLICE_X35Y40         FDCE (Prop_fdce_C_Q)         0.456     5.608 r  segdisplay_inst/cnt_data_reg[0]/Q
                         net (fo=34, routed)          1.060     6.668    segdisplay_inst/cnt_data[0]
    SLICE_X37Y33         CARRY4 (Prop_carry4_CYINIT_CO[3])
                                                      0.580     7.248 r  segdisplay_inst/cnt_data0_carry/CO[3]
                         net (fo=1, routed)           0.000     7.248    segdisplay_inst/cnt_data0_carry_n_0
    SLICE_X37Y34         CARRY4 (Prop_carry4_CI_CO[3])
                                                      0.114     7.362 r  segdisplay_inst/cnt_data0_carry__0/CO[3]
                         net (fo=1, routed)           0.000     7.362    segdisplay_inst/cnt_data0_carry__0_n_0
    SLICE_X37Y35         CARRY4 (Prop_carry4_CI_CO[3])
                                                      0.114     7.476 r  segdisplay_inst/cnt_data0_carry__1/CO[3]
                         net (fo=1, routed)           0.000     7.476    segdisplay_inst/cnt_data0_carry__1_n_0
    SLICE_X37Y36         CARRY4 (Prop_carry4_CI_CO[3])
                                                      0.114     7.590 r  segdisplay_inst/cnt_data0_carry__2/CO[3]
                         net (fo=1, routed)           0.000     7.590    segdisplay_inst/cnt_data0_carry__2_n_0
    SLICE_X37Y37         CARRY4 (Prop_carry4_CI_CO[3])
                                                      0.114     7.704 r  segdisplay_inst/cnt_data0_carry__3/CO[3]
                         net (fo=1, routed)           0.000     7.704    segdisplay_inst/cnt_data0_carry__3_n_0
    SLICE_X37Y38         CARRY4 (Prop_carry4_CI_CO[3])
                                                      0.114     7.818 r  segdisplay_inst/cnt_data0_carry__4/CO[3]
                         net (fo=1, routed)           0.000     7.818    segdisplay_inst/cnt_data0_carry__4_n_0
    SLICE_X37Y39         CARRY4 (Prop_carry4_CI_O[2])
                                                      0.239     8.057 r  segdisplay_inst/cnt_data0_carry__5/O[2]
                         net (fo=1, routed)           0.819     8.876    segdisplay_inst/data0[27]
    SLICE_X35Y39         LUT5 (Prop_lut5_I4_O)        0.302     9.178 r  segdisplay_inst/cnt_data[27]_i_1/O
                         net (fo=1, routed)           0.000     9.178    segdisplay_inst/cnt_data_0[27]
    SLICE_X35Y39         FDCE                                         r  segdisplay_inst/cnt_data_reg[27]/D
  -------------------------------------------------------------------    -------------------

                         (clock clk rise edge)       20.000    20.000 r  
    G11                                               0.000    20.000 r  clk (IN)
                         net (fo=0)                   0.000    20.000    clk
    G11                  IBUF (Prop_ibuf_I_O)         1.362    21.362 r  clk_IBUF_inst/O
                         net (fo=1, routed)           1.824    23.186    clk_IBUF
    BUFGCTRL_X0Y0        BUFG (Prop_bufg_I_O)         0.091    23.277 r  clk_IBUF_BUFG_inst/O
                         net (fo=136, routed)         1.577    24.855    segdisplay_inst/CLK
    SLICE_X35Y39         FDCE                                         r  segdisplay_inst/cnt_data_reg[27]/C
                         clock pessimism              0.273    25.127    
                         clock uncertainty           -0.035    25.092    
    SLICE_X35Y39         FDCE (Setup_fdce_C_D)        0.031    25.123    segdisplay_inst/cnt_data_reg[27]
  -------------------------------------------------------------------
                         required time                         25.123    
                         arrival time                          -9.178    
  -------------------------------------------------------------------
                         slack                                 15.945    

Slack (MET) :             15.964ns  (required time - arrival time)
  Source:                 segdisplay_inst/cnt_data_reg[21]/C
                            (rising edge-triggered cell FDCE clocked by clk  {rise@0.000ns fall@10.000ns period=20.000ns})
  Destination:            segdisplay_inst/cnt_data_reg[7]/D
                            (rising edge-triggered cell FDCE clocked by clk  {rise@0.000ns fall@10.000ns period=20.000ns})
  Path Group:             clk
  Path Type:              Setup (Max at Slow Process Corner)
  Requirement:            20.000ns  (clk rise@20.000ns - clk rise@0.000ns)
  Data Path Delay:        4.004ns  (logic 0.890ns (22.228%)  route 3.114ns (77.772%))
  Logic Levels:           3  (LUT4=1 LUT5=1 LUT6=1)
  Clock Path Skew:        -0.028ns (DCD - SCD + CPR)
    Destination Clock Delay (DCD):    4.852ns = ( 24.852 - 20.000 ) 
    Source Clock Delay      (SCD):    5.154ns
    Clock Pessimism Removal (CPR):    0.275ns
  Clock Uncertainty:      0.035ns  ((TSJ^2 + TIJ^2)^1/2 + DJ) / 2 + PE
    Total System Jitter     (TSJ):    0.071ns
    Total Input Jitter      (TIJ):    0.000ns
    Discrete Jitter          (DJ):    0.000ns
    Phase Error              (PE):    0.000ns

    Location             Delay type                Incr(ns)  Path(ns)    Netlist Resource(s)
  -------------------------------------------------------------------    -------------------
                         (clock clk rise edge)        0.000     0.000 r  
    G11                                               0.000     0.000 r  clk (IN)
                         net (fo=0)                   0.000     0.000    clk
    G11                  IBUF (Prop_ibuf_I_O)         1.432     1.432 r  clk_IBUF_inst/O
                         net (fo=1, routed)           1.927     3.360    clk_IBUF
    BUFGCTRL_X0Y0        BUFG (Prop_bufg_I_O)         0.096     3.456 r  clk_IBUF_BUFG_inst/O
                         net (fo=136, routed)         1.698     5.154    segdisplay_inst/CLK
    SLICE_X38Y38         FDCE                                         r  segdisplay_inst/cnt_data_reg[21]/C
  -------------------------------------------------------------------    -------------------
    SLICE_X38Y38         FDCE (Prop_fdce_C_Q)         0.518     5.672 r  segdisplay_inst/cnt_data_reg[21]/Q
                         net (fo=2, routed)           0.977     6.650    segdisplay_inst/cnt_data[21]
    SLICE_X35Y37         LUT4 (Prop_lut4_I2_O)        0.124     6.774 r  segdisplay_inst/cnt_data[31]_i_8/O
                         net (fo=1, routed)           0.848     7.621    segdisplay_inst/cnt_data[31]_i_8_n_0
    SLICE_X35Y38         LUT6 (Prop_lut6_I1_O)        0.124     7.745 r  segdisplay_inst/cnt_data[31]_i_4/O
                         net (fo=33, routed)          1.289     9.034    segdisplay_inst/cnt_data[31]_i_4_n_0
    SLICE_X36Y34         LUT5 (Prop_lut5_I3_O)        0.124     9.158 r  segdisplay_inst/cnt_data[7]_i_1/O
                         net (fo=1, routed)           0.000     9.158    segdisplay_inst/cnt_data_0[7]
    SLICE_X36Y34         FDCE                                         r  segdisplay_inst/cnt_data_reg[7]/D
  -------------------------------------------------------------------    -------------------

                         (clock clk rise edge)       20.000    20.000 r  
    G11                                               0.000    20.000 r  clk (IN)
                         net (fo=0)                   0.000    20.000    clk
    G11                  IBUF (Prop_ibuf_I_O)         1.362    21.362 r  clk_IBUF_inst/O
                         net (fo=1, routed)           1.824    23.186    clk_IBUF
    BUFGCTRL_X0Y0        BUFG (Prop_bufg_I_O)         0.091    23.277 r  clk_IBUF_BUFG_inst/O
                         net (fo=136, routed)         1.574    24.852    segdisplay_inst/CLK
    SLICE_X36Y34         FDCE                                         r  segdisplay_inst/cnt_data_reg[7]/C
                         clock pessimism              0.275    25.126    
                         clock uncertainty           -0.035    25.091    
    SLICE_X36Y34         FDCE (Setup_fdce_C_D)        0.031    25.122    segdisplay_inst/cnt_data_reg[7]
  -------------------------------------------------------------------
                         required time                         25.122    
                         arrival time                          -9.158    
  -------------------------------------------------------------------
                         slack                                 15.964    

Slack (MET) :             15.973ns  (required time - arrival time)
  Source:                 segdisplay_inst/cnt_data_reg[0]/C
                            (rising edge-triggered cell FDCE clocked by clk  {rise@0.000ns fall@10.000ns period=20.000ns})
  Destination:            segdisplay_inst/cnt_data_reg[25]/D
                            (rising edge-triggered cell FDCE clocked by clk  {rise@0.000ns fall@10.000ns period=20.000ns})
  Path Group:             clk
  Path Type:              Setup (Max at Slow Process Corner)
  Requirement:            20.000ns  (clk rise@20.000ns - clk rise@0.000ns)
  Data Path Delay:        3.995ns  (logic 2.127ns (53.239%)  route 1.868ns (46.761%))
  Logic Levels:           8  (CARRY4=7 LUT5=1)
  Clock Path Skew:        -0.025ns (DCD - SCD + CPR)
    Destination Clock Delay (DCD):    4.855ns = ( 24.855 - 20.000 ) 
    Source Clock Delay      (SCD):    5.152ns
    Clock Pessimism Removal (CPR):    0.273ns
  Clock Uncertainty:      0.035ns  ((TSJ^2 + TIJ^2)^1/2 + DJ) / 2 + PE
    Total System Jitter     (TSJ):    0.071ns
    Total Input Jitter      (TIJ):    0.000ns
    Discrete Jitter          (DJ):    0.000ns
    Phase Error              (PE):    0.000ns

    Location             Delay type                Incr(ns)  Path(ns)    Netlist Resource(s)
  -------------------------------------------------------------------    -------------------
                         (clock clk rise edge)        0.000     0.000 r  
    G11                                               0.000     0.000 r  clk (IN)
                         net (fo=0)                   0.000     0.000    clk
    G11                  IBUF (Prop_ibuf_I_O)         1.432     1.432 r  clk_IBUF_inst/O
                         net (fo=1, routed)           1.927     3.360    clk_IBUF
    BUFGCTRL_X0Y0        BUFG (Prop_bufg_I_O)         0.096     3.456 r  clk_IBUF_BUFG_inst/O
                         net (fo=136, routed)         1.696     5.152    segdisplay_inst/CLK
    SLICE_X35Y40         FDCE                                         r  segdisplay_inst/cnt_data_reg[0]/C
  -------------------------------------------------------------------    -------------------
    SLICE_X35Y40         FDCE (Prop_fdce_C_Q)         0.456     5.608 r  segdisplay_inst/cnt_data_reg[0]/Q
                         net (fo=34, routed)          1.060     6.668    segdisplay_inst/cnt_data[0]
    SLICE_X37Y33         CARRY4 (Prop_carry4_CYINIT_CO[3])
                                                      0.580     7.248 r  segdisplay_inst/cnt_data0_carry/CO[3]
                         net (fo=1, routed)           0.000     7.248    segdisplay_inst/cnt_data0_carry_n_0
    SLICE_X37Y34         CARRY4 (Prop_carry4_CI_CO[3])
                                                      0.114     7.362 r  segdisplay_inst/cnt_data0_carry__0/CO[3]
                         net (fo=1, routed)           0.000     7.362    segdisplay_inst/cnt_data0_carry__0_n_0
    SLICE_X37Y35         CARRY4 (Prop_carry4_CI_CO[3])
                                                      0.114     7.476 r  segdisplay_inst/cnt_data0_carry__1/CO[3]
                         net (fo=1, routed)           0.000     7.476    segdisplay_inst/cnt_data0_carry__1_n_0
    SLICE_X37Y36         CARRY4 (Prop_carry4_CI_CO[3])
                                                      0.114     7.590 r  segdisplay_inst/cnt_data0_carry__2/CO[3]
                         net (fo=1, routed)           0.000     7.590    segdisplay_inst/cnt_data0_carry__2_n_0
    SLICE_X37Y37         CARRY4 (Prop_carry4_CI_CO[3])
                                                      0.114     7.704 r  segdisplay_inst/cnt_data0_carry__3/CO[3]
                         net (fo=1, routed)           0.000     7.704    segdisplay_inst/cnt_data0_carry__3_n_0
    SLICE_X37Y38         CARRY4 (Prop_carry4_CI_CO[3])
                                                      0.114     7.818 r  segdisplay_inst/cnt_data0_carry__4/CO[3]
                         net (fo=1, routed)           0.000     7.818    segdisplay_inst/cnt_data0_carry__4_n_0
    SLICE_X37Y39         CARRY4 (Prop_carry4_CI_O[0])
                                                      0.222     8.040 r  segdisplay_inst/cnt_data0_carry__5/O[0]
                         net (fo=1, routed)           0.808     8.848    segdisplay_inst/data0[25]
    SLICE_X35Y39         LUT5 (Prop_lut5_I4_O)        0.299     9.147 r  segdisplay_inst/cnt_data[25]_i_1/O
                         net (fo=1, routed)           0.000     9.147    segdisplay_inst/cnt_data_0[25]
    SLICE_X35Y39         FDCE                                         r  segdisplay_inst/cnt_data_reg[25]/D
  -------------------------------------------------------------------    -------------------

                         (clock clk rise edge)       20.000    20.000 r  
    G11                                               0.000    20.000 r  clk (IN)
                         net (fo=0)                   0.000    20.000    clk
    G11                  IBUF (Prop_ibuf_I_O)         1.362    21.362 r  clk_IBUF_inst/O
                         net (fo=1, routed)           1.824    23.186    clk_IBUF
    BUFGCTRL_X0Y0        BUFG (Prop_bufg_I_O)         0.091    23.277 r  clk_IBUF_BUFG_inst/O
                         net (fo=136, routed)         1.577    24.855    segdisplay_inst/CLK
    SLICE_X35Y39         FDCE                                         r  segdisplay_inst/cnt_data_reg[25]/C
                         clock pessimism              0.273    25.127    
                         clock uncertainty           -0.035    25.092    
    SLICE_X35Y39         FDCE (Setup_fdce_C_D)        0.029    25.121    segdisplay_inst/cnt_data_reg[25]
  -------------------------------------------------------------------
                         required time                         25.121    
                         arrival time                          -9.147    
  -------------------------------------------------------------------
                         slack                                 15.973    

Slack (MET) :             16.027ns  (required time - arrival time)
  Source:                 segdisplay_inst/cnt_data_reg[21]/C
                            (rising edge-triggered cell FDCE clocked by clk  {rise@0.000ns fall@10.000ns period=20.000ns})
  Destination:            segdisplay_inst/cnt_data_reg[2]/D
                            (rising edge-triggered cell FDCE clocked by clk  {rise@0.000ns fall@10.000ns period=20.000ns})
  Path Group:             clk
  Path Type:              Setup (Max at Slow Process Corner)
  Requirement:            20.000ns  (clk rise@20.000ns - clk rise@0.000ns)
  Data Path Delay:        3.937ns  (logic 0.890ns (22.603%)  route 3.047ns (77.397%))
  Logic Levels:           3  (LUT4=1 LUT5=1 LUT6=1)
  Clock Path Skew:        -0.029ns (DCD - SCD + CPR)
    Destination Clock Delay (DCD):    4.851ns = ( 24.851 - 20.000 ) 
    Source Clock Delay      (SCD):    5.154ns
    Clock Pessimism Removal (CPR):    0.275ns
  Clock Uncertainty:      0.035ns  ((TSJ^2 + TIJ^2)^1/2 + DJ) / 2 + PE
    Total System Jitter     (TSJ):    0.071ns
    Total Input Jitter      (TIJ):    0.000ns
    Discrete Jitter          (DJ):    0.000ns
    Phase Error              (PE):    0.000ns

    Location             Delay type                Incr(ns)  Path(ns)    Netlist Resource(s)
  -------------------------------------------------------------------    -------------------
                         (clock clk rise edge)        0.000     0.000 r  
    G11                                               0.000     0.000 r  clk (IN)
                         net (fo=0)                   0.000     0.000    clk
    G11                  IBUF (Prop_ibuf_I_O)         1.432     1.432 r  clk_IBUF_inst/O
                         net (fo=1, routed)           1.927     3.360    clk_IBUF
    BUFGCTRL_X0Y0        BUFG (Prop_bufg_I_O)         0.096     3.456 r  clk_IBUF_BUFG_inst/O
                         net (fo=136, routed)         1.698     5.154    segdisplay_inst/CLK
    SLICE_X38Y38         FDCE                                         r  segdisplay_inst/cnt_data_reg[21]/C
  -------------------------------------------------------------------    -------------------
    SLICE_X38Y38         FDCE (Prop_fdce_C_Q)         0.518     5.672 r  segdisplay_inst/cnt_data_reg[21]/Q
                         net (fo=2, routed)           0.977     6.650    segdisplay_inst/cnt_data[21]
    SLICE_X35Y37         LUT4 (Prop_lut4_I2_O)        0.124     6.774 r  segdisplay_inst/cnt_data[31]_i_8/O
                         net (fo=1, routed)           0.848     7.621    segdisplay_inst/cnt_data[31]_i_8_n_0
    SLICE_X35Y38         LUT6 (Prop_lut6_I1_O)        0.124     7.745 r  segdisplay_inst/cnt_data[31]_i_4/O
                         net (fo=33, routed)          1.223     8.968    segdisplay_inst/cnt_data[31]_i_4_n_0
    SLICE_X36Y33         LUT5 (Prop_lut5_I3_O)        0.124     9.092 r  segdisplay_inst/cnt_data[2]_i_1/O
                         net (fo=1, routed)           0.000     9.092    segdisplay_inst/cnt_data_0[2]
    SLICE_X36Y33         FDCE                                         r  segdisplay_inst/cnt_data_reg[2]/D
  -------------------------------------------------------------------    -------------------

                         (clock clk rise edge)       20.000    20.000 r  
    G11                                               0.000    20.000 r  clk (IN)
                         net (fo=0)                   0.000    20.000    clk
    G11                  IBUF (Prop_ibuf_I_O)         1.362    21.362 r  clk_IBUF_inst/O
                         net (fo=1, routed)           1.824    23.186    clk_IBUF
    BUFGCTRL_X0Y0        BUFG (Prop_bufg_I_O)         0.091    23.277 r  clk_IBUF_BUFG_inst/O
                         net (fo=136, routed)         1.573    24.851    segdisplay_inst/CLK
    SLICE_X36Y33         FDCE                                         r  segdisplay_inst/cnt_data_reg[2]/C
                         clock pessimism              0.275    25.125    
                         clock uncertainty           -0.035    25.090    
    SLICE_X36Y33         FDCE (Setup_fdce_C_D)        0.029    25.119    segdisplay_inst/cnt_data_reg[2]
  -------------------------------------------------------------------
                         required time                         25.119    
                         arrival time                          -9.092    
  -------------------------------------------------------------------
                         slack                                 16.027    

Slack (MET) :             16.029ns  (required time - arrival time)
  Source:                 segdisplay_inst/cnt_data_reg[0]/C
                            (rising edge-triggered cell FDCE clocked by clk  {rise@0.000ns fall@10.000ns period=20.000ns})
  Destination:            segdisplay_inst/cnt_data_reg[24]/D
                            (rising edge-triggered cell FDCE clocked by clk  {rise@0.000ns fall@10.000ns period=20.000ns})
  Path Group:             clk
  Path Type:              Setup (Max at Slow Process Corner)
  Requirement:            20.000ns  (clk rise@20.000ns - clk rise@0.000ns)
  Data Path Delay:        3.976ns  (logic 2.111ns (53.100%)  route 1.865ns (46.900%))
  Logic Levels:           7  (CARRY4=6 LUT5=1)
  Clock Path Skew:        -0.039ns (DCD - SCD + CPR)
    Destination Clock Delay (DCD):    4.855ns = ( 24.855 - 20.000 ) 
    Source Clock Delay      (SCD):    5.152ns
    Clock Pessimism Removal (CPR):    0.259ns
  Clock Uncertainty:      0.035ns  ((TSJ^2 + TIJ^2)^1/2 + DJ) / 2 + PE
    Total System Jitter     (TSJ):    0.071ns
    Total Input Jitter      (TIJ):    0.000ns
    Discrete Jitter          (DJ):    0.000ns
    Phase Error              (PE):    0.000ns

    Location             Delay type                Incr(ns)  Path(ns)    Netlist Resource(s)
  -------------------------------------------------------------------    -------------------
                         (clock clk rise edge)        0.000     0.000 r  
    G11                                               0.000     0.000 r  clk (IN)
                         net (fo=0)                   0.000     0.000    clk
    G11                  IBUF (Prop_ibuf_I_O)         1.432     1.432 r  clk_IBUF_inst/O
                         net (fo=1, routed)           1.927     3.360    clk_IBUF
    BUFGCTRL_X0Y0        BUFG (Prop_bufg_I_O)         0.096     3.456 r  clk_IBUF_BUFG_inst/O
                         net (fo=136, routed)         1.696     5.152    segdisplay_inst/CLK
    SLICE_X35Y40         FDCE                                         r  segdisplay_inst/cnt_data_reg[0]/C
  -------------------------------------------------------------------    -------------------
    SLICE_X35Y40         FDCE (Prop_fdce_C_Q)         0.456     5.608 r  segdisplay_inst/cnt_data_reg[0]/Q
                         net (fo=34, routed)          1.060     6.668    segdisplay_inst/cnt_data[0]
    SLICE_X37Y33         CARRY4 (Prop_carry4_CYINIT_CO[3])
                                                      0.580     7.248 r  segdisplay_inst/cnt_data0_carry/CO[3]
                         net (fo=1, routed)           0.000     7.248    segdisplay_inst/cnt_data0_carry_n_0
    SLICE_X37Y34         CARRY4 (Prop_carry4_CI_CO[3])
                                                      0.114     7.362 r  segdisplay_inst/cnt_data0_carry__0/CO[3]
                         net (fo=1, routed)           0.000     7.362    segdisplay_inst/cnt_data0_carry__0_n_0
    SLICE_X37Y35         CARRY4 (Prop_carry4_CI_CO[3])
                                                      0.114     7.476 r  segdisplay_inst/cnt_data0_carry__1/CO[3]
                         net (fo=1, routed)           0.000     7.476    segdisplay_inst/cnt_data0_carry__1_n_0
    SLICE_X37Y36         CARRY4 (Prop_carry4_CI_CO[3])
                                                      0.114     7.590 r  segdisplay_inst/cnt_data0_carry__2/CO[3]
                         net (fo=1, routed)           0.000     7.590    segdisplay_inst/cnt_data0_carry__2_n_0
    SLICE_X37Y37         CARRY4 (Prop_carry4_CI_CO[3])
                                                      0.114     7.704 r  segdisplay_inst/cnt_data0_carry__3/CO[3]
                         net (fo=1, routed)           0.000     7.704    segdisplay_inst/cnt_data0_carry__3_n_0
    SLICE_X37Y38         CARRY4 (Prop_carry4_CI_O[3])
                                                      0.313     8.017 r  segdisplay_inst/cnt_data0_carry__4/O[3]
                         net (fo=1, routed)           0.805     8.822    segdisplay_inst/data0[24]
    SLICE_X38Y38         LUT5 (Prop_lut5_I4_O)        0.306     9.128 r  segdisplay_inst/cnt_data[24]_i_1/O
                         net (fo=1, routed)           0.000     9.128    segdisplay_inst/cnt_data_0[24]
    SLICE_X38Y38         FDCE                                         r  segdisplay_inst/cnt_data_reg[24]/D
  -------------------------------------------------------------------    -------------------

                         (clock clk rise edge)       20.000    20.000 r  
    G11                                               0.000    20.000 r  clk (IN)
                         net (fo=0)                   0.000    20.000    clk
    G11                  IBUF (Prop_ibuf_I_O)         1.362    21.362 r  clk_IBUF_inst/O
                         net (fo=1, routed)           1.824    23.186    clk_IBUF
    BUFGCTRL_X0Y0        BUFG (Prop_bufg_I_O)         0.091    23.277 r  clk_IBUF_BUFG_inst/O
                         net (fo=136, routed)         1.577    24.855    segdisplay_inst/CLK
    SLICE_X38Y38         FDCE                                         r  segdisplay_inst/cnt_data_reg[24]/C
                         clock pessimism              0.259    25.113    
                         clock uncertainty           -0.035    25.078    
    SLICE_X38Y38         FDCE (Setup_fdce_C_D)        0.079    25.157    segdisplay_inst/cnt_data_reg[24]
  -------------------------------------------------------------------
                         required time                         25.157    
                         arrival time                          -9.128    
  -------------------------------------------------------------------
                         slack                                 16.029    

Slack (MET) :             16.034ns  (required time - arrival time)
  Source:                 segdisplay_inst/cnt_data_reg[0]/C
                            (rising edge-triggered cell FDCE clocked by clk  {rise@0.000ns fall@10.000ns period=20.000ns})
  Destination:            segdisplay_inst/cnt_data_reg[17]/D
                            (rising edge-triggered cell FDCE clocked by clk  {rise@0.000ns fall@10.000ns period=20.000ns})
  Path Group:             clk
  Path Type:              Setup (Max at Slow Process Corner)
  Requirement:            20.000ns  (clk rise@20.000ns - clk rise@0.000ns)
  Data Path Delay:        3.970ns  (logic 1.899ns (47.830%)  route 2.071ns (52.170%))
  Logic Levels:           6  (CARRY4=5 LUT5=1)
  Clock Path Skew:        -0.041ns (DCD - SCD + CPR)
    Destination Clock Delay (DCD):    4.853ns = ( 24.853 - 20.000 ) 
    Source Clock Delay      (SCD):    5.152ns
    Clock Pessimism Removal (CPR):    0.259ns
  Clock Uncertainty:      0.035ns  ((TSJ^2 + TIJ^2)^1/2 + DJ) / 2 + PE
    Total System Jitter     (TSJ):    0.071ns
    Total Input Jitter      (TIJ):    0.000ns
    Discrete Jitter          (DJ):    0.000ns
    Phase Error              (PE):    0.000ns

    Location             Delay type                Incr(ns)  Path(ns)    Netlist Resource(s)
  -------------------------------------------------------------------    -------------------
                         (clock clk rise edge)        0.000     0.000 r  
    G11                                               0.000     0.000 r  clk (IN)
                         net (fo=0)                   0.000     0.000    clk
    G11                  IBUF (Prop_ibuf_I_O)         1.432     1.432 r  clk_IBUF_inst/O
                         net (fo=1, routed)           1.927     3.360    clk_IBUF
    BUFGCTRL_X0Y0        BUFG (Prop_bufg_I_O)         0.096     3.456 r  clk_IBUF_BUFG_inst/O
                         net (fo=136, routed)         1.696     5.152    segdisplay_inst/CLK
    SLICE_X35Y40         FDCE                                         r  segdisplay_inst/cnt_data_reg[0]/C
  -------------------------------------------------------------------    -------------------
    SLICE_X35Y40         FDCE (Prop_fdce_C_Q)         0.456     5.608 r  segdisplay_inst/cnt_data_reg[0]/Q
                         net (fo=34, routed)          1.060     6.668    segdisplay_inst/cnt_data[0]
    SLICE_X37Y33         CARRY4 (Prop_carry4_CYINIT_CO[3])
                                                      0.580     7.248 r  segdisplay_inst/cnt_data0_carry/CO[3]
                         net (fo=1, routed)           0.000     7.248    segdisplay_inst/cnt_data0_carry_n_0
    SLICE_X37Y34         CARRY4 (Prop_carry4_CI_CO[3])
                                                      0.114     7.362 r  segdisplay_inst/cnt_data0_carry__0/CO[3]
                         net (fo=1, routed)           0.000     7.362    segdisplay_inst/cnt_data0_carry__0_n_0
    SLICE_X37Y35         CARRY4 (Prop_carry4_CI_CO[3])
                                                      0.114     7.476 r  segdisplay_inst/cnt_data0_carry__1/CO[3]
                         net (fo=1, routed)           0.000     7.476    segdisplay_inst/cnt_data0_carry__1_n_0
    SLICE_X37Y36         CARRY4 (Prop_carry4_CI_CO[3])
                                                      0.114     7.590 r  segdisplay_inst/cnt_data0_carry__2/CO[3]
                         net (fo=1, routed)           0.000     7.590    segdisplay_inst/cnt_data0_carry__2_n_0
    SLICE_X37Y37         CARRY4 (Prop_carry4_CI_O[0])
                                                      0.222     7.812 r  segdisplay_inst/cnt_data0_carry__3/O[0]
                         net (fo=1, routed)           1.011     8.823    segdisplay_inst/data0[17]
    SLICE_X38Y36         LUT5 (Prop_lut5_I4_O)        0.299     9.122 r  segdisplay_inst/cnt_data[17]_i_1/O
                         net (fo=1, routed)           0.000     9.122    segdisplay_inst/cnt_data_0[17]
    SLICE_X38Y36         FDCE                                         r  segdisplay_inst/cnt_data_reg[17]/D
  -------------------------------------------------------------------    -------------------

                         (clock clk rise edge)       20.000    20.000 r  
    G11                                               0.000    20.000 r  clk (IN)
                         net (fo=0)                   0.000    20.000    clk
    G11                  IBUF (Prop_ibuf_I_O)         1.362    21.362 r  clk_IBUF_inst/O
                         net (fo=1, routed)           1.824    23.186    clk_IBUF
    BUFGCTRL_X0Y0        BUFG (Prop_bufg_I_O)         0.091    23.277 r  clk_IBUF_BUFG_inst/O
                         net (fo=136, routed)         1.575    24.853    segdisplay_inst/CLK
    SLICE_X38Y36         FDCE                                         r  segdisplay_inst/cnt_data_reg[17]/C
                         clock pessimism              0.259    25.111    
                         clock uncertainty           -0.035    25.076    
    SLICE_X38Y36         FDCE (Setup_fdce_C_D)        0.081    25.157    segdisplay_inst/cnt_data_reg[17]
  -------------------------------------------------------------------
                         required time                         25.157    
                         arrival time                          -9.122    
  -------------------------------------------------------------------
                         slack                                 16.034    





Min Delay Paths
--------------------------------------------------------------------------------------
Slack (MET) :             0.168ns  (arrival time - required time)
  Source:                 SPI_slave_inst/data_out_reg[5]/C
                            (rising edge-triggered cell FDCE clocked by clk  {rise@0.000ns fall@10.000ns period=20.000ns})
  Destination:            data_out_r_reg[5]/D
                            (rising edge-triggered cell FDCE clocked by clk  {rise@0.000ns fall@10.000ns period=20.000ns})
  Path Group:             clk
  Path Type:              Hold (Min at Fast Process Corner)
  Requirement:            0.000ns  (clk rise@0.000ns - clk rise@0.000ns)
  Data Path Delay:        0.242ns  (logic 0.141ns (58.263%)  route 0.101ns (41.737%))
  Logic Levels:           0  
  Clock Path Skew:        0.015ns (DCD - SCD - CPR)
    Destination Clock Delay (DCD):    1.936ns
    Source Clock Delay      (SCD):    1.423ns
    Clock Pessimism Removal (CPR):    0.498ns

    Location             Delay type                Incr(ns)  Path(ns)    Netlist Resource(s)
  -------------------------------------------------------------------    -------------------
                         (clock clk rise edge)        0.000     0.000 r  
    G11                                               0.000     0.000 r  clk (IN)
                         net (fo=0)                   0.000     0.000    clk
    G11                  IBUF (Prop_ibuf_I_O)         0.201     0.201 r  clk_IBUF_inst/O
                         net (fo=1, routed)           0.607     0.808    clk_IBUF
    BUFGCTRL_X0Y0        BUFG (Prop_bufg_I_O)         0.026     0.834 r  clk_IBUF_BUFG_inst/O
                         net (fo=136, routed)         0.590     1.423    SPI_slave_inst/CLK
    SLICE_X37Y37         FDCE                                         r  SPI_slave_inst/data_out_reg[5]/C
  -------------------------------------------------------------------    -------------------
    SLICE_X37Y37         FDCE (Prop_fdce_C_Q)         0.141     1.564 r  SPI_slave_inst/data_out_reg[5]/Q
                         net (fo=1, routed)           0.101     1.665    data_out[5]
    SLICE_X38Y37         FDCE                                         r  data_out_r_reg[5]/D
  -------------------------------------------------------------------    -------------------

                         (clock clk rise edge)        0.000     0.000 r  
    G11                                               0.000     0.000 r  clk (IN)
                         net (fo=0)                   0.000     0.000    clk
    G11                  IBUF (Prop_ibuf_I_O)         0.388     0.388 r  clk_IBUF_inst/O
                         net (fo=1, routed)           0.660     1.048    clk_IBUF
    BUFGCTRL_X0Y0        BUFG (Prop_bufg_I_O)         0.029     1.077 r  clk_IBUF_BUFG_inst/O
                         net (fo=136, routed)         0.860     1.936    clk_IBUF_BUFG
    SLICE_X38Y37         FDCE                                         r  data_out_r_reg[5]/C
                         clock pessimism             -0.498     1.438    
    SLICE_X38Y37         FDCE (Hold_fdce_C_D)         0.059     1.497    data_out_r_reg[5]
  -------------------------------------------------------------------
                         required time                         -1.497    
                         arrival time                           1.665    
  -------------------------------------------------------------------
                         slack                                  0.168    

Slack (MET) :             0.171ns  (arrival time - required time)
  Source:                 data_out_r_reg[1]/C
                            (rising edge-triggered cell FDCE clocked by clk  {rise@0.000ns fall@10.000ns period=20.000ns})
  Destination:            seg_number_in_reg[1]/D
                            (rising edge-triggered cell FDCE clocked by clk  {rise@0.000ns fall@10.000ns period=20.000ns})
  Path Group:             clk
  Path Type:              Hold (Min at Fast Process Corner)
  Requirement:            0.000ns  (clk rise@0.000ns - clk rise@0.000ns)
  Data Path Delay:        0.251ns  (logic 0.141ns (56.174%)  route 0.110ns (43.826%))
  Logic Levels:           0  
  Clock Path Skew:        0.014ns (DCD - SCD - CPR)
    Destination Clock Delay (DCD):    1.936ns
    Source Clock Delay      (SCD):    1.424ns
    Clock Pessimism Removal (CPR):    0.498ns

    Location             Delay type                Incr(ns)  Path(ns)    Netlist Resource(s)
  -------------------------------------------------------------------    -------------------
                         (clock clk rise edge)        0.000     0.000 r  
    G11                                               0.000     0.000 r  clk (IN)
                         net (fo=0)                   0.000     0.000    clk
    G11                  IBUF (Prop_ibuf_I_O)         0.201     0.201 r  clk_IBUF_inst/O
                         net (fo=1, routed)           0.607     0.808    clk_IBUF
    BUFGCTRL_X0Y0        BUFG (Prop_bufg_I_O)         0.026     0.834 r  clk_IBUF_BUFG_inst/O
                         net (fo=136, routed)         0.591     1.424    clk_IBUF_BUFG
    SLICE_X37Y38         FDCE                                         r  data_out_r_reg[1]/C
  -------------------------------------------------------------------    -------------------
    SLICE_X37Y38         FDCE (Prop_fdce_C_Q)         0.141     1.565 r  data_out_r_reg[1]/Q
                         net (fo=1, routed)           0.110     1.675    data_out_r[1]
    SLICE_X36Y37         FDCE                                         r  seg_number_in_reg[1]/D
  -------------------------------------------------------------------    -------------------

                         (clock clk rise edge)        0.000     0.000 r  
    G11                                               0.000     0.000 r  clk (IN)
                         net (fo=0)                   0.000     0.000    clk
    G11                  IBUF (Prop_ibuf_I_O)         0.388     0.388 r  clk_IBUF_inst/O
                         net (fo=1, routed)           0.660     1.048    clk_IBUF
    BUFGCTRL_X0Y0        BUFG (Prop_bufg_I_O)         0.029     1.077 r  clk_IBUF_BUFG_inst/O
                         net (fo=136, routed)         0.860     1.936    clk_IBUF_BUFG
    SLICE_X36Y37         FDCE                                         r  seg_number_in_reg[1]/C
                         clock pessimism             -0.498     1.438    
    SLICE_X36Y37         FDCE (Hold_fdce_C_D)         0.066     1.504    seg_number_in_reg[1]
  -------------------------------------------------------------------
                         required time                         -1.504    
                         arrival time                           1.675    
  -------------------------------------------------------------------
                         slack                                  0.171    

Slack (MET) :             0.176ns  (arrival time - required time)
  Source:                 SPI_slave_inst/MOSI_shift_reg[1]/C
                            (rising edge-triggered cell FDCE clocked by clk  {rise@0.000ns fall@10.000ns period=20.000ns})
  Destination:            SPI_slave_inst/MOSI_shift_reg[2]/D
                            (rising edge-triggered cell FDCE clocked by clk  {rise@0.000ns fall@10.000ns period=20.000ns})
  Path Group:             clk
  Path Type:              Hold (Min at Fast Process Corner)
  Requirement:            0.000ns  (clk rise@0.000ns - clk rise@0.000ns)
  Data Path Delay:        0.263ns  (logic 0.141ns (53.571%)  route 0.122ns (46.429%))
  Logic Levels:           0  
  Clock Path Skew:        0.017ns (DCD - SCD - CPR)
    Destination Clock Delay (DCD):    1.937ns
    Source Clock Delay      (SCD):    1.423ns
    Clock Pessimism Removal (CPR):    0.497ns

    Location             Delay type                Incr(ns)  Path(ns)    Netlist Resource(s)
  -------------------------------------------------------------------    -------------------
                         (clock clk rise edge)        0.000     0.000 r  
    G11                                               0.000     0.000 r  clk (IN)
                         net (fo=0)                   0.000     0.000    clk
    G11                  IBUF (Prop_ibuf_I_O)         0.201     0.201 r  clk_IBUF_inst/O
                         net (fo=1, routed)           0.607     0.808    clk_IBUF
    BUFGCTRL_X0Y0        BUFG (Prop_bufg_I_O)         0.026     0.834 r  clk_IBUF_BUFG_inst/O
                         net (fo=136, routed)         0.590     1.423    SPI_slave_inst/CLK
    SLICE_X33Y37         FDCE                                         r  SPI_slave_inst/MOSI_shift_reg[1]/C
  -------------------------------------------------------------------    -------------------
    SLICE_X33Y37         FDCE (Prop_fdce_C_Q)         0.141     1.564 r  SPI_slave_inst/MOSI_shift_reg[1]/Q
                         net (fo=2, routed)           0.122     1.686    SPI_slave_inst/MOSI_shift[1]
    SLICE_X33Y38         FDCE                                         r  SPI_slave_inst/MOSI_shift_reg[2]/D
  -------------------------------------------------------------------    -------------------

                         (clock clk rise edge)        0.000     0.000 r  
    G11                                               0.000     0.000 r  clk (IN)
                         net (fo=0)                   0.000     0.000    clk
    G11                  IBUF (Prop_ibuf_I_O)         0.388     0.388 r  clk_IBUF_inst/O
                         net (fo=1, routed)           0.660     1.048    clk_IBUF
    BUFGCTRL_X0Y0        BUFG (Prop_bufg_I_O)         0.029     1.077 r  clk_IBUF_BUFG_inst/O
                         net (fo=136, routed)         0.861     1.937    SPI_slave_inst/CLK
    SLICE_X33Y38         FDCE                                         r  SPI_slave_inst/MOSI_shift_reg[2]/C
                         clock pessimism             -0.497     1.440    
    SLICE_X33Y38         FDCE (Hold_fdce_C_D)         0.070     1.510    SPI_slave_inst/MOSI_shift_reg[2]
  -------------------------------------------------------------------
                         required time                         -1.510    
                         arrival time                           1.686    
  -------------------------------------------------------------------
                         slack                                  0.176    

Slack (MET) :             0.180ns  (arrival time - required time)
  Source:                 seg_number_in_reg[21]/C
                            (rising edge-triggered cell FDCE clocked by clk  {rise@0.000ns fall@10.000ns period=20.000ns})
  Destination:            seg_number_in_reg[29]/D
                            (rising edge-triggered cell FDCE clocked by clk  {rise@0.000ns fall@10.000ns period=20.000ns})
  Path Group:             clk
  Path Type:              Hold (Min at Fast Process Corner)
  Requirement:            0.000ns  (clk rise@0.000ns - clk rise@0.000ns)
  Data Path Delay:        0.288ns  (logic 0.164ns (56.938%)  route 0.124ns (43.062%))
  Logic Levels:           0  
  Clock Path Skew:        0.037ns (DCD - SCD - CPR)
    Destination Clock Delay (DCD):    1.938ns
    Source Clock Delay      (SCD):    1.424ns
    Clock Pessimism Removal (CPR):    0.477ns

    Location             Delay type                Incr(ns)  Path(ns)    Netlist Resource(s)
  -------------------------------------------------------------------    -------------------
                         (clock clk rise edge)        0.000     0.000 r  
    G11                                               0.000     0.000 r  clk (IN)
                         net (fo=0)                   0.000     0.000    clk
    G11                  IBUF (Prop_ibuf_I_O)         0.201     0.201 r  clk_IBUF_inst/O
                         net (fo=1, routed)           0.607     0.808    clk_IBUF
    BUFGCTRL_X0Y0        BUFG (Prop_bufg_I_O)         0.026     0.834 r  clk_IBUF_BUFG_inst/O
                         net (fo=136, routed)         0.591     1.424    clk_IBUF_BUFG
    SLICE_X34Y39         FDCE                                         r  seg_number_in_reg[21]/C
  -------------------------------------------------------------------    -------------------
    SLICE_X34Y39         FDCE (Prop_fdce_C_Q)         0.164     1.588 r  seg_number_in_reg[21]/Q
                         net (fo=2, routed)           0.124     1.712    seg_number_in[21]
    SLICE_X36Y38         FDCE                                         r  seg_number_in_reg[29]/D
  -------------------------------------------------------------------    -------------------

                         (clock clk rise edge)        0.000     0.000 r  
    G11                                               0.000     0.000 r  clk (IN)
                         net (fo=0)                   0.000     0.000    clk
    G11                  IBUF (Prop_ibuf_I_O)         0.388     0.388 r  clk_IBUF_inst/O
                         net (fo=1, routed)           0.660     1.048    clk_IBUF
    BUFGCTRL_X0Y0        BUFG (Prop_bufg_I_O)         0.029     1.077 r  clk_IBUF_BUFG_inst/O
                         net (fo=136, routed)         0.862     1.938    clk_IBUF_BUFG
    SLICE_X36Y38         FDCE                                         r  seg_number_in_reg[29]/C
                         clock pessimism             -0.477     1.461    
    SLICE_X36Y38         FDCE (Hold_fdce_C_D)         0.071     1.532    seg_number_in_reg[29]
  -------------------------------------------------------------------
                         required time                         -1.532    
                         arrival time                           1.712    
  -------------------------------------------------------------------
                         slack                                  0.180    

Slack (MET) :             0.182ns  (arrival time - required time)
  Source:                 seg_number_in_reg[2]/C
                            (rising edge-triggered cell FDCE clocked by clk  {rise@0.000ns fall@10.000ns period=20.000ns})
  Destination:            seg_number_in_reg[10]/D
                            (rising edge-triggered cell FDCE clocked by clk  {rise@0.000ns fall@10.000ns period=20.000ns})
  Path Group:             clk
  Path Type:              Hold (Min at Fast Process Corner)
  Requirement:            0.000ns  (clk rise@0.000ns - clk rise@0.000ns)
  Data Path Delay:        0.289ns  (logic 0.164ns (56.680%)  route 0.125ns (43.320%))
  Logic Levels:           0  
  Clock Path Skew:        0.037ns (DCD - SCD - CPR)
    Destination Clock Delay (DCD):    1.939ns
    Source Clock Delay      (SCD):    1.425ns
    Clock Pessimism Removal (CPR):    0.477ns

    Location             Delay type                Incr(ns)  Path(ns)    Netlist Resource(s)
  -------------------------------------------------------------------    -------------------
                         (clock clk rise edge)        0.000     0.000 r  
    G11                                               0.000     0.000 r  clk (IN)
                         net (fo=0)                   0.000     0.000    clk
    G11                  IBUF (Prop_ibuf_I_O)         0.201     0.201 r  clk_IBUF_inst/O
                         net (fo=1, routed)           0.607     0.808    clk_IBUF
    BUFGCTRL_X0Y0        BUFG (Prop_bufg_I_O)         0.026     0.834 r  clk_IBUF_BUFG_inst/O
                         net (fo=136, routed)         0.592     1.425    clk_IBUF_BUFG
    SLICE_X34Y40         FDCE                                         r  seg_number_in_reg[2]/C
  -------------------------------------------------------------------    -------------------
    SLICE_X34Y40         FDCE (Prop_fdce_C_Q)         0.164     1.589 r  seg_number_in_reg[2]/Q
                         net (fo=2, routed)           0.125     1.715    seg_number_in[2]
    SLICE_X37Y41         FDCE                                         r  seg_number_in_reg[10]/D
  -------------------------------------------------------------------    -------------------

                         (clock clk rise edge)        0.000     0.000 r  
    G11                                               0.000     0.000 r  clk (IN)
                         net (fo=0)                   0.000     0.000    clk
    G11                  IBUF (Prop_ibuf_I_O)         0.388     0.388 r  clk_IBUF_inst/O
                         net (fo=1, routed)           0.660     1.048    clk_IBUF
    BUFGCTRL_X0Y0        BUFG (Prop_bufg_I_O)         0.029     1.077 r  clk_IBUF_BUFG_inst/O
                         net (fo=136, routed)         0.863     1.939    clk_IBUF_BUFG
    SLICE_X37Y41         FDCE                                         r  seg_number_in_reg[10]/C
                         clock pessimism             -0.477     1.462    
    SLICE_X37Y41         FDCE (Hold_fdce_C_D)         0.070     1.532    seg_number_in_reg[10]
  -------------------------------------------------------------------
                         required time                         -1.532    
                         arrival time                           1.715    
  -------------------------------------------------------------------
                         slack                                  0.182    

Slack (MET) :             0.183ns  (arrival time - required time)
  Source:                 SPI_slave_inst/MISO_shift_reg[7]/C
                            (rising edge-triggered cell FDCE clocked by clk  {rise@0.000ns fall@10.000ns period=20.000ns})
  Destination:            SPI_slave_inst/MISO_shift_reg[0]/D
                            (rising edge-triggered cell FDCE clocked by clk  {rise@0.000ns fall@10.000ns period=20.000ns})
  Path Group:             clk
  Path Type:              Hold (Min at Fast Process Corner)
  Requirement:            0.000ns  (clk rise@0.000ns - clk rise@0.000ns)
  Data Path Delay:        0.318ns  (logic 0.186ns (58.459%)  route 0.132ns (41.541%))
  Logic Levels:           1  (LUT3=1)
  Clock Path Skew:        0.015ns (DCD - SCD - CPR)
    Destination Clock Delay (DCD):    1.934ns
    Source Clock Delay      (SCD):    1.422ns
    Clock Pessimism Removal (CPR):    0.497ns

    Location             Delay type                Incr(ns)  Path(ns)    Netlist Resource(s)
  -------------------------------------------------------------------    -------------------
                         (clock clk rise edge)        0.000     0.000 r  
    G11                                               0.000     0.000 r  clk (IN)
                         net (fo=0)                   0.000     0.000    clk
    G11                  IBUF (Prop_ibuf_I_O)         0.201     0.201 r  clk_IBUF_inst/O
                         net (fo=1, routed)           0.607     0.808    clk_IBUF
    BUFGCTRL_X0Y0        BUFG (Prop_bufg_I_O)         0.026     0.834 r  clk_IBUF_BUFG_inst/O
                         net (fo=136, routed)         0.589     1.422    SPI_slave_inst/CLK
    SLICE_X33Y35         FDCE                                         r  SPI_slave_inst/MISO_shift_reg[7]/C
  -------------------------------------------------------------------    -------------------
    SLICE_X33Y35         FDCE (Prop_fdce_C_Q)         0.141     1.563 r  SPI_slave_inst/MISO_shift_reg[7]/Q
                         net (fo=1, routed)           0.132     1.695    SPI_slave_inst/Q[0]
    SLICE_X34Y35         LUT3 (Prop_lut3_I0_O)        0.045     1.740 r  SPI_slave_inst/MISO_shift[0]_i_1/O
                         net (fo=1, routed)           0.000     1.740    SPI_slave_inst/p_1_in[0]
    SLICE_X34Y35         FDCE                                         r  SPI_slave_inst/MISO_shift_reg[0]/D
  -------------------------------------------------------------------    -------------------

                         (clock clk rise edge)        0.000     0.000 r  
    G11                                               0.000     0.000 r  clk (IN)
                         net (fo=0)                   0.000     0.000    clk
    G11                  IBUF (Prop_ibuf_I_O)         0.388     0.388 r  clk_IBUF_inst/O
                         net (fo=1, routed)           0.660     1.048    clk_IBUF
    BUFGCTRL_X0Y0        BUFG (Prop_bufg_I_O)         0.029     1.077 r  clk_IBUF_BUFG_inst/O
                         net (fo=136, routed)         0.858     1.934    SPI_slave_inst/CLK
    SLICE_X34Y35         FDCE                                         r  SPI_slave_inst/MISO_shift_reg[0]/C
                         clock pessimism             -0.497     1.437    
    SLICE_X34Y35         FDCE (Hold_fdce_C_D)         0.120     1.557    SPI_slave_inst/MISO_shift_reg[0]
  -------------------------------------------------------------------
                         required time                         -1.557    
                         arrival time                           1.740    
  -------------------------------------------------------------------
                         slack                                  0.183    

Slack (MET) :             0.196ns  (arrival time - required time)
  Source:                 SPI_slave_inst/data_out_vld_reg/C
                            (rising edge-triggered cell FDCE clocked by clk  {rise@0.000ns fall@10.000ns period=20.000ns})
  Destination:            data_reflash_reg/D
                            (rising edge-triggered cell FDCE clocked by clk  {rise@0.000ns fall@10.000ns period=20.000ns})
  Path Group:             clk
  Path Type:              Hold (Min at Fast Process Corner)
  Requirement:            0.000ns  (clk rise@0.000ns - clk rise@0.000ns)
  Data Path Delay:        0.219ns  (logic 0.128ns (58.523%)  route 0.091ns (41.477%))
  Logic Levels:           0  
  Clock Path Skew:        0.013ns (DCD - SCD - CPR)
    Destination Clock Delay (DCD):    1.935ns
    Source Clock Delay      (SCD):    1.423ns
    Clock Pessimism Removal (CPR):    0.499ns

    Location             Delay type                Incr(ns)  Path(ns)    Netlist Resource(s)
  -------------------------------------------------------------------    -------------------
                         (clock clk rise edge)        0.000     0.000 r  
    G11                                               0.000     0.000 r  clk (IN)
                         net (fo=0)                   0.000     0.000    clk
    G11                  IBUF (Prop_ibuf_I_O)         0.201     0.201 r  clk_IBUF_inst/O
                         net (fo=1, routed)           0.607     0.808    clk_IBUF
    BUFGCTRL_X0Y0        BUFG (Prop_bufg_I_O)         0.026     0.834 r  clk_IBUF_BUFG_inst/O
                         net (fo=136, routed)         0.590     1.423    SPI_slave_inst/CLK
    SLICE_X35Y37         FDCE                                         r  SPI_slave_inst/data_out_vld_reg/C
  -------------------------------------------------------------------    -------------------
    SLICE_X35Y37         FDCE (Prop_fdce_C_Q)         0.128     1.551 r  SPI_slave_inst/data_out_vld_reg/Q
                         net (fo=37, routed)          0.091     1.642    data_out_vld
    SLICE_X34Y37         FDCE                                         r  data_reflash_reg/D
  -------------------------------------------------------------------    -------------------

                         (clock clk rise edge)        0.000     0.000 r  
    G11                                               0.000     0.000 r  clk (IN)
                         net (fo=0)                   0.000     0.000    clk
    G11                  IBUF (Prop_ibuf_I_O)         0.388     0.388 r  clk_IBUF_inst/O
                         net (fo=1, routed)           0.660     1.048    clk_IBUF
    BUFGCTRL_X0Y0        BUFG (Prop_bufg_I_O)         0.029     1.077 r  clk_IBUF_BUFG_inst/O
                         net (fo=136, routed)         0.859     1.935    clk_IBUF_BUFG
    SLICE_X34Y37         FDCE                                         r  data_reflash_reg/C
                         clock pessimism             -0.499     1.436    
    SLICE_X34Y37         FDCE (Hold_fdce_C_D)         0.010     1.446    data_reflash_reg
  -------------------------------------------------------------------
                         required time                         -1.446    
                         arrival time                           1.642    
  -------------------------------------------------------------------
                         slack                                  0.196    

Slack (MET) :             0.197ns  (arrival time - required time)
  Source:                 seg_number_in_reg[17]/C
                            (rising edge-triggered cell FDCE clocked by clk  {rise@0.000ns fall@10.000ns period=20.000ns})
  Destination:            seg_number_in_reg[25]/D
                            (rising edge-triggered cell FDCE clocked by clk  {rise@0.000ns fall@10.000ns period=20.000ns})
  Path Group:             clk
  Path Type:              Hold (Min at Fast Process Corner)
  Requirement:            0.000ns  (clk rise@0.000ns - clk rise@0.000ns)
  Data Path Delay:        0.267ns  (logic 0.141ns (52.853%)  route 0.126ns (47.147%))
  Logic Levels:           0  
  Clock Path Skew:        0.000ns (DCD - SCD - CPR)
    Destination Clock Delay (DCD):    1.936ns
    Source Clock Delay      (SCD):    1.423ns
    Clock Pessimism Removal (CPR):    0.513ns

    Location             Delay type                Incr(ns)  Path(ns)    Netlist Resource(s)
  -------------------------------------------------------------------    -------------------
                         (clock clk rise edge)        0.000     0.000 r  
    G11                                               0.000     0.000 r  clk (IN)
                         net (fo=0)                   0.000     0.000    clk
    G11                  IBUF (Prop_ibuf_I_O)         0.201     0.201 r  clk_IBUF_inst/O
                         net (fo=1, routed)           0.607     0.808    clk_IBUF
    BUFGCTRL_X0Y0        BUFG (Prop_bufg_I_O)         0.026     0.834 r  clk_IBUF_BUFG_inst/O
                         net (fo=136, routed)         0.590     1.423    clk_IBUF_BUFG
    SLICE_X36Y37         FDCE                                         r  seg_number_in_reg[17]/C
  -------------------------------------------------------------------    -------------------
    SLICE_X36Y37         FDCE (Prop_fdce_C_Q)         0.141     1.564 r  seg_number_in_reg[17]/Q
                         net (fo=2, routed)           0.126     1.690    seg_number_in[17]
    SLICE_X36Y37         FDCE                                         r  seg_number_in_reg[25]/D
  -------------------------------------------------------------------    -------------------

                         (clock clk rise edge)        0.000     0.000 r  
    G11                                               0.000     0.000 r  clk (IN)
                         net (fo=0)                   0.000     0.000    clk
    G11                  IBUF (Prop_ibuf_I_O)         0.388     0.388 r  clk_IBUF_inst/O
                         net (fo=1, routed)           0.660     1.048    clk_IBUF
    BUFGCTRL_X0Y0        BUFG (Prop_bufg_I_O)         0.029     1.077 r  clk_IBUF_BUFG_inst/O
                         net (fo=136, routed)         0.860     1.936    clk_IBUF_BUFG
    SLICE_X36Y37         FDCE                                         r  seg_number_in_reg[25]/C
                         clock pessimism             -0.513     1.423    
    SLICE_X36Y37         FDCE (Hold_fdce_C_D)         0.070     1.493    seg_number_in_reg[25]
  -------------------------------------------------------------------
                         required time                         -1.493    
                         arrival time                           1.690    
  -------------------------------------------------------------------
                         slack                                  0.197    

Slack (MET) :             0.197ns  (arrival time - required time)
  Source:                 seg_number_in_reg[8]/C
                            (rising edge-triggered cell FDCE clocked by clk  {rise@0.000ns fall@10.000ns period=20.000ns})
  Destination:            seg_number_in_reg[16]/D
                            (rising edge-triggered cell FDCE clocked by clk  {rise@0.000ns fall@10.000ns period=20.000ns})
  Path Group:             clk
  Path Type:              Hold (Min at Fast Process Corner)
  Requirement:            0.000ns  (clk rise@0.000ns - clk rise@0.000ns)
  Data Path Delay:        0.220ns  (logic 0.148ns (67.297%)  route 0.072ns (32.703%))
  Logic Levels:           0  
  Clock Path Skew:        0.000ns (DCD - SCD - CPR)
    Destination Clock Delay (DCD):    1.938ns
    Source Clock Delay      (SCD):    1.424ns
    Clock Pessimism Removal (CPR):    0.514ns

    Location             Delay type                Incr(ns)  Path(ns)    Netlist Resource(s)
  -------------------------------------------------------------------    -------------------
                         (clock clk rise edge)        0.000     0.000 r  
    G11                                               0.000     0.000 r  clk (IN)
                         net (fo=0)                   0.000     0.000    clk
    G11                  IBUF (Prop_ibuf_I_O)         0.201     0.201 r  clk_IBUF_inst/O
                         net (fo=1, routed)           0.607     0.808    clk_IBUF
    BUFGCTRL_X0Y0        BUFG (Prop_bufg_I_O)         0.026     0.834 r  clk_IBUF_BUFG_inst/O
                         net (fo=136, routed)         0.591     1.424    clk_IBUF_BUFG
    SLICE_X38Y39         FDCE                                         r  seg_number_in_reg[8]/C
  -------------------------------------------------------------------    -------------------
    SLICE_X38Y39         FDCE (Prop_fdce_C_Q)         0.148     1.572 r  seg_number_in_reg[8]/Q
                         net (fo=2, routed)           0.072     1.644    seg_number_in[8]
    SLICE_X38Y39         FDCE                                         r  seg_number_in_reg[16]/D
  -------------------------------------------------------------------    -------------------

                         (clock clk rise edge)        0.000     0.000 r  
    G11                                               0.000     0.000 r  clk (IN)
                         net (fo=0)                   0.000     0.000    clk
    G11                  IBUF (Prop_ibuf_I_O)         0.388     0.388 r  clk_IBUF_inst/O
                         net (fo=1, routed)           0.660     1.048    clk_IBUF
    BUFGCTRL_X0Y0        BUFG (Prop_bufg_I_O)         0.029     1.077 r  clk_IBUF_BUFG_inst/O
                         net (fo=136, routed)         0.862     1.938    clk_IBUF_BUFG
    SLICE_X38Y39         FDCE                                         r  seg_number_in_reg[16]/C
                         clock pessimism             -0.514     1.424    
    SLICE_X38Y39         FDCE (Hold_fdce_C_D)         0.023     1.447    seg_number_in_reg[16]
  -------------------------------------------------------------------
                         required time                         -1.447    
                         arrival time                           1.644    
  -------------------------------------------------------------------
                         slack                                  0.197    

Slack (MET) :             0.203ns  (arrival time - required time)
  Source:                 seg_number_in_reg[19]/C
                            (rising edge-triggered cell FDCE clocked by clk  {rise@0.000ns fall@10.000ns period=20.000ns})
  Destination:            seg_number_in_reg[27]/D
                            (rising edge-triggered cell FDCE clocked by clk  {rise@0.000ns fall@10.000ns period=20.000ns})
  Path Group:             clk
  Path Type:              Hold (Min at Fast Process Corner)
  Requirement:            0.000ns  (clk rise@0.000ns - clk rise@0.000ns)
  Data Path Delay:        0.278ns  (logic 0.141ns (50.718%)  route 0.137ns (49.282%))
  Logic Levels:           0  
  Clock Path Skew:        0.000ns (DCD - SCD - CPR)
    Destination Clock Delay (DCD):    1.938ns
    Source Clock Delay      (SCD):    1.424ns
    Clock Pessimism Removal (CPR):    0.514ns

    Location             Delay type                Incr(ns)  Path(ns)    Netlist Resource(s)
  -------------------------------------------------------------------    -------------------
                         (clock clk rise edge)        0.000     0.000 r  
    G11                                               0.000     0.000 r  clk (IN)
                         net (fo=0)                   0.000     0.000    clk
    G11                  IBUF (Prop_ibuf_I_O)         0.201     0.201 r  clk_IBUF_inst/O
                         net (fo=1, routed)           0.607     0.808    clk_IBUF
    BUFGCTRL_X0Y0        BUFG (Prop_bufg_I_O)         0.026     0.834 r  clk_IBUF_BUFG_inst/O
                         net (fo=136, routed)         0.591     1.424    clk_IBUF_BUFG
    SLICE_X36Y38         FDCE                                         r  seg_number_in_reg[19]/C
  -------------------------------------------------------------------    -------------------
    SLICE_X36Y38         FDCE (Prop_fdce_C_Q)         0.141     1.565 r  seg_number_in_reg[19]/Q
                         net (fo=2, routed)           0.137     1.702    seg_number_in[19]
    SLICE_X36Y38         FDCE                                         r  seg_number_in_reg[27]/D
  -------------------------------------------------------------------    -------------------

                         (clock clk rise edge)        0.000     0.000 r  
    G11                                               0.000     0.000 r  clk (IN)
                         net (fo=0)                   0.000     0.000    clk
    G11                  IBUF (Prop_ibuf_I_O)         0.388     0.388 r  clk_IBUF_inst/O
                         net (fo=1, routed)           0.660     1.048    clk_IBUF
    BUFGCTRL_X0Y0        BUFG (Prop_bufg_I_O)         0.029     1.077 r  clk_IBUF_BUFG_inst/O
                         net (fo=136, routed)         0.862     1.938    clk_IBUF_BUFG
    SLICE_X36Y38         FDCE                                         r  seg_number_in_reg[27]/C
                         clock pessimism             -0.514     1.424    
    SLICE_X36Y38         FDCE (Hold_fdce_C_D)         0.075     1.499    seg_number_in_reg[27]
  -------------------------------------------------------------------
                         required time                         -1.499    
                         arrival time                           1.702    
  -------------------------------------------------------------------
                         slack                                  0.203    





Pulse Width Checks
--------------------------------------------------------------------------------------
Clock Name:         clk
Waveform(ns):       { 0.000 10.000 }
Period(ns):         20.000
Sources:            { clk }

Check Type        Corner  Lib Pin  Reference Pin  Required(ns)  Actual(ns)  Slack(ns)  Location       Pin
Min Period        n/a     BUFG/I   n/a            2.155         20.000      17.845     BUFGCTRL_X0Y0  clk_IBUF_BUFG_inst/I
Min Period        n/a     FDCE/C   n/a            1.000         20.000      19.000     SLICE_X33Y36   SPI_slave_inst/DCLK_reg_reg/C
Min Period        n/a     FDPE/C   n/a            1.000         20.000      19.000     SLICE_X32Y36   SPI_slave_inst/FSM_onehot_state_reg[0]/C
Min Period        n/a     FDCE/C   n/a            1.000         20.000      19.000     SLICE_X33Y36   SPI_slave_inst/FSM_onehot_state_reg[1]/C
Min Period        n/a     FDCE/C   n/a            1.000         20.000      19.000     SLICE_X32Y35   SPI_slave_inst/FSM_onehot_state_reg[2]/C
Min Period        n/a     FDCE/C   n/a            1.000         20.000      19.000     SLICE_X32Y35   SPI_slave_inst/FSM_onehot_state_reg[3]/C
Min Period        n/a     FDCE/C   n/a            1.000         20.000      19.000     SLICE_X32Y36   SPI_slave_inst/FSM_onehot_state_reg[4]/C
Min Period        n/a     FDCE/C   n/a            1.000         20.000      19.000     SLICE_X34Y35   SPI_slave_inst/MISO_shift_reg[1]/C
Min Period        n/a     FDCE/C   n/a            1.000         20.000      19.000     SLICE_X34Y35   SPI_slave_inst/MISO_shift_reg[2]/C
Min Period        n/a     FDCE/C   n/a            1.000         20.000      19.000     SLICE_X34Y35   SPI_slave_inst/MISO_shift_reg[3]/C
Low Pulse Width   Slow    FDCE/C   n/a            0.500         10.000      9.500      SLICE_X33Y36   SPI_slave_inst/DCLK_reg_reg/C
Low Pulse Width   Slow    FDPE/C   n/a            0.500         10.000      9.500      SLICE_X32Y36   SPI_slave_inst/FSM_onehot_state_reg[0]/C
Low Pulse Width   Slow    FDCE/C   n/a            0.500         10.000      9.500      SLICE_X33Y36   SPI_slave_inst/FSM_onehot_state_reg[1]/C
Low Pulse Width   Slow    FDCE/C   n/a            0.500         10.000      9.500      SLICE_X32Y35   SPI_slave_inst/FSM_onehot_state_reg[2]/C
Low Pulse Width   Slow    FDCE/C   n/a            0.500         10.000      9.500      SLICE_X32Y35   SPI_slave_inst/FSM_onehot_state_reg[3]/C
Low Pulse Width   Slow    FDCE/C   n/a            0.500         10.000      9.500      SLICE_X32Y36   SPI_slave_inst/FSM_onehot_state_reg[4]/C
Low Pulse Width   Slow    FDCE/C   n/a            0.500         10.000      9.500      SLICE_X34Y35   SPI_slave_inst/MISO_shift_reg[1]/C
Low Pulse Width   Slow    FDCE/C   n/a            0.500         10.000      9.500      SLICE_X34Y35   SPI_slave_inst/MISO_shift_reg[2]/C
Low Pulse Width   Slow    FDCE/C   n/a            0.500         10.000      9.500      SLICE_X34Y35   SPI_slave_inst/MISO_shift_reg[3]/C
Low Pulse Width   Slow    FDCE/C   n/a            0.500         10.000      9.500      SLICE_X34Y35   SPI_slave_inst/MISO_shift_reg[4]/C
High Pulse Width  Fast    FDCE/C   n/a            0.500         10.000      9.500      SLICE_X37Y39   SPI_slave_inst/data_out_reg[2]/C
High Pulse Width  Fast    FDCE/C   n/a            0.500         10.000      9.500      SLICE_X37Y38   data_out_r_reg[0]/C
High Pulse Width  Fast    FDCE/C   n/a            0.500         10.000      9.500      SLICE_X37Y38   data_out_r_reg[1]/C
High Pulse Width  Fast    FDCE/C   n/a            0.500         10.000      9.500      SLICE_X37Y40   data_out_r_reg[2]/C
High Pulse Width  Fast    FDCE/C   n/a            0.500         10.000      9.500      SLICE_X37Y38   data_out_r_reg[4]/C
High Pulse Width  Fast    FDCE/C   n/a            0.500         10.000      9.500      SLICE_X37Y40   data_out_r_reg[6]/C
High Pulse Width  Fast    FDCE/C   n/a            0.500         10.000      9.500      SLICE_X37Y38   data_out_r_reg[7]/C
High Pulse Width  Fast    FDCE/C   n/a            0.500         10.000      9.500      SLICE_X38Y39   seg_number_in_reg[0]/C
High Pulse Width  Fast    FDCE/C   n/a            0.500         10.000      9.500      SLICE_X37Y41   seg_number_in_reg[10]/C
High Pulse Width  Fast    FDCE/C   n/a            0.500         10.000      9.500      SLICE_X36Y38   seg_number_in_reg[11]/C



