Fitter report for TransformFilter
Thu Mar 31 08:34:17 2016
Quartus II Version 10.0 Build 262 08/18/2010 Service Pack 1 SJ Full Version


---------------------
; Table of Contents ;
---------------------
  1. Legal Notice
  2. Fitter Summary
  3. Fitter Settings
  4. Parallel Compilation
  5. I/O Assignment Warnings
  6. Incremental Compilation Preservation Summary
  7. Incremental Compilation Partition Settings
  8. Incremental Compilation Placement Preservation
  9. Pin-Out File
 10. Fitter Resource Usage Summary
 11. Fitter Partition Statistics
 12. Input Pins
 13. Output Pins
 14. Dual Purpose and Dedicated Pins
 15. I/O Bank Usage
 16. All Package Pins
 17. Output Pin Default Load For Reported TCO
 18. Fitter Resource Utilization by Entity
 19. Delay Chain Summary
 20. Pad To Core Delay Chain Fanout
 21. Control Signals
 22. Global & Other Fast Signals
 23. Non-Global High Fan-Out Signals
 24. Fitter RAM Summary
 25. |TransformFilter|window:u0|rom12_256:u1|altsyncram:altsyncram_component|altsyncram_5da1:auto_generated|ALTSYNCRAM
 26. Fitter DSP Block Usage Summary
 27. DSP Block Details
 28. Interconnect Usage Summary
 29. LAB Logic Elements
 30. LAB-wide Signals
 31. LAB Signals Sourced
 32. LAB Signals Sourced Out
 33. LAB Distinct Inputs
 34. I/O Rules Summary
 35. I/O Rules Details
 36. I/O Rules Matrix
 37. Fitter Device Options
 38. Operating Settings and Conditions
 39. Estimated Delay Added for Hold Timing Summary
 40. Estimated Delay Added for Hold Timing Details
 41. Fitter Messages
 42. Fitter Suppressed Messages



----------------
; Legal Notice ;
----------------
Copyright (C) 1991-2010 Altera Corporation
Your use of Altera Corporation's design tools, logic functions 
and other software and tools, and its AMPP partner logic 
functions, and any output files from any of the foregoing 
(including device programming or simulation files), and any 
associated documentation or information are expressly subject 
to the terms and conditions of the Altera Program License 
Subscription Agreement, Altera MegaCore Function License 
Agreement, or other applicable license agreement, including, 
without limitation, that your use is for the sole purpose of 
programming logic devices manufactured by Altera and sold by 
Altera or its authorized distributors.  Please refer to the 
applicable agreement for further details.



+-------------------------------------------------------------------------------------+
; Fitter Summary                                                                      ;
+------------------------------------+------------------------------------------------+
; Fitter Status                      ; Successful - Thu Mar 31 08:34:17 2016          ;
; Quartus II Version                 ; 10.0 Build 262 08/18/2010 SP 1 SJ Full Version ;
; Revision Name                      ; TransformFilter                                ;
; Top-level Entity Name              ; TransformFilter                                ;
; Family                             ; Cyclone IV E                                   ;
; Device                             ; EP4CE15F17C8                                   ;
; Timing Models                      ; Final                                          ;
; Total logic elements               ; 4,056 / 15,408 ( 26 % )                        ;
;     Total combinational functions  ; 3,154 / 15,408 ( 20 % )                        ;
;     Dedicated logic registers      ; 3,273 / 15,408 ( 21 % )                        ;
; Total registers                    ; 3273                                           ;
; Total pins                         ; 31 / 166 ( 19 % )                              ;
; Total virtual pins                 ; 0                                              ;
; Total memory bits                  ; 80,648 / 516,096 ( 16 % )                      ;
; Embedded Multiplier 9-bit elements ; 24 / 112 ( 21 % )                              ;
; Total PLLs                         ; 0 / 4 ( 0 % )                                  ;
+------------------------------------+------------------------------------------------+


+------------------------------------------------------------------------------------------------------------------------------------------------------------+
; Fitter Settings                                                                                                                                            ;
+----------------------------------------------------------------------------+---------------------------------------+---------------------------------------+
; Option                                                                     ; Setting                               ; Default Value                         ;
+----------------------------------------------------------------------------+---------------------------------------+---------------------------------------+
; Device                                                                     ; EP4CE15F17C8                          ;                                       ;
; Nominal Core Supply Voltage                                                ; 1.2V                                  ;                                       ;
; Minimum Core Junction Temperature                                          ; 0                                     ;                                       ;
; Maximum Core Junction Temperature                                          ; 85                                    ;                                       ;
; Fit Attempts to Skip                                                       ; 0                                     ; 0.0                                   ;
; Use smart compilation                                                      ; Off                                   ; Off                                   ;
; Enable parallel Assembler and TimeQuest Timing Analyzer during compilation ; On                                    ; On                                    ;
; Enable compact report table                                                ; Off                                   ; Off                                   ;
; Use TimeQuest Timing Analyzer                                              ; On                                    ; On                                    ;
; Router Timing Optimization Level                                           ; Normal                                ; Normal                                ;
; Placement Effort Multiplier                                                ; 1.0                                   ; 1.0                                   ;
; Router Effort Multiplier                                                   ; 1.0                                   ; 1.0                                   ;
; Optimize Hold Timing                                                       ; All Paths                             ; All Paths                             ;
; Optimize Multi-Corner Timing                                               ; Off                                   ; Off                                   ;
; PowerPlay Power Optimization                                               ; Normal compilation                    ; Normal compilation                    ;
; SSN Optimization                                                           ; Off                                   ; Off                                   ;
; Optimize Timing                                                            ; Normal compilation                    ; Normal compilation                    ;
; Optimize Timing for ECOs                                                   ; Off                                   ; Off                                   ;
; Regenerate full fit report during ECO compiles                             ; Off                                   ; Off                                   ;
; Optimize IOC Register Placement for Timing                                 ; Normal                                ; Normal                                ;
; Limit to One Fitting Attempt                                               ; Off                                   ; Off                                   ;
; Final Placement Optimizations                                              ; Automatically                         ; Automatically                         ;
; Fitter Aggressive Routability Optimizations                                ; Automatically                         ; Automatically                         ;
; Fitter Initial Placement Seed                                              ; 1                                     ; 1                                     ;
; PCI I/O                                                                    ; Off                                   ; Off                                   ;
; Weak Pull-Up Resistor                                                      ; Off                                   ; Off                                   ;
; Enable Bus-Hold Circuitry                                                  ; Off                                   ; Off                                   ;
; Auto Packed Registers                                                      ; Auto                                  ; Auto                                  ;
; Auto Delay Chains                                                          ; On                                    ; On                                    ;
; Allow Single-ended Buffer for Differential-XSTL Input                      ; Off                                   ; Off                                   ;
; Treat Bidirectional Pin as Output Pin                                      ; Off                                   ; Off                                   ;
; Auto Merge PLLs                                                            ; On                                    ; On                                    ;
; Perform Physical Synthesis for Combinational Logic for Fitting             ; Off                                   ; Off                                   ;
; Perform Physical Synthesis for Combinational Logic for Performance         ; Off                                   ; Off                                   ;
; Perform Register Duplication for Performance                               ; Off                                   ; Off                                   ;
; Perform Logic to Memory Mapping for Fitting                                ; Off                                   ; Off                                   ;
; Perform Register Retiming for Performance                                  ; Off                                   ; Off                                   ;
; Perform Asynchronous Signal Pipelining                                     ; Off                                   ; Off                                   ;
; Fitter Effort                                                              ; Auto Fit                              ; Auto Fit                              ;
; Physical Synthesis Effort Level                                            ; Normal                                ; Normal                                ;
; Logic Cell Insertion - Logic Duplication                                   ; Auto                                  ; Auto                                  ;
; Auto Register Duplication                                                  ; Auto                                  ; Auto                                  ;
; Auto Global Clock                                                          ; On                                    ; On                                    ;
; Auto Global Register Control Signals                                       ; On                                    ; On                                    ;
; Reserve all unused pins                                                    ; As input tri-stated with weak pull-up ; As input tri-stated with weak pull-up ;
; Stop After Congestion Map Generation                                       ; Off                                   ; Off                                   ;
; Synchronizer Identification                                                ; Off                                   ; Off                                   ;
; Enable Beneficial Skew Optimization                                        ; On                                    ; On                                    ;
; Optimize Design for Metastability                                          ; On                                    ; On                                    ;
; Force Fitter to Avoid Periphery Placement Warnings                         ; Off                                   ; Off                                   ;
; Enable input tri-state on active configuration pins in user mode           ; Off                                   ; Off                                   ;
+----------------------------------------------------------------------------+---------------------------------------+---------------------------------------+


+------------------------------------------+
; Parallel Compilation                     ;
+----------------------------+-------------+
; Processors                 ; Number      ;
+----------------------------+-------------+
; Number detected on machine ; 2           ;
; Maximum allowed            ; 2           ;
;                            ;             ;
; Average used               ; 1.12        ;
; Maximum used               ; 2           ;
;                            ;             ;
; Usage by Processor         ; % Time Used ;
;     1 processor            ; 100.0%      ;
;     2 processors           ;   6.3%      ;
+----------------------------+-------------+


+------------------------------------------+
; I/O Assignment Warnings                  ;
+----------+-------------------------------+
; Pin Name ; Reason                        ;
+----------+-------------------------------+
; clkdv    ; Incomplete set of assignments ;
; dout[0]  ; Incomplete set of assignments ;
; dout[1]  ; Incomplete set of assignments ;
; dout[2]  ; Incomplete set of assignments ;
; dout[3]  ; Incomplete set of assignments ;
; dout[4]  ; Incomplete set of assignments ;
; dout[5]  ; Incomplete set of assignments ;
; dout[6]  ; Incomplete set of assignments ;
; dout[7]  ; Incomplete set of assignments ;
; dout[8]  ; Incomplete set of assignments ;
; dout[9]  ; Incomplete set of assignments ;
; dout[10] ; Incomplete set of assignments ;
; dout[11] ; Incomplete set of assignments ;
; dout[12] ; Incomplete set of assignments ;
; dout[13] ; Incomplete set of assignments ;
; dout[14] ; Incomplete set of assignments ;
; dout[15] ; Incomplete set of assignments ;
; clk      ; Incomplete set of assignments ;
; rst      ; Incomplete set of assignments ;
; din[0]   ; Incomplete set of assignments ;
; din[1]   ; Incomplete set of assignments ;
; din[2]   ; Incomplete set of assignments ;
; din[3]   ; Incomplete set of assignments ;
; din[4]   ; Incomplete set of assignments ;
; din[5]   ; Incomplete set of assignments ;
; din[6]   ; Incomplete set of assignments ;
; din[7]   ; Incomplete set of assignments ;
; din[8]   ; Incomplete set of assignments ;
; din[9]   ; Incomplete set of assignments ;
; din[10]  ; Incomplete set of assignments ;
; din[11]  ; Incomplete set of assignments ;
+----------+-------------------------------+


+----------------------------------------------+
; Incremental Compilation Preservation Summary ;
+---------------------+------------------------+
; Type                ; Value                  ;
+---------------------+------------------------+
; Placement (by node) ;                        ;
;     -- Requested    ; 0 / 6965 ( 0.00 % )    ;
;     -- Achieved     ; 0 / 6965 ( 0.00 % )    ;
;                     ;                        ;
; Routing (by net)    ;                        ;
;     -- Requested    ; 0 / 0 ( 0.00 % )       ;
;     -- Achieved     ; 0 / 0 ( 0.00 % )       ;
+---------------------+------------------------+


+----------------------------------------------------------------------------------------------------------------------------------------------------------------------------------------+
; Incremental Compilation Partition Settings                                                                                                                                             ;
+--------------------------------+----------------+-------------------+-------------------------+------------------------+------------------------------+--------------------------------+
; Partition Name                 ; Partition Type ; Netlist Type Used ; Preservation Level Used ; Netlist Type Requested ; Preservation Level Requested ; Contents                       ;
+--------------------------------+----------------+-------------------+-------------------------+------------------------+------------------------------+--------------------------------+
; Top                            ; User-created   ; Source File       ; N/A                     ; Source File            ; N/A                          ;                                ;
; hard_block:auto_generated_inst ; Auto-generated ; Source File       ; N/A                     ; Source File            ; N/A                          ; hard_block:auto_generated_inst ;
+--------------------------------+----------------+-------------------+-------------------------+------------------------+------------------------------+--------------------------------+


+------------------------------------------------------------------------------------------------------------+
; Incremental Compilation Placement Preservation                                                             ;
+--------------------------------+---------+-------------------+-------------------------+-------------------+
; Partition Name                 ; # Nodes ; # Preserved Nodes ; Preservation Level Used ; Netlist Type Used ;
+--------------------------------+---------+-------------------+-------------------------+-------------------+
; Top                            ; 6955    ; 0                 ; N/A                     ; Source File       ;
; hard_block:auto_generated_inst ; 10      ; 0                 ; N/A                     ; Source File       ;
+--------------------------------+---------+-------------------+-------------------------+-------------------+


+--------------+
; Pin-Out File ;
+--------------+
The pin-out file can be found in D:/altera/FPGAprj/duyong_matlab_fpga_altera_verilog/Chapter_8/E8_2/TransformFilter/output_files/TransformFilter.pin.


+-----------------------------------------------------------------------------------------------------------------------------------------------------------------------------------------------------------------------+
; Fitter Resource Usage Summary                                                                                                                                                                                         ;
+---------------------------------------------+-------------------------------------------------------------------------------------------------------------------------------------------------------------------------+
; Resource                                    ; Usage                                                                                                                                                                   ;
+---------------------------------------------+-------------------------------------------------------------------------------------------------------------------------------------------------------------------------+
; Total logic elements                        ; 4,056 / 15,408 ( 26 % )                                                                                                                                                 ;
;     -- Combinational with no register       ; 783                                                                                                                                                                     ;
;     -- Register only                        ; 902                                                                                                                                                                     ;
;     -- Combinational with a register        ; 2371                                                                                                                                                                    ;
;                                             ;                                                                                                                                                                         ;
; Logic element usage by number of LUT inputs ;                                                                                                                                                                         ;
;     -- 4 input functions                    ; 661                                                                                                                                                                     ;
;     -- 3 input functions                    ; 1030                                                                                                                                                                    ;
;     -- <=2 input functions                  ; 1463                                                                                                                                                                    ;
;     -- Register only                        ; 902                                                                                                                                                                     ;
;                                             ;                                                                                                                                                                         ;
; Logic elements by mode                      ;                                                                                                                                                                         ;
;     -- normal mode                          ; 2034                                                                                                                                                                    ;
;     -- arithmetic mode                      ; 1120                                                                                                                                                                    ;
;                                             ;                                                                                                                                                                         ;
; Total registers*                            ; 3,273 / 16,166 ( 20 % )                                                                                                                                                 ;
;     -- Dedicated logic registers            ; 3,273 / 15,408 ( 21 % )                                                                                                                                                 ;
;     -- I/O registers                        ; 0 / 758 ( 0 % )                                                                                                                                                         ;
;                                             ;                                                                                                                                                                         ;
; Total LABs:  partially or completely used   ; 298 / 963 ( 31 % )                                                                                                                                                      ;
; User inserted logic elements                ; 0                                                                                                                                                                       ;
; Virtual pins                                ; 0                                                                                                                                                                       ;
; I/O pins                                    ; 31 / 166 ( 19 % )                                                                                                                                                       ;
;     -- Clock pins                           ; 2 / 7 ( 29 % )                                                                                                                                                          ;
;     -- Dedicated input pins                 ; 0 / 9 ( 0 % )                                                                                                                                                           ;
; Global signals                              ; 3                                                                                                                                                                       ;
; M9Ks                                        ; 18 / 56 ( 32 % )                                                                                                                                                        ;
; Total block memory bits                     ; 80,648 / 516,096 ( 16 % )                                                                                                                                               ;
; Total block memory implementation bits      ; 165,888 / 516,096 ( 32 % )                                                                                                                                              ;
; Embedded Multiplier 9-bit elements          ; 24 / 112 ( 21 % )                                                                                                                                                       ;
; DSP Blocks                                  ; 0 / 56 ( 0 % )                                                                                                                                                          ;
; PLLs                                        ; 0 / 4 ( 0 % )                                                                                                                                                           ;
; Global clocks                               ; 3 / 20 ( 15 % )                                                                                                                                                         ;
; JTAGs                                       ; 0 / 1 ( 0 % )                                                                                                                                                           ;
; CRC blocks                                  ; 0 / 1 ( 0 % )                                                                                                                                                           ;
; ASMI blocks                                 ; 0 / 1 ( 0 % )                                                                                                                                                           ;
; Impedance control blocks                    ; 0 / 4 ( 0 % )                                                                                                                                                           ;
; Average interconnect usage (total/H/V)      ; 8% / 8% / 8%                                                                                                                                                            ;
; Peak interconnect usage (total/H/V)         ; 28% / 30% / 27%                                                                                                                                                         ;
; Maximum fan-out node                        ; clk~inputclkctrl                                                                                                                                                        ;
; Maximum fan-out                             ; 3247                                                                                                                                                                    ;
; Highest non-global fan-out signal           ; fftfilter:u1|fft256:u0|asj_fft_si_sose_so_b_fft_121:asj_fft_si_sose_so_b_fft_121_inst|auk_dspip_avalon_streaming_source_fft_121:auk_dsp_atlantic_source_1|was_stalled~0 ;
; Highest non-global fan-out                  ; 1196                                                                                                                                                                    ;
; Total fan-out                               ; 20954                                                                                                                                                                   ;
; Average fan-out                             ; 2.92                                                                                                                                                                    ;
+---------------------------------------------+-------------------------------------------------------------------------------------------------------------------------------------------------------------------------+
*  Register count does not include registers inside RAM blocks or DSP blocks.



+------------------------------------------------------------------------------------------------------+
; Fitter Partition Statistics                                                                          ;
+---------------------------------------------+-----------------------+--------------------------------+
; Statistic                                   ; Top                   ; hard_block:auto_generated_inst ;
+---------------------------------------------+-----------------------+--------------------------------+
; Difficulty Clustering Region                ; Low                   ; Low                            ;
;                                             ;                       ;                                ;
; Total logic elements                        ; 4056 / 15408 ( 26 % ) ; 0 / 15408 ( 0 % )              ;
;     -- Combinational with no register       ; 783                   ; 0                              ;
;     -- Register only                        ; 902                   ; 0                              ;
;     -- Combinational with a register        ; 2371                  ; 0                              ;
;                                             ;                       ;                                ;
; Logic element usage by number of LUT inputs ;                       ;                                ;
;     -- 4 input functions                    ; 661                   ; 0                              ;
;     -- 3 input functions                    ; 1030                  ; 0                              ;
;     -- <=2 input functions                  ; 1463                  ; 0                              ;
;     -- Register only                        ; 902                   ; 0                              ;
;                                             ;                       ;                                ;
; Logic elements by mode                      ;                       ;                                ;
;     -- normal mode                          ; 2034                  ; 0                              ;
;     -- arithmetic mode                      ; 1120                  ; 0                              ;
;                                             ;                       ;                                ;
; Total registers                             ; 3273                  ; 0                              ;
;     -- Dedicated logic registers            ; 3273 / 15408 ( 21 % ) ; 0 / 15408 ( 0 % )              ;
;     -- I/O registers                        ; 0                     ; 0                              ;
;                                             ;                       ;                                ;
; Total LABs:  partially or completely used   ; 298 / 963 ( 30 % )    ; 0 / 963 ( 0 % )                ;
;                                             ;                       ;                                ;
; Virtual pins                                ; 0                     ; 0                              ;
; I/O pins                                    ; 31                    ; 0                              ;
; Embedded Multiplier 9-bit elements          ; 24 / 112 ( 21 % )     ; 0 / 112 ( 0 % )                ;
; Total memory bits                           ; 80648                 ; 0                              ;
; Total RAM block bits                        ; 165888                ; 0                              ;
; M9K                                         ; 18 / 56 ( 32 % )      ; 0 / 56 ( 0 % )                 ;
; Clock control block                         ; 3 / 24 ( 12 % )       ; 0 / 24 ( 0 % )                 ;
;                                             ;                       ;                                ;
; Connections                                 ;                       ;                                ;
;     -- Input Connections                    ; 0                     ; 0                              ;
;     -- Registered Input Connections         ; 0                     ; 0                              ;
;     -- Output Connections                   ; 0                     ; 0                              ;
;     -- Registered Output Connections        ; 0                     ; 0                              ;
;                                             ;                       ;                                ;
; Internal Connections                        ;                       ;                                ;
;     -- Total Connections                    ; 21792                 ; 5                              ;
;     -- Registered Connections               ; 7374                  ; 0                              ;
;                                             ;                       ;                                ;
; External Connections                        ;                       ;                                ;
;     -- Top                                  ; 0                     ; 0                              ;
;     -- hard_block:auto_generated_inst       ; 0                     ; 0                              ;
;                                             ;                       ;                                ;
; Partition Interface                         ;                       ;                                ;
;     -- Input Ports                          ; 14                    ; 0                              ;
;     -- Output Ports                         ; 17                    ; 0                              ;
;     -- Bidir Ports                          ; 0                     ; 0                              ;
;                                             ;                       ;                                ;
; Registered Ports                            ;                       ;                                ;
;     -- Registered Input Ports               ; 0                     ; 0                              ;
;     -- Registered Output Ports              ; 0                     ; 0                              ;
;                                             ;                       ;                                ;
; Port Connectivity                           ;                       ;                                ;
;     -- Input Ports driven by GND            ; 0                     ; 0                              ;
;     -- Output Ports driven by GND           ; 0                     ; 0                              ;
;     -- Input Ports driven by VCC            ; 0                     ; 0                              ;
;     -- Output Ports driven by VCC           ; 0                     ; 0                              ;
;     -- Input Ports with no Source           ; 0                     ; 0                              ;
;     -- Output Ports with no Source          ; 0                     ; 0                              ;
;     -- Input Ports with no Fanout           ; 0                     ; 0                              ;
;     -- Output Ports with no Fanout          ; 0                     ; 0                              ;
+---------------------------------------------+-----------------------+--------------------------------+


+------------------------------------------------------------------------------------------------------------------------------------------------------------------------------------------------------------------------------------------------------------------------------+
; Input Pins                                                                                                                                                                                                                                                                   ;
+---------+-------+----------+--------------+--------------+--------------+-----------------------+--------------------+--------+----------------+---------------+-----------------+----------+--------------+--------------+---------------------------+----------------------+
; Name    ; Pin # ; I/O Bank ; X coordinate ; Y coordinate ; Z coordinate ; Combinational Fan-Out ; Registered Fan-Out ; Global ; Input Register ; Power Up High ; PCI I/O Enabled ; Bus Hold ; Weak Pull Up ; I/O Standard ; Termination Control Block ; Location assigned by ;
+---------+-------+----------+--------------+--------------+--------------+-----------------------+--------------------+--------+----------------+---------------+-----------------+----------+--------------+--------------+---------------------------+----------------------+
; clk     ; E1    ; 1        ; 0            ; 14           ; 7            ; 3248                  ; 0                  ; yes    ; no             ; no            ; yes             ; no       ; Off          ; 2.5 V        ; --                        ; Fitter               ;
; din[0]  ; M1    ; 2        ; 0            ; 14           ; 21           ; 2                     ; 0                  ; no     ; no             ; no            ; yes             ; no       ; Off          ; 2.5 V        ; --                        ; Fitter               ;
; din[10] ; L2    ; 2        ; 0            ; 10           ; 21           ; 2                     ; 0                  ; no     ; no             ; no            ; yes             ; no       ; Off          ; 2.5 V        ; --                        ; Fitter               ;
; din[11] ; L7    ; 3        ; 16           ; 0            ; 14           ; 2                     ; 0                  ; no     ; no             ; no            ; yes             ; no       ; Off          ; 2.5 V        ; --                        ; Fitter               ;
; din[1]  ; T6    ; 3        ; 16           ; 0            ; 21           ; 2                     ; 0                  ; no     ; no             ; no            ; yes             ; no       ; Off          ; 2.5 V        ; --                        ; Fitter               ;
; din[2]  ; C8    ; 8        ; 14           ; 29           ; 0            ; 2                     ; 0                  ; no     ; no             ; no            ; yes             ; no       ; Off          ; 2.5 V        ; --                        ; Fitter               ;
; din[3]  ; R6    ; 3        ; 16           ; 0            ; 28           ; 2                     ; 0                  ; no     ; no             ; no            ; yes             ; no       ; Off          ; 2.5 V        ; --                        ; Fitter               ;
; din[4]  ; P6    ; 3        ; 14           ; 0            ; 21           ; 2                     ; 0                  ; no     ; no             ; no            ; yes             ; no       ; Off          ; 2.5 V        ; --                        ; Fitter               ;
; din[5]  ; M7    ; 3        ; 14           ; 0            ; 14           ; 2                     ; 0                  ; no     ; no             ; no            ; yes             ; no       ; Off          ; 2.5 V        ; --                        ; Fitter               ;
; din[6]  ; R5    ; 3        ; 14           ; 0            ; 7            ; 2                     ; 0                  ; no     ; no             ; no            ; yes             ; no       ; Off          ; 2.5 V        ; --                        ; Fitter               ;
; din[7]  ; K2    ; 2        ; 0            ; 6            ; 14           ; 2                     ; 0                  ; no     ; no             ; no            ; yes             ; no       ; Off          ; 2.5 V        ; --                        ; Fitter               ;
; din[8]  ; R7    ; 3        ; 16           ; 0            ; 7            ; 2                     ; 0                  ; no     ; no             ; no            ; yes             ; no       ; Off          ; 2.5 V        ; --                        ; Fitter               ;
; din[9]  ; T7    ; 3        ; 16           ; 0            ; 0            ; 2                     ; 0                  ; no     ; no             ; no            ; yes             ; no       ; Off          ; 2.5 V        ; --                        ; Fitter               ;
; rst     ; M2    ; 2        ; 0            ; 14           ; 14           ; 1724                  ; 0                  ; yes    ; no             ; no            ; yes             ; no       ; Off          ; 2.5 V        ; --                        ; Fitter               ;
+---------+-------+----------+--------------+--------------+--------------+-----------------------+--------------------+--------+----------------+---------------+-----------------+----------+--------------+--------------+---------------------------+----------------------+


+------------------------------------------------------------------------------------------------------------------------------------------------------------------------------------------------------------------------------------------------------------------------------------------------------------------------------------------------------------------------------------------------------------------------------------------------------------------+
; Output Pins                                                                                                                                                                                                                                                                                                                                                                                                                                                      ;
+----------+-------+----------+--------------+--------------+--------------+-----------------+------------------------+---------------+-----------+-----------------+------------+---------------+----------+--------------+--------------+------------------+-----------------------------------+---------------------------+----------------------------+-----------------------------+----------------------+------+----------------------+---------------------+
; Name     ; Pin # ; I/O Bank ; X coordinate ; Y coordinate ; Z coordinate ; Output Register ; Output Enable Register ; Power Up High ; Slew Rate ; PCI I/O Enabled ; Open Drain ; TRI Primitive ; Bus Hold ; Weak Pull Up ; I/O Standard ; Current Strength ; Termination                       ; Termination Control Block ; Output Buffer Pre-emphasis ; Voltage Output Differential ; Location assigned by ; Load ; Output Enable Source ; Output Enable Group ;
+----------+-------+----------+--------------+--------------+--------------+-----------------+------------------------+---------------+-----------+-----------------+------------+---------------+----------+--------------+--------------+------------------+-----------------------------------+---------------------------+----------------------------+-----------------------------+----------------------+------+----------------------+---------------------+
; clkdv    ; F2    ; 1        ; 0            ; 22           ; 14           ; no              ; no                     ; no            ; 2         ; no              ; no         ; no            ; no       ; Off          ; 2.5 V        ; Default          ; Series 50 Ohm without Calibration ; --                        ; no                         ; no                          ; Fitter               ; 0 pF ; -                    ; -                   ;
; dout[0]  ; E8    ; 8        ; 14           ; 29           ; 21           ; no              ; no                     ; no            ; 2         ; no              ; no         ; no            ; no       ; Off          ; 2.5 V        ; Default          ; Series 50 Ohm without Calibration ; --                        ; no                         ; no                          ; Fitter               ; 0 pF ; -                    ; -                   ;
; dout[10] ; N9    ; 4        ; 23           ; 0            ; 7            ; no              ; no                     ; no            ; 2         ; no              ; no         ; no            ; no       ; Off          ; 2.5 V        ; Default          ; Series 50 Ohm without Calibration ; --                        ; no                         ; no                          ; Fitter               ; 0 pF ; -                    ; -                   ;
; dout[11] ; G16   ; 6        ; 41           ; 18           ; 21           ; no              ; no                     ; no            ; 2         ; no              ; no         ; no            ; no       ; Off          ; 2.5 V        ; Default          ; Series 50 Ohm without Calibration ; --                        ; no                         ; no                          ; Fitter               ; 0 pF ; -                    ; -                   ;
; dout[12] ; F9    ; 7        ; 26           ; 29           ; 14           ; no              ; no                     ; no            ; 2         ; no              ; no         ; no            ; no       ; Off          ; 2.5 V        ; Default          ; Series 50 Ohm without Calibration ; --                        ; no                         ; no                          ; Fitter               ; 0 pF ; -                    ; -                   ;
; dout[13] ; E9    ; 7        ; 21           ; 29           ; 7            ; no              ; no                     ; no            ; 2         ; no              ; no         ; no            ; no       ; Off          ; 2.5 V        ; Default          ; Series 50 Ohm without Calibration ; --                        ; no                         ; no                          ; Fitter               ; 0 pF ; -                    ; -                   ;
; dout[14] ; M9    ; 4        ; 23           ; 0            ; 14           ; no              ; no                     ; no            ; 2         ; no              ; no         ; no            ; no       ; Off          ; 2.5 V        ; Default          ; Series 50 Ohm without Calibration ; --                        ; no                         ; no                          ; Fitter               ; 0 pF ; -                    ; -                   ;
; dout[15] ; K9    ; 4        ; 23           ; 0            ; 28           ; no              ; no                     ; no            ; 2         ; no              ; no         ; no            ; no       ; Off          ; 2.5 V        ; Default          ; Series 50 Ohm without Calibration ; --                        ; no                         ; no                          ; Fitter               ; 0 pF ; -                    ; -                   ;
; dout[1]  ; G2    ; 1        ; 0            ; 21           ; 0            ; no              ; no                     ; no            ; 2         ; no              ; no         ; no            ; no       ; Off          ; 2.5 V        ; Default          ; Series 50 Ohm without Calibration ; --                        ; no                         ; no                          ; Fitter               ; 0 pF ; -                    ; -                   ;
; dout[2]  ; F13   ; 6        ; 41           ; 18           ; 0            ; no              ; no                     ; no            ; 2         ; no              ; no         ; no            ; no       ; Off          ; 2.5 V        ; Default          ; Series 50 Ohm without Calibration ; --                        ; no                         ; no                          ; Fitter               ; 0 pF ; -                    ; -                   ;
; dout[3]  ; G1    ; 1        ; 0            ; 21           ; 21           ; no              ; no                     ; no            ; 2         ; no              ; no         ; no            ; no       ; Off          ; 2.5 V        ; Default          ; Series 50 Ohm without Calibration ; --                        ; no                         ; no                          ; Fitter               ; 0 pF ; -                    ; -                   ;
; dout[4]  ; D9    ; 7        ; 23           ; 29           ; 7            ; no              ; no                     ; no            ; 2         ; no              ; no         ; no            ; no       ; Off          ; 2.5 V        ; Default          ; Series 50 Ohm without Calibration ; --                        ; no                         ; no                          ; Fitter               ; 0 pF ; -                    ; -                   ;
; dout[5]  ; D8    ; 8        ; 14           ; 29           ; 7            ; no              ; no                     ; no            ; 2         ; no              ; no         ; no            ; no       ; Off          ; 2.5 V        ; Default          ; Series 50 Ohm without Calibration ; --                        ; no                         ; no                          ; Fitter               ; 0 pF ; -                    ; -                   ;
; dout[6]  ; L9    ; 4        ; 23           ; 0            ; 21           ; no              ; no                     ; no            ; 2         ; no              ; no         ; no            ; no       ; Off          ; 2.5 V        ; Default          ; Series 50 Ohm without Calibration ; --                        ; no                         ; no                          ; Fitter               ; 0 pF ; -                    ; -                   ;
; dout[7]  ; F8    ; 8        ; 14           ; 29           ; 28           ; no              ; no                     ; no            ; 2         ; no              ; no         ; no            ; no       ; Off          ; 2.5 V        ; Default          ; Series 50 Ohm without Calibration ; --                        ; no                         ; no                          ; Fitter               ; 0 pF ; -                    ; -                   ;
; dout[8]  ; L8    ; 3        ; 19           ; 0            ; 28           ; no              ; no                     ; no            ; 2         ; no              ; no         ; no            ; no       ; Off          ; 2.5 V        ; Default          ; Series 50 Ohm without Calibration ; --                        ; no                         ; no                          ; Fitter               ; 0 pF ; -                    ; -                   ;
; dout[9]  ; C9    ; 7        ; 23           ; 29           ; 0            ; no              ; no                     ; no            ; 2         ; no              ; no         ; no            ; no       ; Off          ; 2.5 V        ; Default          ; Series 50 Ohm without Calibration ; --                        ; no                         ; no                          ; Fitter               ; 0 pF ; -                    ; -                   ;
+----------+-------+----------+--------------+--------------+--------------+-----------------+------------------------+---------------+-----------+-----------------+------------+---------------+----------+--------------+--------------+------------------+-----------------------------------+---------------------------+----------------------------+-----------------------------+----------------------+------+----------------------+---------------------+


+--------------------------------------------------------------------------------------------------------------------------------------+
; Dual Purpose and Dedicated Pins                                                                                                      ;
+----------+------------------------------------------+--------------------------+-------------------------+---------------------------+
; Location ; Pin Name                                 ; Reserved As              ; User Signal Name        ; Pin Type                  ;
+----------+------------------------------------------+--------------------------+-------------------------+---------------------------+
; C1       ; DIFFIO_L4n, DATA1, ASDO                  ; As input tri-stated      ; ~ALTERA_ASDO_DATA1~     ; Dual Purpose Pin          ;
; D2       ; DIFFIO_L6p, FLASH_nCE, nCSO              ; As input tri-stated      ; ~ALTERA_FLASH_nCE_nCSO~ ; Dual Purpose Pin          ;
; F4       ; nSTATUS                                  ; -                        ; -                       ; Dedicated Programming Pin ;
; H1       ; DCLK                                     ; As output driving ground ; ~ALTERA_DCLK~           ; Dual Purpose Pin          ;
; H2       ; DATA0                                    ; As input tri-stated      ; ~ALTERA_DATA0~          ; Dual Purpose Pin          ;
; H5       ; nCONFIG                                  ; -                        ; -                       ; Dedicated Programming Pin ;
; J3       ; nCE                                      ; -                        ; -                       ; Dedicated Programming Pin ;
; H14      ; CONF_DONE                                ; -                        ; -                       ; Dedicated Programming Pin ;
; H13      ; MSEL0                                    ; -                        ; -                       ; Dedicated Programming Pin ;
; H12      ; MSEL1                                    ; -                        ; -                       ; Dedicated Programming Pin ;
; G12      ; MSEL2                                    ; -                        ; -                       ; Dedicated Programming Pin ;
; G12      ; MSEL3                                    ; -                        ; -                       ; Dedicated Programming Pin ;
; G16      ; DIFFIO_R17n, INIT_DONE                   ; Use as regular IO        ; dout[11]                ; Dual Purpose Pin          ;
; F16      ; DIFFIO_R16n, nCEO                        ; Use as programming pin   ; ~ALTERA_nCEO~           ; Dual Purpose Pin          ;
; F9       ; DIFFIO_T21p, PADD4, DQS2T/CQ3T,DPCLK8    ; Use as regular IO        ; dout[12]                ; Dual Purpose Pin          ;
; C9       ; DIFFIO_T19n, PADD7                       ; Use as regular IO        ; dout[9]                 ; Dual Purpose Pin          ;
; D9       ; DIFFIO_T19p, PADD8                       ; Use as regular IO        ; dout[4]                 ; Dual Purpose Pin          ;
; E9       ; DIFFIO_T17p, PADD12, DQS4T/CQ5T,DPCLK9   ; Use as regular IO        ; dout[13]                ; Dual Purpose Pin          ;
; C8       ; DIFFIO_T13p, PADD17, DQS5T/CQ5T#,DPCLK10 ; Use as regular IO        ; din[2]                  ; Dual Purpose Pin          ;
; E8       ; DIFFIO_T12n, DATA2                       ; Use as regular IO        ; dout[0]                 ; Dual Purpose Pin          ;
; F8       ; DIFFIO_T12p, DATA3                       ; Use as regular IO        ; dout[7]                 ; Dual Purpose Pin          ;
+----------+------------------------------------------+--------------------------+-------------------------+---------------------------+


+-----------------------------------------------------------+
; I/O Bank Usage                                            ;
+----------+-----------------+---------------+--------------+
; I/O Bank ; Usage           ; VCCIO Voltage ; VREF Voltage ;
+----------+-----------------+---------------+--------------+
; 1        ; 8 / 14 ( 57 % ) ; 2.5V          ; --           ;
; 2        ; 4 / 18 ( 22 % ) ; 2.5V          ; --           ;
; 3        ; 9 / 25 ( 36 % ) ; 2.5V          ; --           ;
; 4        ; 4 / 27 ( 15 % ) ; 2.5V          ; --           ;
; 5        ; 0 / 20 ( 0 % )  ; 2.5V          ; --           ;
; 6        ; 3 / 14 ( 21 % ) ; 2.5V          ; --           ;
; 7        ; 4 / 24 ( 17 % ) ; 2.5V          ; --           ;
; 8        ; 4 / 24 ( 17 % ) ; 2.5V          ; --           ;
+----------+-----------------+---------------+--------------+


+-----------------------------------------------------------------------------------------------------------------------------------------------------------------------------------------+
; All Package Pins                                                                                                                                                                        ;
+----------+------------+----------+-----------------------------------------------------------+--------+--------------+---------+------------+-----------------+----------+--------------+
; Location ; Pad Number ; I/O Bank ; Pin Name/Usage                                            ; Dir.   ; I/O Standard ; Voltage ; I/O Type   ; User Assignment ; Bus Hold ; Weak Pull Up ;
+----------+------------+----------+-----------------------------------------------------------+--------+--------------+---------+------------+-----------------+----------+--------------+
; A1       ;            ; 8        ; VCCIO8                                                    ; power  ;              ; 2.5V    ; --         ;                 ; --       ; --           ;
; A2       ; 356        ; 8        ; RESERVED_INPUT_WITH_WEAK_PULLUP                           ;        ;              ;         ; Column I/O ;                 ; no       ; On           ;
; A3       ; 358        ; 8        ; RESERVED_INPUT_WITH_WEAK_PULLUP                           ;        ;              ;         ; Column I/O ;                 ; no       ; On           ;
; A4       ; 354        ; 8        ; RESERVED_INPUT_WITH_WEAK_PULLUP                           ;        ;              ;         ; Column I/O ;                 ; no       ; On           ;
; A5       ; 349        ; 8        ; RESERVED_INPUT_WITH_WEAK_PULLUP                           ;        ;              ;         ; Column I/O ;                 ; no       ; On           ;
; A6       ; 339        ; 8        ; RESERVED_INPUT_WITH_WEAK_PULLUP                           ;        ;              ;         ; Column I/O ;                 ; no       ; On           ;
; A7       ; 334        ; 8        ; RESERVED_INPUT_WITH_WEAK_PULLUP                           ;        ;              ;         ; Column I/O ;                 ; no       ; On           ;
; A8       ; 321        ; 8        ; GND+                                                      ;        ;              ;         ; Column I/O ;                 ; --       ; --           ;
; A9       ; 319        ; 7        ; GND+                                                      ;        ;              ;         ; Column I/O ;                 ; --       ; --           ;
; A10      ; 307        ; 7        ; RESERVED_INPUT_WITH_WEAK_PULLUP                           ;        ;              ;         ; Column I/O ;                 ; no       ; On           ;
; A11      ; 296        ; 7        ; RESERVED_INPUT_WITH_WEAK_PULLUP                           ;        ;              ;         ; Column I/O ;                 ; no       ; On           ;
; A12      ; 292        ; 7        ; RESERVED_INPUT_WITH_WEAK_PULLUP                           ;        ;              ;         ; Column I/O ;                 ; no       ; On           ;
; A13      ; 300        ; 7        ; RESERVED_INPUT_WITH_WEAK_PULLUP                           ;        ;              ;         ; Column I/O ;                 ; no       ; On           ;
; A14      ; 284        ; 7        ; RESERVED_INPUT_WITH_WEAK_PULLUP                           ;        ;              ;         ; Column I/O ;                 ; no       ; On           ;
; A15      ; 301        ; 7        ; RESERVED_INPUT_WITH_WEAK_PULLUP                           ;        ;              ;         ; Column I/O ;                 ; no       ; On           ;
; A16      ;            ; 7        ; VCCIO7                                                    ; power  ;              ; 2.5V    ; --         ;                 ; --       ; --           ;
; B1       ; 6          ; 1        ; RESERVED_INPUT_WITH_WEAK_PULLUP                           ;        ;              ;         ; Row I/O    ;                 ; no       ; On           ;
; B2       ;            ;          ; GND                                                       ; gnd    ;              ;         ; --         ;                 ; --       ; --           ;
; B3       ; 359        ; 8        ; RESERVED_INPUT_WITH_WEAK_PULLUP                           ;        ;              ;         ; Column I/O ;                 ; no       ; On           ;
; B4       ; 355        ; 8        ; RESERVED_INPUT_WITH_WEAK_PULLUP                           ;        ;              ;         ; Column I/O ;                 ; no       ; On           ;
; B5       ; 351        ; 8        ; RESERVED_INPUT_WITH_WEAK_PULLUP                           ;        ;              ;         ; Column I/O ;                 ; no       ; On           ;
; B6       ; 340        ; 8        ; RESERVED_INPUT_WITH_WEAK_PULLUP                           ;        ;              ;         ; Column I/O ;                 ; no       ; On           ;
; B7       ; 335        ; 8        ; RESERVED_INPUT_WITH_WEAK_PULLUP                           ;        ;              ;         ; Column I/O ;                 ; no       ; On           ;
; B8       ; 322        ; 8        ; GND+                                                      ;        ;              ;         ; Column I/O ;                 ; --       ; --           ;
; B9       ; 320        ; 7        ; GND+                                                      ;        ;              ;         ; Column I/O ;                 ; --       ; --           ;
; B10      ; 308        ; 7        ; RESERVED_INPUT_WITH_WEAK_PULLUP                           ;        ;              ;         ; Column I/O ;                 ; no       ; On           ;
; B11      ; 297        ; 7        ; RESERVED_INPUT_WITH_WEAK_PULLUP                           ;        ;              ;         ; Column I/O ;                 ; no       ; On           ;
; B12      ; 293        ; 7        ; RESERVED_INPUT_WITH_WEAK_PULLUP                           ;        ;              ;         ; Column I/O ;                 ; no       ; On           ;
; B13      ; 282        ; 7        ; RESERVED_INPUT_WITH_WEAK_PULLUP                           ;        ;              ;         ; Column I/O ;                 ; no       ; On           ;
; B14      ; 285        ; 7        ; RESERVED_INPUT_WITH_WEAK_PULLUP                           ;        ;              ;         ; Column I/O ;                 ; no       ; On           ;
; B15      ;            ;          ; GND                                                       ; gnd    ;              ;         ; --         ;                 ; --       ; --           ;
; B16      ; 241        ; 6        ; RESERVED_INPUT_WITH_WEAK_PULLUP                           ;        ;              ;         ; Row I/O    ;                 ; no       ; On           ;
; C1       ; 9          ; 1        ; ~ALTERA_ASDO_DATA1~ / RESERVED_INPUT_WITH_WEAK_PULLUP     ; input  ; 2.5 V        ;         ; Row I/O    ; N               ; no       ; On           ;
; C2       ; 8          ; 1        ; RESERVED_INPUT_WITH_WEAK_PULLUP                           ;        ;              ;         ; Row I/O    ;                 ; no       ; On           ;
; C3       ; 362        ; 8        ; RESERVED_INPUT_WITH_WEAK_PULLUP                           ;        ;              ;         ; Column I/O ;                 ; no       ; On           ;
; C4       ;            ; 8        ; VCCIO8                                                    ; power  ;              ; 2.5V    ; --         ;                 ; --       ; --           ;
; C5       ;            ;          ; GND                                                       ; gnd    ;              ;         ; --         ;                 ; --       ; --           ;
; C6       ; 338        ; 8        ; RESERVED_INPUT_WITH_WEAK_PULLUP                           ;        ;              ;         ; Column I/O ;                 ; no       ; On           ;
; C7       ;            ; 8        ; VCCIO8                                                    ; power  ;              ; 2.5V    ; --         ;                 ; --       ; --           ;
; C8       ; 329        ; 8        ; din[2]                                                    ; input  ; 2.5 V        ;         ; Column I/O ; N               ; no       ; Off          ;
; C9       ; 309        ; 7        ; dout[9]                                                   ; output ; 2.5 V        ;         ; Column I/O ; N               ; no       ; Off          ;
; C10      ;            ; 7        ; VCCIO7                                                    ; power  ;              ; 2.5V    ; --         ;                 ; --       ; --           ;
; C11      ; 281        ; 7        ; RESERVED_INPUT_WITH_WEAK_PULLUP                           ;        ;              ;         ; Column I/O ;                 ; no       ; On           ;
; C12      ;            ;          ; GND                                                       ; gnd    ;              ;         ; --         ;                 ; --       ; --           ;
; C13      ;            ; 7        ; VCCIO7                                                    ; power  ;              ; 2.5V    ; --         ;                 ; --       ; --           ;
; C14      ; 274        ; 7        ; RESERVED_INPUT_WITH_WEAK_PULLUP                           ;        ;              ;         ; Column I/O ;                 ; no       ; On           ;
; C15      ; 271        ; 6        ; RESERVED_INPUT_WITH_WEAK_PULLUP                           ;        ;              ;         ; Row I/O    ;                 ; no       ; On           ;
; C16      ; 270        ; 6        ; RESERVED_INPUT_WITH_WEAK_PULLUP                           ;        ;              ;         ; Row I/O    ;                 ; no       ; On           ;
; D1       ; 14         ; 1        ; RESERVED_INPUT_WITH_WEAK_PULLUP                           ;        ;              ;         ; Row I/O    ;                 ; no       ; On           ;
; D2       ; 13         ; 1        ; ~ALTERA_FLASH_nCE_nCSO~ / RESERVED_INPUT_WITH_WEAK_PULLUP ; input  ; 2.5 V        ;         ; Row I/O    ; N               ; no       ; On           ;
; D3       ; 363        ; 8        ; RESERVED_INPUT_WITH_WEAK_PULLUP                           ;        ;              ;         ; Column I/O ;                 ; no       ; On           ;
; D4       ;            ;          ; VCCD_PLL3                                                 ; power  ;              ; 1.2V    ; --         ;                 ; --       ; --           ;
; D5       ; 357        ; 8        ; RESERVED_INPUT_WITH_WEAK_PULLUP                           ;        ;              ;         ; Column I/O ;                 ; no       ; On           ;
; D6       ; 352        ; 8        ; RESERVED_INPUT_WITH_WEAK_PULLUP                           ;        ;              ;         ; Column I/O ;                 ; no       ; On           ;
; D7       ;            ;          ; GND                                                       ; gnd    ;              ;         ; --         ;                 ; --       ; --           ;
; D8       ; 330        ; 8        ; dout[5]                                                   ; output ; 2.5 V        ;         ; Column I/O ; N               ; no       ; Off          ;
; D9       ; 310        ; 7        ; dout[4]                                                   ; output ; 2.5 V        ;         ; Column I/O ; N               ; no       ; Off          ;
; D10      ;            ;          ; GND                                                       ; gnd    ;              ;         ; --         ;                 ; --       ; --           ;
; D11      ; 278        ; 7        ; RESERVED_INPUT_WITH_WEAK_PULLUP                           ;        ;              ;         ; Column I/O ;                 ; no       ; On           ;
; D12      ; 279        ; 7        ; RESERVED_INPUT_WITH_WEAK_PULLUP                           ;        ;              ;         ; Column I/O ;                 ; no       ; On           ;
; D13      ;            ;          ; VCCD_PLL2                                                 ; power  ;              ; 1.2V    ; --         ;                 ; --       ; --           ;
; D14      ; 275        ; 7        ; RESERVED_INPUT_WITH_WEAK_PULLUP                           ;        ;              ;         ; Column I/O ;                 ; no       ; On           ;
; D15      ; 261        ; 6        ; RESERVED_INPUT_WITH_WEAK_PULLUP                           ;        ;              ;         ; Row I/O    ;                 ; no       ; On           ;
; D16      ; 260        ; 6        ; RESERVED_INPUT_WITH_WEAK_PULLUP                           ;        ;              ;         ; Row I/O    ;                 ; no       ; On           ;
; E1       ; 39         ; 1        ; clk                                                       ; input  ; 2.5 V        ;         ; Row I/O    ; N               ; no       ; Off          ;
; E2       ;            ;          ; GND                                                       ; gnd    ;              ;         ; --         ;                 ; --       ; --           ;
; E3       ;            ; 1        ; VCCIO1                                                    ; power  ;              ; 2.5V    ; --         ;                 ; --       ; --           ;
; E4       ;            ;          ; GND                                                       ; gnd    ;              ;         ; --         ;                 ; --       ; --           ;
; E5       ;            ;          ; GNDA3                                                     ; gnd    ;              ;         ; --         ;                 ; --       ; --           ;
; E6       ; 348        ; 8        ; RESERVED_INPUT_WITH_WEAK_PULLUP                           ;        ;              ;         ; Column I/O ;                 ; no       ; On           ;
; E7       ; 345        ; 8        ; RESERVED_INPUT_WITH_WEAK_PULLUP                           ;        ;              ;         ; Column I/O ;                 ; no       ; On           ;
; E8       ; 332        ; 8        ; dout[0]                                                   ; output ; 2.5 V        ;         ; Column I/O ; N               ; no       ; Off          ;
; E9       ; 315        ; 7        ; dout[13]                                                  ; output ; 2.5 V        ;         ; Column I/O ; N               ; no       ; Off          ;
; E10      ; 290        ; 7        ; RESERVED_INPUT_WITH_WEAK_PULLUP                           ;        ;              ;         ; Column I/O ;                 ; no       ; On           ;
; E11      ; 289        ; 7        ; RESERVED_INPUT_WITH_WEAK_PULLUP                           ;        ;              ;         ; Column I/O ;                 ; no       ; On           ;
; E12      ;            ;          ; GNDA2                                                     ; gnd    ;              ;         ; --         ;                 ; --       ; --           ;
; E13      ;            ;          ; GND                                                       ; gnd    ;              ;         ; --         ;                 ; --       ; --           ;
; E14      ;            ; 6        ; VCCIO6                                                    ; power  ;              ; 2.5V    ; --         ;                 ; --       ; --           ;
; E15      ; 226        ; 6        ; GND+                                                      ;        ;              ;         ; Row I/O    ;                 ; --       ; --           ;
; E16      ; 225        ; 6        ; GND+                                                      ;        ;              ;         ; Row I/O    ;                 ; --       ; --           ;
; F1       ; 23         ; 1        ; RESERVED_INPUT_WITH_WEAK_PULLUP                           ;        ;              ;         ; Row I/O    ;                 ; no       ; On           ;
; F2       ; 22         ; 1        ; clkdv                                                     ; output ; 2.5 V        ;         ; Row I/O    ; N               ; no       ; Off          ;
; F3       ; 10         ; 1        ; RESERVED_INPUT_WITH_WEAK_PULLUP                           ;        ;              ;         ; Row I/O    ;                 ; no       ; On           ;
; F4       ; 19         ; 1        ; ^nSTATUS                                                  ;        ;              ;         ; --         ;                 ; --       ; --           ;
; F5       ;            ; --       ; VCCA3                                                     ; power  ;              ; 2.5V    ; --         ;                 ; --       ; --           ;
; F6       ;            ;          ; GND                                                       ; gnd    ;              ;         ; --         ;                 ; --       ; --           ;
; F7       ;            ;          ; VCCINT                                                    ; power  ;              ; 1.2V    ; --         ;                 ; --       ; --           ;
; F8       ; 333        ; 8        ; dout[7]                                                   ; output ; 2.5 V        ;         ; Column I/O ; N               ; no       ; Off          ;
; F9       ; 306        ; 7        ; dout[12]                                                  ; output ; 2.5 V        ;         ; Column I/O ; N               ; no       ; Off          ;
; F10      ;            ;          ; GND                                                       ; gnd    ;              ;         ; --         ;                 ; --       ; --           ;
; F11      ;            ;          ; VCCINT                                                    ; power  ;              ; 1.2V    ; --         ;                 ; --       ; --           ;
; F12      ;            ; --       ; VCCA2                                                     ; power  ;              ; 2.5V    ; --         ;                 ; --       ; --           ;
; F13      ; 237        ; 6        ; dout[2]                                                   ; output ; 2.5 V        ;         ; Row I/O    ; N               ; no       ; Off          ;
; F14      ; 257        ; 6        ; RESERVED_INPUT_WITH_WEAK_PULLUP                           ;        ;              ;         ; Row I/O    ;                 ; no       ; On           ;
; F15      ; 240        ; 6        ; RESERVED_INPUT_WITH_WEAK_PULLUP                           ;        ;              ;         ; Row I/O    ;                 ; no       ; On           ;
; F16      ; 239        ; 6        ; ~ALTERA_nCEO~ / RESERVED_OUTPUT_OPEN_DRAIN                ; output ; 2.5 V        ;         ; Row I/O    ; N               ; no       ; Off          ;
; G1       ; 27         ; 1        ; dout[3]                                                   ; output ; 2.5 V        ;         ; Row I/O    ; N               ; no       ; Off          ;
; G2       ; 24         ; 1        ; dout[1]                                                   ; output ; 2.5 V        ;         ; Row I/O    ; N               ; no       ; Off          ;
; G3       ;            ; 1        ; VCCIO1                                                    ; power  ;              ; 2.5V    ; --         ;                 ; --       ; --           ;
; G4       ;            ;          ; GND                                                       ; gnd    ;              ;         ; --         ;                 ; --       ; --           ;
; G5       ; 21         ; 1        ; RESERVED_INPUT_WITH_WEAK_PULLUP                           ;        ;              ;         ; Row I/O    ;                 ; no       ; On           ;
; G6       ;            ;          ; VCCINT                                                    ; power  ;              ; 1.2V    ; --         ;                 ; --       ; --           ;
; G7       ;            ;          ; VCCINT                                                    ; power  ;              ; 1.2V    ; --         ;                 ; --       ; --           ;
; G8       ;            ;          ; VCCINT                                                    ; power  ;              ; 1.2V    ; --         ;                 ; --       ; --           ;
; G9       ;            ;          ; VCCINT                                                    ; power  ;              ; 1.2V    ; --         ;                 ; --       ; --           ;
; G10      ;            ;          ; VCCINT                                                    ; power  ;              ; 1.2V    ; --         ;                 ; --       ; --           ;
; G11      ; 269        ; 6        ; RESERVED_INPUT_WITH_WEAK_PULLUP                           ;        ;              ;         ; Row I/O    ;                 ; no       ; On           ;
; G12      ; 230        ; 6        ; ^MSEL2                                                    ;        ;              ;         ; --         ;                 ; --       ; --           ;
; G12      ; 231        ; 6        ; ^MSEL3                                                    ;        ;              ;         ; --         ;                 ; --       ; --           ;
; G13      ;            ;          ; GND                                                       ; gnd    ;              ;         ; --         ;                 ; --       ; --           ;
; G14      ;            ; 6        ; VCCIO6                                                    ; power  ;              ; 2.5V    ; --         ;                 ; --       ; --           ;
; G15      ; 235        ; 6        ; RESERVED_INPUT_WITH_WEAK_PULLUP                           ;        ;              ;         ; Row I/O    ;                 ; no       ; On           ;
; G16      ; 234        ; 6        ; dout[11]                                                  ; output ; 2.5 V        ;         ; Row I/O    ; N               ; no       ; Off          ;
; H1       ; 30         ; 1        ; ~ALTERA_DCLK~                                             ; output ; 2.5 V        ;         ; Row I/O    ; N               ; no       ; On           ;
; H2       ; 31         ; 1        ; ~ALTERA_DATA0~ / RESERVED_INPUT_WITH_WEAK_PULLUP          ; input  ; 2.5 V        ;         ; Row I/O    ; N               ; no       ; On           ;
; H3       ; 34         ; 1        ; #TCK                                                      ; input  ;              ;         ; --         ;                 ; --       ; --           ;
; H4       ; 33         ; 1        ; #TDI                                                      ; input  ;              ;         ; --         ;                 ; --       ; --           ;
; H5       ; 32         ; 1        ; ^nCONFIG                                                  ;        ;              ;         ; --         ;                 ; --       ; --           ;
; H6       ;            ;          ; VCCINT                                                    ; power  ;              ; 1.2V    ; --         ;                 ; --       ; --           ;
; H7       ;            ;          ; GND                                                       ; gnd    ;              ;         ; --         ;                 ; --       ; --           ;
; H8       ;            ;          ; GND                                                       ; gnd    ;              ;         ; --         ;                 ; --       ; --           ;
; H9       ;            ;          ; GND                                                       ; gnd    ;              ;         ; --         ;                 ; --       ; --           ;
; H10      ;            ;          ; GND                                                       ; gnd    ;              ;         ; --         ;                 ; --       ; --           ;
; H11      ;            ;          ; VCCINT                                                    ; power  ;              ; 1.2V    ; --         ;                 ; --       ; --           ;
; H12      ; 229        ; 6        ; ^MSEL1                                                    ;        ;              ;         ; --         ;                 ; --       ; --           ;
; H13      ; 228        ; 6        ; ^MSEL0                                                    ;        ;              ;         ; --         ;                 ; --       ; --           ;
; H14      ; 227        ; 6        ; ^CONF_DONE                                                ;        ;              ;         ; --         ;                 ; --       ; --           ;
; H15      ;            ;          ; GND                                                       ; gnd    ;              ;         ; --         ;                 ; --       ; --           ;
; H16      ;            ;          ; GND                                                       ; gnd    ;              ;         ; --         ;                 ; --       ; --           ;
; J1       ; 45         ; 2        ; RESERVED_INPUT_WITH_WEAK_PULLUP                           ;        ;              ;         ; Row I/O    ;                 ; no       ; On           ;
; J2       ; 44         ; 2        ; RESERVED_INPUT_WITH_WEAK_PULLUP                           ;        ;              ;         ; Row I/O    ;                 ; no       ; On           ;
; J3       ; 37         ; 1        ; ^nCE                                                      ;        ;              ;         ; --         ;                 ; --       ; --           ;
; J4       ; 36         ; 1        ; #TDO                                                      ; output ;              ;         ; --         ;                 ; --       ; --           ;
; J5       ; 35         ; 1        ; #TMS                                                      ; input  ;              ;         ; --         ;                 ; --       ; --           ;
; J6       ;            ;          ; VCCINT                                                    ; power  ;              ; 1.2V    ; --         ;                 ; --       ; --           ;
; J7       ;            ;          ; GND                                                       ; gnd    ;              ;         ; --         ;                 ; --       ; --           ;
; J8       ;            ;          ; GND                                                       ; gnd    ;              ;         ; --         ;                 ; --       ; --           ;
; J9       ;            ;          ; GND                                                       ; gnd    ;              ;         ; --         ;                 ; --       ; --           ;
; J10      ;            ;          ; GND                                                       ; gnd    ;              ;         ; --         ;                 ; --       ; --           ;
; J11      ;            ;          ; GND                                                       ; gnd    ;              ;         ; --         ;                 ; --       ; --           ;
; J12      ; 221        ; 5        ; RESERVED_INPUT_WITH_WEAK_PULLUP                           ;        ;              ;         ; Row I/O    ;                 ; no       ; On           ;
; J13      ; 222        ; 5        ; RESERVED_INPUT_WITH_WEAK_PULLUP                           ;        ;              ;         ; Row I/O    ;                 ; no       ; On           ;
; J14      ; 220        ; 5        ; RESERVED_INPUT_WITH_WEAK_PULLUP                           ;        ;              ;         ; Row I/O    ;                 ; no       ; On           ;
; J15      ; 217        ; 5        ; RESERVED_INPUT_WITH_WEAK_PULLUP                           ;        ;              ;         ; Row I/O    ;                 ; no       ; On           ;
; J16      ; 216        ; 5        ; RESERVED_INPUT_WITH_WEAK_PULLUP                           ;        ;              ;         ; Row I/O    ;                 ; no       ; On           ;
; K1       ; 55         ; 2        ; RESERVED_INPUT_WITH_WEAK_PULLUP                           ;        ;              ;         ; Row I/O    ;                 ; no       ; On           ;
; K2       ; 72         ; 2        ; din[7]                                                    ; input  ; 2.5 V        ;         ; Row I/O    ; N               ; no       ; Off          ;
; K3       ;            ; 2        ; VCCIO2                                                    ; power  ;              ; 2.5V    ; --         ;                 ; --       ; --           ;
; K4       ;            ;          ; GND                                                       ; gnd    ;              ;         ; --         ;                 ; --       ; --           ;
; K5       ; 77         ; 2        ; RESERVED_INPUT_WITH_WEAK_PULLUP                           ;        ;              ;         ; Row I/O    ;                 ; no       ; On           ;
; K6       ; 48         ; 2        ; RESERVED_INPUT_WITH_WEAK_PULLUP                           ;        ;              ;         ; Row I/O    ;                 ; no       ; On           ;
; K7       ;            ;          ; VCCINT                                                    ; power  ;              ; 1.2V    ; --         ;                 ; --       ; --           ;
; K8       ;            ;          ; GND                                                       ; gnd    ;              ;         ; --         ;                 ; --       ; --           ;
; K9       ; 138        ; 4        ; dout[15]                                                  ; output ; 2.5 V        ;         ; Column I/O ; N               ; no       ; Off          ;
; K10      ; 150        ; 4        ; RESERVED_INPUT_WITH_WEAK_PULLUP                           ;        ;              ;         ; Column I/O ;                 ; no       ; On           ;
; K11      ;            ;          ; VCCINT                                                    ; power  ;              ; 1.2V    ; --         ;                 ; --       ; --           ;
; K12      ; 179        ; 5        ; RESERVED_INPUT_WITH_WEAK_PULLUP                           ;        ;              ;         ; Row I/O    ;                 ; no       ; On           ;
; K13      ;            ;          ; GND                                                       ; gnd    ;              ;         ; --         ;                 ; --       ; --           ;
; K14      ;            ; 5        ; VCCIO5                                                    ; power  ;              ; 2.5V    ; --         ;                 ; --       ; --           ;
; K15      ; 215        ; 5        ; RESERVED_INPUT_WITH_WEAK_PULLUP                           ;        ;              ;         ; Row I/O    ;                 ; no       ; On           ;
; K16      ; 214        ; 5        ; RESERVED_INPUT_WITH_WEAK_PULLUP                           ;        ;              ;         ; Row I/O    ;                 ; no       ; On           ;
; L1       ; 58         ; 2        ; RESERVED_INPUT_WITH_WEAK_PULLUP                           ;        ;              ;         ; Row I/O    ;                 ; no       ; On           ;
; L2       ; 57         ; 2        ; din[10]                                                   ; input  ; 2.5 V        ;         ; Row I/O    ; N               ; no       ; Off          ;
; L3       ; 51         ; 2        ; RESERVED_INPUT_WITH_WEAK_PULLUP                           ;        ;              ;         ; Row I/O    ;                 ; no       ; On           ;
; L4       ; 78         ; 2        ; RESERVED_INPUT_WITH_WEAK_PULLUP                           ;        ;              ;         ; Row I/O    ;                 ; no       ; On           ;
; L5       ;            ; --       ; VCCA1                                                     ; power  ;              ; 2.5V    ; --         ;                 ; --       ; --           ;
; L6       ; 49         ; 2        ; RESERVED_INPUT_WITH_WEAK_PULLUP                           ;        ;              ;         ; Row I/O    ;                 ; no       ; On           ;
; L7       ; 125        ; 3        ; din[11]                                                   ; input  ; 2.5 V        ;         ; Column I/O ; N               ; no       ; Off          ;
; L8       ; 128        ; 3        ; dout[8]                                                   ; output ; 2.5 V        ;         ; Column I/O ; N               ; no       ; Off          ;
; L9       ; 139        ; 4        ; dout[6]                                                   ; output ; 2.5 V        ;         ; Column I/O ; N               ; no       ; Off          ;
; L10      ; 153        ; 4        ; RESERVED_INPUT_WITH_WEAK_PULLUP                           ;        ;              ;         ; Column I/O ;                 ; no       ; On           ;
; L11      ; 173        ; 4        ; RESERVED_INPUT_WITH_WEAK_PULLUP                           ;        ;              ;         ; Column I/O ;                 ; no       ; On           ;
; L12      ;            ; --       ; VCCA4                                                     ; power  ;              ; 2.5V    ; --         ;                 ; --       ; --           ;
; L13      ; 203        ; 5        ; RESERVED_INPUT_WITH_WEAK_PULLUP                           ;        ;              ;         ; Row I/O    ;                 ; no       ; On           ;
; L14      ; 194        ; 5        ; RESERVED_INPUT_WITH_WEAK_PULLUP                           ;        ;              ;         ; Row I/O    ;                 ; no       ; On           ;
; L15      ; 208        ; 5        ; RESERVED_INPUT_WITH_WEAK_PULLUP                           ;        ;              ;         ; Row I/O    ;                 ; no       ; On           ;
; L16      ; 204        ; 5        ; RESERVED_INPUT_WITH_WEAK_PULLUP                           ;        ;              ;         ; Row I/O    ;                 ; no       ; On           ;
; M1       ; 41         ; 2        ; din[0]                                                    ; input  ; 2.5 V        ;         ; Row I/O    ; N               ; no       ; Off          ;
; M2       ; 40         ; 2        ; rst                                                       ; input  ; 2.5 V        ;         ; Row I/O    ; N               ; no       ; Off          ;
; M3       ;            ; 2        ; VCCIO2                                                    ; power  ;              ; 2.5V    ; --         ;                 ; --       ; --           ;
; M4       ;            ;          ; GND                                                       ; gnd    ;              ;         ; --         ;                 ; --       ; --           ;
; M5       ;            ;          ; GNDA1                                                     ; gnd    ;              ;         ; --         ;                 ; --       ; --           ;
; M6       ; 106        ; 3        ; RESERVED_INPUT_WITH_WEAK_PULLUP                           ;        ;              ;         ; Column I/O ;                 ; no       ; On           ;
; M7       ; 120        ; 3        ; din[5]                                                    ; input  ; 2.5 V        ;         ; Column I/O ; N               ; no       ; Off          ;
; M8       ; 131        ; 3        ; RESERVED_INPUT_WITH_WEAK_PULLUP                           ;        ;              ;         ; Column I/O ;                 ; no       ; On           ;
; M9       ; 140        ; 4        ; dout[14]                                                  ; output ; 2.5 V        ;         ; Column I/O ; N               ; no       ; Off          ;
; M10      ; 164        ; 4        ; RESERVED_INPUT_WITH_WEAK_PULLUP                           ;        ;              ;         ; Column I/O ;                 ; no       ; On           ;
; M11      ; 174        ; 4        ; RESERVED_INPUT_WITH_WEAK_PULLUP                           ;        ;              ;         ; Column I/O ;                 ; no       ; On           ;
; M12      ;            ;          ; GNDA4                                                     ; gnd    ;              ;         ; --         ;                 ; --       ; --           ;
; M13      ;            ;          ; GND                                                       ; gnd    ;              ;         ; --         ;                 ; --       ; --           ;
; M14      ;            ; 5        ; VCCIO5                                                    ; power  ;              ; 2.5V    ; --         ;                 ; --       ; --           ;
; M15      ; 224        ; 5        ; GND+                                                      ;        ;              ;         ; Row I/O    ;                 ; --       ; --           ;
; M16      ; 223        ; 5        ; GND+                                                      ;        ;              ;         ; Row I/O    ;                 ; --       ; --           ;
; N1       ; 76         ; 2        ; RESERVED_INPUT_WITH_WEAK_PULLUP                           ;        ;              ;         ; Row I/O    ;                 ; no       ; On           ;
; N2       ; 75         ; 2        ; RESERVED_INPUT_WITH_WEAK_PULLUP                           ;        ;              ;         ; Row I/O    ;                 ; no       ; On           ;
; N3       ; 92         ; 3        ; RESERVED_INPUT_WITH_WEAK_PULLUP                           ;        ;              ;         ; Column I/O ;                 ; no       ; On           ;
; N4       ;            ;          ; VCCD_PLL1                                                 ; power  ;              ; 1.2V    ; --         ;                 ; --       ; --           ;
; N5       ; 104        ; 3        ; RESERVED_INPUT_WITH_WEAK_PULLUP                           ;        ;              ;         ; Column I/O ;                 ; no       ; On           ;
; N6       ; 105        ; 3        ; RESERVED_INPUT_WITH_WEAK_PULLUP                           ;        ;              ;         ; Column I/O ;                 ; no       ; On           ;
; N7       ;            ;          ; GND                                                       ; gnd    ;              ;         ; --         ;                 ; --       ; --           ;
; N8       ; 132        ; 3        ; RESERVED_INPUT_WITH_WEAK_PULLUP                           ;        ;              ;         ; Column I/O ;                 ; no       ; On           ;
; N9       ; 141        ; 4        ; dout[10]                                                  ; output ; 2.5 V        ;         ; Column I/O ; N               ; no       ; Off          ;
; N10      ;            ;          ; GND                                                       ; gnd    ;              ;         ; --         ;                 ; --       ; --           ;
; N11      ; 165        ; 4        ; RESERVED_INPUT_WITH_WEAK_PULLUP                           ;        ;              ;         ; Column I/O ;                 ; no       ; On           ;
; N12      ; 155        ; 4        ; RESERVED_INPUT_WITH_WEAK_PULLUP                           ;        ;              ;         ; Column I/O ;                 ; no       ; On           ;
; N13      ;            ;          ; VCCD_PLL4                                                 ; power  ;              ; 1.2V    ; --         ;                 ; --       ; --           ;
; N14      ; 181        ; 5        ; RESERVED_INPUT_WITH_WEAK_PULLUP                           ;        ;              ;         ; Row I/O    ;                 ; no       ; On           ;
; N15      ; 191        ; 5        ; RESERVED_INPUT_WITH_WEAK_PULLUP                           ;        ;              ;         ; Row I/O    ;                 ; no       ; On           ;
; N16      ; 190        ; 5        ; RESERVED_INPUT_WITH_WEAK_PULLUP                           ;        ;              ;         ; Row I/O    ;                 ; no       ; On           ;
; P1       ; 83         ; 2        ; RESERVED_INPUT_WITH_WEAK_PULLUP                           ;        ;              ;         ; Row I/O    ;                 ; no       ; On           ;
; P2       ; 82         ; 2        ; RESERVED_INPUT_WITH_WEAK_PULLUP                           ;        ;              ;         ; Row I/O    ;                 ; no       ; On           ;
; P3       ; 93         ; 3        ; RESERVED_INPUT_WITH_WEAK_PULLUP                           ;        ;              ;         ; Column I/O ;                 ; no       ; On           ;
; P4       ;            ; 3        ; VCCIO3                                                    ; power  ;              ; 2.5V    ; --         ;                 ; --       ; --           ;
; P5       ;            ;          ; GND                                                       ; gnd    ;              ;         ; --         ;                 ; --       ; --           ;
; P6       ; 119        ; 3        ; din[4]                                                    ; input  ; 2.5 V        ;         ; Column I/O ; N               ; no       ; Off          ;
; P7       ;            ; 3        ; VCCIO3                                                    ; power  ;              ; 2.5V    ; --         ;                 ; --       ; --           ;
; P8       ; 133        ; 3        ; RESERVED_INPUT_WITH_WEAK_PULLUP                           ;        ;              ;         ; Column I/O ;                 ; no       ; On           ;
; P9       ; 154        ; 4        ; RESERVED_INPUT_WITH_WEAK_PULLUP                           ;        ;              ;         ; Column I/O ;                 ; no       ; On           ;
; P10      ;            ; 4        ; VCCIO4                                                    ; power  ;              ; 2.5V    ; --         ;                 ; --       ; --           ;
; P11      ; 168        ; 4        ; RESERVED_INPUT_WITH_WEAK_PULLUP                           ;        ;              ;         ; Column I/O ;                 ; no       ; On           ;
; P12      ;            ;          ; GND                                                       ; gnd    ;              ;         ; --         ;                 ; --       ; --           ;
; P13      ;            ; 4        ; VCCIO4                                                    ; power  ;              ; 2.5V    ; --         ;                 ; --       ; --           ;
; P14      ; 171        ; 4        ; RESERVED_INPUT_WITH_WEAK_PULLUP                           ;        ;              ;         ; Column I/O ;                 ; no       ; On           ;
; P15      ; 182        ; 5        ; RESERVED_INPUT_WITH_WEAK_PULLUP                           ;        ;              ;         ; Row I/O    ;                 ; no       ; On           ;
; P16      ; 183        ; 5        ; RESERVED_INPUT_WITH_WEAK_PULLUP                           ;        ;              ;         ; Row I/O    ;                 ; no       ; On           ;
; R1       ; 81         ; 2        ; RESERVED_INPUT_WITH_WEAK_PULLUP                           ;        ;              ;         ; Row I/O    ;                 ; no       ; On           ;
; R2       ;            ;          ; GND                                                       ; gnd    ;              ;         ; --         ;                 ; --       ; --           ;
; R3       ; 95         ; 3        ; RESERVED_INPUT_WITH_WEAK_PULLUP                           ;        ;              ;         ; Column I/O ;                 ; no       ; On           ;
; R4       ; 102        ; 3        ; RESERVED_INPUT_WITH_WEAK_PULLUP                           ;        ;              ;         ; Column I/O ;                 ; no       ; On           ;
; R5       ; 121        ; 3        ; din[6]                                                    ; input  ; 2.5 V        ;         ; Column I/O ; N               ; no       ; Off          ;
; R6       ; 123        ; 3        ; din[3]                                                    ; input  ; 2.5 V        ;         ; Column I/O ; N               ; no       ; Off          ;
; R7       ; 126        ; 3        ; din[8]                                                    ; input  ; 2.5 V        ;         ; Column I/O ; N               ; no       ; Off          ;
; R8       ; 134        ; 3        ; GND+                                                      ;        ;              ;         ; Column I/O ;                 ; --       ; --           ;
; R9       ; 136        ; 4        ; GND+                                                      ;        ;              ;         ; Column I/O ;                 ; --       ; --           ;
; R10      ; 143        ; 4        ; RESERVED_INPUT_WITH_WEAK_PULLUP                           ;        ;              ;         ; Column I/O ;                 ; no       ; On           ;
; R11      ; 145        ; 4        ; RESERVED_INPUT_WITH_WEAK_PULLUP                           ;        ;              ;         ; Column I/O ;                 ; no       ; On           ;
; R12      ; 147        ; 4        ; RESERVED_INPUT_WITH_WEAK_PULLUP                           ;        ;              ;         ; Column I/O ;                 ; no       ; On           ;
; R13      ; 156        ; 4        ; RESERVED_INPUT_WITH_WEAK_PULLUP                           ;        ;              ;         ; Column I/O ;                 ; no       ; On           ;
; R14      ; 172        ; 4        ; RESERVED_INPUT_WITH_WEAK_PULLUP                           ;        ;              ;         ; Column I/O ;                 ; no       ; On           ;
; R15      ;            ;          ; GND                                                       ; gnd    ;              ;         ; --         ;                 ; --       ; --           ;
; R16      ; 184        ; 5        ; RESERVED_INPUT_WITH_WEAK_PULLUP                           ;        ;              ;         ; Row I/O    ;                 ; no       ; On           ;
; T1       ;            ; 3        ; VCCIO3                                                    ; power  ;              ; 2.5V    ; --         ;                 ; --       ; --           ;
; T2       ; 101        ; 3        ; RESERVED_INPUT_WITH_WEAK_PULLUP                           ;        ;              ;         ; Column I/O ;                 ; no       ; On           ;
; T3       ; 96         ; 3        ; RESERVED_INPUT_WITH_WEAK_PULLUP                           ;        ;              ;         ; Column I/O ;                 ; no       ; On           ;
; T4       ; 103        ; 3        ; RESERVED_INPUT_WITH_WEAK_PULLUP                           ;        ;              ;         ; Column I/O ;                 ; no       ; On           ;
; T5       ; 122        ; 3        ; RESERVED_INPUT_WITH_WEAK_PULLUP                           ;        ;              ;         ; Column I/O ;                 ; no       ; On           ;
; T6       ; 124        ; 3        ; din[1]                                                    ; input  ; 2.5 V        ;         ; Column I/O ; N               ; no       ; Off          ;
; T7       ; 127        ; 3        ; din[9]                                                    ; input  ; 2.5 V        ;         ; Column I/O ; N               ; no       ; Off          ;
; T8       ; 135        ; 3        ; GND+                                                      ;        ;              ;         ; Column I/O ;                 ; --       ; --           ;
; T9       ; 137        ; 4        ; GND+                                                      ;        ;              ;         ; Column I/O ;                 ; --       ; --           ;
; T10      ; 144        ; 4        ; RESERVED_INPUT_WITH_WEAK_PULLUP                           ;        ;              ;         ; Column I/O ;                 ; no       ; On           ;
; T11      ; 146        ; 4        ; RESERVED_INPUT_WITH_WEAK_PULLUP                           ;        ;              ;         ; Column I/O ;                 ; no       ; On           ;
; T12      ; 149        ; 4        ; RESERVED_INPUT_WITH_WEAK_PULLUP                           ;        ;              ;         ; Column I/O ;                 ; no       ; On           ;
; T13      ; 157        ; 4        ; RESERVED_INPUT_WITH_WEAK_PULLUP                           ;        ;              ;         ; Column I/O ;                 ; no       ; On           ;
; T14      ; 166        ; 4        ; RESERVED_INPUT_WITH_WEAK_PULLUP                           ;        ;              ;         ; Column I/O ;                 ; no       ; On           ;
; T15      ; 167        ; 4        ; RESERVED_INPUT_WITH_WEAK_PULLUP                           ;        ;              ;         ; Column I/O ;                 ; no       ; On           ;
; T16      ;            ; 4        ; VCCIO4                                                    ; power  ;              ; 2.5V    ; --         ;                 ; --       ; --           ;
+----------+------------+----------+-----------------------------------------------------------+--------+--------------+---------+------------+-----------------+----------+--------------+
Note: Pin directions (input, output or bidir) are based on device operating in user mode.


+-------------------------------------------------------------------------------+
; Output Pin Default Load For Reported TCO                                      ;
+----------------------------------+-------+------------------------------------+
; I/O Standard                     ; Load  ; Termination Resistance             ;
+----------------------------------+-------+------------------------------------+
; 3.0-V LVTTL                      ; 0 pF  ; Not Available                      ;
; 3.3-V LVTTL                      ; 0 pF  ; Not Available                      ;
; 3.0-V LVCMOS                     ; 0 pF  ; Not Available                      ;
; 3.3-V LVCMOS                     ; 0 pF  ; Not Available                      ;
; 3.0-V PCI                        ; 10 pF ; Not Available                      ;
; 3.0-V PCI-X                      ; 10 pF ; Not Available                      ;
; 2.5 V                            ; 0 pF  ; Not Available                      ;
; 1.8 V                            ; 0 pF  ; Not Available                      ;
; 1.5 V                            ; 0 pF  ; Not Available                      ;
; 1.2 V                            ; 0 pF  ; Not Available                      ;
; SSTL-2 Class I                   ; 0 pF  ; 50 Ohm (Parallel), 25 Ohm (Serial) ;
; Differential 2.5-V SSTL Class I  ; 0 pF  ; (See SSTL-2)                       ;
; SSTL-2 Class II                  ; 0 pF  ; 25 Ohm (Parallel), 25 Ohm (Serial) ;
; Differential 2.5-V SSTL Class II ; 0 pF  ; (See SSTL-2 Class II)              ;
; SSTL-18 Class I                  ; 0 pF  ; 50 Ohm (Parallel), 25 Ohm (Serial) ;
; Differential 1.8-V SSTL Class I  ; 0 pF  ; (See 1.8-V SSTL Class I)           ;
; SSTL-18 Class II                 ; 0 pF  ; 25 Ohm (Parallel), 25 Ohm (Serial) ;
; Differential 1.8-V SSTL Class II ; 0 pF  ; (See 1.8-V SSTL Class II)          ;
; 1.8-V HSTL Class I               ; 0 pF  ; 50 Ohm (Parallel)                  ;
; Differential 1.8-V HSTL Class I  ; 0 pF  ; (See 1.8-V HSTL Class I)           ;
; 1.8-V HSTL Class II              ; 0 pF  ; 25 Ohm (Parallel)                  ;
; Differential 1.8-V HSTL Class II ; 0 pF  ; (See 1.8-V HSTL Class II)          ;
; 1.5-V HSTL Class I               ; 0 pF  ; 50 Ohm (Parallel)                  ;
; Differential 1.5-V HSTL Class I  ; 0 pF  ; (See 1.5-V HSTL Class I)           ;
; 1.5-V HSTL Class II              ; 0 pF  ; 25 Ohm (Parallel)                  ;
; Differential 1.5-V HSTL Class II ; 0 pF  ; (See 1.5-V HSTL Class II)          ;
; 1.2-V HSTL Class I               ; 0 pF  ; Not Available                      ;
; Differential 1.2-V HSTL Class I  ; 0 pF  ; Not Available                      ;
; 1.2-V HSTL Class II              ; 0 pF  ; Not Available                      ;
; Differential 1.2-V HSTL Class II ; 0 pF  ; Not Available                      ;
; Differential LVPECL              ; 0 pF  ; 100 Ohm (Differential)             ;
; LVDS                             ; 0 pF  ; 100 Ohm (Differential)             ;
; LVDS_E_3R                        ; 0 pF  ; Not Available                      ;
; RSDS                             ; 0 pF  ; 100 Ohm (Differential)             ;
; RSDS_E_1R                        ; 0 pF  ; Not Available                      ;
; RSDS_E_3R                        ; 0 pF  ; Not Available                      ;
; mini-LVDS                        ; 0 pF  ; 100 Ohm (Differential)             ;
; mini-LVDS_E_3R                   ; 0 pF  ; Not Available                      ;
; PPDS                             ; 0 pF  ; Not Available                      ;
; PPDS_E_3R                        ; 0 pF  ; Not Available                      ;
; Bus LVDS                         ; 0 pF  ; Not Available                      ;
+----------------------------------+-------+------------------------------------+
Note: User assignments will override these defaults. The user specified values are listed in the Output Pins and Bidir Pins tables.


+-------------------------------------------------------------------------------------------------------------------------------------------------------------------------------------------------------------------------------------------------------------------------------------------------------------------------------------------------------------------------------------------------------------------------------------------------------------------------------------------------------------------------------------------------------------------------------------------------------------------------------------------------+
; Fitter Resource Utilization by Entity                                                                                                                                                                                                                                                                                                                                                                                                                                                                                                                                                                                                           ;
+-----------------------------------------------------------------------------------------------+-------------+---------------------------+---------------+-------------+------+------------+--------------+---------+-----------+------+--------------+--------------+-------------------+------------------+---------------------------------------------------------------------------------------------------------------------------------------------------------------------------------------------------------------------------------------------------------------------------------------------------------------------+--------------+
; Compilation Hierarchy Node                                                                    ; Logic Cells ; Dedicated Logic Registers ; I/O Registers ; Memory Bits ; M9Ks ; DSP Blocks ; DSP Elements ; DSP 9x9 ; DSP 18x18 ; Pins ; Virtual Pins ; LUT-Only LCs ; Register-Only LCs ; LUT/Register LCs ; Full Hierarchy Name                                                                                                                                                                                                                                                                                                 ; Library Name ;
+-----------------------------------------------------------------------------------------------+-------------+---------------------------+---------------+-------------+------+------------+--------------+---------+-----------+------+--------------+--------------+-------------------+------------------+---------------------------------------------------------------------------------------------------------------------------------------------------------------------------------------------------------------------------------------------------------------------------------------------------------------------+--------------+
; |TransformFilter                                                                              ; 4056 (1)    ; 3273 (0)                  ; 0 (0)         ; 80648       ; 18   ; 0          ; 24           ; 0       ; 12        ; 31   ; 0            ; 783 (1)      ; 902 (0)           ; 2371 (0)         ; |TransformFilter                                                                                                                                                                                                                                                                                                    ;              ;
;    |fftfilter:u1|                                                                             ; 2079 (182)  ; 1651 (91)                 ; 0 (0)         ; 17696       ; 6    ; 0          ; 14           ; 0       ; 7         ; 0    ; 0            ; 428 (91)     ; 453 (0)           ; 1198 (91)        ; |TransformFilter|fftfilter:u1                                                                                                                                                                                                                                                                                       ;              ;
;       |altshift_taps:xkre0_rtl_0|                                                             ; 10 (0)      ; 6 (0)                     ; 0 (0)         ; 96          ; 1    ; 0          ; 0            ; 0       ; 0         ; 0    ; 0            ; 4 (0)        ; 1 (0)             ; 5 (0)            ; |TransformFilter|fftfilter:u1|altshift_taps:xkre0_rtl_0                                                                                                                                                                                                                                                             ;              ;
;          |shift_taps_ckm:auto_generated|                                                      ; 10 (3)      ; 6 (3)                     ; 0 (0)         ; 96          ; 1    ; 0          ; 0            ; 0       ; 0         ; 0    ; 0            ; 4 (1)        ; 1 (1)             ; 5 (1)            ; |TransformFilter|fftfilter:u1|altshift_taps:xkre0_rtl_0|shift_taps_ckm:auto_generated                                                                                                                                                                                                                               ;              ;
;             |altsyncram_t861:altsyncram4|                                                     ; 0 (0)       ; 0 (0)                     ; 0 (0)         ; 96          ; 1    ; 0          ; 0            ; 0       ; 0         ; 0    ; 0            ; 0 (0)        ; 0 (0)             ; 0 (0)            ; |TransformFilter|fftfilter:u1|altshift_taps:xkre0_rtl_0|shift_taps_ckm:auto_generated|altsyncram_t861:altsyncram4                                                                                                                                                                                                   ;              ;
;             |cntr_6pf:cntr1|                                                                  ; 5 (5)       ; 2 (2)                     ; 0 (0)         ; 0           ; 0    ; 0          ; 0            ; 0       ; 0         ; 0    ; 0            ; 3 (3)        ; 0 (0)             ; 2 (2)            ; |TransformFilter|fftfilter:u1|altshift_taps:xkre0_rtl_0|shift_taps_ckm:auto_generated|cntr_6pf:cntr1                                                                                                                                                                                                                ;              ;
;             |cntr_p8h:cntr5|                                                                  ; 2 (2)       ; 1 (1)                     ; 0 (0)         ; 0           ; 0    ; 0          ; 0            ; 0       ; 0         ; 0    ; 0            ; 0 (0)        ; 0 (0)             ; 2 (2)            ; |TransformFilter|fftfilter:u1|altshift_taps:xkre0_rtl_0|shift_taps_ckm:auto_generated|cntr_p8h:cntr5                                                                                                                                                                                                                ;              ;
;       |fft256:u0|                                                                             ; 1863 (0)    ; 1538 (0)                  ; 0 (0)         ; 9472        ; 3    ; 0          ; 6            ; 0       ; 3         ; 0    ; 0            ; 325 (0)      ; 452 (0)           ; 1086 (0)         ; |TransformFilter|fftfilter:u1|fft256:u0                                                                                                                                                                                                                                                                             ;              ;
;          |asj_fft_si_sose_so_b_fft_121:asj_fft_si_sose_so_b_fft_121_inst|                     ; 1863 (379)  ; 1538 (291)                ; 0 (0)         ; 9472        ; 3    ; 0          ; 6            ; 0       ; 3         ; 0    ; 0            ; 325 (88)     ; 452 (11)          ; 1086 (281)       ; |TransformFilter|fftfilter:u1|fft256:u0|asj_fft_si_sose_so_b_fft_121:asj_fft_si_sose_so_b_fft_121_inst                                                                                                                                                                                                              ;              ;
;             |asj_fft_1dp_ram_fft_121:\gen_1_ram:gen_M4K:dat_A|                                ; 0 (0)       ; 0 (0)                     ; 0 (0)         ; 8192        ; 1    ; 0          ; 0            ; 0       ; 0         ; 0    ; 0            ; 0 (0)        ; 0 (0)             ; 0 (0)            ; |TransformFilter|fftfilter:u1|fft256:u0|asj_fft_si_sose_so_b_fft_121:asj_fft_si_sose_so_b_fft_121_inst|asj_fft_1dp_ram_fft_121:\gen_1_ram:gen_M4K:dat_A                                                                                                                                                             ;              ;
;                |asj_fft_data_ram_fft_121:dat_A|                                               ; 0 (0)       ; 0 (0)                     ; 0 (0)         ; 8192        ; 1    ; 0          ; 0            ; 0       ; 0         ; 0    ; 0            ; 0 (0)        ; 0 (0)             ; 0 (0)            ; |TransformFilter|fftfilter:u1|fft256:u0|asj_fft_si_sose_so_b_fft_121:asj_fft_si_sose_so_b_fft_121_inst|asj_fft_1dp_ram_fft_121:\gen_1_ram:gen_M4K:dat_A|asj_fft_data_ram_fft_121:dat_A                                                                                                                              ;              ;
;                   |altsyncram:\gen_M4K:altsyncram_component|                                  ; 0 (0)       ; 0 (0)                     ; 0 (0)         ; 8192        ; 1    ; 0          ; 0            ; 0       ; 0         ; 0    ; 0            ; 0 (0)        ; 0 (0)             ; 0 (0)            ; |TransformFilter|fftfilter:u1|fft256:u0|asj_fft_si_sose_so_b_fft_121:asj_fft_si_sose_so_b_fft_121_inst|asj_fft_1dp_ram_fft_121:\gen_1_ram:gen_M4K:dat_A|asj_fft_data_ram_fft_121:dat_A|altsyncram:\gen_M4K:altsyncram_component                                                                                     ;              ;
;                      |altsyncram_21t3:auto_generated|                                         ; 0 (0)       ; 0 (0)                     ; 0 (0)         ; 8192        ; 1    ; 0          ; 0            ; 0       ; 0         ; 0    ; 0            ; 0 (0)        ; 0 (0)             ; 0 (0)            ; |TransformFilter|fftfilter:u1|fft256:u0|asj_fft_si_sose_so_b_fft_121:asj_fft_si_sose_so_b_fft_121_inst|asj_fft_1dp_ram_fft_121:\gen_1_ram:gen_M4K:dat_A|asj_fft_data_ram_fft_121:dat_A|altsyncram:\gen_M4K:altsyncram_component|altsyncram_21t3:auto_generated                                                      ;              ;
;             |asj_fft_1tdp_rom_fft_121:\gen_se:gen_new:twrom|                                  ; 0 (0)       ; 0 (0)                     ; 0 (0)         ; 1024        ; 1    ; 0          ; 0            ; 0       ; 0         ; 0    ; 0            ; 0 (0)        ; 0 (0)             ; 0 (0)            ; |TransformFilter|fftfilter:u1|fft256:u0|asj_fft_si_sose_so_b_fft_121:asj_fft_si_sose_so_b_fft_121_inst|asj_fft_1tdp_rom_fft_121:\gen_se:gen_new:twrom                                                                                                                                                               ;              ;
;                |asj_fft_twid_rom_tdp_fft_121:\gen_auto:sin_1n|                                ; 0 (0)       ; 0 (0)                     ; 0 (0)         ; 1024        ; 1    ; 0          ; 0            ; 0       ; 0         ; 0    ; 0            ; 0 (0)        ; 0 (0)             ; 0 (0)            ; |TransformFilter|fftfilter:u1|fft256:u0|asj_fft_si_sose_so_b_fft_121:asj_fft_si_sose_so_b_fft_121_inst|asj_fft_1tdp_rom_fft_121:\gen_se:gen_new:twrom|asj_fft_twid_rom_tdp_fft_121:\gen_auto:sin_1n                                                                                                                 ;              ;
;                   |altsyncram:altsyncram_component|                                           ; 0 (0)       ; 0 (0)                     ; 0 (0)         ; 1024        ; 1    ; 0          ; 0            ; 0       ; 0         ; 0    ; 0            ; 0 (0)        ; 0 (0)             ; 0 (0)            ; |TransformFilter|fftfilter:u1|fft256:u0|asj_fft_si_sose_so_b_fft_121:asj_fft_si_sose_so_b_fft_121_inst|asj_fft_1tdp_rom_fft_121:\gen_se:gen_new:twrom|asj_fft_twid_rom_tdp_fft_121:\gen_auto:sin_1n|altsyncram:altsyncram_component                                                                                 ;              ;
;                      |altsyncram_he72:auto_generated|                                         ; 0 (0)       ; 0 (0)                     ; 0 (0)         ; 1024        ; 1    ; 0          ; 0            ; 0       ; 0         ; 0    ; 0            ; 0 (0)        ; 0 (0)             ; 0 (0)            ; |TransformFilter|fftfilter:u1|fft256:u0|asj_fft_si_sose_so_b_fft_121:asj_fft_si_sose_so_b_fft_121_inst|asj_fft_1tdp_rom_fft_121:\gen_se:gen_new:twrom|asj_fft_twid_rom_tdp_fft_121:\gen_auto:sin_1n|altsyncram:altsyncram_component|altsyncram_he72:auto_generated                                                  ;              ;
;             |asj_fft_bfp_ctrl_fft_121:\gen_se:bfpc|                                           ; 19 (5)      ; 17 (3)                    ; 0 (0)         ; 0           ; 0    ; 0          ; 0            ; 0       ; 0         ; 0    ; 0            ; 1 (1)        ; 0 (0)             ; 18 (5)           ; |TransformFilter|fftfilter:u1|fft256:u0|asj_fft_si_sose_so_b_fft_121:asj_fft_si_sose_so_b_fft_121_inst|asj_fft_bfp_ctrl_fft_121:\gen_se:bfpc                                                                                                                                                                        ;              ;
;                |asj_fft_tdl_bit_fft_121:\gen_so_crtl:gen_se_so:delay_next_pass_2|             ; 1 (1)       ; 1 (1)                     ; 0 (0)         ; 0           ; 0    ; 0          ; 0            ; 0       ; 0         ; 0    ; 0            ; 0 (0)        ; 0 (0)             ; 1 (1)            ; |TransformFilter|fftfilter:u1|fft256:u0|asj_fft_si_sose_so_b_fft_121:asj_fft_si_sose_so_b_fft_121_inst|asj_fft_bfp_ctrl_fft_121:\gen_se:bfpc|asj_fft_tdl_bit_fft_121:\gen_so_crtl:gen_se_so:delay_next_pass_2                                                                                                       ;              ;
;                |asj_fft_tdl_bit_rst_fft_121:\gen_so_crtl:gen_se_so:delay_next_pass|           ; 13 (13)     ; 13 (13)                   ; 0 (0)         ; 0           ; 0    ; 0          ; 0            ; 0       ; 0         ; 0    ; 0            ; 0 (0)        ; 0 (0)             ; 13 (13)          ; |TransformFilter|fftfilter:u1|fft256:u0|asj_fft_si_sose_so_b_fft_121:asj_fft_si_sose_so_b_fft_121_inst|asj_fft_bfp_ctrl_fft_121:\gen_se:bfpc|asj_fft_tdl_bit_rst_fft_121:\gen_so_crtl:gen_se_so:delay_next_pass                                                                                                     ;              ;
;             |asj_fft_dataadgen_fft_121:\gen_wraddr_se:wr_adgen|                               ; 22 (22)     ; 8 (8)                     ; 0 (0)         ; 0           ; 0    ; 0          ; 0            ; 0       ; 0         ; 0    ; 0            ; 14 (14)      ; 0 (0)             ; 8 (8)            ; |TransformFilter|fftfilter:u1|fft256:u0|asj_fft_si_sose_so_b_fft_121:asj_fft_si_sose_so_b_fft_121_inst|asj_fft_dataadgen_fft_121:\gen_wraddr_se:wr_adgen                                                                                                                                                            ;              ;
;             |asj_fft_dataadgen_fft_121:rd_adgen|                                              ; 22 (22)     ; 8 (8)                     ; 0 (0)         ; 0           ; 0    ; 0          ; 0            ; 0       ; 0         ; 0    ; 0            ; 9 (9)        ; 0 (0)             ; 13 (13)          ; |TransformFilter|fftfilter:u1|fft256:u0|asj_fft_si_sose_so_b_fft_121:asj_fft_si_sose_so_b_fft_121_inst|asj_fft_dataadgen_fft_121:rd_adgen                                                                                                                                                                           ;              ;
;             |asj_fft_dft_bfp_sgl_fft_121:\gen_se:bfpdft|                                      ; 1009 (460)  ; 850 (383)                 ; 0 (0)         ; 0           ; 0    ; 0          ; 6            ; 0       ; 3         ; 0    ; 0            ; 127 (77)     ; 343 (128)         ; 539 (255)        ; |TransformFilter|fftfilter:u1|fft256:u0|asj_fft_si_sose_so_b_fft_121:asj_fft_si_sose_so_b_fft_121_inst|asj_fft_dft_bfp_sgl_fft_121:\gen_se:bfpdft                                                                                                                                                                   ;              ;
;                |asj_fft_bfp_i_fft_121:bfp_scale|                                              ; 66 (66)     ; 32 (32)                   ; 0 (0)         ; 0           ; 0    ; 0          ; 0            ; 0       ; 0         ; 0    ; 0            ; 2 (2)        ; 0 (0)             ; 64 (64)          ; |TransformFilter|fftfilter:u1|fft256:u0|asj_fft_si_sose_so_b_fft_121:asj_fft_si_sose_so_b_fft_121_inst|asj_fft_dft_bfp_sgl_fft_121:\gen_se:bfpdft|asj_fft_bfp_i_fft_121:bfp_scale                                                                                                                                   ;              ;
;                |asj_fft_bfp_o_fft_121:bfp_detect|                                             ; 45 (34)     ; 33 (22)                   ; 0 (0)         ; 0           ; 0    ; 0          ; 0            ; 0       ; 0         ; 0    ; 0            ; 8 (8)        ; 11 (1)            ; 26 (26)          ; |TransformFilter|fftfilter:u1|fft256:u0|asj_fft_si_sose_so_b_fft_121:asj_fft_si_sose_so_b_fft_121_inst|asj_fft_dft_bfp_sgl_fft_121:\gen_se:bfpdft|asj_fft_bfp_o_fft_121:bfp_detect                                                                                                                                  ;              ;
;                   |asj_fft_tdl_bit_fft_121:\gen_blk_float:gen_1_input_bfp_o:delay_next_pass3| ; 3 (3)       ; 3 (3)                     ; 0 (0)         ; 0           ; 0    ; 0          ; 0            ; 0       ; 0         ; 0    ; 0            ; 0 (0)        ; 2 (2)             ; 1 (1)            ; |TransformFilter|fftfilter:u1|fft256:u0|asj_fft_si_sose_so_b_fft_121:asj_fft_si_sose_so_b_fft_121_inst|asj_fft_dft_bfp_sgl_fft_121:\gen_se:bfpdft|asj_fft_bfp_o_fft_121:bfp_detect|asj_fft_tdl_bit_fft_121:\gen_blk_float:gen_1_input_bfp_o:delay_next_pass3                                                        ;              ;
;                   |asj_fft_tdl_bit_fft_121:\gen_blk_float:gen_1_input_bfp_o:delay_next_pass|  ; 8 (8)       ; 8 (8)                     ; 0 (0)         ; 0           ; 0    ; 0          ; 0            ; 0       ; 0         ; 0    ; 0            ; 0 (0)        ; 8 (8)             ; 0 (0)            ; |TransformFilter|fftfilter:u1|fft256:u0|asj_fft_si_sose_so_b_fft_121:asj_fft_si_sose_so_b_fft_121_inst|asj_fft_dft_bfp_sgl_fft_121:\gen_se:bfpdft|asj_fft_bfp_o_fft_121:bfp_detect|asj_fft_tdl_bit_fft_121:\gen_blk_float:gen_1_input_bfp_o:delay_next_pass                                                         ;              ;
;                |asj_fft_cmult_can_fft_121:\gen_da0:gen_canonic:cm1|                           ; 404 (242)   ; 370 (242)                 ; 0 (0)         ; 0           ; 0    ; 0          ; 6            ; 0       ; 3         ; 0    ; 0            ; 34 (0)       ; 204 (108)         ; 166 (134)        ; |TransformFilter|fftfilter:u1|fft256:u0|asj_fft_si_sose_so_b_fft_121:asj_fft_si_sose_so_b_fft_121_inst|asj_fft_dft_bfp_sgl_fft_121:\gen_se:bfpdft|asj_fft_cmult_can_fft_121:\gen_da0:gen_canonic:cm1                                                                                                                ;              ;
;                   |asj_fft_pround_fft_121:\gen_unsc:u0|                                       ; 33 (0)      ; 16 (0)                    ; 0 (0)         ; 0           ; 0    ; 0          ; 0            ; 0       ; 0         ; 0    ; 0            ; 17 (0)       ; 0 (0)             ; 16 (0)           ; |TransformFilter|fftfilter:u1|fft256:u0|asj_fft_si_sose_so_b_fft_121:asj_fft_si_sose_so_b_fft_121_inst|asj_fft_dft_bfp_sgl_fft_121:\gen_se:bfpdft|asj_fft_cmult_can_fft_121:\gen_da0:gen_canonic:cm1|asj_fft_pround_fft_121:\gen_unsc:u0                                                                            ;              ;
;                      |lpm_add_sub:\gbrnd:nev:gp:lpm_add_sub_component|                        ; 33 (0)      ; 16 (0)                    ; 0 (0)         ; 0           ; 0    ; 0          ; 0            ; 0       ; 0         ; 0    ; 0            ; 17 (0)       ; 0 (0)             ; 16 (0)           ; |TransformFilter|fftfilter:u1|fft256:u0|asj_fft_si_sose_so_b_fft_121:asj_fft_si_sose_so_b_fft_121_inst|asj_fft_dft_bfp_sgl_fft_121:\gen_se:bfpdft|asj_fft_cmult_can_fft_121:\gen_da0:gen_canonic:cm1|asj_fft_pround_fft_121:\gen_unsc:u0|lpm_add_sub:\gbrnd:nev:gp:lpm_add_sub_component                            ;              ;
;                         |add_sub_knj:auto_generated|                                          ; 33 (33)     ; 16 (16)                   ; 0 (0)         ; 0           ; 0    ; 0          ; 0            ; 0       ; 0         ; 0    ; 0            ; 17 (17)      ; 0 (0)             ; 16 (16)          ; |TransformFilter|fftfilter:u1|fft256:u0|asj_fft_si_sose_so_b_fft_121:asj_fft_si_sose_so_b_fft_121_inst|asj_fft_dft_bfp_sgl_fft_121:\gen_se:bfpdft|asj_fft_cmult_can_fft_121:\gen_da0:gen_canonic:cm1|asj_fft_pround_fft_121:\gen_unsc:u0|lpm_add_sub:\gbrnd:nev:gp:lpm_add_sub_component|add_sub_knj:auto_generated ;              ;
;                   |asj_fft_pround_fft_121:\gen_unsc:u1|                                       ; 33 (0)      ; 16 (0)                    ; 0 (0)         ; 0           ; 0    ; 0          ; 0            ; 0       ; 0         ; 0    ; 0            ; 17 (0)       ; 0 (0)             ; 16 (0)           ; |TransformFilter|fftfilter:u1|fft256:u0|asj_fft_si_sose_so_b_fft_121:asj_fft_si_sose_so_b_fft_121_inst|asj_fft_dft_bfp_sgl_fft_121:\gen_se:bfpdft|asj_fft_cmult_can_fft_121:\gen_da0:gen_canonic:cm1|asj_fft_pround_fft_121:\gen_unsc:u1                                                                            ;              ;
;                      |lpm_add_sub:\gbrnd:nev:gp:lpm_add_sub_component|                        ; 33 (0)      ; 16 (0)                    ; 0 (0)         ; 0           ; 0    ; 0          ; 0            ; 0       ; 0         ; 0    ; 0            ; 17 (0)       ; 0 (0)             ; 16 (0)           ; |TransformFilter|fftfilter:u1|fft256:u0|asj_fft_si_sose_so_b_fft_121:asj_fft_si_sose_so_b_fft_121_inst|asj_fft_dft_bfp_sgl_fft_121:\gen_se:bfpdft|asj_fft_cmult_can_fft_121:\gen_da0:gen_canonic:cm1|asj_fft_pround_fft_121:\gen_unsc:u1|lpm_add_sub:\gbrnd:nev:gp:lpm_add_sub_component                            ;              ;
;                         |add_sub_knj:auto_generated|                                          ; 33 (33)     ; 16 (16)                   ; 0 (0)         ; 0           ; 0    ; 0          ; 0            ; 0       ; 0         ; 0    ; 0            ; 17 (17)      ; 0 (0)             ; 16 (16)          ; |TransformFilter|fftfilter:u1|fft256:u0|asj_fft_si_sose_so_b_fft_121:asj_fft_si_sose_so_b_fft_121_inst|asj_fft_dft_bfp_sgl_fft_121:\gen_se:bfpdft|asj_fft_cmult_can_fft_121:\gen_da0:gen_canonic:cm1|asj_fft_pround_fft_121:\gen_unsc:u1|lpm_add_sub:\gbrnd:nev:gp:lpm_add_sub_component|add_sub_knj:auto_generated ;              ;
;                   |lpm_mult:\gen_ded_m1:gen_unext_m_a_b_c_d:m_a_b_c_d|                        ; 32 (0)      ; 32 (0)                    ; 0 (0)         ; 0           ; 0    ; 0          ; 2            ; 0       ; 1         ; 0    ; 0            ; 0 (0)        ; 32 (0)            ; 0 (0)            ; |TransformFilter|fftfilter:u1|fft256:u0|asj_fft_si_sose_so_b_fft_121:asj_fft_si_sose_so_b_fft_121_inst|asj_fft_dft_bfp_sgl_fft_121:\gen_se:bfpdft|asj_fft_cmult_can_fft_121:\gen_da0:gen_canonic:cm1|lpm_mult:\gen_ded_m1:gen_unext_m_a_b_c_d:m_a_b_c_d                                                             ;              ;
;                      |mult_9t01:auto_generated|                                               ; 32 (32)     ; 32 (32)                   ; 0 (0)         ; 0           ; 0    ; 0          ; 2            ; 0       ; 1         ; 0    ; 0            ; 0 (0)        ; 32 (32)           ; 0 (0)            ; |TransformFilter|fftfilter:u1|fft256:u0|asj_fft_si_sose_so_b_fft_121:asj_fft_si_sose_so_b_fft_121_inst|asj_fft_dft_bfp_sgl_fft_121:\gen_se:bfpdft|asj_fft_cmult_can_fft_121:\gen_da0:gen_canonic:cm1|lpm_mult:\gen_ded_m1:gen_unext_m_a_b_c_d:m_a_b_c_d|mult_9t01:auto_generated                                    ;              ;
;                   |lpm_mult:\gen_ded_m1:gen_unext_m_ac:m_ac|                                  ; 32 (0)      ; 32 (0)                    ; 0 (0)         ; 0           ; 0    ; 0          ; 2            ; 0       ; 1         ; 0    ; 0            ; 0 (0)        ; 32 (0)            ; 0 (0)            ; |TransformFilter|fftfilter:u1|fft256:u0|asj_fft_si_sose_so_b_fft_121:asj_fft_si_sose_so_b_fft_121_inst|asj_fft_dft_bfp_sgl_fft_121:\gen_se:bfpdft|asj_fft_cmult_can_fft_121:\gen_da0:gen_canonic:cm1|lpm_mult:\gen_ded_m1:gen_unext_m_ac:m_ac                                                                       ;              ;
;                      |mult_5t01:auto_generated|                                               ; 32 (32)     ; 32 (32)                   ; 0 (0)         ; 0           ; 0    ; 0          ; 2            ; 0       ; 1         ; 0    ; 0            ; 0 (0)        ; 32 (32)           ; 0 (0)            ; |TransformFilter|fftfilter:u1|fft256:u0|asj_fft_si_sose_so_b_fft_121:asj_fft_si_sose_so_b_fft_121_inst|asj_fft_dft_bfp_sgl_fft_121:\gen_se:bfpdft|asj_fft_cmult_can_fft_121:\gen_da0:gen_canonic:cm1|lpm_mult:\gen_ded_m1:gen_unext_m_ac:m_ac|mult_5t01:auto_generated                                              ;              ;
;                   |lpm_mult:\gen_ded_m1:gen_unext_m_bd:m_bd|                                  ; 32 (0)      ; 32 (0)                    ; 0 (0)         ; 0           ; 0    ; 0          ; 2            ; 0       ; 1         ; 0    ; 0            ; 0 (0)        ; 32 (0)            ; 0 (0)            ; |TransformFilter|fftfilter:u1|fft256:u0|asj_fft_si_sose_so_b_fft_121:asj_fft_si_sose_so_b_fft_121_inst|asj_fft_dft_bfp_sgl_fft_121:\gen_se:bfpdft|asj_fft_cmult_can_fft_121:\gen_da0:gen_canonic:cm1|lpm_mult:\gen_ded_m1:gen_unext_m_bd:m_bd                                                                       ;              ;
;                      |mult_5t01:auto_generated|                                               ; 32 (32)     ; 32 (32)                   ; 0 (0)         ; 0           ; 0    ; 0          ; 2            ; 0       ; 1         ; 0    ; 0            ; 0 (0)        ; 32 (32)           ; 0 (0)            ; |TransformFilter|fftfilter:u1|fft256:u0|asj_fft_si_sose_so_b_fft_121:asj_fft_si_sose_so_b_fft_121_inst|asj_fft_dft_bfp_sgl_fft_121:\gen_se:bfpdft|asj_fft_cmult_can_fft_121:\gen_da0:gen_canonic:cm1|lpm_mult:\gen_ded_m1:gen_unext_m_bd:m_bd|mult_5t01:auto_generated                                              ;              ;
;                |asj_fft_pround_fft_121:\gen_full_rnd:u0|                                      ; 19 (0)      ; 16 (0)                    ; 0 (0)         ; 0           ; 0    ; 0          ; 0            ; 0       ; 0         ; 0    ; 0            ; 3 (0)        ; 0 (0)             ; 16 (0)           ; |TransformFilter|fftfilter:u1|fft256:u0|asj_fft_si_sose_so_b_fft_121:asj_fft_si_sose_so_b_fft_121_inst|asj_fft_dft_bfp_sgl_fft_121:\gen_se:bfpdft|asj_fft_pround_fft_121:\gen_full_rnd:u0                                                                                                                           ;              ;
;                   |lpm_add_sub:\gbrnd:nev:gp:lpm_add_sub_component|                           ; 19 (0)      ; 16 (0)                    ; 0 (0)         ; 0           ; 0    ; 0          ; 0            ; 0       ; 0         ; 0    ; 0            ; 3 (0)        ; 0 (0)             ; 16 (0)           ; |TransformFilter|fftfilter:u1|fft256:u0|asj_fft_si_sose_so_b_fft_121:asj_fft_si_sose_so_b_fft_121_inst|asj_fft_dft_bfp_sgl_fft_121:\gen_se:bfpdft|asj_fft_pround_fft_121:\gen_full_rnd:u0|lpm_add_sub:\gbrnd:nev:gp:lpm_add_sub_component                                                                           ;              ;
;                      |add_sub_onj:auto_generated|                                             ; 19 (19)     ; 16 (16)                   ; 0 (0)         ; 0           ; 0    ; 0          ; 0            ; 0       ; 0         ; 0    ; 0            ; 3 (3)        ; 0 (0)             ; 16 (16)          ; |TransformFilter|fftfilter:u1|fft256:u0|asj_fft_si_sose_so_b_fft_121:asj_fft_si_sose_so_b_fft_121_inst|asj_fft_dft_bfp_sgl_fft_121:\gen_se:bfpdft|asj_fft_pround_fft_121:\gen_full_rnd:u0|lpm_add_sub:\gbrnd:nev:gp:lpm_add_sub_component|add_sub_onj:auto_generated                                                ;              ;
;                |asj_fft_pround_fft_121:\gen_full_rnd:u1|                                      ; 19 (0)      ; 16 (0)                    ; 0 (0)         ; 0           ; 0    ; 0          ; 0            ; 0       ; 0         ; 0    ; 0            ; 3 (0)        ; 0 (0)             ; 16 (0)           ; |TransformFilter|fftfilter:u1|fft256:u0|asj_fft_si_sose_so_b_fft_121:asj_fft_si_sose_so_b_fft_121_inst|asj_fft_dft_bfp_sgl_fft_121:\gen_se:bfpdft|asj_fft_pround_fft_121:\gen_full_rnd:u1                                                                                                                           ;              ;
;                   |lpm_add_sub:\gbrnd:nev:gp:lpm_add_sub_component|                           ; 19 (0)      ; 16 (0)                    ; 0 (0)         ; 0           ; 0    ; 0          ; 0            ; 0       ; 0         ; 0    ; 0            ; 3 (0)        ; 0 (0)             ; 16 (0)           ; |TransformFilter|fftfilter:u1|fft256:u0|asj_fft_si_sose_so_b_fft_121:asj_fft_si_sose_so_b_fft_121_inst|asj_fft_dft_bfp_sgl_fft_121:\gen_se:bfpdft|asj_fft_pround_fft_121:\gen_full_rnd:u1|lpm_add_sub:\gbrnd:nev:gp:lpm_add_sub_component                                                                           ;              ;
;                      |add_sub_onj:auto_generated|                                             ; 19 (19)     ; 16 (16)                   ; 0 (0)         ; 0           ; 0    ; 0          ; 0            ; 0       ; 0         ; 0    ; 0            ; 3 (3)        ; 0 (0)             ; 16 (16)          ; |TransformFilter|fftfilter:u1|fft256:u0|asj_fft_si_sose_so_b_fft_121:asj_fft_si_sose_so_b_fft_121_inst|asj_fft_dft_bfp_sgl_fft_121:\gen_se:bfpdft|asj_fft_pround_fft_121:\gen_full_rnd:u1|lpm_add_sub:\gbrnd:nev:gp:lpm_add_sub_component|add_sub_onj:auto_generated                                                ;              ;
;             |asj_fft_in_write_sgl_fft_121:writer|                                             ; 63 (63)     ; 60 (60)                   ; 0 (0)         ; 0           ; 0    ; 0          ; 0            ; 0       ; 0         ; 0    ; 0            ; 3 (3)        ; 0 (0)             ; 60 (60)          ; |TransformFilter|fftfilter:u1|fft256:u0|asj_fft_si_sose_so_b_fft_121:asj_fft_si_sose_so_b_fft_121_inst|asj_fft_in_write_sgl_fft_121:writer                                                                                                                                                                          ;              ;
;             |asj_fft_m_k_counter_fft_121:ctrl|                                                ; 44 (44)     ; 32 (32)                   ; 0 (0)         ; 0           ; 0    ; 0          ; 0            ; 0       ; 0         ; 0    ; 0            ; 12 (12)      ; 1 (1)             ; 31 (31)          ; |TransformFilter|fftfilter:u1|fft256:u0|asj_fft_si_sose_so_b_fft_121:asj_fft_si_sose_so_b_fft_121_inst|asj_fft_m_k_counter_fft_121:ctrl                                                                                                                                                                             ;              ;
;             |asj_fft_tdl_bit_fft_121:\no_del_input_blk:delay_next_block|                      ; 1 (1)       ; 1 (1)                     ; 0 (0)         ; 0           ; 0    ; 0          ; 0            ; 0       ; 0         ; 0    ; 0            ; 0 (0)        ; 1 (1)             ; 0 (0)            ; |TransformFilter|fftfilter:u1|fft256:u0|asj_fft_si_sose_so_b_fft_121:asj_fft_si_sose_so_b_fft_121_inst|asj_fft_tdl_bit_fft_121:\no_del_input_blk:delay_next_block                                                                                                                                                   ;              ;
;             |asj_fft_tdl_bit_rst_fft_121:delay_swd|                                           ; 10 (10)     ; 10 (10)                   ; 0 (0)         ; 0           ; 0    ; 0          ; 0            ; 0       ; 0         ; 0    ; 0            ; 0 (0)        ; 0 (0)             ; 10 (10)          ; |TransformFilter|fftfilter:u1|fft256:u0|asj_fft_si_sose_so_b_fft_121:asj_fft_si_sose_so_b_fft_121_inst|asj_fft_tdl_bit_rst_fft_121:delay_swd                                                                                                                                                                        ;              ;
;             |asj_fft_twadsogen_q_fft_121:\gen_se:gen_new:twid_factors|                        ; 57 (57)     ; 34 (34)                   ; 0 (0)         ; 0           ; 0    ; 0          ; 0            ; 0       ; 0         ; 0    ; 0            ; 23 (23)      ; 2 (2)             ; 32 (32)          ; |TransformFilter|fftfilter:u1|fft256:u0|asj_fft_si_sose_so_b_fft_121:asj_fft_si_sose_so_b_fft_121_inst|asj_fft_twadsogen_q_fft_121:\gen_se:gen_new:twid_factors                                                                                                                                                     ;              ;
;             |asj_fft_unbburst_sose_ctrl_fft_121:ccc|                                          ; 80 (80)     ; 80 (80)                   ; 0 (0)         ; 0           ; 0    ; 0          ; 0            ; 0       ; 0         ; 0    ; 0            ; 0 (0)        ; 8 (8)             ; 72 (72)          ; |TransformFilter|fftfilter:u1|fft256:u0|asj_fft_si_sose_so_b_fft_121:asj_fft_si_sose_so_b_fft_121_inst|asj_fft_unbburst_sose_ctrl_fft_121:ccc                                                                                                                                                                       ;              ;
;             |auk_dspip_avalon_streaming_controller_fft_121:auk_dsp_interface_controller_1|    ; 6 (6)       ; 4 (4)                     ; 0 (0)         ; 0           ; 0    ; 0          ; 0            ; 0       ; 0         ; 0    ; 0            ; 1 (1)        ; 2 (2)             ; 3 (3)            ; |TransformFilter|fftfilter:u1|fft256:u0|asj_fft_si_sose_so_b_fft_121:asj_fft_si_sose_so_b_fft_121_inst|auk_dspip_avalon_streaming_controller_fft_121:auk_dsp_interface_controller_1                                                                                                                                 ;              ;
;             |auk_dspip_avalon_streaming_sink_fft_121:auk_dsp_atlantic_sink_1|                 ; 100 (79)    ; 63 (47)                   ; 0 (0)         ; 256         ; 1    ; 0          ; 0            ; 0       ; 0         ; 0    ; 0            ; 37 (32)      ; 16 (16)           ; 47 (31)          ; |TransformFilter|fftfilter:u1|fft256:u0|asj_fft_si_sose_so_b_fft_121:asj_fft_si_sose_so_b_fft_121_inst|auk_dspip_avalon_streaming_sink_fft_121:auk_dsp_atlantic_sink_1                                                                                                                                              ;              ;
;                |scfifo:\normal_fifo:fifo_eab_on:in_fifo|                                      ; 21 (0)      ; 16 (0)                    ; 0 (0)         ; 256         ; 1    ; 0          ; 0            ; 0       ; 0         ; 0    ; 0            ; 5 (0)        ; 0 (0)             ; 16 (0)           ; |TransformFilter|fftfilter:u1|fft256:u0|asj_fft_si_sose_so_b_fft_121:asj_fft_si_sose_so_b_fft_121_inst|auk_dspip_avalon_streaming_sink_fft_121:auk_dsp_atlantic_sink_1|scfifo:\normal_fifo:fifo_eab_on:in_fifo                                                                                                      ;              ;
;                   |scfifo_udh1:auto_generated|                                                ; 21 (2)      ; 16 (1)                    ; 0 (0)         ; 256         ; 1    ; 0          ; 0            ; 0       ; 0         ; 0    ; 0            ; 5 (1)        ; 0 (0)             ; 16 (1)           ; |TransformFilter|fftfilter:u1|fft256:u0|asj_fft_si_sose_so_b_fft_121:asj_fft_si_sose_so_b_fft_121_inst|auk_dspip_avalon_streaming_sink_fft_121:auk_dsp_atlantic_sink_1|scfifo:\normal_fifo:fifo_eab_on:in_fifo|scfifo_udh1:auto_generated                                                                           ;              ;
;                      |a_dpfifo_no81:dpfifo|                                                   ; 19 (11)     ; 15 (7)                    ; 0 (0)         ; 256         ; 1    ; 0          ; 0            ; 0       ; 0         ; 0    ; 0            ; 4 (4)        ; 0 (0)             ; 15 (7)           ; |TransformFilter|fftfilter:u1|fft256:u0|asj_fft_si_sose_so_b_fft_121:asj_fft_si_sose_so_b_fft_121_inst|auk_dspip_avalon_streaming_sink_fft_121:auk_dsp_atlantic_sink_1|scfifo:\normal_fifo:fifo_eab_on:in_fifo|scfifo_udh1:auto_generated|a_dpfifo_no81:dpfifo                                                      ;              ;
;                         |altsyncram_ssf1:FIFOram|                                             ; 0 (0)       ; 0 (0)                     ; 0 (0)         ; 256         ; 1    ; 0          ; 0            ; 0       ; 0         ; 0    ; 0            ; 0 (0)        ; 0 (0)             ; 0 (0)            ; |TransformFilter|fftfilter:u1|fft256:u0|asj_fft_si_sose_so_b_fft_121:asj_fft_si_sose_so_b_fft_121_inst|auk_dspip_avalon_streaming_sink_fft_121:auk_dsp_atlantic_sink_1|scfifo:\normal_fifo:fifo_eab_on:in_fifo|scfifo_udh1:auto_generated|a_dpfifo_no81:dpfifo|altsyncram_ssf1:FIFOram                              ;              ;
;                         |cntr_ao7:usedw_counter|                                              ; 3 (3)       ; 3 (3)                     ; 0 (0)         ; 0           ; 0    ; 0          ; 0            ; 0       ; 0         ; 0    ; 0            ; 0 (0)        ; 0 (0)             ; 3 (3)            ; |TransformFilter|fftfilter:u1|fft256:u0|asj_fft_si_sose_so_b_fft_121:asj_fft_si_sose_so_b_fft_121_inst|auk_dspip_avalon_streaming_sink_fft_121:auk_dsp_atlantic_sink_1|scfifo:\normal_fifo:fifo_eab_on:in_fifo|scfifo_udh1:auto_generated|a_dpfifo_no81:dpfifo|cntr_ao7:usedw_counter                               ;              ;
;                         |cntr_tnb:rd_ptr_msb|                                                 ; 2 (2)       ; 2 (2)                     ; 0 (0)         ; 0           ; 0    ; 0          ; 0            ; 0       ; 0         ; 0    ; 0            ; 0 (0)        ; 0 (0)             ; 2 (2)            ; |TransformFilter|fftfilter:u1|fft256:u0|asj_fft_si_sose_so_b_fft_121:asj_fft_si_sose_so_b_fft_121_inst|auk_dspip_avalon_streaming_sink_fft_121:auk_dsp_atlantic_sink_1|scfifo:\normal_fifo:fifo_eab_on:in_fifo|scfifo_udh1:auto_generated|a_dpfifo_no81:dpfifo|cntr_tnb:rd_ptr_msb                                  ;              ;
;                         |cntr_unb:wr_ptr|                                                     ; 3 (3)       ; 3 (3)                     ; 0 (0)         ; 0           ; 0    ; 0          ; 0            ; 0       ; 0         ; 0    ; 0            ; 0 (0)        ; 0 (0)             ; 3 (3)            ; |TransformFilter|fftfilter:u1|fft256:u0|asj_fft_si_sose_so_b_fft_121:asj_fft_si_sose_so_b_fft_121_inst|auk_dspip_avalon_streaming_sink_fft_121:auk_dsp_atlantic_sink_1|scfifo:\normal_fifo:fifo_eab_on:in_fifo|scfifo_udh1:auto_generated|a_dpfifo_no81:dpfifo|cntr_unb:wr_ptr                                      ;              ;
;             |auk_dspip_avalon_streaming_source_fft_121:auk_dsp_atlantic_source_1|             ; 90 (90)     ; 80 (80)                   ; 0 (0)         ; 0           ; 0    ; 0          ; 0            ; 0       ; 0         ; 0    ; 0            ; 10 (10)      ; 68 (68)           ; 12 (12)          ; |TransformFilter|fftfilter:u1|fft256:u0|asj_fft_si_sose_so_b_fft_121:asj_fft_si_sose_so_b_fft_121_inst|auk_dspip_avalon_streaming_source_fft_121:auk_dsp_atlantic_source_1                                                                                                                                          ;              ;
;       |mult12_12:u1|                                                                          ; 0 (0)       ; 0 (0)                     ; 0 (0)         ; 0           ; 0    ; 0          ; 2            ; 0       ; 1         ; 0    ; 0            ; 0 (0)        ; 0 (0)             ; 0 (0)            ; |TransformFilter|fftfilter:u1|mult12_12:u1                                                                                                                                                                                                                                                                          ;              ;
;          |lpm_mult:lpm_mult_component|                                                        ; 0 (0)       ; 0 (0)                     ; 0 (0)         ; 0           ; 0    ; 0          ; 2            ; 0       ; 1         ; 0    ; 0            ; 0 (0)        ; 0 (0)             ; 0 (0)            ; |TransformFilter|fftfilter:u1|mult12_12:u1|lpm_mult:lpm_mult_component                                                                                                                                                                                                                                              ;              ;
;             |mult_76p:auto_generated|                                                         ; 0 (0)       ; 0 (0)                     ; 0 (0)         ; 0           ; 0    ; 0          ; 2            ; 0       ; 1         ; 0    ; 0            ; 0 (0)        ; 0 (0)             ; 0 (0)            ; |TransformFilter|fftfilter:u1|mult12_12:u1|lpm_mult:lpm_mult_component|mult_76p:auto_generated                                                                                                                                                                                                                      ;              ;
;       |mult12_12:u2|                                                                          ; 0 (0)       ; 0 (0)                     ; 0 (0)         ; 0           ; 0    ; 0          ; 2            ; 0       ; 1         ; 0    ; 0            ; 0 (0)        ; 0 (0)             ; 0 (0)            ; |TransformFilter|fftfilter:u1|mult12_12:u2                                                                                                                                                                                                                                                                          ;              ;
;          |lpm_mult:lpm_mult_component|                                                        ; 0 (0)       ; 0 (0)                     ; 0 (0)         ; 0           ; 0    ; 0          ; 2            ; 0       ; 1         ; 0    ; 0            ; 0 (0)        ; 0 (0)             ; 0 (0)            ; |TransformFilter|fftfilter:u1|mult12_12:u2|lpm_mult:lpm_mult_component                                                                                                                                                                                                                                              ;              ;
;             |mult_76p:auto_generated|                                                         ; 0 (0)       ; 0 (0)                     ; 0 (0)         ; 0           ; 0    ; 0          ; 2            ; 0       ; 1         ; 0    ; 0            ; 0 (0)        ; 0 (0)             ; 0 (0)            ; |TransformFilter|fftfilter:u1|mult12_12:u2|lpm_mult:lpm_mult_component|mult_76p:auto_generated                                                                                                                                                                                                                      ;              ;
;       |mult12_12:u5|                                                                          ; 0 (0)       ; 0 (0)                     ; 0 (0)         ; 0           ; 0    ; 0          ; 2            ; 0       ; 1         ; 0    ; 0            ; 0 (0)        ; 0 (0)             ; 0 (0)            ; |TransformFilter|fftfilter:u1|mult12_12:u5                                                                                                                                                                                                                                                                          ;              ;
;          |lpm_mult:lpm_mult_component|                                                        ; 0 (0)       ; 0 (0)                     ; 0 (0)         ; 0           ; 0    ; 0          ; 2            ; 0       ; 1         ; 0    ; 0            ; 0 (0)        ; 0 (0)             ; 0 (0)            ; |TransformFilter|fftfilter:u1|mult12_12:u5|lpm_mult:lpm_mult_component                                                                                                                                                                                                                                              ;              ;
;             |mult_76p:auto_generated|                                                         ; 0 (0)       ; 0 (0)                     ; 0 (0)         ; 0           ; 0    ; 0          ; 2            ; 0       ; 1         ; 0    ; 0            ; 0 (0)        ; 0 (0)             ; 0 (0)            ; |TransformFilter|fftfilter:u1|mult12_12:u5|lpm_mult:lpm_mult_component|mult_76p:auto_generated                                                                                                                                                                                                                      ;              ;
;       |mult12_12:u6|                                                                          ; 0 (0)       ; 0 (0)                     ; 0 (0)         ; 0           ; 0    ; 0          ; 2            ; 0       ; 1         ; 0    ; 0            ; 0 (0)        ; 0 (0)             ; 0 (0)            ; |TransformFilter|fftfilter:u1|mult12_12:u6                                                                                                                                                                                                                                                                          ;              ;
;          |lpm_mult:lpm_mult_component|                                                        ; 0 (0)       ; 0 (0)                     ; 0 (0)         ; 0           ; 0    ; 0          ; 2            ; 0       ; 1         ; 0    ; 0            ; 0 (0)        ; 0 (0)             ; 0 (0)            ; |TransformFilter|fftfilter:u1|mult12_12:u6|lpm_mult:lpm_mult_component                                                                                                                                                                                                                                              ;              ;
;             |mult_76p:auto_generated|                                                         ; 0 (0)       ; 0 (0)                     ; 0 (0)         ; 0           ; 0    ; 0          ; 2            ; 0       ; 1         ; 0    ; 0            ; 0 (0)        ; 0 (0)             ; 0 (0)            ; |TransformFilter|fftfilter:u1|mult12_12:u6|lpm_mult:lpm_mult_component|mult_76p:auto_generated                                                                                                                                                                                                                      ;              ;
;       |shifter16_256:u3|                                                                      ; 12 (0)      ; 8 (0)                     ; 0 (0)         ; 4064        ; 1    ; 0          ; 0            ; 0       ; 0         ; 0    ; 0            ; 4 (0)        ; 0 (0)             ; 8 (0)            ; |TransformFilter|fftfilter:u1|shifter16_256:u3                                                                                                                                                                                                                                                                      ;              ;
;          |altshift_taps:ALTSHIFT_TAPS_component|                                              ; 12 (0)      ; 8 (0)                     ; 0 (0)         ; 4064        ; 1    ; 0          ; 0            ; 0       ; 0         ; 0    ; 0            ; 4 (0)        ; 0 (0)             ; 8 (0)            ; |TransformFilter|fftfilter:u1|shifter16_256:u3|altshift_taps:ALTSHIFT_TAPS_component                                                                                                                                                                                                                                ;              ;
;             |shift_taps_bbv:auto_generated|                                                   ; 12 (0)      ; 8 (0)                     ; 0 (0)         ; 4064        ; 1    ; 0          ; 0            ; 0       ; 0         ; 0    ; 0            ; 4 (0)        ; 0 (0)             ; 8 (0)            ; |TransformFilter|fftfilter:u1|shifter16_256:u3|altshift_taps:ALTSHIFT_TAPS_component|shift_taps_bbv:auto_generated                                                                                                                                                                                                  ;              ;
;                |altsyncram_rga1:altsyncram2|                                                  ; 0 (0)       ; 0 (0)                     ; 0 (0)         ; 4064        ; 1    ; 0          ; 0            ; 0       ; 0         ; 0    ; 0            ; 0 (0)        ; 0 (0)             ; 0 (0)            ; |TransformFilter|fftfilter:u1|shifter16_256:u3|altshift_taps:ALTSHIFT_TAPS_component|shift_taps_bbv:auto_generated|altsyncram_rga1:altsyncram2                                                                                                                                                                      ;              ;
;                |cntr_ksf:cntr1|                                                               ; 12 (10)     ; 8 (8)                     ; 0 (0)         ; 0           ; 0    ; 0          ; 0            ; 0       ; 0         ; 0    ; 0            ; 4 (2)        ; 0 (0)             ; 8 (8)            ; |TransformFilter|fftfilter:u1|shifter16_256:u3|altshift_taps:ALTSHIFT_TAPS_component|shift_taps_bbv:auto_generated|cntr_ksf:cntr1                                                                                                                                                                                   ;              ;
;                   |cmpr_ugc:cmpr4|                                                            ; 2 (2)       ; 0 (0)                     ; 0 (0)         ; 0           ; 0    ; 0          ; 0            ; 0       ; 0         ; 0    ; 0            ; 2 (2)        ; 0 (0)             ; 0 (0)            ; |TransformFilter|fftfilter:u1|shifter16_256:u3|altshift_taps:ALTSHIFT_TAPS_component|shift_taps_bbv:auto_generated|cntr_ksf:cntr1|cmpr_ugc:cmpr4                                                                                                                                                                    ;              ;
;       |shifter16_256:u4|                                                                      ; 12 (0)      ; 8 (0)                     ; 0 (0)         ; 4064        ; 1    ; 0          ; 0            ; 0       ; 0         ; 0    ; 0            ; 4 (0)        ; 0 (0)             ; 8 (0)            ; |TransformFilter|fftfilter:u1|shifter16_256:u4                                                                                                                                                                                                                                                                      ;              ;
;          |altshift_taps:ALTSHIFT_TAPS_component|                                              ; 12 (0)      ; 8 (0)                     ; 0 (0)         ; 4064        ; 1    ; 0          ; 0            ; 0       ; 0         ; 0    ; 0            ; 4 (0)        ; 0 (0)             ; 8 (0)            ; |TransformFilter|fftfilter:u1|shifter16_256:u4|altshift_taps:ALTSHIFT_TAPS_component                                                                                                                                                                                                                                ;              ;
;             |shift_taps_bbv:auto_generated|                                                   ; 12 (0)      ; 8 (0)                     ; 0 (0)         ; 4064        ; 1    ; 0          ; 0            ; 0       ; 0         ; 0    ; 0            ; 4 (0)        ; 0 (0)             ; 8 (0)            ; |TransformFilter|fftfilter:u1|shifter16_256:u4|altshift_taps:ALTSHIFT_TAPS_component|shift_taps_bbv:auto_generated                                                                                                                                                                                                  ;              ;
;                |altsyncram_rga1:altsyncram2|                                                  ; 0 (0)       ; 0 (0)                     ; 0 (0)         ; 4064        ; 1    ; 0          ; 0            ; 0       ; 0         ; 0    ; 0            ; 0 (0)        ; 0 (0)             ; 0 (0)            ; |TransformFilter|fftfilter:u1|shifter16_256:u4|altshift_taps:ALTSHIFT_TAPS_component|shift_taps_bbv:auto_generated|altsyncram_rga1:altsyncram2                                                                                                                                                                      ;              ;
;                |cntr_ksf:cntr1|                                                               ; 12 (10)     ; 8 (8)                     ; 0 (0)         ; 0           ; 0    ; 0          ; 0            ; 0       ; 0         ; 0    ; 0            ; 4 (2)        ; 0 (0)             ; 8 (8)            ; |TransformFilter|fftfilter:u1|shifter16_256:u4|altshift_taps:ALTSHIFT_TAPS_component|shift_taps_bbv:auto_generated|cntr_ksf:cntr1                                                                                                                                                                                   ;              ;
;                   |cmpr_ugc:cmpr4|                                                            ; 2 (2)       ; 0 (0)                     ; 0 (0)         ; 0           ; 0    ; 0          ; 0            ; 0       ; 0         ; 0    ; 0            ; 2 (2)        ; 0 (0)             ; 0 (0)            ; |TransformFilter|fftfilter:u1|shifter16_256:u4|altshift_taps:ALTSHIFT_TAPS_component|shift_taps_bbv:auto_generated|cntr_ksf:cntr1|cmpr_ugc:cmpr4                                                                                                                                                                    ;              ;
;    |ifftout:u2|                                                                               ; 1890 (57)   ; 1544 (37)                 ; 0 (0)         ; 17664       ; 5    ; 0          ; 6            ; 0       ; 3         ; 0    ; 0            ; 346 (20)     ; 435 (0)           ; 1109 (37)        ; |TransformFilter|ifftout:u2                                                                                                                                                                                                                                                                                         ;              ;
;       |dram16_256:u1|                                                                         ; 0 (0)       ; 0 (0)                     ; 0 (0)         ; 4096        ; 1    ; 0          ; 0            ; 0       ; 0         ; 0    ; 0            ; 0 (0)        ; 0 (0)             ; 0 (0)            ; |TransformFilter|ifftout:u2|dram16_256:u1                                                                                                                                                                                                                                                                           ;              ;
;          |altsyncram:altsyncram_component|                                                    ; 0 (0)       ; 0 (0)                     ; 0 (0)         ; 4096        ; 1    ; 0          ; 0            ; 0       ; 0         ; 0    ; 0            ; 0 (0)        ; 0 (0)             ; 0 (0)            ; |TransformFilter|ifftout:u2|dram16_256:u1|altsyncram:altsyncram_component                                                                                                                                                                                                                                           ;              ;
;             |altsyncram_09k1:auto_generated|                                                  ; 0 (0)       ; 0 (0)                     ; 0 (0)         ; 4096        ; 1    ; 0          ; 0            ; 0       ; 0         ; 0    ; 0            ; 0 (0)        ; 0 (0)             ; 0 (0)            ; |TransformFilter|ifftout:u2|dram16_256:u1|altsyncram:altsyncram_component|altsyncram_09k1:auto_generated                                                                                                                                                                                                            ;              ;
;       |dram16_256:u2|                                                                         ; 0 (0)       ; 0 (0)                     ; 0 (0)         ; 4096        ; 1    ; 0          ; 0            ; 0       ; 0         ; 0    ; 0            ; 0 (0)        ; 0 (0)             ; 0 (0)            ; |TransformFilter|ifftout:u2|dram16_256:u2                                                                                                                                                                                                                                                                           ;              ;
;          |altsyncram:altsyncram_component|                                                    ; 0 (0)       ; 0 (0)                     ; 0 (0)         ; 4096        ; 1    ; 0          ; 0            ; 0       ; 0         ; 0    ; 0            ; 0 (0)        ; 0 (0)             ; 0 (0)            ; |TransformFilter|ifftout:u2|dram16_256:u2|altsyncram:altsyncram_component                                                                                                                                                                                                                                           ;              ;
;             |altsyncram_09k1:auto_generated|                                                  ; 0 (0)       ; 0 (0)                     ; 0 (0)         ; 4096        ; 1    ; 0          ; 0            ; 0       ; 0         ; 0    ; 0            ; 0 (0)        ; 0 (0)             ; 0 (0)            ; |TransformFilter|ifftout:u2|dram16_256:u2|altsyncram:altsyncram_component|altsyncram_09k1:auto_generated                                                                                                                                                                                                            ;              ;
;       |fft256:u0|                                                                             ; 1833 (0)    ; 1507 (0)                  ; 0 (0)         ; 9472        ; 3    ; 0          ; 6            ; 0       ; 3         ; 0    ; 0            ; 326 (0)      ; 435 (0)           ; 1072 (0)         ; |TransformFilter|ifftout:u2|fft256:u0                                                                                                                                                                                                                                                                               ;              ;
;          |asj_fft_si_sose_so_b_fft_121:asj_fft_si_sose_so_b_fft_121_inst|                     ; 1833 (363)  ; 1507 (275)                ; 0 (0)         ; 9472        ; 3    ; 0          ; 6            ; 0       ; 3         ; 0    ; 0            ; 326 (88)     ; 435 (11)          ; 1072 (265)       ; |TransformFilter|ifftout:u2|fft256:u0|asj_fft_si_sose_so_b_fft_121:asj_fft_si_sose_so_b_fft_121_inst                                                                                                                                                                                                                ;              ;
;             |asj_fft_1dp_ram_fft_121:\gen_1_ram:gen_M4K:dat_A|                                ; 0 (0)       ; 0 (0)                     ; 0 (0)         ; 8192        ; 1    ; 0          ; 0            ; 0       ; 0         ; 0    ; 0            ; 0 (0)        ; 0 (0)             ; 0 (0)            ; |TransformFilter|ifftout:u2|fft256:u0|asj_fft_si_sose_so_b_fft_121:asj_fft_si_sose_so_b_fft_121_inst|asj_fft_1dp_ram_fft_121:\gen_1_ram:gen_M4K:dat_A                                                                                                                                                               ;              ;
;                |asj_fft_data_ram_fft_121:dat_A|                                               ; 0 (0)       ; 0 (0)                     ; 0 (0)         ; 8192        ; 1    ; 0          ; 0            ; 0       ; 0         ; 0    ; 0            ; 0 (0)        ; 0 (0)             ; 0 (0)            ; |TransformFilter|ifftout:u2|fft256:u0|asj_fft_si_sose_so_b_fft_121:asj_fft_si_sose_so_b_fft_121_inst|asj_fft_1dp_ram_fft_121:\gen_1_ram:gen_M4K:dat_A|asj_fft_data_ram_fft_121:dat_A                                                                                                                                ;              ;
;                   |altsyncram:\gen_M4K:altsyncram_component|                                  ; 0 (0)       ; 0 (0)                     ; 0 (0)         ; 8192        ; 1    ; 0          ; 0            ; 0       ; 0         ; 0    ; 0            ; 0 (0)        ; 0 (0)             ; 0 (0)            ; |TransformFilter|ifftout:u2|fft256:u0|asj_fft_si_sose_so_b_fft_121:asj_fft_si_sose_so_b_fft_121_inst|asj_fft_1dp_ram_fft_121:\gen_1_ram:gen_M4K:dat_A|asj_fft_data_ram_fft_121:dat_A|altsyncram:\gen_M4K:altsyncram_component                                                                                       ;              ;
;                      |altsyncram_21t3:auto_generated|                                         ; 0 (0)       ; 0 (0)                     ; 0 (0)         ; 8192        ; 1    ; 0          ; 0            ; 0       ; 0         ; 0    ; 0            ; 0 (0)        ; 0 (0)             ; 0 (0)            ; |TransformFilter|ifftout:u2|fft256:u0|asj_fft_si_sose_so_b_fft_121:asj_fft_si_sose_so_b_fft_121_inst|asj_fft_1dp_ram_fft_121:\gen_1_ram:gen_M4K:dat_A|asj_fft_data_ram_fft_121:dat_A|altsyncram:\gen_M4K:altsyncram_component|altsyncram_21t3:auto_generated                                                        ;              ;
;             |asj_fft_1tdp_rom_fft_121:\gen_se:gen_new:twrom|                                  ; 0 (0)       ; 0 (0)                     ; 0 (0)         ; 1024        ; 1    ; 0          ; 0            ; 0       ; 0         ; 0    ; 0            ; 0 (0)        ; 0 (0)             ; 0 (0)            ; |TransformFilter|ifftout:u2|fft256:u0|asj_fft_si_sose_so_b_fft_121:asj_fft_si_sose_so_b_fft_121_inst|asj_fft_1tdp_rom_fft_121:\gen_se:gen_new:twrom                                                                                                                                                                 ;              ;
;                |asj_fft_twid_rom_tdp_fft_121:\gen_auto:sin_1n|                                ; 0 (0)       ; 0 (0)                     ; 0 (0)         ; 1024        ; 1    ; 0          ; 0            ; 0       ; 0         ; 0    ; 0            ; 0 (0)        ; 0 (0)             ; 0 (0)            ; |TransformFilter|ifftout:u2|fft256:u0|asj_fft_si_sose_so_b_fft_121:asj_fft_si_sose_so_b_fft_121_inst|asj_fft_1tdp_rom_fft_121:\gen_se:gen_new:twrom|asj_fft_twid_rom_tdp_fft_121:\gen_auto:sin_1n                                                                                                                   ;              ;
;                   |altsyncram:altsyncram_component|                                           ; 0 (0)       ; 0 (0)                     ; 0 (0)         ; 1024        ; 1    ; 0          ; 0            ; 0       ; 0         ; 0    ; 0            ; 0 (0)        ; 0 (0)             ; 0 (0)            ; |TransformFilter|ifftout:u2|fft256:u0|asj_fft_si_sose_so_b_fft_121:asj_fft_si_sose_so_b_fft_121_inst|asj_fft_1tdp_rom_fft_121:\gen_se:gen_new:twrom|asj_fft_twid_rom_tdp_fft_121:\gen_auto:sin_1n|altsyncram:altsyncram_component                                                                                   ;              ;
;                      |altsyncram_he72:auto_generated|                                         ; 0 (0)       ; 0 (0)                     ; 0 (0)         ; 1024        ; 1    ; 0          ; 0            ; 0       ; 0         ; 0    ; 0            ; 0 (0)        ; 0 (0)             ; 0 (0)            ; |TransformFilter|ifftout:u2|fft256:u0|asj_fft_si_sose_so_b_fft_121:asj_fft_si_sose_so_b_fft_121_inst|asj_fft_1tdp_rom_fft_121:\gen_se:gen_new:twrom|asj_fft_twid_rom_tdp_fft_121:\gen_auto:sin_1n|altsyncram:altsyncram_component|altsyncram_he72:auto_generated                                                    ;              ;
;             |asj_fft_bfp_ctrl_fft_121:\gen_se:bfpc|                                           ; 19 (5)      ; 17 (3)                    ; 0 (0)         ; 0           ; 0    ; 0          ; 0            ; 0       ; 0         ; 0    ; 0            ; 1 (1)        ; 0 (0)             ; 18 (5)           ; |TransformFilter|ifftout:u2|fft256:u0|asj_fft_si_sose_so_b_fft_121:asj_fft_si_sose_so_b_fft_121_inst|asj_fft_bfp_ctrl_fft_121:\gen_se:bfpc                                                                                                                                                                          ;              ;
;                |asj_fft_tdl_bit_fft_121:\gen_so_crtl:gen_se_so:delay_next_pass_2|             ; 1 (1)       ; 1 (1)                     ; 0 (0)         ; 0           ; 0    ; 0          ; 0            ; 0       ; 0         ; 0    ; 0            ; 0 (0)        ; 0 (0)             ; 1 (1)            ; |TransformFilter|ifftout:u2|fft256:u0|asj_fft_si_sose_so_b_fft_121:asj_fft_si_sose_so_b_fft_121_inst|asj_fft_bfp_ctrl_fft_121:\gen_se:bfpc|asj_fft_tdl_bit_fft_121:\gen_so_crtl:gen_se_so:delay_next_pass_2                                                                                                         ;              ;
;                |asj_fft_tdl_bit_rst_fft_121:\gen_so_crtl:gen_se_so:delay_next_pass|           ; 13 (13)     ; 13 (13)                   ; 0 (0)         ; 0           ; 0    ; 0          ; 0            ; 0       ; 0         ; 0    ; 0            ; 0 (0)        ; 0 (0)             ; 13 (13)          ; |TransformFilter|ifftout:u2|fft256:u0|asj_fft_si_sose_so_b_fft_121:asj_fft_si_sose_so_b_fft_121_inst|asj_fft_bfp_ctrl_fft_121:\gen_se:bfpc|asj_fft_tdl_bit_rst_fft_121:\gen_so_crtl:gen_se_so:delay_next_pass                                                                                                       ;              ;
;             |asj_fft_dataadgen_fft_121:\gen_wraddr_se:wr_adgen|                               ; 22 (22)     ; 8 (8)                     ; 0 (0)         ; 0           ; 0    ; 0          ; 0            ; 0       ; 0         ; 0    ; 0            ; 14 (14)      ; 0 (0)             ; 8 (8)            ; |TransformFilter|ifftout:u2|fft256:u0|asj_fft_si_sose_so_b_fft_121:asj_fft_si_sose_so_b_fft_121_inst|asj_fft_dataadgen_fft_121:\gen_wraddr_se:wr_adgen                                                                                                                                                              ;              ;
;             |asj_fft_dataadgen_fft_121:rd_adgen|                                              ; 22 (22)     ; 8 (8)                     ; 0 (0)         ; 0           ; 0    ; 0          ; 0            ; 0       ; 0         ; 0    ; 0            ; 9 (9)        ; 0 (0)             ; 13 (13)          ; |TransformFilter|ifftout:u2|fft256:u0|asj_fft_si_sose_so_b_fft_121:asj_fft_si_sose_so_b_fft_121_inst|asj_fft_dataadgen_fft_121:rd_adgen                                                                                                                                                                             ;              ;
;             |asj_fft_dft_bfp_sgl_fft_121:\gen_se:bfpdft|                                      ; 1009 (460)  ; 850 (383)                 ; 0 (0)         ; 0           ; 0    ; 0          ; 6            ; 0       ; 3         ; 0    ; 0            ; 127 (77)     ; 343 (128)         ; 539 (255)        ; |TransformFilter|ifftout:u2|fft256:u0|asj_fft_si_sose_so_b_fft_121:asj_fft_si_sose_so_b_fft_121_inst|asj_fft_dft_bfp_sgl_fft_121:\gen_se:bfpdft                                                                                                                                                                     ;              ;
;                |asj_fft_bfp_i_fft_121:bfp_scale|                                              ; 66 (66)     ; 32 (32)                   ; 0 (0)         ; 0           ; 0    ; 0          ; 0            ; 0       ; 0         ; 0    ; 0            ; 2 (2)        ; 0 (0)             ; 64 (64)          ; |TransformFilter|ifftout:u2|fft256:u0|asj_fft_si_sose_so_b_fft_121:asj_fft_si_sose_so_b_fft_121_inst|asj_fft_dft_bfp_sgl_fft_121:\gen_se:bfpdft|asj_fft_bfp_i_fft_121:bfp_scale                                                                                                                                     ;              ;
;                |asj_fft_bfp_o_fft_121:bfp_detect|                                             ; 45 (34)     ; 33 (22)                   ; 0 (0)         ; 0           ; 0    ; 0          ; 0            ; 0       ; 0         ; 0    ; 0            ; 8 (8)        ; 11 (1)            ; 26 (26)          ; |TransformFilter|ifftout:u2|fft256:u0|asj_fft_si_sose_so_b_fft_121:asj_fft_si_sose_so_b_fft_121_inst|asj_fft_dft_bfp_sgl_fft_121:\gen_se:bfpdft|asj_fft_bfp_o_fft_121:bfp_detect                                                                                                                                    ;              ;
;                   |asj_fft_tdl_bit_fft_121:\gen_blk_float:gen_1_input_bfp_o:delay_next_pass3| ; 3 (3)       ; 3 (3)                     ; 0 (0)         ; 0           ; 0    ; 0          ; 0            ; 0       ; 0         ; 0    ; 0            ; 0 (0)        ; 2 (2)             ; 1 (1)            ; |TransformFilter|ifftout:u2|fft256:u0|asj_fft_si_sose_so_b_fft_121:asj_fft_si_sose_so_b_fft_121_inst|asj_fft_dft_bfp_sgl_fft_121:\gen_se:bfpdft|asj_fft_bfp_o_fft_121:bfp_detect|asj_fft_tdl_bit_fft_121:\gen_blk_float:gen_1_input_bfp_o:delay_next_pass3                                                          ;              ;
;                   |asj_fft_tdl_bit_fft_121:\gen_blk_float:gen_1_input_bfp_o:delay_next_pass|  ; 8 (8)       ; 8 (8)                     ; 0 (0)         ; 0           ; 0    ; 0          ; 0            ; 0       ; 0         ; 0    ; 0            ; 0 (0)        ; 8 (8)             ; 0 (0)            ; |TransformFilter|ifftout:u2|fft256:u0|asj_fft_si_sose_so_b_fft_121:asj_fft_si_sose_so_b_fft_121_inst|asj_fft_dft_bfp_sgl_fft_121:\gen_se:bfpdft|asj_fft_bfp_o_fft_121:bfp_detect|asj_fft_tdl_bit_fft_121:\gen_blk_float:gen_1_input_bfp_o:delay_next_pass                                                           ;              ;
;                |asj_fft_cmult_can_fft_121:\gen_da0:gen_canonic:cm1|                           ; 404 (242)   ; 370 (242)                 ; 0 (0)         ; 0           ; 0    ; 0          ; 6            ; 0       ; 3         ; 0    ; 0            ; 34 (0)       ; 204 (108)         ; 166 (134)        ; |TransformFilter|ifftout:u2|fft256:u0|asj_fft_si_sose_so_b_fft_121:asj_fft_si_sose_so_b_fft_121_inst|asj_fft_dft_bfp_sgl_fft_121:\gen_se:bfpdft|asj_fft_cmult_can_fft_121:\gen_da0:gen_canonic:cm1                                                                                                                  ;              ;
;                   |asj_fft_pround_fft_121:\gen_unsc:u0|                                       ; 33 (0)      ; 16 (0)                    ; 0 (0)         ; 0           ; 0    ; 0          ; 0            ; 0       ; 0         ; 0    ; 0            ; 17 (0)       ; 0 (0)             ; 16 (0)           ; |TransformFilter|ifftout:u2|fft256:u0|asj_fft_si_sose_so_b_fft_121:asj_fft_si_sose_so_b_fft_121_inst|asj_fft_dft_bfp_sgl_fft_121:\gen_se:bfpdft|asj_fft_cmult_can_fft_121:\gen_da0:gen_canonic:cm1|asj_fft_pround_fft_121:\gen_unsc:u0                                                                              ;              ;
;                      |lpm_add_sub:\gbrnd:nev:gp:lpm_add_sub_component|                        ; 33 (0)      ; 16 (0)                    ; 0 (0)         ; 0           ; 0    ; 0          ; 0            ; 0       ; 0         ; 0    ; 0            ; 17 (0)       ; 0 (0)             ; 16 (0)           ; |TransformFilter|ifftout:u2|fft256:u0|asj_fft_si_sose_so_b_fft_121:asj_fft_si_sose_so_b_fft_121_inst|asj_fft_dft_bfp_sgl_fft_121:\gen_se:bfpdft|asj_fft_cmult_can_fft_121:\gen_da0:gen_canonic:cm1|asj_fft_pround_fft_121:\gen_unsc:u0|lpm_add_sub:\gbrnd:nev:gp:lpm_add_sub_component                              ;              ;
;                         |add_sub_knj:auto_generated|                                          ; 33 (33)     ; 16 (16)                   ; 0 (0)         ; 0           ; 0    ; 0          ; 0            ; 0       ; 0         ; 0    ; 0            ; 17 (17)      ; 0 (0)             ; 16 (16)          ; |TransformFilter|ifftout:u2|fft256:u0|asj_fft_si_sose_so_b_fft_121:asj_fft_si_sose_so_b_fft_121_inst|asj_fft_dft_bfp_sgl_fft_121:\gen_se:bfpdft|asj_fft_cmult_can_fft_121:\gen_da0:gen_canonic:cm1|asj_fft_pround_fft_121:\gen_unsc:u0|lpm_add_sub:\gbrnd:nev:gp:lpm_add_sub_component|add_sub_knj:auto_generated   ;              ;
;                   |asj_fft_pround_fft_121:\gen_unsc:u1|                                       ; 33 (0)      ; 16 (0)                    ; 0 (0)         ; 0           ; 0    ; 0          ; 0            ; 0       ; 0         ; 0    ; 0            ; 17 (0)       ; 0 (0)             ; 16 (0)           ; |TransformFilter|ifftout:u2|fft256:u0|asj_fft_si_sose_so_b_fft_121:asj_fft_si_sose_so_b_fft_121_inst|asj_fft_dft_bfp_sgl_fft_121:\gen_se:bfpdft|asj_fft_cmult_can_fft_121:\gen_da0:gen_canonic:cm1|asj_fft_pround_fft_121:\gen_unsc:u1                                                                              ;              ;
;                      |lpm_add_sub:\gbrnd:nev:gp:lpm_add_sub_component|                        ; 33 (0)      ; 16 (0)                    ; 0 (0)         ; 0           ; 0    ; 0          ; 0            ; 0       ; 0         ; 0    ; 0            ; 17 (0)       ; 0 (0)             ; 16 (0)           ; |TransformFilter|ifftout:u2|fft256:u0|asj_fft_si_sose_so_b_fft_121:asj_fft_si_sose_so_b_fft_121_inst|asj_fft_dft_bfp_sgl_fft_121:\gen_se:bfpdft|asj_fft_cmult_can_fft_121:\gen_da0:gen_canonic:cm1|asj_fft_pround_fft_121:\gen_unsc:u1|lpm_add_sub:\gbrnd:nev:gp:lpm_add_sub_component                              ;              ;
;                         |add_sub_knj:auto_generated|                                          ; 33 (33)     ; 16 (16)                   ; 0 (0)         ; 0           ; 0    ; 0          ; 0            ; 0       ; 0         ; 0    ; 0            ; 17 (17)      ; 0 (0)             ; 16 (16)          ; |TransformFilter|ifftout:u2|fft256:u0|asj_fft_si_sose_so_b_fft_121:asj_fft_si_sose_so_b_fft_121_inst|asj_fft_dft_bfp_sgl_fft_121:\gen_se:bfpdft|asj_fft_cmult_can_fft_121:\gen_da0:gen_canonic:cm1|asj_fft_pround_fft_121:\gen_unsc:u1|lpm_add_sub:\gbrnd:nev:gp:lpm_add_sub_component|add_sub_knj:auto_generated   ;              ;
;                   |lpm_mult:\gen_ded_m1:gen_unext_m_a_b_c_d:m_a_b_c_d|                        ; 32 (0)      ; 32 (0)                    ; 0 (0)         ; 0           ; 0    ; 0          ; 2            ; 0       ; 1         ; 0    ; 0            ; 0 (0)        ; 32 (0)            ; 0 (0)            ; |TransformFilter|ifftout:u2|fft256:u0|asj_fft_si_sose_so_b_fft_121:asj_fft_si_sose_so_b_fft_121_inst|asj_fft_dft_bfp_sgl_fft_121:\gen_se:bfpdft|asj_fft_cmult_can_fft_121:\gen_da0:gen_canonic:cm1|lpm_mult:\gen_ded_m1:gen_unext_m_a_b_c_d:m_a_b_c_d                                                               ;              ;
;                      |mult_9t01:auto_generated|                                               ; 32 (32)     ; 32 (32)                   ; 0 (0)         ; 0           ; 0    ; 0          ; 2            ; 0       ; 1         ; 0    ; 0            ; 0 (0)        ; 32 (32)           ; 0 (0)            ; |TransformFilter|ifftout:u2|fft256:u0|asj_fft_si_sose_so_b_fft_121:asj_fft_si_sose_so_b_fft_121_inst|asj_fft_dft_bfp_sgl_fft_121:\gen_se:bfpdft|asj_fft_cmult_can_fft_121:\gen_da0:gen_canonic:cm1|lpm_mult:\gen_ded_m1:gen_unext_m_a_b_c_d:m_a_b_c_d|mult_9t01:auto_generated                                      ;              ;
;                   |lpm_mult:\gen_ded_m1:gen_unext_m_ac:m_ac|                                  ; 32 (0)      ; 32 (0)                    ; 0 (0)         ; 0           ; 0    ; 0          ; 2            ; 0       ; 1         ; 0    ; 0            ; 0 (0)        ; 32 (0)            ; 0 (0)            ; |TransformFilter|ifftout:u2|fft256:u0|asj_fft_si_sose_so_b_fft_121:asj_fft_si_sose_so_b_fft_121_inst|asj_fft_dft_bfp_sgl_fft_121:\gen_se:bfpdft|asj_fft_cmult_can_fft_121:\gen_da0:gen_canonic:cm1|lpm_mult:\gen_ded_m1:gen_unext_m_ac:m_ac                                                                         ;              ;
;                      |mult_5t01:auto_generated|                                               ; 32 (32)     ; 32 (32)                   ; 0 (0)         ; 0           ; 0    ; 0          ; 2            ; 0       ; 1         ; 0    ; 0            ; 0 (0)        ; 32 (32)           ; 0 (0)            ; |TransformFilter|ifftout:u2|fft256:u0|asj_fft_si_sose_so_b_fft_121:asj_fft_si_sose_so_b_fft_121_inst|asj_fft_dft_bfp_sgl_fft_121:\gen_se:bfpdft|asj_fft_cmult_can_fft_121:\gen_da0:gen_canonic:cm1|lpm_mult:\gen_ded_m1:gen_unext_m_ac:m_ac|mult_5t01:auto_generated                                                ;              ;
;                   |lpm_mult:\gen_ded_m1:gen_unext_m_bd:m_bd|                                  ; 32 (0)      ; 32 (0)                    ; 0 (0)         ; 0           ; 0    ; 0          ; 2            ; 0       ; 1         ; 0    ; 0            ; 0 (0)        ; 32 (0)            ; 0 (0)            ; |TransformFilter|ifftout:u2|fft256:u0|asj_fft_si_sose_so_b_fft_121:asj_fft_si_sose_so_b_fft_121_inst|asj_fft_dft_bfp_sgl_fft_121:\gen_se:bfpdft|asj_fft_cmult_can_fft_121:\gen_da0:gen_canonic:cm1|lpm_mult:\gen_ded_m1:gen_unext_m_bd:m_bd                                                                         ;              ;
;                      |mult_5t01:auto_generated|                                               ; 32 (32)     ; 32 (32)                   ; 0 (0)         ; 0           ; 0    ; 0          ; 2            ; 0       ; 1         ; 0    ; 0            ; 0 (0)        ; 32 (32)           ; 0 (0)            ; |TransformFilter|ifftout:u2|fft256:u0|asj_fft_si_sose_so_b_fft_121:asj_fft_si_sose_so_b_fft_121_inst|asj_fft_dft_bfp_sgl_fft_121:\gen_se:bfpdft|asj_fft_cmult_can_fft_121:\gen_da0:gen_canonic:cm1|lpm_mult:\gen_ded_m1:gen_unext_m_bd:m_bd|mult_5t01:auto_generated                                                ;              ;
;                |asj_fft_pround_fft_121:\gen_full_rnd:u0|                                      ; 19 (0)      ; 16 (0)                    ; 0 (0)         ; 0           ; 0    ; 0          ; 0            ; 0       ; 0         ; 0    ; 0            ; 3 (0)        ; 0 (0)             ; 16 (0)           ; |TransformFilter|ifftout:u2|fft256:u0|asj_fft_si_sose_so_b_fft_121:asj_fft_si_sose_so_b_fft_121_inst|asj_fft_dft_bfp_sgl_fft_121:\gen_se:bfpdft|asj_fft_pround_fft_121:\gen_full_rnd:u0                                                                                                                             ;              ;
;                   |lpm_add_sub:\gbrnd:nev:gp:lpm_add_sub_component|                           ; 19 (0)      ; 16 (0)                    ; 0 (0)         ; 0           ; 0    ; 0          ; 0            ; 0       ; 0         ; 0    ; 0            ; 3 (0)        ; 0 (0)             ; 16 (0)           ; |TransformFilter|ifftout:u2|fft256:u0|asj_fft_si_sose_so_b_fft_121:asj_fft_si_sose_so_b_fft_121_inst|asj_fft_dft_bfp_sgl_fft_121:\gen_se:bfpdft|asj_fft_pround_fft_121:\gen_full_rnd:u0|lpm_add_sub:\gbrnd:nev:gp:lpm_add_sub_component                                                                             ;              ;
;                      |add_sub_onj:auto_generated|                                             ; 19 (19)     ; 16 (16)                   ; 0 (0)         ; 0           ; 0    ; 0          ; 0            ; 0       ; 0         ; 0    ; 0            ; 3 (3)        ; 0 (0)             ; 16 (16)          ; |TransformFilter|ifftout:u2|fft256:u0|asj_fft_si_sose_so_b_fft_121:asj_fft_si_sose_so_b_fft_121_inst|asj_fft_dft_bfp_sgl_fft_121:\gen_se:bfpdft|asj_fft_pround_fft_121:\gen_full_rnd:u0|lpm_add_sub:\gbrnd:nev:gp:lpm_add_sub_component|add_sub_onj:auto_generated                                                  ;              ;
;                |asj_fft_pround_fft_121:\gen_full_rnd:u1|                                      ; 19 (0)      ; 16 (0)                    ; 0 (0)         ; 0           ; 0    ; 0          ; 0            ; 0       ; 0         ; 0    ; 0            ; 3 (0)        ; 0 (0)             ; 16 (0)           ; |TransformFilter|ifftout:u2|fft256:u0|asj_fft_si_sose_so_b_fft_121:asj_fft_si_sose_so_b_fft_121_inst|asj_fft_dft_bfp_sgl_fft_121:\gen_se:bfpdft|asj_fft_pround_fft_121:\gen_full_rnd:u1                                                                                                                             ;              ;
;                   |lpm_add_sub:\gbrnd:nev:gp:lpm_add_sub_component|                           ; 19 (0)      ; 16 (0)                    ; 0 (0)         ; 0           ; 0    ; 0          ; 0            ; 0       ; 0         ; 0    ; 0            ; 3 (0)        ; 0 (0)             ; 16 (0)           ; |TransformFilter|ifftout:u2|fft256:u0|asj_fft_si_sose_so_b_fft_121:asj_fft_si_sose_so_b_fft_121_inst|asj_fft_dft_bfp_sgl_fft_121:\gen_se:bfpdft|asj_fft_pround_fft_121:\gen_full_rnd:u1|lpm_add_sub:\gbrnd:nev:gp:lpm_add_sub_component                                                                             ;              ;
;                      |add_sub_onj:auto_generated|                                             ; 19 (19)     ; 16 (16)                   ; 0 (0)         ; 0           ; 0    ; 0          ; 0            ; 0       ; 0         ; 0    ; 0            ; 3 (3)        ; 0 (0)             ; 16 (16)          ; |TransformFilter|ifftout:u2|fft256:u0|asj_fft_si_sose_so_b_fft_121:asj_fft_si_sose_so_b_fft_121_inst|asj_fft_dft_bfp_sgl_fft_121:\gen_se:bfpdft|asj_fft_pround_fft_121:\gen_full_rnd:u1|lpm_add_sub:\gbrnd:nev:gp:lpm_add_sub_component|add_sub_onj:auto_generated                                                  ;              ;
;             |asj_fft_in_write_sgl_fft_121:writer|                                             ; 63 (63)     ; 60 (60)                   ; 0 (0)         ; 0           ; 0    ; 0          ; 0            ; 0       ; 0         ; 0    ; 0            ; 3 (3)        ; 0 (0)             ; 60 (60)          ; |TransformFilter|ifftout:u2|fft256:u0|asj_fft_si_sose_so_b_fft_121:asj_fft_si_sose_so_b_fft_121_inst|asj_fft_in_write_sgl_fft_121:writer                                                                                                                                                                            ;              ;
;             |asj_fft_m_k_counter_fft_121:ctrl|                                                ; 44 (44)     ; 32 (32)                   ; 0 (0)         ; 0           ; 0    ; 0          ; 0            ; 0       ; 0         ; 0    ; 0            ; 12 (12)      ; 1 (1)             ; 31 (31)          ; |TransformFilter|ifftout:u2|fft256:u0|asj_fft_si_sose_so_b_fft_121:asj_fft_si_sose_so_b_fft_121_inst|asj_fft_m_k_counter_fft_121:ctrl                                                                                                                                                                               ;              ;
;             |asj_fft_tdl_bit_fft_121:\no_del_input_blk:delay_next_block|                      ; 1 (1)       ; 1 (1)                     ; 0 (0)         ; 0           ; 0    ; 0          ; 0            ; 0       ; 0         ; 0    ; 0            ; 0 (0)        ; 1 (1)             ; 0 (0)            ; |TransformFilter|ifftout:u2|fft256:u0|asj_fft_si_sose_so_b_fft_121:asj_fft_si_sose_so_b_fft_121_inst|asj_fft_tdl_bit_fft_121:\no_del_input_blk:delay_next_block                                                                                                                                                     ;              ;
;             |asj_fft_tdl_bit_rst_fft_121:delay_swd|                                           ; 10 (10)     ; 10 (10)                   ; 0 (0)         ; 0           ; 0    ; 0          ; 0            ; 0       ; 0         ; 0    ; 0            ; 0 (0)        ; 0 (0)             ; 10 (10)          ; |TransformFilter|ifftout:u2|fft256:u0|asj_fft_si_sose_so_b_fft_121:asj_fft_si_sose_so_b_fft_121_inst|asj_fft_tdl_bit_rst_fft_121:delay_swd                                                                                                                                                                          ;              ;
;             |asj_fft_twadsogen_q_fft_121:\gen_se:gen_new:twid_factors|                        ; 57 (57)     ; 34 (34)                   ; 0 (0)         ; 0           ; 0    ; 0          ; 0            ; 0       ; 0         ; 0    ; 0            ; 23 (23)      ; 2 (2)             ; 32 (32)          ; |TransformFilter|ifftout:u2|fft256:u0|asj_fft_si_sose_so_b_fft_121:asj_fft_si_sose_so_b_fft_121_inst|asj_fft_twadsogen_q_fft_121:\gen_se:gen_new:twid_factors                                                                                                                                                       ;              ;
;             |asj_fft_unbburst_sose_ctrl_fft_121:ccc|                                          ; 80 (80)     ; 80 (80)                   ; 0 (0)         ; 0           ; 0    ; 0          ; 0            ; 0       ; 0         ; 0    ; 0            ; 0 (0)        ; 8 (8)             ; 72 (72)          ; |TransformFilter|ifftout:u2|fft256:u0|asj_fft_si_sose_so_b_fft_121:asj_fft_si_sose_so_b_fft_121_inst|asj_fft_unbburst_sose_ctrl_fft_121:ccc                                                                                                                                                                         ;              ;
;             |auk_dspip_avalon_streaming_controller_fft_121:auk_dsp_interface_controller_1|    ; 7 (7)       ; 5 (5)                     ; 0 (0)         ; 0           ; 0    ; 0          ; 0            ; 0       ; 0         ; 0    ; 0            ; 1 (1)        ; 1 (1)             ; 5 (5)            ; |TransformFilter|ifftout:u2|fft256:u0|asj_fft_si_sose_so_b_fft_121:asj_fft_si_sose_so_b_fft_121_inst|auk_dspip_avalon_streaming_controller_fft_121:auk_dsp_interface_controller_1                                                                                                                                   ;              ;
;             |auk_dspip_avalon_streaming_sink_fft_121:auk_dsp_atlantic_sink_1|                 ; 117 (95)    ; 79 (63)                   ; 0 (0)         ; 256         ; 1    ; 0          ; 0            ; 0       ; 0         ; 0    ; 0            ; 38 (32)      ; 32 (32)           ; 47 (31)          ; |TransformFilter|ifftout:u2|fft256:u0|asj_fft_si_sose_so_b_fft_121:asj_fft_si_sose_so_b_fft_121_inst|auk_dspip_avalon_streaming_sink_fft_121:auk_dsp_atlantic_sink_1                                                                                                                                                ;              ;
;                |scfifo:\normal_fifo:fifo_eab_on:in_fifo|                                      ; 22 (0)      ; 16 (0)                    ; 0 (0)         ; 256         ; 1    ; 0          ; 0            ; 0       ; 0         ; 0    ; 0            ; 6 (0)        ; 0 (0)             ; 16 (0)           ; |TransformFilter|ifftout:u2|fft256:u0|asj_fft_si_sose_so_b_fft_121:asj_fft_si_sose_so_b_fft_121_inst|auk_dspip_avalon_streaming_sink_fft_121:auk_dsp_atlantic_sink_1|scfifo:\normal_fifo:fifo_eab_on:in_fifo                                                                                                        ;              ;
;                   |scfifo_udh1:auto_generated|                                                ; 22 (2)      ; 16 (1)                    ; 0 (0)         ; 256         ; 1    ; 0          ; 0            ; 0       ; 0         ; 0    ; 0            ; 6 (1)        ; 0 (0)             ; 16 (1)           ; |TransformFilter|ifftout:u2|fft256:u0|asj_fft_si_sose_so_b_fft_121:asj_fft_si_sose_so_b_fft_121_inst|auk_dspip_avalon_streaming_sink_fft_121:auk_dsp_atlantic_sink_1|scfifo:\normal_fifo:fifo_eab_on:in_fifo|scfifo_udh1:auto_generated                                                                             ;              ;
;                      |a_dpfifo_no81:dpfifo|                                                   ; 20 (12)     ; 15 (7)                    ; 0 (0)         ; 256         ; 1    ; 0          ; 0            ; 0       ; 0         ; 0    ; 0            ; 5 (5)        ; 0 (0)             ; 15 (7)           ; |TransformFilter|ifftout:u2|fft256:u0|asj_fft_si_sose_so_b_fft_121:asj_fft_si_sose_so_b_fft_121_inst|auk_dspip_avalon_streaming_sink_fft_121:auk_dsp_atlantic_sink_1|scfifo:\normal_fifo:fifo_eab_on:in_fifo|scfifo_udh1:auto_generated|a_dpfifo_no81:dpfifo                                                        ;              ;
;                         |altsyncram_ssf1:FIFOram|                                             ; 0 (0)       ; 0 (0)                     ; 0 (0)         ; 256         ; 1    ; 0          ; 0            ; 0       ; 0         ; 0    ; 0            ; 0 (0)        ; 0 (0)             ; 0 (0)            ; |TransformFilter|ifftout:u2|fft256:u0|asj_fft_si_sose_so_b_fft_121:asj_fft_si_sose_so_b_fft_121_inst|auk_dspip_avalon_streaming_sink_fft_121:auk_dsp_atlantic_sink_1|scfifo:\normal_fifo:fifo_eab_on:in_fifo|scfifo_udh1:auto_generated|a_dpfifo_no81:dpfifo|altsyncram_ssf1:FIFOram                                ;              ;
;                         |cntr_ao7:usedw_counter|                                              ; 3 (3)       ; 3 (3)                     ; 0 (0)         ; 0           ; 0    ; 0          ; 0            ; 0       ; 0         ; 0    ; 0            ; 0 (0)        ; 0 (0)             ; 3 (3)            ; |TransformFilter|ifftout:u2|fft256:u0|asj_fft_si_sose_so_b_fft_121:asj_fft_si_sose_so_b_fft_121_inst|auk_dspip_avalon_streaming_sink_fft_121:auk_dsp_atlantic_sink_1|scfifo:\normal_fifo:fifo_eab_on:in_fifo|scfifo_udh1:auto_generated|a_dpfifo_no81:dpfifo|cntr_ao7:usedw_counter                                 ;              ;
;                         |cntr_tnb:rd_ptr_msb|                                                 ; 2 (2)       ; 2 (2)                     ; 0 (0)         ; 0           ; 0    ; 0          ; 0            ; 0       ; 0         ; 0    ; 0            ; 0 (0)        ; 0 (0)             ; 2 (2)            ; |TransformFilter|ifftout:u2|fft256:u0|asj_fft_si_sose_so_b_fft_121:asj_fft_si_sose_so_b_fft_121_inst|auk_dspip_avalon_streaming_sink_fft_121:auk_dsp_atlantic_sink_1|scfifo:\normal_fifo:fifo_eab_on:in_fifo|scfifo_udh1:auto_generated|a_dpfifo_no81:dpfifo|cntr_tnb:rd_ptr_msb                                    ;              ;
;                         |cntr_unb:wr_ptr|                                                     ; 3 (3)       ; 3 (3)                     ; 0 (0)         ; 0           ; 0    ; 0          ; 0            ; 0       ; 0         ; 0    ; 0            ; 0 (0)        ; 0 (0)             ; 3 (3)            ; |TransformFilter|ifftout:u2|fft256:u0|asj_fft_si_sose_so_b_fft_121:asj_fft_si_sose_so_b_fft_121_inst|auk_dspip_avalon_streaming_sink_fft_121:auk_dsp_atlantic_sink_1|scfifo:\normal_fifo:fifo_eab_on:in_fifo|scfifo_udh1:auto_generated|a_dpfifo_no81:dpfifo|cntr_unb:wr_ptr                                        ;              ;
;             |auk_dspip_avalon_streaming_source_fft_121:auk_dsp_atlantic_source_1|             ; 59 (59)     ; 48 (48)                   ; 0 (0)         ; 0           ; 0    ; 0          ; 0            ; 0       ; 0         ; 0    ; 0            ; 10 (10)      ; 36 (36)           ; 13 (13)          ; |TransformFilter|ifftout:u2|fft256:u0|asj_fft_si_sose_so_b_fft_121:asj_fft_si_sose_so_b_fft_121_inst|auk_dspip_avalon_streaming_source_fft_121:auk_dsp_atlantic_source_1                                                                                                                                            ;              ;
;    |window:u0|                                                                                ; 86 (63)     ; 78 (63)                   ; 0 (0)         ; 45288       ; 7    ; 0          ; 4            ; 0       ; 2         ; 0    ; 0            ; 8 (0)        ; 14 (14)           ; 64 (49)          ; |TransformFilter|window:u0                                                                                                                                                                                                                                                                                          ;              ;
;       |dram16_256:u4|                                                                         ; 0 (0)       ; 0 (0)                     ; 0 (0)         ; 4096        ; 1    ; 0          ; 0            ; 0       ; 0         ; 0    ; 0            ; 0 (0)        ; 0 (0)             ; 0 (0)            ; |TransformFilter|window:u0|dram16_256:u4                                                                                                                                                                                                                                                                            ;              ;
;          |altsyncram:altsyncram_component|                                                    ; 0 (0)       ; 0 (0)                     ; 0 (0)         ; 4096        ; 1    ; 0          ; 0            ; 0       ; 0         ; 0    ; 0            ; 0 (0)        ; 0 (0)             ; 0 (0)            ; |TransformFilter|window:u0|dram16_256:u4|altsyncram:altsyncram_component                                                                                                                                                                                                                                            ;              ;
;             |altsyncram_09k1:auto_generated|                                                  ; 0 (0)       ; 0 (0)                     ; 0 (0)         ; 4096        ; 1    ; 0          ; 0            ; 0       ; 0         ; 0    ; 0            ; 0 (0)        ; 0 (0)             ; 0 (0)            ; |TransformFilter|window:u0|dram16_256:u4|altsyncram:altsyncram_component|altsyncram_09k1:auto_generated                                                                                                                                                                                                             ;              ;
;       |dram16_256:u5|                                                                         ; 0 (0)       ; 0 (0)                     ; 0 (0)         ; 4096        ; 0    ; 0          ; 0            ; 0       ; 0         ; 0    ; 0            ; 0 (0)        ; 0 (0)             ; 0 (0)            ; |TransformFilter|window:u0|dram16_256:u5                                                                                                                                                                                                                                                                            ;              ;
;          |altsyncram:altsyncram_component|                                                    ; 0 (0)       ; 0 (0)                     ; 0 (0)         ; 4096        ; 0    ; 0          ; 0            ; 0       ; 0         ; 0    ; 0            ; 0 (0)        ; 0 (0)             ; 0 (0)            ; |TransformFilter|window:u0|dram16_256:u5|altsyncram:altsyncram_component                                                                                                                                                                                                                                            ;              ;
;             |altsyncram_09k1:auto_generated|                                                  ; 0 (0)       ; 0 (0)                     ; 0 (0)         ; 4096        ; 0    ; 0          ; 0            ; 0       ; 0         ; 0    ; 0            ; 0 (0)        ; 0 (0)             ; 0 (0)            ; |TransformFilter|window:u0|dram16_256:u5|altsyncram:altsyncram_component|altsyncram_09k1:auto_generated                                                                                                                                                                                                             ;              ;
;       |mult12_12:u2|                                                                          ; 0 (0)       ; 0 (0)                     ; 0 (0)         ; 0           ; 0    ; 0          ; 2            ; 0       ; 1         ; 0    ; 0            ; 0 (0)        ; 0 (0)             ; 0 (0)            ; |TransformFilter|window:u0|mult12_12:u2                                                                                                                                                                                                                                                                             ;              ;
;          |lpm_mult:lpm_mult_component|                                                        ; 0 (0)       ; 0 (0)                     ; 0 (0)         ; 0           ; 0    ; 0          ; 2            ; 0       ; 1         ; 0    ; 0            ; 0 (0)        ; 0 (0)             ; 0 (0)            ; |TransformFilter|window:u0|mult12_12:u2|lpm_mult:lpm_mult_component                                                                                                                                                                                                                                                 ;              ;
;             |mult_76p:auto_generated|                                                         ; 0 (0)       ; 0 (0)                     ; 0 (0)         ; 0           ; 0    ; 0          ; 2            ; 0       ; 1         ; 0    ; 0            ; 0 (0)        ; 0 (0)             ; 0 (0)            ; |TransformFilter|window:u0|mult12_12:u2|lpm_mult:lpm_mult_component|mult_76p:auto_generated                                                                                                                                                                                                                         ;              ;
;       |mult12_12:u3|                                                                          ; 0 (0)       ; 0 (0)                     ; 0 (0)         ; 0           ; 0    ; 0          ; 2            ; 0       ; 1         ; 0    ; 0            ; 0 (0)        ; 0 (0)             ; 0 (0)            ; |TransformFilter|window:u0|mult12_12:u3                                                                                                                                                                                                                                                                             ;              ;
;          |lpm_mult:lpm_mult_component|                                                        ; 0 (0)       ; 0 (0)                     ; 0 (0)         ; 0           ; 0    ; 0          ; 2            ; 0       ; 1         ; 0    ; 0            ; 0 (0)        ; 0 (0)             ; 0 (0)            ; |TransformFilter|window:u0|mult12_12:u3|lpm_mult:lpm_mult_component                                                                                                                                                                                                                                                 ;              ;
;             |mult_76p:auto_generated|                                                         ; 0 (0)       ; 0 (0)                     ; 0 (0)         ; 0           ; 0    ; 0          ; 2            ; 0       ; 1         ; 0    ; 0            ; 0 (0)        ; 0 (0)             ; 0 (0)            ; |TransformFilter|window:u0|mult12_12:u3|lpm_mult:lpm_mult_component|mult_76p:auto_generated                                                                                                                                                                                                                         ;              ;
;       |rom12_256:u1|                                                                          ; 0 (0)       ; 0 (0)                     ; 0 (0)         ; 3072        ; 1    ; 0          ; 0            ; 0       ; 0         ; 0    ; 0            ; 0 (0)        ; 0 (0)             ; 0 (0)            ; |TransformFilter|window:u0|rom12_256:u1                                                                                                                                                                                                                                                                             ;              ;
;          |altsyncram:altsyncram_component|                                                    ; 0 (0)       ; 0 (0)                     ; 0 (0)         ; 3072        ; 1    ; 0          ; 0            ; 0       ; 0         ; 0    ; 0            ; 0 (0)        ; 0 (0)             ; 0 (0)            ; |TransformFilter|window:u0|rom12_256:u1|altsyncram:altsyncram_component                                                                                                                                                                                                                                             ;              ;
;             |altsyncram_5da1:auto_generated|                                                  ; 0 (0)       ; 0 (0)                     ; 0 (0)         ; 3072        ; 1    ; 0          ; 0            ; 0       ; 0         ; 0    ; 0            ; 0 (0)        ; 0 (0)             ; 0 (0)            ; |TransformFilter|window:u0|rom12_256:u1|altsyncram:altsyncram_component|altsyncram_5da1:auto_generated                                                                                                                                                                                                              ;              ;
;       |shifter12_128:u0|                                                                      ; 11 (0)      ; 7 (0)                     ; 0 (0)         ; 1512        ; 1    ; 0          ; 0            ; 0       ; 0         ; 0    ; 0            ; 4 (0)        ; 0 (0)             ; 7 (0)            ; |TransformFilter|window:u0|shifter12_128:u0                                                                                                                                                                                                                                                                         ;              ;
;          |altshift_taps:ALTSHIFT_TAPS_component|                                              ; 11 (0)      ; 7 (0)                     ; 0 (0)         ; 1512        ; 1    ; 0          ; 0            ; 0       ; 0         ; 0    ; 0            ; 4 (0)        ; 0 (0)             ; 7 (0)            ; |TransformFilter|window:u0|shifter12_128:u0|altshift_taps:ALTSHIFT_TAPS_component                                                                                                                                                                                                                                   ;              ;
;             |shift_taps_llv:auto_generated|                                                   ; 11 (0)      ; 7 (0)                     ; 0 (0)         ; 1512        ; 1    ; 0          ; 0            ; 0       ; 0         ; 0    ; 0            ; 4 (0)        ; 0 (0)             ; 7 (0)            ; |TransformFilter|window:u0|shifter12_128:u0|altshift_taps:ALTSHIFT_TAPS_component|shift_taps_llv:auto_generated                                                                                                                                                                                                     ;              ;
;                |altsyncram_lla1:altsyncram2|                                                  ; 0 (0)       ; 0 (0)                     ; 0 (0)         ; 1512        ; 1    ; 0          ; 0            ; 0       ; 0         ; 0    ; 0            ; 0 (0)        ; 0 (0)             ; 0 (0)            ; |TransformFilter|window:u0|shifter12_128:u0|altshift_taps:ALTSHIFT_TAPS_component|shift_taps_llv:auto_generated|altsyncram_lla1:altsyncram2                                                                                                                                                                         ;              ;
;                |cntr_hsf:cntr1|                                                               ; 11 (9)      ; 7 (7)                     ; 0 (0)         ; 0           ; 0    ; 0          ; 0            ; 0       ; 0         ; 0    ; 0            ; 4 (2)        ; 0 (0)             ; 7 (7)            ; |TransformFilter|window:u0|shifter12_128:u0|altshift_taps:ALTSHIFT_TAPS_component|shift_taps_llv:auto_generated|cntr_hsf:cntr1                                                                                                                                                                                      ;              ;
;                   |cmpr_tgc:cmpr4|                                                            ; 2 (2)       ; 0 (0)                     ; 0 (0)         ; 0           ; 0    ; 0          ; 0            ; 0       ; 0         ; 0    ; 0            ; 2 (2)        ; 0 (0)             ; 0 (0)            ; |TransformFilter|window:u0|shifter12_128:u0|altshift_taps:ALTSHIFT_TAPS_component|shift_taps_llv:auto_generated|cntr_hsf:cntr1|cmpr_tgc:cmpr4                                                                                                                                                                       ;              ;
;       |shifter16_2048:u6|                                                                     ; 12 (0)      ; 8 (0)                     ; 0 (0)         ; 32512       ; 4    ; 0          ; 0            ; 0       ; 0         ; 0    ; 0            ; 4 (0)        ; 0 (0)             ; 8 (0)            ; |TransformFilter|window:u0|shifter16_2048:u6                                                                                                                                                                                                                                                                        ;              ;
;          |altshift_taps:ALTSHIFT_TAPS_component|                                              ; 12 (0)      ; 8 (0)                     ; 0 (0)         ; 32512       ; 4    ; 0          ; 0            ; 0       ; 0         ; 0    ; 0            ; 4 (0)        ; 0 (0)             ; 8 (0)            ; |TransformFilter|window:u0|shifter16_2048:u6|altshift_taps:ALTSHIFT_TAPS_component                                                                                                                                                                                                                                  ;              ;
;             |shift_taps_2mv:auto_generated|                                                   ; 12 (0)      ; 8 (0)                     ; 0 (0)         ; 32512       ; 4    ; 0          ; 0            ; 0       ; 0         ; 0    ; 0            ; 4 (0)        ; 0 (0)             ; 8 (0)            ; |TransformFilter|window:u0|shifter16_2048:u6|altshift_taps:ALTSHIFT_TAPS_component|shift_taps_2mv:auto_generated                                                                                                                                                                                                    ;              ;
;                |altsyncram_bpa1:altsyncram2|                                                  ; 0 (0)       ; 0 (0)                     ; 0 (0)         ; 32512       ; 4    ; 0          ; 0            ; 0       ; 0         ; 0    ; 0            ; 0 (0)        ; 0 (0)             ; 0 (0)            ; |TransformFilter|window:u0|shifter16_2048:u6|altshift_taps:ALTSHIFT_TAPS_component|shift_taps_2mv:auto_generated|altsyncram_bpa1:altsyncram2                                                                                                                                                                        ;              ;
;                |cntr_ksf:cntr1|                                                               ; 12 (10)     ; 8 (8)                     ; 0 (0)         ; 0           ; 0    ; 0          ; 0            ; 0       ; 0         ; 0    ; 0            ; 4 (2)        ; 0 (0)             ; 8 (8)            ; |TransformFilter|window:u0|shifter16_2048:u6|altshift_taps:ALTSHIFT_TAPS_component|shift_taps_2mv:auto_generated|cntr_ksf:cntr1                                                                                                                                                                                     ;              ;
;                   |cmpr_ugc:cmpr4|                                                            ; 2 (2)       ; 0 (0)                     ; 0 (0)         ; 0           ; 0    ; 0          ; 0            ; 0       ; 0         ; 0    ; 0            ; 2 (2)        ; 0 (0)             ; 0 (0)            ; |TransformFilter|window:u0|shifter16_2048:u6|altshift_taps:ALTSHIFT_TAPS_component|shift_taps_2mv:auto_generated|cntr_ksf:cntr1|cmpr_ugc:cmpr4                                                                                                                                                                      ;              ;
+-----------------------------------------------------------------------------------------------+-------------+---------------------------+---------------+-------------+------+------------+--------------+---------+-----------+------+--------------+--------------+-------------------+------------------+---------------------------------------------------------------------------------------------------------------------------------------------------------------------------------------------------------------------------------------------------------------------------------------------------------------------+--------------+
Note: For table entries with two numbers listed, the numbers in parentheses indicate the number of resources of the given type used by the specific entity alone. The numbers listed outside of parentheses indicate the total resources of the given type used by the specific entity and all of its sub-entities in the hierarchy.


+------------------------------------------------------------------------------------------+
; Delay Chain Summary                                                                      ;
+----------+----------+---------------+---------------+-----------------------+-----+------+
; Name     ; Pin Type ; Pad to Core 0 ; Pad to Core 1 ; Pad to Input Register ; TCO ; TCOE ;
+----------+----------+---------------+---------------+-----------------------+-----+------+
; clkdv    ; Output   ; --            ; --            ; --                    ; --  ; --   ;
; dout[0]  ; Output   ; --            ; --            ; --                    ; --  ; --   ;
; dout[1]  ; Output   ; --            ; --            ; --                    ; --  ; --   ;
; dout[2]  ; Output   ; --            ; --            ; --                    ; --  ; --   ;
; dout[3]  ; Output   ; --            ; --            ; --                    ; --  ; --   ;
; dout[4]  ; Output   ; --            ; --            ; --                    ; --  ; --   ;
; dout[5]  ; Output   ; --            ; --            ; --                    ; --  ; --   ;
; dout[6]  ; Output   ; --            ; --            ; --                    ; --  ; --   ;
; dout[7]  ; Output   ; --            ; --            ; --                    ; --  ; --   ;
; dout[8]  ; Output   ; --            ; --            ; --                    ; --  ; --   ;
; dout[9]  ; Output   ; --            ; --            ; --                    ; --  ; --   ;
; dout[10] ; Output   ; --            ; --            ; --                    ; --  ; --   ;
; dout[11] ; Output   ; --            ; --            ; --                    ; --  ; --   ;
; dout[12] ; Output   ; --            ; --            ; --                    ; --  ; --   ;
; dout[13] ; Output   ; --            ; --            ; --                    ; --  ; --   ;
; dout[14] ; Output   ; --            ; --            ; --                    ; --  ; --   ;
; dout[15] ; Output   ; --            ; --            ; --                    ; --  ; --   ;
; clk      ; Input    ; (0) 0 ps      ; --            ; --                    ; --  ; --   ;
; rst      ; Input    ; (0) 0 ps      ; --            ; --                    ; --  ; --   ;
; din[0]   ; Input    ; (0) 0 ps      ; --            ; --                    ; --  ; --   ;
; din[1]   ; Input    ; (6) 2587 ps   ; --            ; --                    ; --  ; --   ;
; din[2]   ; Input    ; (6) 2587 ps   ; --            ; --                    ; --  ; --   ;
; din[3]   ; Input    ; --            ; (6) 2587 ps   ; --                    ; --  ; --   ;
; din[4]   ; Input    ; (6) 2587 ps   ; --            ; --                    ; --  ; --   ;
; din[5]   ; Input    ; --            ; (6) 2587 ps   ; --                    ; --  ; --   ;
; din[6]   ; Input    ; --            ; (6) 2587 ps   ; --                    ; --  ; --   ;
; din[7]   ; Input    ; (6) 2585 ps   ; --            ; --                    ; --  ; --   ;
; din[8]   ; Input    ; (6) 2587 ps   ; --            ; --                    ; --  ; --   ;
; din[9]   ; Input    ; (6) 2587 ps   ; --            ; --                    ; --  ; --   ;
; din[10]  ; Input    ; --            ; (6) 2585 ps   ; --                    ; --  ; --   ;
; din[11]  ; Input    ; (6) 2587 ps   ; --            ; --                    ; --  ; --   ;
+----------+----------+---------------+---------------+-----------------------+-----+------+


+------------------------------------------------------------------------------------------------------------------------------------------------------------------------------+
; Pad To Core Delay Chain Fanout                                                                                                                                               ;
+------------------------------------------------------------------------------------------------------------------------------------------------+-------------------+---------+
; Source Pin / Fanout                                                                                                                            ; Pad To Core Index ; Setting ;
+------------------------------------------------------------------------------------------------------------------------------------------------+-------------------+---------+
; clk                                                                                                                                            ;                   ;         ;
; rst                                                                                                                                            ;                   ;         ;
; din[0]                                                                                                                                         ;                   ;         ;
; din[1]                                                                                                                                         ;                   ;         ;
;      - window:u0|mult12_12:u2|lpm_mult:lpm_mult_component|mult_76p:auto_generated|mac_mult1                                                    ; 0                 ; 6       ;
;      - window:u0|shifter12_128:u0|altshift_taps:ALTSHIFT_TAPS_component|shift_taps_llv:auto_generated|altsyncram_lla1:altsyncram2|ram_block3a0 ; 0                 ; 6       ;
; din[2]                                                                                                                                         ;                   ;         ;
;      - window:u0|mult12_12:u2|lpm_mult:lpm_mult_component|mult_76p:auto_generated|mac_mult1                                                    ; 0                 ; 6       ;
;      - window:u0|shifter12_128:u0|altshift_taps:ALTSHIFT_TAPS_component|shift_taps_llv:auto_generated|altsyncram_lla1:altsyncram2|ram_block3a0 ; 0                 ; 6       ;
; din[3]                                                                                                                                         ;                   ;         ;
;      - window:u0|mult12_12:u2|lpm_mult:lpm_mult_component|mult_76p:auto_generated|mac_mult1                                                    ; 1                 ; 6       ;
;      - window:u0|shifter12_128:u0|altshift_taps:ALTSHIFT_TAPS_component|shift_taps_llv:auto_generated|altsyncram_lla1:altsyncram2|ram_block3a0 ; 1                 ; 6       ;
; din[4]                                                                                                                                         ;                   ;         ;
;      - window:u0|mult12_12:u2|lpm_mult:lpm_mult_component|mult_76p:auto_generated|mac_mult1                                                    ; 0                 ; 6       ;
;      - window:u0|shifter12_128:u0|altshift_taps:ALTSHIFT_TAPS_component|shift_taps_llv:auto_generated|altsyncram_lla1:altsyncram2|ram_block3a0 ; 0                 ; 6       ;
; din[5]                                                                                                                                         ;                   ;         ;
;      - window:u0|mult12_12:u2|lpm_mult:lpm_mult_component|mult_76p:auto_generated|mac_mult1                                                    ; 1                 ; 6       ;
;      - window:u0|shifter12_128:u0|altshift_taps:ALTSHIFT_TAPS_component|shift_taps_llv:auto_generated|altsyncram_lla1:altsyncram2|ram_block3a0 ; 1                 ; 6       ;
; din[6]                                                                                                                                         ;                   ;         ;
;      - window:u0|mult12_12:u2|lpm_mult:lpm_mult_component|mult_76p:auto_generated|mac_mult1                                                    ; 1                 ; 6       ;
;      - window:u0|shifter12_128:u0|altshift_taps:ALTSHIFT_TAPS_component|shift_taps_llv:auto_generated|altsyncram_lla1:altsyncram2|ram_block3a0 ; 1                 ; 6       ;
; din[7]                                                                                                                                         ;                   ;         ;
;      - window:u0|mult12_12:u2|lpm_mult:lpm_mult_component|mult_76p:auto_generated|mac_mult1                                                    ; 0                 ; 6       ;
;      - window:u0|shifter12_128:u0|altshift_taps:ALTSHIFT_TAPS_component|shift_taps_llv:auto_generated|altsyncram_lla1:altsyncram2|ram_block3a0 ; 0                 ; 6       ;
; din[8]                                                                                                                                         ;                   ;         ;
;      - window:u0|mult12_12:u2|lpm_mult:lpm_mult_component|mult_76p:auto_generated|mac_mult1                                                    ; 0                 ; 6       ;
;      - window:u0|shifter12_128:u0|altshift_taps:ALTSHIFT_TAPS_component|shift_taps_llv:auto_generated|altsyncram_lla1:altsyncram2|ram_block3a0 ; 0                 ; 6       ;
; din[9]                                                                                                                                         ;                   ;         ;
;      - window:u0|mult12_12:u2|lpm_mult:lpm_mult_component|mult_76p:auto_generated|mac_mult1                                                    ; 0                 ; 6       ;
;      - window:u0|shifter12_128:u0|altshift_taps:ALTSHIFT_TAPS_component|shift_taps_llv:auto_generated|altsyncram_lla1:altsyncram2|ram_block3a0 ; 0                 ; 6       ;
; din[10]                                                                                                                                        ;                   ;         ;
;      - window:u0|mult12_12:u2|lpm_mult:lpm_mult_component|mult_76p:auto_generated|mac_mult1                                                    ; 1                 ; 6       ;
;      - window:u0|shifter12_128:u0|altshift_taps:ALTSHIFT_TAPS_component|shift_taps_llv:auto_generated|altsyncram_lla1:altsyncram2|ram_block3a0 ; 1                 ; 6       ;
; din[11]                                                                                                                                        ;                   ;         ;
;      - window:u0|mult12_12:u2|lpm_mult:lpm_mult_component|mult_76p:auto_generated|mac_mult1                                                    ; 0                 ; 6       ;
;      - window:u0|shifter12_128:u0|altshift_taps:ALTSHIFT_TAPS_component|shift_taps_llv:auto_generated|altsyncram_lla1:altsyncram2|ram_block3a0 ; 0                 ; 6       ;
+------------------------------------------------------------------------------------------------------------------------------------------------+-------------------+---------+


+----------------------------------------------------------------------------------------------------------------------------------------------------------------------------------------------------------------------------------------------------------------------------------------------------------------------------------------------------------------------------------------------+
; Control Signals                                                                                                                                                                                                                                                                                                                                                                              ;
+---------------------------------------------------------------------------------------------------------------------------------------------------------------------------------------------------------------------------------------------------+--------------------+---------+----------------------------+--------+----------------------+------------------+---------------------------+
; Name                                                                                                                                                                                                                                              ; Location           ; Fan-Out ; Usage                      ; Global ; Global Resource Used ; Global Line Name ; Enable Signal Source Name ;
+---------------------------------------------------------------------------------------------------------------------------------------------------------------------------------------------------------------------------------------------------+--------------------+---------+----------------------------+--------+----------------------+------------------+---------------------------+
; clk                                                                                                                                                                                                                                               ; PIN_E1             ; 2       ; Clock                      ; no     ; --                   ; --               ; --                        ;
; clk                                                                                                                                                                                                                                               ; PIN_E1             ; 3245    ; Clock                      ; yes    ; Global Clock         ; GCLK2            ; --                        ;
; fftfilter:u1|altshift_taps:xkre0_rtl_0|shift_taps_ckm:auto_generated|cntr_p8h:cntr5|counter_comb_bita0~0                                                                                                                                          ; LCCOMB_X29_Y10_N8  ; 2       ; Clock enable               ; no     ; --                   ; --               ; --                        ;
; fftfilter:u1|altshift_taps:xkre0_rtl_0|shift_taps_ckm:auto_generated|dffe6                                                                                                                                                                        ; FF_X29_Y10_N9      ; 1       ; Async. clear               ; no     ; --                   ; --               ; --                        ;
; fftfilter:u1|always1~6                                                                                                                                                                                                                            ; LCCOMB_X9_Y14_N4   ; 32      ; Sync. clear                ; no     ; --                   ; --               ; --                        ;
; fftfilter:u1|fft256:u0|asj_fft_si_sose_so_b_fft_121:asj_fft_si_sose_so_b_fft_121_inst|asj_fft_bfp_ctrl_fft_121:\gen_se:bfpc|slb_last[0]~2                                                                                                         ; LCCOMB_X19_Y17_N14 ; 3       ; Clock enable               ; no     ; --                   ; --               ; --                        ;
; fftfilter:u1|fft256:u0|asj_fft_si_sose_so_b_fft_121:asj_fft_si_sose_so_b_fft_121_inst|asj_fft_bfp_ctrl_fft_121:\gen_se:bfpc|slb_last[1]                                                                                                           ; FF_X19_Y17_N27     ; 30      ; Sync. load                 ; no     ; --                   ; --               ; --                        ;
; fftfilter:u1|fft256:u0|asj_fft_si_sose_so_b_fft_121:asj_fft_si_sose_so_b_fft_121_inst|asj_fft_dft_bfp_sgl_fft_121:\gen_se:bfpdft|asj_fft_bfp_o_fft_121:bfp_detect|delay_next_pass_counter~2                                                       ; LCCOMB_X20_Y19_N16 ; 5       ; Sync. clear                ; no     ; --                   ; --               ; --                        ;
; fftfilter:u1|fft256:u0|asj_fft_si_sose_so_b_fft_121:asj_fft_si_sose_so_b_fft_121_inst|asj_fft_dft_bfp_sgl_fft_121:\gen_se:bfpdft|asj_fft_bfp_o_fft_121:bfp_detect|slb_i[3]~2                                                                      ; LCCOMB_X20_Y19_N24 ; 4       ; Clock enable               ; no     ; --                   ; --               ; --                        ;
; fftfilter:u1|fft256:u0|asj_fft_si_sose_so_b_fft_121:asj_fft_si_sose_so_b_fft_121_inst|asj_fft_dft_bfp_sgl_fft_121:\gen_se:bfpdft|butterfly_st1[0][1][0]~0                                                                                         ; LCCOMB_X11_Y11_N12 ; 32      ; Clock enable               ; no     ; --                   ; --               ; --                        ;
; fftfilter:u1|fft256:u0|asj_fft_si_sose_so_b_fft_121:asj_fft_si_sose_so_b_fft_121_inst|asj_fft_dft_bfp_sgl_fft_121:\gen_se:bfpdft|butterfly_st1[1][1][0]~0                                                                                         ; LCCOMB_X11_Y11_N18 ; 32      ; Clock enable               ; no     ; --                   ; --               ; --                        ;
; fftfilter:u1|fft256:u0|asj_fft_si_sose_so_b_fft_121:asj_fft_si_sose_so_b_fft_121_inst|asj_fft_dft_bfp_sgl_fft_121:\gen_se:bfpdft|butterfly_st1[2][1][0]~0                                                                                         ; LCCOMB_X11_Y11_N16 ; 32      ; Clock enable               ; no     ; --                   ; --               ; --                        ;
; fftfilter:u1|fft256:u0|asj_fft_si_sose_so_b_fft_121:asj_fft_si_sose_so_b_fft_121_inst|asj_fft_dft_bfp_sgl_fft_121:\gen_se:bfpdft|butterfly_st1[3][1][0]~0                                                                                         ; LCCOMB_X11_Y11_N6  ; 32      ; Clock enable               ; no     ; --                   ; --               ; --                        ;
; fftfilter:u1|fft256:u0|asj_fft_si_sose_so_b_fft_121:asj_fft_si_sose_so_b_fft_121_inst|asj_fft_dft_bfp_sgl_fft_121:\gen_se:bfpdft|x_3_imag_held[0]~0                                                                                               ; LCCOMB_X10_Y12_N2  ; 64      ; Clock enable               ; no     ; --                   ; --               ; --                        ;
; fftfilter:u1|fft256:u0|asj_fft_si_sose_so_b_fft_121:asj_fft_si_sose_so_b_fft_121_inst|asj_fft_m_k_counter_fft_121:ctrl|cnt_k~0                                                                                                                    ; LCCOMB_X21_Y20_N28 ; 10      ; Sync. clear                ; no     ; --                   ; --               ; --                        ;
; fftfilter:u1|fft256:u0|asj_fft_si_sose_so_b_fft_121:asj_fft_si_sose_so_b_fft_121_inst|asj_fft_m_k_counter_fft_121:ctrl|k_state.HOLD                                                                                                               ; FF_X17_Y18_N29     ; 9       ; Sync. clear                ; no     ; --                   ; --               ; --                        ;
; fftfilter:u1|fft256:u0|asj_fft_si_sose_so_b_fft_121:asj_fft_si_sose_so_b_fft_121_inst|asj_fft_m_k_counter_fft_121:ctrl|np~0                                                                                                                       ; LCCOMB_X17_Y18_N10 ; 9       ; Sync. clear                ; no     ; --                   ; --               ; --                        ;
; fftfilter:u1|fft256:u0|asj_fft_si_sose_so_b_fft_121:asj_fft_si_sose_so_b_fft_121_inst|asj_fft_m_k_counter_fft_121:ctrl|p[0]~4                                                                                                                     ; LCCOMB_X21_Y20_N24 ; 4       ; Clock enable               ; no     ; --                   ; --               ; --                        ;
; fftfilter:u1|fft256:u0|asj_fft_si_sose_so_b_fft_121:asj_fft_si_sose_so_b_fft_121_inst|asj_fft_twadsogen_q_fft_121:\gen_se:gen_new:twid_factors|perm_addr[6]                                                                                       ; FF_X26_Y22_N31     ; 13      ; Sync. load                 ; no     ; --                   ; --               ; --                        ;
; fftfilter:u1|fft256:u0|asj_fft_si_sose_so_b_fft_121:asj_fft_si_sose_so_b_fft_121_inst|auk_dspip_avalon_streaming_sink_fft_121:auk_dsp_atlantic_sink_1|LessThan0~2                                                                                 ; LCCOMB_X19_Y15_N26 ; 9       ; Sync. clear                ; no     ; --                   ; --               ; --                        ;
; fftfilter:u1|fft256:u0|asj_fft_si_sose_so_b_fft_121:asj_fft_si_sose_so_b_fft_121_inst|auk_dspip_avalon_streaming_sink_fft_121:auk_dsp_atlantic_sink_1|Selector7~0                                                                                 ; LCCOMB_X19_Y13_N28 ; 19      ; Clock enable               ; no     ; --                   ; --               ; --                        ;
; fftfilter:u1|fft256:u0|asj_fft_si_sose_so_b_fft_121:asj_fft_si_sose_so_b_fft_121_inst|auk_dspip_avalon_streaming_sink_fft_121:auk_dsp_atlantic_sink_1|count[2]~18                                                                                 ; LCCOMB_X26_Y9_N6   ; 8       ; Sync. clear                ; no     ; --                   ; --               ; --                        ;
; fftfilter:u1|fft256:u0|asj_fft_si_sose_so_b_fft_121:asj_fft_si_sose_so_b_fft_121_inst|auk_dspip_avalon_streaming_sink_fft_121:auk_dsp_atlantic_sink_1|count[2]~19                                                                                 ; LCCOMB_X26_Y9_N16  ; 8       ; Clock enable               ; no     ; --                   ; --               ; --                        ;
; fftfilter:u1|fft256:u0|asj_fft_si_sose_so_b_fft_121:asj_fft_si_sose_so_b_fft_121_inst|auk_dspip_avalon_streaming_sink_fft_121:auk_dsp_atlantic_sink_1|data_take                                                                                   ; LCCOMB_X26_Y9_N30  ; 16      ; Clock enable               ; no     ; --                   ; --               ; --                        ;
; fftfilter:u1|fft256:u0|asj_fft_si_sose_so_b_fft_121:asj_fft_si_sose_so_b_fft_121_inst|auk_dspip_avalon_streaming_sink_fft_121:auk_dsp_atlantic_sink_1|fifo_wrreq~0                                                                                ; LCCOMB_X19_Y13_N22 ; 9       ; Clock enable, Write enable ; no     ; --                   ; --               ; --                        ;
; fftfilter:u1|fft256:u0|asj_fft_si_sose_so_b_fft_121:asj_fft_si_sose_so_b_fft_121_inst|auk_dspip_avalon_streaming_sink_fft_121:auk_dsp_atlantic_sink_1|scfifo:\normal_fifo:fifo_eab_on:in_fifo|scfifo_udh1:auto_generated|a_dpfifo_no81:dpfifo|_~6 ; LCCOMB_X14_Y16_N2  ; 2       ; Clock enable               ; no     ; --                   ; --               ; --                        ;
; fftfilter:u1|fft256:u0|asj_fft_si_sose_so_b_fft_121:asj_fft_si_sose_so_b_fft_121_inst|auk_dspip_avalon_streaming_sink_fft_121:auk_dsp_atlantic_sink_1|scfifo:\normal_fifo:fifo_eab_on:in_fifo|scfifo_udh1:auto_generated|a_dpfifo_no81:dpfifo|_~8 ; LCCOMB_X19_Y13_N30 ; 3       ; Clock enable               ; no     ; --                   ; --               ; --                        ;
; fftfilter:u1|fft256:u0|asj_fft_si_sose_so_b_fft_121:asj_fft_si_sose_so_b_fft_121_inst|auk_dspip_avalon_streaming_sink_fft_121:auk_dsp_atlantic_sink_1|send_sop_eop_p~0                                                                            ; LCCOMB_X19_Y13_N8  ; 2       ; Clock enable               ; no     ; --                   ; --               ; --                        ;
; fftfilter:u1|fft256:u0|asj_fft_si_sose_so_b_fft_121:asj_fft_si_sose_so_b_fft_121_inst|auk_dspip_avalon_streaming_source_fft_121:auk_dsp_atlantic_source_1|Mux1~0                                                                                  ; LCCOMB_X23_Y6_N10  ; 32      ; Clock enable               ; no     ; --                   ; --               ; --                        ;
; fftfilter:u1|fft256:u0|asj_fft_si_sose_so_b_fft_121:asj_fft_si_sose_so_b_fft_121_inst|auk_dspip_avalon_streaming_source_fft_121:auk_dsp_atlantic_source_1|stall_controller_comb~0                                                                 ; LCCOMB_X19_Y13_N16 ; 41      ; Clock enable               ; no     ; --                   ; --               ; --                        ;
; fftfilter:u1|fft256:u0|asj_fft_si_sose_so_b_fft_121:asj_fft_si_sose_so_b_fft_121_inst|auk_dspip_avalon_streaming_source_fft_121:auk_dsp_atlantic_source_1|was_stalled~0                                                                           ; LCCOMB_X17_Y18_N22 ; 1196    ; Clock enable               ; no     ; --                   ; --               ; --                        ;
; fftfilter:u1|fft256:u0|asj_fft_si_sose_so_b_fft_121:asj_fft_si_sose_so_b_fft_121_inst|data_count_sig[3]~25                                                                                                                                        ; LCCOMB_X22_Y6_N28  ; 8       ; Sync. load                 ; no     ; --                   ; --               ; --                        ;
; fftfilter:u1|fft256:u0|asj_fft_si_sose_so_b_fft_121:asj_fft_si_sose_so_b_fft_121_inst|data_count_sig[7]~26                                                                                                                                        ; LCCOMB_X22_Y6_N14  ; 8       ; Clock enable               ; no     ; --                   ; --               ; --                        ;
; fftfilter:u1|fft256:u0|asj_fft_si_sose_so_b_fft_121:asj_fft_si_sose_so_b_fft_121_inst|fft_s2_cur.START_LPP                                                                                                                                        ; FF_X16_Y17_N29     ; 9       ; Sync. clear                ; no     ; --                   ; --               ; --                        ;
; fftfilter:u1|fft256:u0|asj_fft_si_sose_so_b_fft_121:asj_fft_si_sose_so_b_fft_121_inst|k_count_tw_en                                                                                                                                               ; FF_X21_Y20_N5      ; 9       ; Sync. clear                ; no     ; --                   ; --               ; --                        ;
; fftfilter:u1|fft256:u0|asj_fft_si_sose_so_b_fft_121:asj_fft_si_sose_so_b_fft_121_inst|k_count_wr_en                                                                                                                                               ; FF_X21_Y20_N9      ; 9       ; Sync. clear                ; no     ; --                   ; --               ; --                        ;
; fftfilter:u1|fft256:u0|asj_fft_si_sose_so_b_fft_121:asj_fft_si_sose_so_b_fft_121_inst|output_sample_counter~0                                                                                                                                     ; LCCOMB_X16_Y17_N18 ; 8       ; Sync. clear                ; no     ; --                   ; --               ; --                        ;
; fftfilter:u1|fft256:u0|asj_fft_si_sose_so_b_fft_121:asj_fft_si_sose_so_b_fft_121_inst|wren_a                                                                                                                                                      ; FF_X20_Y21_N9      ; 1       ; Write enable               ; no     ; --                   ; --               ; --                        ;
; fftfilter:u1|shifter16_256:u3|altshift_taps:ALTSHIFT_TAPS_component|shift_taps_bbv:auto_generated|cntr_ksf:cntr1|cout_actual                                                                                                                      ; LCCOMB_X12_Y16_N12 ; 8       ; Sync. load                 ; no     ; --                   ; --               ; --                        ;
; fftfilter:u1|shifter16_256:u4|altshift_taps:ALTSHIFT_TAPS_component|shift_taps_bbv:auto_generated|cntr_ksf:cntr1|cout_actual                                                                                                                      ; LCCOMB_X24_Y9_N22  ; 8       ; Sync. load                 ; no     ; --                   ; --               ; --                        ;
; fftfilter:u1|sum[30]~96                                                                                                                                                                                                                           ; LCCOMB_X9_Y14_N8   ; 32      ; Clock enable               ; no     ; --                   ; --               ; --                        ;
; ifftout:u2|fft256:u0|asj_fft_si_sose_so_b_fft_121:asj_fft_si_sose_so_b_fft_121_inst|asj_fft_bfp_ctrl_fft_121:\gen_se:bfpc|slb_last[0]~2                                                                                                           ; LCCOMB_X24_Y21_N24 ; 3       ; Clock enable               ; no     ; --                   ; --               ; --                        ;
; ifftout:u2|fft256:u0|asj_fft_si_sose_so_b_fft_121:asj_fft_si_sose_so_b_fft_121_inst|asj_fft_bfp_ctrl_fft_121:\gen_se:bfpc|slb_last[1]                                                                                                             ; FF_X24_Y21_N29     ; 30      ; Sync. load                 ; no     ; --                   ; --               ; --                        ;
; ifftout:u2|fft256:u0|asj_fft_si_sose_so_b_fft_121:asj_fft_si_sose_so_b_fft_121_inst|asj_fft_dft_bfp_sgl_fft_121:\gen_se:bfpdft|asj_fft_bfp_o_fft_121:bfp_detect|delay_next_pass_counter~2                                                         ; LCCOMB_X27_Y21_N16 ; 5       ; Sync. clear                ; no     ; --                   ; --               ; --                        ;
; ifftout:u2|fft256:u0|asj_fft_si_sose_so_b_fft_121:asj_fft_si_sose_so_b_fft_121_inst|asj_fft_dft_bfp_sgl_fft_121:\gen_se:bfpdft|asj_fft_bfp_o_fft_121:bfp_detect|slb_i[3]~2                                                                        ; LCCOMB_X27_Y21_N10 ; 4       ; Clock enable               ; no     ; --                   ; --               ; --                        ;
; ifftout:u2|fft256:u0|asj_fft_si_sose_so_b_fft_121:asj_fft_si_sose_so_b_fft_121_inst|asj_fft_dft_bfp_sgl_fft_121:\gen_se:bfpdft|butterfly_st1[0][1][0]~0                                                                                           ; LCCOMB_X19_Y12_N30 ; 32      ; Clock enable               ; no     ; --                   ; --               ; --                        ;
; ifftout:u2|fft256:u0|asj_fft_si_sose_so_b_fft_121:asj_fft_si_sose_so_b_fft_121_inst|asj_fft_dft_bfp_sgl_fft_121:\gen_se:bfpdft|butterfly_st1[1][1][0]~0                                                                                           ; LCCOMB_X19_Y12_N10 ; 32      ; Clock enable               ; no     ; --                   ; --               ; --                        ;
; ifftout:u2|fft256:u0|asj_fft_si_sose_so_b_fft_121:asj_fft_si_sose_so_b_fft_121_inst|asj_fft_dft_bfp_sgl_fft_121:\gen_se:bfpdft|butterfly_st1[2][1][0]~0                                                                                           ; LCCOMB_X19_Y12_N20 ; 32      ; Clock enable               ; no     ; --                   ; --               ; --                        ;
; ifftout:u2|fft256:u0|asj_fft_si_sose_so_b_fft_121:asj_fft_si_sose_so_b_fft_121_inst|asj_fft_dft_bfp_sgl_fft_121:\gen_se:bfpdft|butterfly_st1[3][1][0]~0                                                                                           ; LCCOMB_X19_Y12_N8  ; 32      ; Clock enable               ; no     ; --                   ; --               ; --                        ;
; ifftout:u2|fft256:u0|asj_fft_si_sose_so_b_fft_121:asj_fft_si_sose_so_b_fft_121_inst|asj_fft_dft_bfp_sgl_fft_121:\gen_se:bfpdft|x_3_imag_held[0]~0                                                                                                 ; LCCOMB_X21_Y11_N0  ; 64      ; Clock enable               ; no     ; --                   ; --               ; --                        ;
; ifftout:u2|fft256:u0|asj_fft_si_sose_so_b_fft_121:asj_fft_si_sose_so_b_fft_121_inst|asj_fft_m_k_counter_fft_121:ctrl|cnt_k~0                                                                                                                      ; LCCOMB_X31_Y18_N12 ; 10      ; Sync. clear                ; no     ; --                   ; --               ; --                        ;
; ifftout:u2|fft256:u0|asj_fft_si_sose_so_b_fft_121:asj_fft_si_sose_so_b_fft_121_inst|asj_fft_m_k_counter_fft_121:ctrl|k_state.HOLD                                                                                                                 ; FF_X28_Y19_N29     ; 9       ; Sync. clear                ; no     ; --                   ; --               ; --                        ;
; ifftout:u2|fft256:u0|asj_fft_si_sose_so_b_fft_121:asj_fft_si_sose_so_b_fft_121_inst|asj_fft_m_k_counter_fft_121:ctrl|np~0                                                                                                                         ; LCCOMB_X28_Y19_N24 ; 9       ; Sync. clear                ; no     ; --                   ; --               ; --                        ;
; ifftout:u2|fft256:u0|asj_fft_si_sose_so_b_fft_121:asj_fft_si_sose_so_b_fft_121_inst|asj_fft_m_k_counter_fft_121:ctrl|p[0]~4                                                                                                                       ; LCCOMB_X31_Y18_N6  ; 4       ; Clock enable               ; no     ; --                   ; --               ; --                        ;
; ifftout:u2|fft256:u0|asj_fft_si_sose_so_b_fft_121:asj_fft_si_sose_so_b_fft_121_inst|asj_fft_twadsogen_q_fft_121:\gen_se:gen_new:twid_factors|perm_addr[6]                                                                                         ; FF_X28_Y13_N29     ; 13      ; Sync. load                 ; no     ; --                   ; --               ; --                        ;
; ifftout:u2|fft256:u0|asj_fft_si_sose_so_b_fft_121:asj_fft_si_sose_so_b_fft_121_inst|auk_dspip_avalon_streaming_sink_fft_121:auk_dsp_atlantic_sink_1|LessThan0~2                                                                                   ; LCCOMB_X31_Y20_N2  ; 9       ; Sync. clear                ; no     ; --                   ; --               ; --                        ;
; ifftout:u2|fft256:u0|asj_fft_si_sose_so_b_fft_121:asj_fft_si_sose_so_b_fft_121_inst|auk_dspip_avalon_streaming_sink_fft_121:auk_dsp_atlantic_sink_1|Selector7~0                                                                                   ; LCCOMB_X29_Y19_N30 ; 20      ; Clock enable               ; no     ; --                   ; --               ; --                        ;
; ifftout:u2|fft256:u0|asj_fft_si_sose_so_b_fft_121:asj_fft_si_sose_so_b_fft_121_inst|auk_dspip_avalon_streaming_sink_fft_121:auk_dsp_atlantic_sink_1|count[0]~12                                                                                   ; LCCOMB_X29_Y11_N26 ; 8       ; Sync. clear                ; no     ; --                   ; --               ; --                        ;
; ifftout:u2|fft256:u0|asj_fft_si_sose_so_b_fft_121:asj_fft_si_sose_so_b_fft_121_inst|auk_dspip_avalon_streaming_sink_fft_121:auk_dsp_atlantic_sink_1|count[0]~13                                                                                   ; LCCOMB_X29_Y11_N4  ; 8       ; Clock enable               ; no     ; --                   ; --               ; --                        ;
; ifftout:u2|fft256:u0|asj_fft_si_sose_so_b_fft_121:asj_fft_si_sose_so_b_fft_121_inst|auk_dspip_avalon_streaming_sink_fft_121:auk_dsp_atlantic_sink_1|data_take                                                                                     ; LCCOMB_X29_Y11_N30 ; 32      ; Clock enable               ; no     ; --                   ; --               ; --                        ;
; ifftout:u2|fft256:u0|asj_fft_si_sose_so_b_fft_121:asj_fft_si_sose_so_b_fft_121_inst|auk_dspip_avalon_streaming_sink_fft_121:auk_dsp_atlantic_sink_1|fifo_wrreq~0                                                                                  ; LCCOMB_X29_Y15_N20 ; 10      ; Clock enable, Write enable ; no     ; --                   ; --               ; --                        ;
; ifftout:u2|fft256:u0|asj_fft_si_sose_so_b_fft_121:asj_fft_si_sose_so_b_fft_121_inst|auk_dspip_avalon_streaming_sink_fft_121:auk_dsp_atlantic_sink_1|scfifo:\normal_fifo:fifo_eab_on:in_fifo|scfifo_udh1:auto_generated|a_dpfifo_no81:dpfifo|_~6   ; LCCOMB_X31_Y12_N10 ; 2       ; Clock enable               ; no     ; --                   ; --               ; --                        ;
; ifftout:u2|fft256:u0|asj_fft_si_sose_so_b_fft_121:asj_fft_si_sose_so_b_fft_121_inst|auk_dspip_avalon_streaming_sink_fft_121:auk_dsp_atlantic_sink_1|scfifo:\normal_fifo:fifo_eab_on:in_fifo|scfifo_udh1:auto_generated|a_dpfifo_no81:dpfifo|_~7   ; LCCOMB_X29_Y15_N22 ; 3       ; Clock enable               ; no     ; --                   ; --               ; --                        ;
; ifftout:u2|fft256:u0|asj_fft_si_sose_so_b_fft_121:asj_fft_si_sose_so_b_fft_121_inst|auk_dspip_avalon_streaming_sink_fft_121:auk_dsp_atlantic_sink_1|send_sop_eop_p~0                                                                              ; LCCOMB_X29_Y19_N28 ; 2       ; Clock enable               ; no     ; --                   ; --               ; --                        ;
; ifftout:u2|fft256:u0|asj_fft_si_sose_so_b_fft_121:asj_fft_si_sose_so_b_fft_121_inst|auk_dspip_avalon_streaming_source_fft_121:auk_dsp_atlantic_source_1|Mux1~0                                                                                    ; LCCOMB_X29_Y21_N18 ; 16      ; Clock enable               ; no     ; --                   ; --               ; --                        ;
; ifftout:u2|fft256:u0|asj_fft_si_sose_so_b_fft_121:asj_fft_si_sose_so_b_fft_121_inst|auk_dspip_avalon_streaming_source_fft_121:auk_dsp_atlantic_source_1|stall_controller_comb~0                                                                   ; LCCOMB_X29_Y19_N14 ; 25      ; Clock enable               ; no     ; --                   ; --               ; --                        ;
; ifftout:u2|fft256:u0|asj_fft_si_sose_so_b_fft_121:asj_fft_si_sose_so_b_fft_121_inst|auk_dspip_avalon_streaming_source_fft_121:auk_dsp_atlantic_source_1|was_stalled~0                                                                             ; LCCOMB_X28_Y19_N22 ; 1180    ; Clock enable               ; no     ; --                   ; --               ; --                        ;
; ifftout:u2|fft256:u0|asj_fft_si_sose_so_b_fft_121:asj_fft_si_sose_so_b_fft_121_inst|data_count_sig[4]~25                                                                                                                                          ; LCCOMB_X22_Y21_N12 ; 8       ; Sync. load                 ; no     ; --                   ; --               ; --                        ;
; ifftout:u2|fft256:u0|asj_fft_si_sose_so_b_fft_121:asj_fft_si_sose_so_b_fft_121_inst|data_count_sig[7]~26                                                                                                                                          ; LCCOMB_X22_Y21_N14 ; 8       ; Clock enable               ; no     ; --                   ; --               ; --                        ;
; ifftout:u2|fft256:u0|asj_fft_si_sose_so_b_fft_121:asj_fft_si_sose_so_b_fft_121_inst|fft_s2_cur.START_LPP                                                                                                                                          ; FF_X28_Y20_N19     ; 9       ; Sync. clear                ; no     ; --                   ; --               ; --                        ;
; ifftout:u2|fft256:u0|asj_fft_si_sose_so_b_fft_121:asj_fft_si_sose_so_b_fft_121_inst|k_count_tw_en                                                                                                                                                 ; FF_X29_Y17_N19     ; 9       ; Sync. clear                ; no     ; --                   ; --               ; --                        ;
; ifftout:u2|fft256:u0|asj_fft_si_sose_so_b_fft_121:asj_fft_si_sose_so_b_fft_121_inst|k_count_wr_en                                                                                                                                                 ; FF_X29_Y17_N25     ; 9       ; Sync. clear                ; no     ; --                   ; --               ; --                        ;
; ifftout:u2|fft256:u0|asj_fft_si_sose_so_b_fft_121:asj_fft_si_sose_so_b_fft_121_inst|output_sample_counter~0                                                                                                                                       ; LCCOMB_X28_Y19_N30 ; 8       ; Sync. clear                ; no     ; --                   ; --               ; --                        ;
; ifftout:u2|fft256:u0|asj_fft_si_sose_so_b_fft_121:asj_fft_si_sose_so_b_fft_121_inst|wren_a                                                                                                                                                        ; FF_X31_Y19_N9      ; 1       ; Write enable               ; no     ; --                   ; --               ; --                        ;
; ifftout:u2|rdce_aft                                                                                                                                                                                                                               ; FF_X8_Y14_N23      ; 9       ; Clock enable               ; no     ; --                   ; --               ; --                        ;
; ifftout:u2|rdce_pre                                                                                                                                                                                                                               ; FF_X8_Y14_N25      ; 9       ; Clock enable               ; no     ; --                   ; --               ; --                        ;
; ifftout:u2|wren_aft~0                                                                                                                                                                                                                             ; LCCOMB_X22_Y18_N0  ; 1       ; Clock enable, Write enable ; no     ; --                   ; --               ; --                        ;
; ifftout:u2|wren_pre~2                                                                                                                                                                                                                             ; LCCOMB_X22_Y18_N10 ; 1       ; Clock enable, Write enable ; no     ; --                   ; --               ; --                        ;
; rst                                                                                                                                                                                                                                               ; PIN_M2             ; 765     ; Sync. clear, Sync. load    ; no     ; --                   ; --               ; --                        ;
; rst                                                                                                                                                                                                                                               ; PIN_M2             ; 960     ; Async. clear               ; yes    ; Global Clock         ; GCLK4            ; --                        ;
; window:u0|always2~1                                                                                                                                                                                                                               ; LCCOMB_X12_Y5_N16  ; 8       ; Sync. clear                ; no     ; --                   ; --               ; --                        ;
; window:u0|clk16dv                                                                                                                                                                                                                                 ; FF_X1_Y14_N31      ; 72      ; Clock                      ; yes    ; Global Clock         ; GCLK0            ; --                        ;
; window:u0|shifter12_128:u0|altshift_taps:ALTSHIFT_TAPS_component|shift_taps_llv:auto_generated|cntr_hsf:cntr1|cout_actual                                                                                                                         ; LCCOMB_X14_Y7_N28  ; 7       ; Sync. load                 ; no     ; --                   ; --               ; --                        ;
; window:u0|shifter16_2048:u6|altshift_taps:ALTSHIFT_TAPS_component|shift_taps_2mv:auto_generated|cntr_ksf:cntr1|cout_actual                                                                                                                        ; LCCOMB_X14_Y9_N4   ; 8       ; Sync. load                 ; no     ; --                   ; --               ; --                        ;
+---------------------------------------------------------------------------------------------------------------------------------------------------------------------------------------------------------------------------------------------------+--------------------+---------+----------------------------+--------+----------------------+------------------+---------------------------+


+----------------------------------------------------------------------------------------------------------------------------------------------------------+
; Global & Other Fast Signals                                                                                                                              ;
+-------------------+---------------+---------+--------------------------------------+----------------------+------------------+---------------------------+
; Name              ; Location      ; Fan-Out ; Fan-Out Using Intentional Clock Skew ; Global Resource Used ; Global Line Name ; Enable Signal Source Name ;
+-------------------+---------------+---------+--------------------------------------+----------------------+------------------+---------------------------+
; clk               ; PIN_E1        ; 3245    ; 0                                    ; Global Clock         ; GCLK2            ; --                        ;
; rst               ; PIN_M2        ; 960     ; 0                                    ; Global Clock         ; GCLK4            ; --                        ;
; window:u0|clk16dv ; FF_X1_Y14_N31 ; 72      ; 0                                    ; Global Clock         ; GCLK0            ; --                        ;
+-------------------+---------------+---------+--------------------------------------+----------------------+------------------+---------------------------+


+---------------------------------------------------------------------------------------------------------------------------------------------------------------------------------------------+
; Non-Global High Fan-Out Signals                                                                                                                                                             ;
+-----------------------------------------------------------------------------------------------------------------------------------------------------------------------------------+---------+
; Name                                                                                                                                                                              ; Fan-Out ;
+-----------------------------------------------------------------------------------------------------------------------------------------------------------------------------------+---------+
; fftfilter:u1|fft256:u0|asj_fft_si_sose_so_b_fft_121:asj_fft_si_sose_so_b_fft_121_inst|auk_dspip_avalon_streaming_source_fft_121:auk_dsp_atlantic_source_1|was_stalled~0           ; 1196    ;
; ifftout:u2|fft256:u0|asj_fft_si_sose_so_b_fft_121:asj_fft_si_sose_so_b_fft_121_inst|auk_dspip_avalon_streaming_source_fft_121:auk_dsp_atlantic_source_1|was_stalled~0             ; 1180    ;
; rst~input                                                                                                                                                                         ; 764     ;
; ~GND                                                                                                                                                                              ; 125     ;
; fftfilter:u1|fft256:u0|asj_fft_si_sose_so_b_fft_121:asj_fft_si_sose_so_b_fft_121_inst|asj_fft_dft_bfp_sgl_fft_121:\gen_se:bfpdft|si[1]                                            ; 68      ;
; ifftout:u2|fft256:u0|asj_fft_si_sose_so_b_fft_121:asj_fft_si_sose_so_b_fft_121_inst|asj_fft_dft_bfp_sgl_fft_121:\gen_se:bfpdft|si[1]                                              ; 68      ;
; fftfilter:u1|fft256:u0|asj_fft_si_sose_so_b_fft_121:asj_fft_si_sose_so_b_fft_121_inst|asj_fft_dft_bfp_sgl_fft_121:\gen_se:bfpdft|sel_arr[9][0]                                    ; 67      ;
; fftfilter:u1|fft256:u0|asj_fft_si_sose_so_b_fft_121:asj_fft_si_sose_so_b_fft_121_inst|asj_fft_dft_bfp_sgl_fft_121:\gen_se:bfpdft|sel_arr[9][1]                                    ; 67      ;
; ifftout:u2|fft256:u0|asj_fft_si_sose_so_b_fft_121:asj_fft_si_sose_so_b_fft_121_inst|asj_fft_dft_bfp_sgl_fft_121:\gen_se:bfpdft|sel_arr[9][0]                                      ; 67      ;
; ifftout:u2|fft256:u0|asj_fft_si_sose_so_b_fft_121:asj_fft_si_sose_so_b_fft_121_inst|asj_fft_dft_bfp_sgl_fft_121:\gen_se:bfpdft|sel_arr[9][1]                                      ; 67      ;
; fftfilter:u1|fft256:u0|asj_fft_si_sose_so_b_fft_121:asj_fft_si_sose_so_b_fft_121_inst|asj_fft_dft_bfp_sgl_fft_121:\gen_se:bfpdft|x_3_imag_held[0]~0                               ; 64      ;
; ifftout:u2|fft256:u0|asj_fft_si_sose_so_b_fft_121:asj_fft_si_sose_so_b_fft_121_inst|asj_fft_dft_bfp_sgl_fft_121:\gen_se:bfpdft|x_3_imag_held[0]~0                                 ; 64      ;
; fftfilter:u1|fft256:u0|asj_fft_si_sose_so_b_fft_121:asj_fft_si_sose_so_b_fft_121_inst|auk_dspip_avalon_streaming_source_fft_121:auk_dsp_atlantic_source_1|stall_controller_comb~0 ; 41      ;
; fftfilter:u1|fft256:u0|asj_fft_si_sose_so_b_fft_121:asj_fft_si_sose_so_b_fft_121_inst|quad_del_1[2]                                                                               ; 37      ;
; ifftout:u2|fft256:u0|asj_fft_si_sose_so_b_fft_121:asj_fft_si_sose_so_b_fft_121_inst|quad_del_1[2]                                                                                 ; 37      ;
; fftfilter:u1|fft256:u0|asj_fft_si_sose_so_b_fft_121:asj_fft_si_sose_so_b_fft_121_inst|quad_del_1[0]                                                                               ; 35      ;
; ifftout:u2|fft256:u0|asj_fft_si_sose_so_b_fft_121:asj_fft_si_sose_so_b_fft_121_inst|quad_del_1[0]                                                                                 ; 35      ;
; fftfilter:u1|fft256:u0|asj_fft_si_sose_so_b_fft_121:asj_fft_si_sose_so_b_fft_121_inst|val_out                                                                                     ; 34      ;
; fftfilter:u1|fft256:u0|asj_fft_si_sose_so_b_fft_121:asj_fft_si_sose_so_b_fft_121_inst|asj_fft_bfp_ctrl_fft_121:\gen_se:bfpc|slb_last[0]                                           ; 33      ;
; ifftout:u2|fft256:u0|asj_fft_si_sose_so_b_fft_121:asj_fft_si_sose_so_b_fft_121_inst|asj_fft_bfp_ctrl_fft_121:\gen_se:bfpc|slb_last[0]                                             ; 33      ;
; ifftout:u2|fft256:u0|asj_fft_si_sose_so_b_fft_121:asj_fft_si_sose_so_b_fft_121_inst|auk_dspip_avalon_streaming_sink_fft_121:auk_dsp_atlantic_sink_1|data_take                     ; 32      ;
; fftfilter:u1|fft256:u0|asj_fft_si_sose_so_b_fft_121:asj_fft_si_sose_so_b_fft_121_inst|asj_fft_dft_bfp_sgl_fft_121:\gen_se:bfpdft|butterfly_st1[0][1][0]~0                         ; 32      ;
; fftfilter:u1|fft256:u0|asj_fft_si_sose_so_b_fft_121:asj_fft_si_sose_so_b_fft_121_inst|asj_fft_dft_bfp_sgl_fft_121:\gen_se:bfpdft|butterfly_st1[2][1][0]~0                         ; 32      ;
; fftfilter:u1|fft256:u0|asj_fft_si_sose_so_b_fft_121:asj_fft_si_sose_so_b_fft_121_inst|asj_fft_dft_bfp_sgl_fft_121:\gen_se:bfpdft|butterfly_st1[1][1][0]~0                         ; 32      ;
; fftfilter:u1|fft256:u0|asj_fft_si_sose_so_b_fft_121:asj_fft_si_sose_so_b_fft_121_inst|asj_fft_dft_bfp_sgl_fft_121:\gen_se:bfpdft|butterfly_st1[3][1][0]~0                         ; 32      ;
; fftfilter:u1|fft256:u0|asj_fft_si_sose_so_b_fft_121:asj_fft_si_sose_so_b_fft_121_inst|sel_ram_in                                                                                  ; 32      ;
; ifftout:u2|fft256:u0|asj_fft_si_sose_so_b_fft_121:asj_fft_si_sose_so_b_fft_121_inst|asj_fft_dft_bfp_sgl_fft_121:\gen_se:bfpdft|butterfly_st1[0][1][0]~0                           ; 32      ;
; ifftout:u2|fft256:u0|asj_fft_si_sose_so_b_fft_121:asj_fft_si_sose_so_b_fft_121_inst|asj_fft_dft_bfp_sgl_fft_121:\gen_se:bfpdft|butterfly_st1[2][1][0]~0                           ; 32      ;
; ifftout:u2|fft256:u0|asj_fft_si_sose_so_b_fft_121:asj_fft_si_sose_so_b_fft_121_inst|asj_fft_dft_bfp_sgl_fft_121:\gen_se:bfpdft|butterfly_st1[1][1][0]~0                           ; 32      ;
; ifftout:u2|fft256:u0|asj_fft_si_sose_so_b_fft_121:asj_fft_si_sose_so_b_fft_121_inst|asj_fft_dft_bfp_sgl_fft_121:\gen_se:bfpdft|butterfly_st1[3][1][0]~0                           ; 32      ;
; fftfilter:u1|fft256:u0|asj_fft_si_sose_so_b_fft_121:asj_fft_si_sose_so_b_fft_121_inst|auk_dspip_avalon_streaming_source_fft_121:auk_dsp_atlantic_source_1|Mux1~0                  ; 32      ;
; fftfilter:u1|sum[30]~96                                                                                                                                                           ; 32      ;
; fftfilter:u1|always1~6                                                                                                                                                            ; 32      ;
; fftfilter:u1|LessThan7~48                                                                                                                                                         ; 32      ;
; ifftout:u2|fft256:u0|asj_fft_si_sose_so_b_fft_121:asj_fft_si_sose_so_b_fft_121_inst|sel_ram_in                                                                                    ; 32      ;
; fftfilter:u1|Add2~0                                                                                                                                                               ; 32      ;
; fftfilter:u1|gate[27]~54                                                                                                                                                          ; 32      ;
; fftfilter:u1|fft256:u0|asj_fft_si_sose_so_b_fft_121:asj_fft_si_sose_so_b_fft_121_inst|asj_fft_bfp_ctrl_fft_121:\gen_se:bfpc|slb_last[1]                                           ; 30      ;
; fftfilter:u1|fft256:u0|asj_fft_si_sose_so_b_fft_121:asj_fft_si_sose_so_b_fft_121_inst|quad_del_1[1]                                                                               ; 30      ;
; ifftout:u2|fft256:u0|asj_fft_si_sose_so_b_fft_121:asj_fft_si_sose_so_b_fft_121_inst|asj_fft_bfp_ctrl_fft_121:\gen_se:bfpc|slb_last[1]                                             ; 30      ;
; ifftout:u2|fft256:u0|asj_fft_si_sose_so_b_fft_121:asj_fft_si_sose_so_b_fft_121_inst|quad_del_1[1]                                                                                 ; 30      ;
; fftfilter:u1|fft256:u0|asj_fft_si_sose_so_b_fft_121:asj_fft_si_sose_so_b_fft_121_inst|asj_fft_bfp_ctrl_fft_121:\gen_se:bfpc|slb_last[2]                                           ; 28      ;
; ifftout:u2|fft256:u0|asj_fft_si_sose_so_b_fft_121:asj_fft_si_sose_so_b_fft_121_inst|asj_fft_bfp_ctrl_fft_121:\gen_se:bfpc|slb_last[2]                                             ; 28      ;
; ifftout:u2|fft256:u0|asj_fft_si_sose_so_b_fft_121:asj_fft_si_sose_so_b_fft_121_inst|auk_dspip_avalon_streaming_source_fft_121:auk_dsp_atlantic_source_1|stall_controller_comb~0   ; 25      ;
; window:u0|count_addr[11]                                                                                                                                                          ; 21      ;
; fftfilter:u1|fft256:u0|asj_fft_si_sose_so_b_fft_121:asj_fft_si_sose_so_b_fft_121_inst|twiddle_data_real[12]~33                                                                    ; 20      ;
; ifftout:u2|fft256:u0|asj_fft_si_sose_so_b_fft_121:asj_fft_si_sose_so_b_fft_121_inst|twiddle_data_real[14]~33                                                                      ; 20      ;
; ifftout:u2|fft256:u0|asj_fft_si_sose_so_b_fft_121:asj_fft_si_sose_so_b_fft_121_inst|auk_dspip_avalon_streaming_sink_fft_121:auk_dsp_atlantic_sink_1|Selector7~0                   ; 20      ;
; fftfilter:u1|fft256:u0|asj_fft_si_sose_so_b_fft_121:asj_fft_si_sose_so_b_fft_121_inst|auk_dspip_avalon_streaming_sink_fft_121:auk_dsp_atlantic_sink_1|Selector7~0                 ; 19      ;
; fftfilter:u1|fft256:u0|asj_fft_si_sose_so_b_fft_121:asj_fft_si_sose_so_b_fft_121_inst|asj_fft_dft_bfp_sgl_fft_121:\gen_se:bfpdft|si[0]                                            ; 18      ;
+-----------------------------------------------------------------------------------------------------------------------------------------------------------------------------------+---------+


+-----------------------------------------------------------------------------------------------------------------------------------------------------------------------------------------------------------------------------------------------------------------------------------------------------------------------------------------------------------------------------------------------------------------------------------------------------------------------------------------------------------------------------------------------------------------------------------------------------------------------------------------------------------------------------------------------------------------------------------------------+
; Fitter RAM Summary                                                                                                                                                                                                                                                                                                                                                                                                                                                                                                                                                                                                                                                                                                                            ;
+----------------------------------------------------------------------------------------------------------------------------------------------------------------------------------------------------------------------------------------------------------------------------------+------+------------------+--------------+--------------+--------------+--------------+--------------+------------------------+-------------------------+------------------------+-------------------------+-------+-----------------------------+-----------------------------+-----------------------------+-----------------------------+---------------------+------+---------------------+--------------------------------------------------------------+
; Name                                                                                                                                                                                                                                                                             ; Type ; Mode             ; Clock Mode   ; Port A Depth ; Port A Width ; Port B Depth ; Port B Width ; Port A Input Registers ; Port A Output Registers ; Port B Input Registers ; Port B Output Registers ; Size  ; Implementation Port A Depth ; Implementation Port A Width ; Implementation Port B Depth ; Implementation Port B Width ; Implementation Bits ; M9Ks ; MIF                 ; Location                                                     ;
+----------------------------------------------------------------------------------------------------------------------------------------------------------------------------------------------------------------------------------------------------------------------------------+------+------------------+--------------+--------------+--------------+--------------+--------------+------------------------+-------------------------+------------------------+-------------------------+-------+-----------------------------+-----------------------------+-----------------------------+-----------------------------+---------------------+------+---------------------+--------------------------------------------------------------+
; fftfilter:u1|altshift_taps:xkre0_rtl_0|shift_taps_ckm:auto_generated|altsyncram_t861:altsyncram4|ALTSYNCRAM                                                                                                                                                                      ; AUTO ; Simple Dual Port ; Single Clock ; 3            ; 32           ; 3            ; 32           ; yes                    ; no                      ; yes                    ; yes                     ; 96    ; 3                           ; 32                          ; 3                           ; 32                          ; 96                  ; 1    ; None                ; M9K_X25_Y12_N0                                               ;
; fftfilter:u1|fft256:u0|asj_fft_si_sose_so_b_fft_121:asj_fft_si_sose_so_b_fft_121_inst|asj_fft_1dp_ram_fft_121:\gen_1_ram:gen_M4K:dat_A|asj_fft_data_ram_fft_121:dat_A|altsyncram:\gen_M4K:altsyncram_component|altsyncram_21t3:auto_generated|ALTSYNCRAM                         ; AUTO ; Simple Dual Port ; Single Clock ; 256          ; 32           ; 256          ; 32           ; yes                    ; no                      ; yes                    ; yes                     ; 8192  ; 256                         ; 32                          ; 256                         ; 32                          ; 8192                ; 1    ; None                ; M9K_X13_Y18_N0                                               ;
; fftfilter:u1|fft256:u0|asj_fft_si_sose_so_b_fft_121:asj_fft_si_sose_so_b_fft_121_inst|asj_fft_1tdp_rom_fft_121:\gen_se:gen_new:twrom|asj_fft_twid_rom_tdp_fft_121:\gen_auto:sin_1n|altsyncram:altsyncram_component|altsyncram_he72:auto_generated|ALTSYNCRAM                     ; AUTO ; True Dual Port   ; Single Clock ; 64           ; 16           ; 64           ; 16           ; yes                    ; yes                     ; yes                    ; yes                     ; 1024  ; 64                          ; 16                          ; 64                          ; 16                          ; 1024                ; 1    ; fft256_1n256sin.hex ; M9K_X25_Y23_N0                                               ;
; fftfilter:u1|fft256:u0|asj_fft_si_sose_so_b_fft_121:asj_fft_si_sose_so_b_fft_121_inst|auk_dspip_avalon_streaming_sink_fft_121:auk_dsp_atlantic_sink_1|scfifo:\normal_fifo:fifo_eab_on:in_fifo|scfifo_udh1:auto_generated|a_dpfifo_no81:dpfifo|altsyncram_ssf1:FIFOram|ALTSYNCRAM ; AUTO ; Simple Dual Port ; Dual Clocks  ; 8            ; 34           ; 8            ; 34           ; yes                    ; no                      ; yes                    ; yes                     ; 272   ; 8                           ; 32                          ; 8                           ; 32                          ; 256                 ; 1    ; None                ; M9K_X13_Y16_N0                                               ;
; fftfilter:u1|shifter16_256:u3|altshift_taps:ALTSHIFT_TAPS_component|shift_taps_bbv:auto_generated|altsyncram_rga1:altsyncram2|ALTSYNCRAM                                                                                                                                         ; M9K  ; Simple Dual Port ; Single Clock ; 254          ; 16           ; 254          ; 16           ; yes                    ; no                      ; yes                    ; yes                     ; 4064  ; 254                         ; 16                          ; 254                         ; 16                          ; 4064                ; 1    ; None                ; M9K_X13_Y12_N0                                               ;
; fftfilter:u1|shifter16_256:u4|altshift_taps:ALTSHIFT_TAPS_component|shift_taps_bbv:auto_generated|altsyncram_rga1:altsyncram2|ALTSYNCRAM                                                                                                                                         ; M9K  ; Simple Dual Port ; Single Clock ; 254          ; 16           ; 254          ; 16           ; yes                    ; no                      ; yes                    ; yes                     ; 4064  ; 254                         ; 16                          ; 254                         ; 16                          ; 4064                ; 1    ; None                ; M9K_X25_Y9_N0                                                ;
; ifftout:u2|dram16_256:u1|altsyncram:altsyncram_component|altsyncram_09k1:auto_generated|ALTSYNCRAM                                                                                                                                                                               ; AUTO ; Simple Dual Port ; Dual Clocks  ; 256          ; 16           ; 256          ; 16           ; yes                    ; no                      ; yes                    ; no                      ; 4096  ; 256                         ; 16                          ; 256                         ; 16                          ; 4096                ; 1    ; None                ; M9K_X25_Y18_N0                                               ;
; ifftout:u2|dram16_256:u2|altsyncram:altsyncram_component|altsyncram_09k1:auto_generated|ALTSYNCRAM                                                                                                                                                                               ; AUTO ; Simple Dual Port ; Dual Clocks  ; 256          ; 16           ; 256          ; 16           ; yes                    ; no                      ; yes                    ; no                      ; 4096  ; 256                         ; 16                          ; 256                         ; 16                          ; 4096                ; 1    ; None                ; M9K_X25_Y19_N0                                               ;
; ifftout:u2|fft256:u0|asj_fft_si_sose_so_b_fft_121:asj_fft_si_sose_so_b_fft_121_inst|asj_fft_1dp_ram_fft_121:\gen_1_ram:gen_M4K:dat_A|asj_fft_data_ram_fft_121:dat_A|altsyncram:\gen_M4K:altsyncram_component|altsyncram_21t3:auto_generated|ALTSYNCRAM                           ; AUTO ; Simple Dual Port ; Single Clock ; 256          ; 32           ; 256          ; 32           ; yes                    ; no                      ; yes                    ; yes                     ; 8192  ; 256                         ; 32                          ; 256                         ; 32                          ; 8192                ; 1    ; None                ; M9K_X25_Y16_N0                                               ;
; ifftout:u2|fft256:u0|asj_fft_si_sose_so_b_fft_121:asj_fft_si_sose_so_b_fft_121_inst|asj_fft_1tdp_rom_fft_121:\gen_se:gen_new:twrom|asj_fft_twid_rom_tdp_fft_121:\gen_auto:sin_1n|altsyncram:altsyncram_component|altsyncram_he72:auto_generated|ALTSYNCRAM                       ; AUTO ; True Dual Port   ; Single Clock ; 64           ; 16           ; 64           ; 16           ; yes                    ; yes                     ; yes                    ; yes                     ; 1024  ; 64                          ; 16                          ; 64                          ; 16                          ; 1024                ; 1    ; fft256_1n256sin.hex ; M9K_X25_Y17_N0                                               ;
; ifftout:u2|fft256:u0|asj_fft_si_sose_so_b_fft_121:asj_fft_si_sose_so_b_fft_121_inst|auk_dspip_avalon_streaming_sink_fft_121:auk_dsp_atlantic_sink_1|scfifo:\normal_fifo:fifo_eab_on:in_fifo|scfifo_udh1:auto_generated|a_dpfifo_no81:dpfifo|altsyncram_ssf1:FIFOram|ALTSYNCRAM   ; AUTO ; Simple Dual Port ; Dual Clocks  ; 8            ; 34           ; 8            ; 34           ; yes                    ; no                      ; yes                    ; yes                     ; 272   ; 8                           ; 32                          ; 8                           ; 32                          ; 256                 ; 1    ; None                ; M9K_X25_Y13_N0                                               ;
; window:u0|dram16_256:u4|altsyncram:altsyncram_component|altsyncram_09k1:auto_generated|ALTSYNCRAM                                                                                                                                                                                ; AUTO ; Simple Dual Port ; Dual Clocks  ; 256          ; 16           ; 256          ; 16           ; yes                    ; no                      ; yes                    ; no                      ; 4096  ; 256                         ; 16                          ; 256                         ; 16                          ; 4096                ; 1    ; None                ; M9K_X13_Y6_N0                                                ;
; window:u0|dram16_256:u5|altsyncram:altsyncram_component|altsyncram_09k1:auto_generated|ALTSYNCRAM                                                                                                                                                                                ; AUTO ; Simple Dual Port ; Dual Clocks  ; 256          ; 16           ; 256          ; 16           ; yes                    ; no                      ; yes                    ; no                      ; 4096  ; 256                         ; 16                          ; 256                         ; 16                          ; 4096                ; 1    ; None                ; M9K_X13_Y6_N0                                                ;
; window:u0|rom12_256:u1|altsyncram:altsyncram_component|altsyncram_5da1:auto_generated|ALTSYNCRAM                                                                                                                                                                                 ; AUTO ; ROM              ; Single Clock ; 256          ; 12           ; --           ; --           ; yes                    ; no                      ; --                     ; --                      ; 3072  ; 256                         ; 12                          ; --                          ; --                          ; 3072                ; 1    ; E8_2_window.mif     ; M9K_X13_Y5_N0                                                ;
; window:u0|shifter12_128:u0|altshift_taps:ALTSHIFT_TAPS_component|shift_taps_llv:auto_generated|altsyncram_lla1:altsyncram2|ALTSYNCRAM                                                                                                                                            ; AUTO ; Simple Dual Port ; Single Clock ; 126          ; 12           ; 126          ; 12           ; yes                    ; no                      ; yes                    ; yes                     ; 1512  ; 126                         ; 12                          ; 126                         ; 12                          ; 1512                ; 1    ; None                ; M9K_X13_Y7_N0                                                ;
; window:u0|shifter16_2048:u6|altshift_taps:ALTSHIFT_TAPS_component|shift_taps_2mv:auto_generated|altsyncram_bpa1:altsyncram2|ALTSYNCRAM                                                                                                                                           ; AUTO ; Simple Dual Port ; Single Clock ; 254          ; 128          ; 254          ; 128          ; yes                    ; no                      ; yes                    ; yes                     ; 32512 ; 254                         ; 128                         ; 254                         ; 128                         ; 32512               ; 4    ; None                ; M9K_X13_Y8_N0, M9K_X13_Y11_N0, M9K_X13_Y10_N0, M9K_X13_Y9_N0 ;
+----------------------------------------------------------------------------------------------------------------------------------------------------------------------------------------------------------------------------------------------------------------------------------+------+------------------+--------------+--------------+--------------+--------------+--------------+------------------------+-------------------------+------------------------+-------------------------+-------+-----------------------------+-----------------------------+-----------------------------+-----------------------------+---------------------+------+---------------------+--------------------------------------------------------------+
Note: Fitter may spread logical memories into multiple blocks to improve timing. The actual required RAM blocks can be found in the Fitter Resource Usage section.


RAM content values are presented in the following format: (Binary) (Octal) (Decimal) (Hexadecimal) 
+------------------------------------------------------------------------------------------------------------------------------------------------------------------------------------------------------------------------------------------------------------------+
; |TransformFilter|window:u0|rom12_256:u1|altsyncram:altsyncram_component|altsyncram_5da1:auto_generated|ALTSYNCRAM                                                                                                                                                ;
+------------------------------------------------------------------------------------------------------------------------------------------------------------------------------------------------------------------------------------------------------------------+
;   Addr   ;              +0              ;              +1              ;              +2              ;              +3              ;              +4              ;              +5              ;              +6              ;              +7              ;
+----------+------------------------------+------------------------------+------------------------------+------------------------------+------------------------------+------------------------------+------------------------------+------------------------------+
;0;(000010100100) (244) (164) (A4)    ;(000010100100) (244) (164) (A4)   ;(000010100101) (245) (165) (A5)   ;(000010100110) (246) (166) (A6)   ;(000010101000) (250) (168) (A8)   ;(000010101011) (253) (171) (AB)   ;(000010101110) (256) (174) (AE)   ;(000010110010) (262) (178) (B2)   ;
;8;(000010110110) (266) (182) (B6)    ;(000010111011) (273) (187) (BB)   ;(000011000000) (300) (192) (C0)   ;(000011000110) (306) (198) (C6)   ;(000011001101) (315) (205) (CD)   ;(000011010100) (324) (212) (D4)   ;(000011011011) (333) (219) (DB)   ;(000011100011) (343) (227) (E3)   ;
;16;(000011101100) (354) (236) (EC)    ;(000011110101) (365) (245) (F5)   ;(000011111111) (377) (255) (FF)   ;(000100001001) (411) (265) (109)   ;(000100010100) (424) (276) (114)   ;(000100011111) (437) (287) (11F)   ;(000100101011) (453) (299) (12B)   ;(000100110111) (467) (311) (137)   ;
;24;(000101000100) (504) (324) (144)    ;(000101010001) (521) (337) (151)   ;(000101011110) (536) (350) (15E)   ;(000101101101) (555) (365) (16D)   ;(000101111011) (573) (379) (17B)   ;(000110001010) (612) (394) (18A)   ;(000110011010) (632) (410) (19A)   ;(000110101001) (651) (425) (1A9)   ;
;32;(000110111010) (672) (442) (1BA)    ;(000111001010) (712) (458) (1CA)   ;(000111011011) (733) (475) (1DB)   ;(000111101101) (755) (493) (1ED)   ;(000111111111) (777) (511) (1FF)   ;(001000010001) (1021) (529) (211)   ;(001000100011) (1043) (547) (223)   ;(001000110110) (1066) (566) (236)   ;
;40;(001001001001) (1111) (585) (249)    ;(001001011101) (1135) (605) (25D)   ;(001001110001) (1161) (625) (271)   ;(001010000101) (1205) (645) (285)   ;(001010011001) (1231) (665) (299)   ;(001010101110) (1256) (686) (2AE)   ;(001011000011) (1303) (707) (2C3)   ;(001011011000) (1330) (728) (2D8)   ;
;48;(001011101101) (1355) (749) (2ED)    ;(001100000011) (1403) (771) (303)   ;(001100011000) (1430) (792) (318)   ;(001100101110) (1456) (814) (32E)   ;(001101000101) (1505) (837) (345)   ;(001101011011) (1533) (859) (35B)   ;(001101110001) (1561) (881) (371)   ;(001110001000) (1610) (904) (388)   ;
;56;(001110011111) (1637) (927) (39F)    ;(001110110110) (1666) (950) (3B6)   ;(001111001100) (1714) (972) (3CC)   ;(001111100011) (1743) (995) (3E3)   ;(001111111011) (1773) (1019) (3FB)   ;(010000010010) (2022) (1042) (412)   ;(010000101001) (2051) (1065) (429)   ;(010001000000) (2100) (1088) (440)   ;
;64;(010001010111) (2127) (1111) (457)    ;(010001101110) (2156) (1134) (46E)   ;(010010000110) (2206) (1158) (486)   ;(010010011101) (2235) (1181) (49D)   ;(010010110100) (2264) (1204) (4B4)   ;(010011001011) (2313) (1227) (4CB)   ;(010011100010) (2342) (1250) (4E2)   ;(010011111001) (2371) (1273) (4F9)   ;
;72;(010100010000) (2420) (1296) (510)    ;(010100100110) (2446) (1318) (526)   ;(010100111101) (2475) (1341) (53D)   ;(010101010011) (2523) (1363) (553)   ;(010101101001) (2551) (1385) (569)   ;(010101111111) (2577) (1407) (57F)   ;(010110010101) (2625) (1429) (595)   ;(010110101011) (2653) (1451) (5AB)   ;
;80;(010111000000) (2700) (1472) (5C0)    ;(010111010110) (2726) (1494) (5D6)   ;(010111101011) (2753) (1515) (5EB)   ;(011000000000) (3000) (1536) (600)   ;(011000010100) (3024) (1556) (614)   ;(011000101000) (3050) (1576) (628)   ;(011000111100) (3074) (1596) (63C)   ;(011001010000) (3120) (1616) (650)   ;
;88;(011001100011) (3143) (1635) (663)    ;(011001110110) (3166) (1654) (676)   ;(011010001001) (3211) (1673) (689)   ;(011010011011) (3233) (1691) (69B)   ;(011010101101) (3255) (1709) (6AD)   ;(011010111111) (3277) (1727) (6BF)   ;(011011010000) (3320) (1744) (6D0)   ;(011011100001) (3341) (1761) (6E1)   ;
;96;(011011110001) (3361) (1777) (6F1)    ;(011100000001) (3401) (1793) (701)   ;(011100010001) (3421) (1809) (711)   ;(011100100000) (3440) (1824) (720)   ;(011100101111) (3457) (1839) (72F)   ;(011100111101) (3475) (1853) (73D)   ;(011101001011) (3513) (1867) (74B)   ;(011101011001) (3531) (1881) (759)   ;
;104;(011101100110) (3546) (1894) (766)    ;(011101110010) (3562) (1906) (772)   ;(011101111110) (3576) (1918) (77E)   ;(011110001001) (3611) (1929) (789)   ;(011110010100) (3624) (1940) (794)   ;(011110011111) (3637) (1951) (79F)   ;(011110101001) (3651) (1961) (7A9)   ;(011110110010) (3662) (1970) (7B2)   ;
;112;(011110111011) (3673) (1979) (7BB)    ;(011111000100) (3704) (1988) (7C4)   ;(011111001011) (3713) (1995) (7CB)   ;(011111010011) (3723) (2003) (7D3)   ;(011111011010) (3732) (2010) (7DA)   ;(011111100000) (3740) (2016) (7E0)   ;(011111100101) (3745) (2021) (7E5)   ;(011111101010) (3752) (2026) (7EA)   ;
;120;(011111101111) (3757) (2031) (7EF)    ;(011111110011) (3763) (2035) (7F3)   ;(011111110110) (3766) (2038) (7F6)   ;(011111111001) (3771) (2041) (7F9)   ;(011111111100) (3774) (2044) (7FC)   ;(011111111101) (3775) (2045) (7FD)   ;(011111111110) (3776) (2046) (7FE)   ;(011111111111) (3777) (2047) (7FF)   ;
;128;(011111111111) (3777) (2047) (7FF)    ;(011111111110) (3776) (2046) (7FE)   ;(011111111101) (3775) (2045) (7FD)   ;(011111111100) (3774) (2044) (7FC)   ;(011111111001) (3771) (2041) (7F9)   ;(011111110110) (3766) (2038) (7F6)   ;(011111110011) (3763) (2035) (7F3)   ;(011111101111) (3757) (2031) (7EF)   ;
;136;(011111101010) (3752) (2026) (7EA)    ;(011111100101) (3745) (2021) (7E5)   ;(011111100000) (3740) (2016) (7E0)   ;(011111011010) (3732) (2010) (7DA)   ;(011111010011) (3723) (2003) (7D3)   ;(011111001011) (3713) (1995) (7CB)   ;(011111000100) (3704) (1988) (7C4)   ;(011110111011) (3673) (1979) (7BB)   ;
;144;(011110110010) (3662) (1970) (7B2)    ;(011110101001) (3651) (1961) (7A9)   ;(011110011111) (3637) (1951) (79F)   ;(011110010100) (3624) (1940) (794)   ;(011110001001) (3611) (1929) (789)   ;(011101111110) (3576) (1918) (77E)   ;(011101110010) (3562) (1906) (772)   ;(011101100110) (3546) (1894) (766)   ;
;152;(011101011001) (3531) (1881) (759)    ;(011101001011) (3513) (1867) (74B)   ;(011100111101) (3475) (1853) (73D)   ;(011100101111) (3457) (1839) (72F)   ;(011100100000) (3440) (1824) (720)   ;(011100010001) (3421) (1809) (711)   ;(011100000001) (3401) (1793) (701)   ;(011011110001) (3361) (1777) (6F1)   ;
;160;(011011100001) (3341) (1761) (6E1)    ;(011011010000) (3320) (1744) (6D0)   ;(011010111111) (3277) (1727) (6BF)   ;(011010101101) (3255) (1709) (6AD)   ;(011010011011) (3233) (1691) (69B)   ;(011010001001) (3211) (1673) (689)   ;(011001110110) (3166) (1654) (676)   ;(011001100011) (3143) (1635) (663)   ;
;168;(011001010000) (3120) (1616) (650)    ;(011000111100) (3074) (1596) (63C)   ;(011000101000) (3050) (1576) (628)   ;(011000010100) (3024) (1556) (614)   ;(011000000000) (3000) (1536) (600)   ;(010111101011) (2753) (1515) (5EB)   ;(010111010110) (2726) (1494) (5D6)   ;(010111000000) (2700) (1472) (5C0)   ;
;176;(010110101011) (2653) (1451) (5AB)    ;(010110010101) (2625) (1429) (595)   ;(010101111111) (2577) (1407) (57F)   ;(010101101001) (2551) (1385) (569)   ;(010101010011) (2523) (1363) (553)   ;(010100111101) (2475) (1341) (53D)   ;(010100100110) (2446) (1318) (526)   ;(010100010000) (2420) (1296) (510)   ;
;184;(010011111001) (2371) (1273) (4F9)    ;(010011100010) (2342) (1250) (4E2)   ;(010011001011) (2313) (1227) (4CB)   ;(010010110100) (2264) (1204) (4B4)   ;(010010011101) (2235) (1181) (49D)   ;(010010000110) (2206) (1158) (486)   ;(010001101110) (2156) (1134) (46E)   ;(010001010111) (2127) (1111) (457)   ;
;192;(010001000000) (2100) (1088) (440)    ;(010000101001) (2051) (1065) (429)   ;(010000010010) (2022) (1042) (412)   ;(001111111011) (1773) (1019) (3FB)   ;(001111100011) (1743) (995) (3E3)   ;(001111001100) (1714) (972) (3CC)   ;(001110110110) (1666) (950) (3B6)   ;(001110011111) (1637) (927) (39F)   ;
;200;(001110001000) (1610) (904) (388)    ;(001101110001) (1561) (881) (371)   ;(001101011011) (1533) (859) (35B)   ;(001101000101) (1505) (837) (345)   ;(001100101110) (1456) (814) (32E)   ;(001100011000) (1430) (792) (318)   ;(001100000011) (1403) (771) (303)   ;(001011101101) (1355) (749) (2ED)   ;
;208;(001011011000) (1330) (728) (2D8)    ;(001011000011) (1303) (707) (2C3)   ;(001010101110) (1256) (686) (2AE)   ;(001010011001) (1231) (665) (299)   ;(001010000101) (1205) (645) (285)   ;(001001110001) (1161) (625) (271)   ;(001001011101) (1135) (605) (25D)   ;(001001001001) (1111) (585) (249)   ;
;216;(001000110110) (1066) (566) (236)    ;(001000100011) (1043) (547) (223)   ;(001000010001) (1021) (529) (211)   ;(000111111111) (777) (511) (1FF)   ;(000111101101) (755) (493) (1ED)   ;(000111011011) (733) (475) (1DB)   ;(000111001010) (712) (458) (1CA)   ;(000110111010) (672) (442) (1BA)   ;
;224;(000110101001) (651) (425) (1A9)    ;(000110011010) (632) (410) (19A)   ;(000110001010) (612) (394) (18A)   ;(000101111011) (573) (379) (17B)   ;(000101101101) (555) (365) (16D)   ;(000101011110) (536) (350) (15E)   ;(000101010001) (521) (337) (151)   ;(000101000100) (504) (324) (144)   ;
;232;(000100110111) (467) (311) (137)    ;(000100101011) (453) (299) (12B)   ;(000100011111) (437) (287) (11F)   ;(000100010100) (424) (276) (114)   ;(000100001001) (411) (265) (109)   ;(000011111111) (377) (255) (FF)   ;(000011110101) (365) (245) (F5)   ;(000011101100) (354) (236) (EC)   ;
;240;(000011100011) (343) (227) (E3)    ;(000011011011) (333) (219) (DB)   ;(000011010100) (324) (212) (D4)   ;(000011001101) (315) (205) (CD)   ;(000011000110) (306) (198) (C6)   ;(000011000000) (300) (192) (C0)   ;(000010111011) (273) (187) (BB)   ;(000010110110) (266) (182) (B6)   ;
;248;(000010110010) (262) (178) (B2)    ;(000010101110) (256) (174) (AE)   ;(000010101011) (253) (171) (AB)   ;(000010101000) (250) (168) (A8)   ;(000010100110) (246) (166) (A6)   ;(000010100101) (245) (165) (A5)   ;(000010100100) (244) (164) (A4)   ;(000010100100) (244) (164) (A4)   ;




+-----------------------------------------------------------------------------------------------+
; Fitter DSP Block Usage Summary                                                                ;
+---------------------------------------+-------------+---------------------+-------------------+
; Statistic                             ; Number Used ; Available per Block ; Maximum Available ;
+---------------------------------------+-------------+---------------------+-------------------+
; Simple Multipliers (9-bit)            ; 0           ; 2                   ; 112               ;
; Simple Multipliers (18-bit)           ; 12          ; 1                   ; 56                ;
; Embedded Multiplier Blocks            ; 12          ; --                  ; 56                ;
; Embedded Multiplier 9-bit elements    ; 24          ; 2                   ; 112               ;
; Signed Embedded Multipliers           ; 12          ; --                  ; --                ;
; Unsigned Embedded Multipliers         ; 0           ; --                  ; --                ;
; Mixed Sign Embedded Multipliers       ; 0           ; --                  ; --                ;
; Variable Sign Embedded Multipliers    ; 0           ; --                  ; --                ;
; Dedicated Input Shift Register Chains ; 0           ; --                  ; --                ;
+---------------------------------------+-------------+---------------------+-------------------+


+-----------------------------------------------------------------------------------------------------------------------------------------------------------------------------------------------------------------------------------------------------------------------------------------------------------------------------------------------------------------------------------------------------------------------------------------------------------------------------+
; DSP Block Details                                                                                                                                                                                                                                                                                                                                                                                                                                                           ;
+------------------------------------------------------------------------------------------------------------------------------------------------------------------------------------------------------------------------------------------------------------------------------+----------------------------+--------------------+---------------------+--------------------------------+-----------------------+-----------------------+-------------------+-----------------+
; Name                                                                                                                                                                                                                                                                         ; Mode                       ; Location           ; Sign Representation ; Has Input Shift Register Chain ; Data A Input Register ; Data B Input Register ; Pipeline Register ; Output Register ;
+------------------------------------------------------------------------------------------------------------------------------------------------------------------------------------------------------------------------------------------------------------------------------+----------------------------+--------------------+---------------------+--------------------------------+-----------------------+-----------------------+-------------------+-----------------+
; ifftout:u2|fft256:u0|asj_fft_si_sose_so_b_fft_121:asj_fft_si_sose_so_b_fft_121_inst|asj_fft_dft_bfp_sgl_fft_121:\gen_se:bfpdft|asj_fft_cmult_can_fft_121:\gen_da0:gen_canonic:cm1|lpm_mult:\gen_ded_m1:gen_unext_m_ac:m_ac|mult_5t01:auto_generated|mac_out2                 ; Simple Multiplier (18-bit) ; DSPOUT_X34_Y15_N2  ;                     ; No                             ;                       ;                       ;                   ; yes             ;
;    ifftout:u2|fft256:u0|asj_fft_si_sose_so_b_fft_121:asj_fft_si_sose_so_b_fft_121_inst|asj_fft_dft_bfp_sgl_fft_121:\gen_se:bfpdft|asj_fft_cmult_can_fft_121:\gen_da0:gen_canonic:cm1|lpm_mult:\gen_ded_m1:gen_unext_m_ac:m_ac|mult_5t01:auto_generated|mac_mult1             ;                            ; DSPMULT_X34_Y15_N0 ; Signed              ;                                ; yes                   ; yes                   ; no                ;                 ;
; ifftout:u2|fft256:u0|asj_fft_si_sose_so_b_fft_121:asj_fft_si_sose_so_b_fft_121_inst|asj_fft_dft_bfp_sgl_fft_121:\gen_se:bfpdft|asj_fft_cmult_can_fft_121:\gen_da0:gen_canonic:cm1|lpm_mult:\gen_ded_m1:gen_unext_m_bd:m_bd|mult_5t01:auto_generated|mac_out2                 ; Simple Multiplier (18-bit) ; DSPOUT_X34_Y14_N2  ;                     ; No                             ;                       ;                       ;                   ; yes             ;
;    ifftout:u2|fft256:u0|asj_fft_si_sose_so_b_fft_121:asj_fft_si_sose_so_b_fft_121_inst|asj_fft_dft_bfp_sgl_fft_121:\gen_se:bfpdft|asj_fft_cmult_can_fft_121:\gen_da0:gen_canonic:cm1|lpm_mult:\gen_ded_m1:gen_unext_m_bd:m_bd|mult_5t01:auto_generated|mac_mult1             ;                            ; DSPMULT_X34_Y14_N0 ; Signed              ;                                ; yes                   ; yes                   ; no                ;                 ;
; fftfilter:u1|mult12_12:u2|lpm_mult:lpm_mult_component|mult_76p:auto_generated|result[0]                                                                                                                                                                                      ; Simple Multiplier (18-bit) ; DSPOUT_X18_Y9_N2   ;                     ; No                             ;                       ;                       ;                   ; yes             ;
;    fftfilter:u1|mult12_12:u2|lpm_mult:lpm_mult_component|mult_76p:auto_generated|mac_mult1                                                                                                                                                                                   ;                            ; DSPMULT_X18_Y9_N0  ; Signed              ;                                ; yes                   ; yes                   ; no                ;                 ;
; fftfilter:u1|mult12_12:u1|lpm_mult:lpm_mult_component|mult_76p:auto_generated|result[0]                                                                                                                                                                                      ; Simple Multiplier (18-bit) ; DSPOUT_X18_Y10_N2  ;                     ; No                             ;                       ;                       ;                   ; yes             ;
;    fftfilter:u1|mult12_12:u1|lpm_mult:lpm_mult_component|mult_76p:auto_generated|mac_mult1                                                                                                                                                                                   ;                            ; DSPMULT_X18_Y10_N0 ; Signed              ;                                ; yes                   ; yes                   ; no                ;                 ;
; fftfilter:u1|mult12_12:u6|lpm_mult:lpm_mult_component|mult_76p:auto_generated|result[0]                                                                                                                                                                                      ; Simple Multiplier (18-bit) ; DSPOUT_X18_Y8_N2   ;                     ; No                             ;                       ;                       ;                   ; yes             ;
;    fftfilter:u1|mult12_12:u6|lpm_mult:lpm_mult_component|mult_76p:auto_generated|mac_mult1                                                                                                                                                                                   ;                            ; DSPMULT_X18_Y8_N0  ; Signed              ;                                ; yes                   ; yes                   ; no                ;                 ;
; fftfilter:u1|mult12_12:u5|lpm_mult:lpm_mult_component|mult_76p:auto_generated|result[0]                                                                                                                                                                                      ; Simple Multiplier (18-bit) ; DSPOUT_X18_Y12_N2  ;                     ; No                             ;                       ;                       ;                   ; yes             ;
;    fftfilter:u1|mult12_12:u5|lpm_mult:lpm_mult_component|mult_76p:auto_generated|mac_mult1                                                                                                                                                                                   ;                            ; DSPMULT_X18_Y12_N0 ; Signed              ;                                ; yes                   ; yes                   ; no                ;                 ;
; fftfilter:u1|fft256:u0|asj_fft_si_sose_so_b_fft_121:asj_fft_si_sose_so_b_fft_121_inst|asj_fft_dft_bfp_sgl_fft_121:\gen_se:bfpdft|asj_fft_cmult_can_fft_121:\gen_da0:gen_canonic:cm1|lpm_mult:\gen_ded_m1:gen_unext_m_a_b_c_d:m_a_b_c_d|mult_9t01:auto_generated|mac_out2     ; Simple Multiplier (18-bit) ; DSPOUT_X18_Y21_N2  ;                     ; No                             ;                       ;                       ;                   ; yes             ;
;    fftfilter:u1|fft256:u0|asj_fft_si_sose_so_b_fft_121:asj_fft_si_sose_so_b_fft_121_inst|asj_fft_dft_bfp_sgl_fft_121:\gen_se:bfpdft|asj_fft_cmult_can_fft_121:\gen_da0:gen_canonic:cm1|lpm_mult:\gen_ded_m1:gen_unext_m_a_b_c_d:m_a_b_c_d|mult_9t01:auto_generated|mac_mult1 ;                            ; DSPMULT_X18_Y21_N0 ; Signed              ;                                ; yes                   ; yes                   ; no                ;                 ;
; fftfilter:u1|fft256:u0|asj_fft_si_sose_so_b_fft_121:asj_fft_si_sose_so_b_fft_121_inst|asj_fft_dft_bfp_sgl_fft_121:\gen_se:bfpdft|asj_fft_cmult_can_fft_121:\gen_da0:gen_canonic:cm1|lpm_mult:\gen_ded_m1:gen_unext_m_ac:m_ac|mult_5t01:auto_generated|mac_out2               ; Simple Multiplier (18-bit) ; DSPOUT_X18_Y22_N2  ;                     ; No                             ;                       ;                       ;                   ; yes             ;
;    fftfilter:u1|fft256:u0|asj_fft_si_sose_so_b_fft_121:asj_fft_si_sose_so_b_fft_121_inst|asj_fft_dft_bfp_sgl_fft_121:\gen_se:bfpdft|asj_fft_cmult_can_fft_121:\gen_da0:gen_canonic:cm1|lpm_mult:\gen_ded_m1:gen_unext_m_ac:m_ac|mult_5t01:auto_generated|mac_mult1           ;                            ; DSPMULT_X18_Y22_N0 ; Signed              ;                                ; yes                   ; yes                   ; no                ;                 ;
; fftfilter:u1|fft256:u0|asj_fft_si_sose_so_b_fft_121:asj_fft_si_sose_so_b_fft_121_inst|asj_fft_dft_bfp_sgl_fft_121:\gen_se:bfpdft|asj_fft_cmult_can_fft_121:\gen_da0:gen_canonic:cm1|lpm_mult:\gen_ded_m1:gen_unext_m_bd:m_bd|mult_5t01:auto_generated|mac_out2               ; Simple Multiplier (18-bit) ; DSPOUT_X18_Y20_N2  ;                     ; No                             ;                       ;                       ;                   ; yes             ;
;    fftfilter:u1|fft256:u0|asj_fft_si_sose_so_b_fft_121:asj_fft_si_sose_so_b_fft_121_inst|asj_fft_dft_bfp_sgl_fft_121:\gen_se:bfpdft|asj_fft_cmult_can_fft_121:\gen_da0:gen_canonic:cm1|lpm_mult:\gen_ded_m1:gen_unext_m_bd:m_bd|mult_5t01:auto_generated|mac_mult1           ;                            ; DSPMULT_X18_Y20_N0 ; Signed              ;                                ; yes                   ; yes                   ; no                ;                 ;
; ifftout:u2|fft256:u0|asj_fft_si_sose_so_b_fft_121:asj_fft_si_sose_so_b_fft_121_inst|asj_fft_dft_bfp_sgl_fft_121:\gen_se:bfpdft|asj_fft_cmult_can_fft_121:\gen_da0:gen_canonic:cm1|lpm_mult:\gen_ded_m1:gen_unext_m_a_b_c_d:m_a_b_c_d|mult_9t01:auto_generated|mac_out2       ; Simple Multiplier (18-bit) ; DSPOUT_X34_Y16_N2  ;                     ; No                             ;                       ;                       ;                   ; yes             ;
;    ifftout:u2|fft256:u0|asj_fft_si_sose_so_b_fft_121:asj_fft_si_sose_so_b_fft_121_inst|asj_fft_dft_bfp_sgl_fft_121:\gen_se:bfpdft|asj_fft_cmult_can_fft_121:\gen_da0:gen_canonic:cm1|lpm_mult:\gen_ded_m1:gen_unext_m_a_b_c_d:m_a_b_c_d|mult_9t01:auto_generated|mac_mult1   ;                            ; DSPMULT_X34_Y16_N0 ; Signed              ;                                ; yes                   ; yes                   ; no                ;                 ;
; window:u0|mult12_12:u3|lpm_mult:lpm_mult_component|mult_76p:auto_generated|result[0]                                                                                                                                                                                         ; Simple Multiplier (18-bit) ; DSPOUT_X18_Y7_N2   ;                     ; No                             ;                       ;                       ;                   ; yes             ;
;    window:u0|mult12_12:u3|lpm_mult:lpm_mult_component|mult_76p:auto_generated|mac_mult1                                                                                                                                                                                      ;                            ; DSPMULT_X18_Y7_N0  ; Signed              ;                                ; yes                   ; yes                   ; no                ;                 ;
; window:u0|mult12_12:u2|lpm_mult:lpm_mult_component|mult_76p:auto_generated|result[0]                                                                                                                                                                                         ; Simple Multiplier (18-bit) ; DSPOUT_X18_Y6_N2   ;                     ; No                             ;                       ;                       ;                   ; yes             ;
;    window:u0|mult12_12:u2|lpm_mult:lpm_mult_component|mult_76p:auto_generated|mac_mult1                                                                                                                                                                                      ;                            ; DSPMULT_X18_Y6_N0  ; Signed              ;                                ; yes                   ; yes                   ; no                ;                 ;
+------------------------------------------------------------------------------------------------------------------------------------------------------------------------------------------------------------------------------------------------------------------------------+----------------------------+--------------------+---------------------+--------------------------------+-----------------------+-----------------------+-------------------+-----------------+


+------------------------------------------------------+
; Interconnect Usage Summary                           ;
+----------------------------+-------------------------+
; Interconnect Resource Type ; Usage                   ;
+----------------------------+-------------------------+
; Block interconnects        ; 5,088 / 47,787 ( 11 % ) ;
; C16 interconnects          ; 31 / 1,804 ( 2 % )      ;
; C4 interconnects           ; 2,665 / 31,272 ( 9 % )  ;
; Direct links               ; 618 / 47,787 ( 1 % )    ;
; Global clocks              ; 3 / 20 ( 15 % )         ;
; Local interconnects        ; 1,735 / 15,408 ( 11 % ) ;
; R24 interconnects          ; 41 / 1,775 ( 2 % )      ;
; R4 interconnects           ; 3,721 / 41,310 ( 9 % )  ;
+----------------------------+-------------------------+


+-----------------------------------------------------------------------------+
; LAB Logic Elements                                                          ;
+---------------------------------------------+-------------------------------+
; Number of Logic Elements  (Average = 13.61) ; Number of LABs  (Total = 298) ;
+---------------------------------------------+-------------------------------+
; 1                                           ; 7                             ;
; 2                                           ; 14                            ;
; 3                                           ; 0                             ;
; 4                                           ; 6                             ;
; 5                                           ; 0                             ;
; 6                                           ; 4                             ;
; 7                                           ; 2                             ;
; 8                                           ; 16                            ;
; 9                                           ; 8                             ;
; 10                                          ; 5                             ;
; 11                                          ; 2                             ;
; 12                                          ; 10                            ;
; 13                                          ; 3                             ;
; 14                                          ; 2                             ;
; 15                                          ; 4                             ;
; 16                                          ; 215                           ;
+---------------------------------------------+-------------------------------+


+--------------------------------------------------------------------+
; LAB-wide Signals                                                   ;
+------------------------------------+-------------------------------+
; LAB-wide Signals  (Average = 2.20) ; Number of LABs  (Total = 298) ;
+------------------------------------+-------------------------------+
; 1 Async. clear                     ; 109                           ;
; 1 Clock                            ; 277                           ;
; 1 Clock enable                     ; 185                           ;
; 1 Sync. clear                      ; 25                            ;
; 1 Sync. load                       ; 7                             ;
; 2 Clock enables                    ; 53                            ;
; 2 Clocks                           ; 1                             ;
+------------------------------------+-------------------------------+


+------------------------------------------------------------------------------+
; LAB Signals Sourced                                                          ;
+----------------------------------------------+-------------------------------+
; Number of Signals Sourced  (Average = 23.33) ; Number of LABs  (Total = 298) ;
+----------------------------------------------+-------------------------------+
; 0                                            ; 5                             ;
; 1                                            ; 2                             ;
; 2                                            ; 6                             ;
; 3                                            ; 4                             ;
; 4                                            ; 11                            ;
; 5                                            ; 0                             ;
; 6                                            ; 0                             ;
; 7                                            ; 3                             ;
; 8                                            ; 3                             ;
; 9                                            ; 0                             ;
; 10                                           ; 0                             ;
; 11                                           ; 3                             ;
; 12                                           ; 8                             ;
; 13                                           ; 1                             ;
; 14                                           ; 7                             ;
; 15                                           ; 5                             ;
; 16                                           ; 11                            ;
; 17                                           ; 0                             ;
; 18                                           ; 7                             ;
; 19                                           ; 5                             ;
; 20                                           ; 7                             ;
; 21                                           ; 3                             ;
; 22                                           ; 3                             ;
; 23                                           ; 14                            ;
; 24                                           ; 11                            ;
; 25                                           ; 13                            ;
; 26                                           ; 19                            ;
; 27                                           ; 19                            ;
; 28                                           ; 14                            ;
; 29                                           ; 14                            ;
; 30                                           ; 24                            ;
; 31                                           ; 13                            ;
; 32                                           ; 63                            ;
+----------------------------------------------+-------------------------------+


+---------------------------------------------------------------------------------+
; LAB Signals Sourced Out                                                         ;
+-------------------------------------------------+-------------------------------+
; Number of Signals Sourced Out  (Average = 9.10) ; Number of LABs  (Total = 298) ;
+-------------------------------------------------+-------------------------------+
; 0                                               ; 5                             ;
; 1                                               ; 21                            ;
; 2                                               ; 9                             ;
; 3                                               ; 10                            ;
; 4                                               ; 15                            ;
; 5                                               ; 4                             ;
; 6                                               ; 18                            ;
; 7                                               ; 16                            ;
; 8                                               ; 54                            ;
; 9                                               ; 24                            ;
; 10                                              ; 17                            ;
; 11                                              ; 12                            ;
; 12                                              ; 21                            ;
; 13                                              ; 12                            ;
; 14                                              ; 13                            ;
; 15                                              ; 7                             ;
; 16                                              ; 26                            ;
; 17                                              ; 4                             ;
; 18                                              ; 2                             ;
; 19                                              ; 1                             ;
; 20                                              ; 2                             ;
; 21                                              ; 2                             ;
; 22                                              ; 1                             ;
; 23                                              ; 1                             ;
; 24                                              ; 0                             ;
; 25                                              ; 0                             ;
; 26                                              ; 0                             ;
; 27                                              ; 0                             ;
; 28                                              ; 0                             ;
; 29                                              ; 0                             ;
; 30                                              ; 0                             ;
; 31                                              ; 1                             ;
+-------------------------------------------------+-------------------------------+


+------------------------------------------------------------------------------+
; LAB Distinct Inputs                                                          ;
+----------------------------------------------+-------------------------------+
; Number of Distinct Inputs  (Average = 14.59) ; Number of LABs  (Total = 298) ;
+----------------------------------------------+-------------------------------+
; 0                                            ; 0                             ;
; 1                                            ; 2                             ;
; 2                                            ; 7                             ;
; 3                                            ; 22                            ;
; 4                                            ; 10                            ;
; 5                                            ; 5                             ;
; 6                                            ; 9                             ;
; 7                                            ; 5                             ;
; 8                                            ; 8                             ;
; 9                                            ; 13                            ;
; 10                                           ; 25                            ;
; 11                                           ; 10                            ;
; 12                                           ; 11                            ;
; 13                                           ; 19                            ;
; 14                                           ; 7                             ;
; 15                                           ; 13                            ;
; 16                                           ; 16                            ;
; 17                                           ; 12                            ;
; 18                                           ; 12                            ;
; 19                                           ; 17                            ;
; 20                                           ; 20                            ;
; 21                                           ; 6                             ;
; 22                                           ; 7                             ;
; 23                                           ; 7                             ;
; 24                                           ; 7                             ;
; 25                                           ; 1                             ;
; 26                                           ; 2                             ;
; 27                                           ; 2                             ;
; 28                                           ; 2                             ;
; 29                                           ; 4                             ;
; 30                                           ; 1                             ;
; 31                                           ; 1                             ;
; 32                                           ; 1                             ;
; 33                                           ; 0                             ;
; 34                                           ; 1                             ;
; 35                                           ; 7                             ;
; 36                                           ; 6                             ;
+----------------------------------------------+-------------------------------+


+------------------------------------------+
; I/O Rules Summary                        ;
+----------------------------------+-------+
; I/O Rules Statistic              ; Total ;
+----------------------------------+-------+
; Total I/O Rules                  ; 30    ;
; Number of I/O Rules Passed       ; 9     ;
; Number of I/O Rules Failed       ; 0     ;
; Number of I/O Rules Unchecked    ; 0     ;
; Number of I/O Rules Inapplicable ; 21    ;
+----------------------------------+-------+


+-----------------------------------------------------------------------------------------------------------------------------------------------------------------------------------------------------------------------------------------------------------------------------------------------------+
; I/O Rules Details                                                                                                                                                                                                                                                                                   ;
+--------------+-----------+-----------------------------------+------------------------------------------------------------------------------------------------------+----------+--------------------------------------------------------------------------+---------------------+-------------------+
; Status       ; ID        ; Category                          ; Rule Description                                                                                     ; Severity ; Information                                                              ; Area                ; Extra Information ;
+--------------+-----------+-----------------------------------+------------------------------------------------------------------------------------------------------+----------+--------------------------------------------------------------------------+---------------------+-------------------+
; Inapplicable ; IO_000001 ; Capacity Checks                   ; Number of pins in an I/O bank should not exceed the number of locations available.                   ; Critical ; No Location assignments found.                                           ; I/O                 ;                   ;
; Inapplicable ; IO_000002 ; Capacity Checks                   ; Number of clocks in an I/O bank should not exceed the number of clocks available.                    ; Critical ; No Global Signal assignments found.                                      ; I/O                 ;                   ;
; Inapplicable ; IO_000003 ; Capacity Checks                   ; Number of pins in a Vrefgroup should not exceed the number of locations available.                   ; Critical ; No Location assignments found.                                           ; I/O                 ;                   ;
; Inapplicable ; IO_000004 ; Voltage Compatibility Checks      ; The I/O bank should support the requested VCCIO.                                                     ; Critical ; No IOBANK_VCCIO assignments found.                                       ; I/O                 ;                   ;
; Inapplicable ; IO_000005 ; Voltage Compatibility Checks      ; The I/O bank should not have competing VREF values.                                                  ; Critical ; No VREF I/O Standard assignments found.                                  ; I/O                 ;                   ;
; Pass         ; IO_000006 ; Voltage Compatibility Checks      ; The I/O bank should not have competing VCCIO values.                                                 ; Critical ; 0 such failures found.                                                   ; I/O                 ;                   ;
; Inapplicable ; IO_000007 ; Valid Location Checks             ; Checks for unavailable locations.                                                                    ; Critical ; No Location assignments found.                                           ; I/O                 ;                   ;
; Inapplicable ; IO_000008 ; Valid Location Checks             ; Checks for reserved locations.                                                                       ; Critical ; No reserved LogicLock region found.                                      ; I/O                 ;                   ;
; Pass         ; IO_000009 ; I/O Properties Checks for One I/O ; The location should support the requested I/O standard.                                              ; Critical ; 0 such failures found.                                                   ; I/O                 ;                   ;
; Pass         ; IO_000010 ; I/O Properties Checks for One I/O ; The location should support the requested I/O direction.                                             ; Critical ; 0 such failures found.                                                   ; I/O                 ;                   ;
; Inapplicable ; IO_000011 ; I/O Properties Checks for One I/O ; The location should support the requested Current Strength.                                          ; Critical ; No Current Strength assignments found.                                   ; I/O                 ;                   ;
; Pass         ; IO_000012 ; I/O Properties Checks for One I/O ; The location should support the requested On Chip Termination value.                                 ; Critical ; 0 such failures found.                                                   ; I/O                 ;                   ;
; Inapplicable ; IO_000013 ; I/O Properties Checks for One I/O ; The location should support the requested Bus Hold value.                                            ; Critical ; No Enable Bus-Hold Circuitry assignments found.                          ; I/O                 ;                   ;
; Inapplicable ; IO_000014 ; I/O Properties Checks for One I/O ; The location should support the requested Weak Pull Up value.                                        ; Critical ; No Weak Pull-Up Resistor assignments found.                              ; I/O                 ;                   ;
; Pass         ; IO_000015 ; I/O Properties Checks for One I/O ; The location should support the requested PCI Clamp Diode.                                           ; Critical ; 0 such failures found.                                                   ; I/O                 ;                   ;
; Inapplicable ; IO_000018 ; I/O Properties Checks for One I/O ; The I/O standard should support the requested Current Strength.                                      ; Critical ; No Current Strength assignments found.                                   ; I/O                 ;                   ;
; Pass         ; IO_000019 ; I/O Properties Checks for One I/O ; The I/O standard should support the requested On Chip Termination value.                             ; Critical ; 0 such failures found.                                                   ; I/O                 ;                   ;
; Pass         ; IO_000020 ; I/O Properties Checks for One I/O ; The I/O standard should support the requested PCI Clamp Diode.                                       ; Critical ; 0 such failures found.                                                   ; I/O                 ;                   ;
; Inapplicable ; IO_000021 ; I/O Properties Checks for One I/O ; The I/O standard should support the requested Weak Pull Up value.                                    ; Critical ; No Weak Pull-Up Resistor assignments found.                              ; I/O                 ;                   ;
; Inapplicable ; IO_000022 ; I/O Properties Checks for One I/O ; The I/O standard should support the requested Bus Hold value.                                        ; Critical ; No Enable Bus-Hold Circuitry assignments found.                          ; I/O                 ;                   ;
; Inapplicable ; IO_000023 ; I/O Properties Checks for One I/O ; The I/O standard should support the Open Drain value.                                                ; Critical ; No open drain assignments found.                                         ; I/O                 ;                   ;
; Pass         ; IO_000024 ; I/O Properties Checks for One I/O ; The I/O direction should support the On Chip Termination value.                                      ; Critical ; 0 such failures found.                                                   ; I/O                 ;                   ;
; Inapplicable ; IO_000026 ; I/O Properties Checks for One I/O ; On Chip Termination and Current Strength should not be used at the same time.                        ; Critical ; No Current Strength assignments found.                                   ; I/O                 ;                   ;
; Inapplicable ; IO_000027 ; I/O Properties Checks for One I/O ; Weak Pull Up and Bus Hold should not be used at the same time.                                       ; Critical ; No Enable Bus-Hold Circuitry or Weak Pull-Up Resistor assignments found. ; I/O                 ;                   ;
; Inapplicable ; IO_000045 ; I/O Properties Checks for One I/O ; The I/O standard should support the requested Slew Rate value.                                       ; Critical ; No Slew Rate assignments found.                                          ; I/O                 ;                   ;
; Inapplicable ; IO_000046 ; I/O Properties Checks for One I/O ; The location should support the requested Slew Rate value.                                           ; Critical ; No Slew Rate assignments found.                                          ; I/O                 ;                   ;
; Inapplicable ; IO_000047 ; I/O Properties Checks for One I/O ; On Chip Termination and Slew Rate should not be used at the same time.                               ; Critical ; No Slew Rate assignments found.                                          ; I/O                 ;                   ;
; Pass         ; IO_000033 ; Electromigration Checks           ; Current density for consecutive I/Os should not exceed 240mA for row I/Os and 240mA for column I/Os. ; Critical ; 0 such failures found.                                                   ; I/O                 ;                   ;
; Inapplicable ; IO_000034 ; SI Related Distance Checks        ; Single-ended outputs should be 5 LAB row(s) away from a differential I/O.                            ; High     ; No Differential I/O Standard assignments found.                          ; I/O                 ;                   ;
; Inapplicable ; IO_000042 ; SI Related SSO Limit Checks       ; No more than 20 outputs are allowed in a VREF group when VREF is being read from.                    ; High     ; No VREF I/O Standard assignments found.                                  ; I/O                 ;                   ;
; ----         ; ----      ; Disclaimer                        ; OCT rules are checked but not reported.                                                              ; None     ; ----                                                                     ; On Chip Termination ;                   ;
+--------------+-----------+-----------------------------------+------------------------------------------------------------------------------------------------------+----------+--------------------------------------------------------------------------+---------------------+-------------------+


+--------------------------------------------------------------------------------------------------------------------------------------------------------------------------------------------------------------------------------------------------------------------------------------------------------------------------------------------------------------------------------------------------------------------------------------------------------------------------+
; I/O Rules Matrix                                                                                                                                                                                                                                                                                                                                                                                                                                                         ;
+--------------------+--------------+--------------+--------------+--------------+--------------+-----------+--------------+--------------+-----------+-----------+--------------+--------------+--------------+--------------+--------------+--------------+--------------+--------------+--------------+--------------+--------------+--------------+--------------+--------------+--------------+--------------+--------------+-----------+--------------+--------------+
; Pin/Rules          ; IO_000001    ; IO_000002    ; IO_000003    ; IO_000004    ; IO_000005    ; IO_000006 ; IO_000007    ; IO_000008    ; IO_000009 ; IO_000010 ; IO_000011    ; IO_000012    ; IO_000013    ; IO_000014    ; IO_000015    ; IO_000018    ; IO_000019    ; IO_000020    ; IO_000021    ; IO_000022    ; IO_000023    ; IO_000024    ; IO_000026    ; IO_000027    ; IO_000045    ; IO_000046    ; IO_000047    ; IO_000033 ; IO_000034    ; IO_000042    ;
+--------------------+--------------+--------------+--------------+--------------+--------------+-----------+--------------+--------------+-----------+-----------+--------------+--------------+--------------+--------------+--------------+--------------+--------------+--------------+--------------+--------------+--------------+--------------+--------------+--------------+--------------+--------------+--------------+-----------+--------------+--------------+
; Total Pass         ; 0            ; 0            ; 0            ; 0            ; 0            ; 31        ; 0            ; 0            ; 31        ; 31        ; 0            ; 17           ; 0            ; 0            ; 14           ; 0            ; 17           ; 14           ; 0            ; 0            ; 0            ; 17           ; 0            ; 0            ; 0            ; 0            ; 0            ; 31        ; 0            ; 0            ;
; Total Unchecked    ; 0            ; 0            ; 0            ; 0            ; 0            ; 0         ; 0            ; 0            ; 0         ; 0         ; 0            ; 0            ; 0            ; 0            ; 0            ; 0            ; 0            ; 0            ; 0            ; 0            ; 0            ; 0            ; 0            ; 0            ; 0            ; 0            ; 0            ; 0         ; 0            ; 0            ;
; Total Inapplicable ; 31           ; 31           ; 31           ; 31           ; 31           ; 0         ; 31           ; 31           ; 0         ; 0         ; 31           ; 14           ; 31           ; 31           ; 17           ; 31           ; 14           ; 17           ; 31           ; 31           ; 31           ; 14           ; 31           ; 31           ; 31           ; 31           ; 31           ; 0         ; 31           ; 31           ;
; Total Fail         ; 0            ; 0            ; 0            ; 0            ; 0            ; 0         ; 0            ; 0            ; 0         ; 0         ; 0            ; 0            ; 0            ; 0            ; 0            ; 0            ; 0            ; 0            ; 0            ; 0            ; 0            ; 0            ; 0            ; 0            ; 0            ; 0            ; 0            ; 0         ; 0            ; 0            ;
; clkdv              ; Inapplicable ; Inapplicable ; Inapplicable ; Inapplicable ; Inapplicable ; Pass      ; Inapplicable ; Inapplicable ; Pass      ; Pass      ; Inapplicable ; Pass         ; Inapplicable ; Inapplicable ; Inapplicable ; Inapplicable ; Pass         ; Inapplicable ; Inapplicable ; Inapplicable ; Inapplicable ; Pass         ; Inapplicable ; Inapplicable ; Inapplicable ; Inapplicable ; Inapplicable ; Pass      ; Inapplicable ; Inapplicable ;
; dout[0]            ; Inapplicable ; Inapplicable ; Inapplicable ; Inapplicable ; Inapplicable ; Pass      ; Inapplicable ; Inapplicable ; Pass      ; Pass      ; Inapplicable ; Pass         ; Inapplicable ; Inapplicable ; Inapplicable ; Inapplicable ; Pass         ; Inapplicable ; Inapplicable ; Inapplicable ; Inapplicable ; Pass         ; Inapplicable ; Inapplicable ; Inapplicable ; Inapplicable ; Inapplicable ; Pass      ; Inapplicable ; Inapplicable ;
; dout[1]            ; Inapplicable ; Inapplicable ; Inapplicable ; Inapplicable ; Inapplicable ; Pass      ; Inapplicable ; Inapplicable ; Pass      ; Pass      ; Inapplicable ; Pass         ; Inapplicable ; Inapplicable ; Inapplicable ; Inapplicable ; Pass         ; Inapplicable ; Inapplicable ; Inapplicable ; Inapplicable ; Pass         ; Inapplicable ; Inapplicable ; Inapplicable ; Inapplicable ; Inapplicable ; Pass      ; Inapplicable ; Inapplicable ;
; dout[2]            ; Inapplicable ; Inapplicable ; Inapplicable ; Inapplicable ; Inapplicable ; Pass      ; Inapplicable ; Inapplicable ; Pass      ; Pass      ; Inapplicable ; Pass         ; Inapplicable ; Inapplicable ; Inapplicable ; Inapplicable ; Pass         ; Inapplicable ; Inapplicable ; Inapplicable ; Inapplicable ; Pass         ; Inapplicable ; Inapplicable ; Inapplicable ; Inapplicable ; Inapplicable ; Pass      ; Inapplicable ; Inapplicable ;
; dout[3]            ; Inapplicable ; Inapplicable ; Inapplicable ; Inapplicable ; Inapplicable ; Pass      ; Inapplicable ; Inapplicable ; Pass      ; Pass      ; Inapplicable ; Pass         ; Inapplicable ; Inapplicable ; Inapplicable ; Inapplicable ; Pass         ; Inapplicable ; Inapplicable ; Inapplicable ; Inapplicable ; Pass         ; Inapplicable ; Inapplicable ; Inapplicable ; Inapplicable ; Inapplicable ; Pass      ; Inapplicable ; Inapplicable ;
; dout[4]            ; Inapplicable ; Inapplicable ; Inapplicable ; Inapplicable ; Inapplicable ; Pass      ; Inapplicable ; Inapplicable ; Pass      ; Pass      ; Inapplicable ; Pass         ; Inapplicable ; Inapplicable ; Inapplicable ; Inapplicable ; Pass         ; Inapplicable ; Inapplicable ; Inapplicable ; Inapplicable ; Pass         ; Inapplicable ; Inapplicable ; Inapplicable ; Inapplicable ; Inapplicable ; Pass      ; Inapplicable ; Inapplicable ;
; dout[5]            ; Inapplicable ; Inapplicable ; Inapplicable ; Inapplicable ; Inapplicable ; Pass      ; Inapplicable ; Inapplicable ; Pass      ; Pass      ; Inapplicable ; Pass         ; Inapplicable ; Inapplicable ; Inapplicable ; Inapplicable ; Pass         ; Inapplicable ; Inapplicable ; Inapplicable ; Inapplicable ; Pass         ; Inapplicable ; Inapplicable ; Inapplicable ; Inapplicable ; Inapplicable ; Pass      ; Inapplicable ; Inapplicable ;
; dout[6]            ; Inapplicable ; Inapplicable ; Inapplicable ; Inapplicable ; Inapplicable ; Pass      ; Inapplicable ; Inapplicable ; Pass      ; Pass      ; Inapplicable ; Pass         ; Inapplicable ; Inapplicable ; Inapplicable ; Inapplicable ; Pass         ; Inapplicable ; Inapplicable ; Inapplicable ; Inapplicable ; Pass         ; Inapplicable ; Inapplicable ; Inapplicable ; Inapplicable ; Inapplicable ; Pass      ; Inapplicable ; Inapplicable ;
; dout[7]            ; Inapplicable ; Inapplicable ; Inapplicable ; Inapplicable ; Inapplicable ; Pass      ; Inapplicable ; Inapplicable ; Pass      ; Pass      ; Inapplicable ; Pass         ; Inapplicable ; Inapplicable ; Inapplicable ; Inapplicable ; Pass         ; Inapplicable ; Inapplicable ; Inapplicable ; Inapplicable ; Pass         ; Inapplicable ; Inapplicable ; Inapplicable ; Inapplicable ; Inapplicable ; Pass      ; Inapplicable ; Inapplicable ;
; dout[8]            ; Inapplicable ; Inapplicable ; Inapplicable ; Inapplicable ; Inapplicable ; Pass      ; Inapplicable ; Inapplicable ; Pass      ; Pass      ; Inapplicable ; Pass         ; Inapplicable ; Inapplicable ; Inapplicable ; Inapplicable ; Pass         ; Inapplicable ; Inapplicable ; Inapplicable ; Inapplicable ; Pass         ; Inapplicable ; Inapplicable ; Inapplicable ; Inapplicable ; Inapplicable ; Pass      ; Inapplicable ; Inapplicable ;
; dout[9]            ; Inapplicable ; Inapplicable ; Inapplicable ; Inapplicable ; Inapplicable ; Pass      ; Inapplicable ; Inapplicable ; Pass      ; Pass      ; Inapplicable ; Pass         ; Inapplicable ; Inapplicable ; Inapplicable ; Inapplicable ; Pass         ; Inapplicable ; Inapplicable ; Inapplicable ; Inapplicable ; Pass         ; Inapplicable ; Inapplicable ; Inapplicable ; Inapplicable ; Inapplicable ; Pass      ; Inapplicable ; Inapplicable ;
; dout[10]           ; Inapplicable ; Inapplicable ; Inapplicable ; Inapplicable ; Inapplicable ; Pass      ; Inapplicable ; Inapplicable ; Pass      ; Pass      ; Inapplicable ; Pass         ; Inapplicable ; Inapplicable ; Inapplicable ; Inapplicable ; Pass         ; Inapplicable ; Inapplicable ; Inapplicable ; Inapplicable ; Pass         ; Inapplicable ; Inapplicable ; Inapplicable ; Inapplicable ; Inapplicable ; Pass      ; Inapplicable ; Inapplicable ;
; dout[11]           ; Inapplicable ; Inapplicable ; Inapplicable ; Inapplicable ; Inapplicable ; Pass      ; Inapplicable ; Inapplicable ; Pass      ; Pass      ; Inapplicable ; Pass         ; Inapplicable ; Inapplicable ; Inapplicable ; Inapplicable ; Pass         ; Inapplicable ; Inapplicable ; Inapplicable ; Inapplicable ; Pass         ; Inapplicable ; Inapplicable ; Inapplicable ; Inapplicable ; Inapplicable ; Pass      ; Inapplicable ; Inapplicable ;
; dout[12]           ; Inapplicable ; Inapplicable ; Inapplicable ; Inapplicable ; Inapplicable ; Pass      ; Inapplicable ; Inapplicable ; Pass      ; Pass      ; Inapplicable ; Pass         ; Inapplicable ; Inapplicable ; Inapplicable ; Inapplicable ; Pass         ; Inapplicable ; Inapplicable ; Inapplicable ; Inapplicable ; Pass         ; Inapplicable ; Inapplicable ; Inapplicable ; Inapplicable ; Inapplicable ; Pass      ; Inapplicable ; Inapplicable ;
; dout[13]           ; Inapplicable ; Inapplicable ; Inapplicable ; Inapplicable ; Inapplicable ; Pass      ; Inapplicable ; Inapplicable ; Pass      ; Pass      ; Inapplicable ; Pass         ; Inapplicable ; Inapplicable ; Inapplicable ; Inapplicable ; Pass         ; Inapplicable ; Inapplicable ; Inapplicable ; Inapplicable ; Pass         ; Inapplicable ; Inapplicable ; Inapplicable ; Inapplicable ; Inapplicable ; Pass      ; Inapplicable ; Inapplicable ;
; dout[14]           ; Inapplicable ; Inapplicable ; Inapplicable ; Inapplicable ; Inapplicable ; Pass      ; Inapplicable ; Inapplicable ; Pass      ; Pass      ; Inapplicable ; Pass         ; Inapplicable ; Inapplicable ; Inapplicable ; Inapplicable ; Pass         ; Inapplicable ; Inapplicable ; Inapplicable ; Inapplicable ; Pass         ; Inapplicable ; Inapplicable ; Inapplicable ; Inapplicable ; Inapplicable ; Pass      ; Inapplicable ; Inapplicable ;
; dout[15]           ; Inapplicable ; Inapplicable ; Inapplicable ; Inapplicable ; Inapplicable ; Pass      ; Inapplicable ; Inapplicable ; Pass      ; Pass      ; Inapplicable ; Pass         ; Inapplicable ; Inapplicable ; Inapplicable ; Inapplicable ; Pass         ; Inapplicable ; Inapplicable ; Inapplicable ; Inapplicable ; Pass         ; Inapplicable ; Inapplicable ; Inapplicable ; Inapplicable ; Inapplicable ; Pass      ; Inapplicable ; Inapplicable ;
; clk                ; Inapplicable ; Inapplicable ; Inapplicable ; Inapplicable ; Inapplicable ; Pass      ; Inapplicable ; Inapplicable ; Pass      ; Pass      ; Inapplicable ; Inapplicable ; Inapplicable ; Inapplicable ; Pass         ; Inapplicable ; Inapplicable ; Pass         ; Inapplicable ; Inapplicable ; Inapplicable ; Inapplicable ; Inapplicable ; Inapplicable ; Inapplicable ; Inapplicable ; Inapplicable ; Pass      ; Inapplicable ; Inapplicable ;
; rst                ; Inapplicable ; Inapplicable ; Inapplicable ; Inapplicable ; Inapplicable ; Pass      ; Inapplicable ; Inapplicable ; Pass      ; Pass      ; Inapplicable ; Inapplicable ; Inapplicable ; Inapplicable ; Pass         ; Inapplicable ; Inapplicable ; Pass         ; Inapplicable ; Inapplicable ; Inapplicable ; Inapplicable ; Inapplicable ; Inapplicable ; Inapplicable ; Inapplicable ; Inapplicable ; Pass      ; Inapplicable ; Inapplicable ;
; din[0]             ; Inapplicable ; Inapplicable ; Inapplicable ; Inapplicable ; Inapplicable ; Pass      ; Inapplicable ; Inapplicable ; Pass      ; Pass      ; Inapplicable ; Inapplicable ; Inapplicable ; Inapplicable ; Pass         ; Inapplicable ; Inapplicable ; Pass         ; Inapplicable ; Inapplicable ; Inapplicable ; Inapplicable ; Inapplicable ; Inapplicable ; Inapplicable ; Inapplicable ; Inapplicable ; Pass      ; Inapplicable ; Inapplicable ;
; din[1]             ; Inapplicable ; Inapplicable ; Inapplicable ; Inapplicable ; Inapplicable ; Pass      ; Inapplicable ; Inapplicable ; Pass      ; Pass      ; Inapplicable ; Inapplicable ; Inapplicable ; Inapplicable ; Pass         ; Inapplicable ; Inapplicable ; Pass         ; Inapplicable ; Inapplicable ; Inapplicable ; Inapplicable ; Inapplicable ; Inapplicable ; Inapplicable ; Inapplicable ; Inapplicable ; Pass      ; Inapplicable ; Inapplicable ;
; din[2]             ; Inapplicable ; Inapplicable ; Inapplicable ; Inapplicable ; Inapplicable ; Pass      ; Inapplicable ; Inapplicable ; Pass      ; Pass      ; Inapplicable ; Inapplicable ; Inapplicable ; Inapplicable ; Pass         ; Inapplicable ; Inapplicable ; Pass         ; Inapplicable ; Inapplicable ; Inapplicable ; Inapplicable ; Inapplicable ; Inapplicable ; Inapplicable ; Inapplicable ; Inapplicable ; Pass      ; Inapplicable ; Inapplicable ;
; din[3]             ; Inapplicable ; Inapplicable ; Inapplicable ; Inapplicable ; Inapplicable ; Pass      ; Inapplicable ; Inapplicable ; Pass      ; Pass      ; Inapplicable ; Inapplicable ; Inapplicable ; Inapplicable ; Pass         ; Inapplicable ; Inapplicable ; Pass         ; Inapplicable ; Inapplicable ; Inapplicable ; Inapplicable ; Inapplicable ; Inapplicable ; Inapplicable ; Inapplicable ; Inapplicable ; Pass      ; Inapplicable ; Inapplicable ;
; din[4]             ; Inapplicable ; Inapplicable ; Inapplicable ; Inapplicable ; Inapplicable ; Pass      ; Inapplicable ; Inapplicable ; Pass      ; Pass      ; Inapplicable ; Inapplicable ; Inapplicable ; Inapplicable ; Pass         ; Inapplicable ; Inapplicable ; Pass         ; Inapplicable ; Inapplicable ; Inapplicable ; Inapplicable ; Inapplicable ; Inapplicable ; Inapplicable ; Inapplicable ; Inapplicable ; Pass      ; Inapplicable ; Inapplicable ;
; din[5]             ; Inapplicable ; Inapplicable ; Inapplicable ; Inapplicable ; Inapplicable ; Pass      ; Inapplicable ; Inapplicable ; Pass      ; Pass      ; Inapplicable ; Inapplicable ; Inapplicable ; Inapplicable ; Pass         ; Inapplicable ; Inapplicable ; Pass         ; Inapplicable ; Inapplicable ; Inapplicable ; Inapplicable ; Inapplicable ; Inapplicable ; Inapplicable ; Inapplicable ; Inapplicable ; Pass      ; Inapplicable ; Inapplicable ;
; din[6]             ; Inapplicable ; Inapplicable ; Inapplicable ; Inapplicable ; Inapplicable ; Pass      ; Inapplicable ; Inapplicable ; Pass      ; Pass      ; Inapplicable ; Inapplicable ; Inapplicable ; Inapplicable ; Pass         ; Inapplicable ; Inapplicable ; Pass         ; Inapplicable ; Inapplicable ; Inapplicable ; Inapplicable ; Inapplicable ; Inapplicable ; Inapplicable ; Inapplicable ; Inapplicable ; Pass      ; Inapplicable ; Inapplicable ;
; din[7]             ; Inapplicable ; Inapplicable ; Inapplicable ; Inapplicable ; Inapplicable ; Pass      ; Inapplicable ; Inapplicable ; Pass      ; Pass      ; Inapplicable ; Inapplicable ; Inapplicable ; Inapplicable ; Pass         ; Inapplicable ; Inapplicable ; Pass         ; Inapplicable ; Inapplicable ; Inapplicable ; Inapplicable ; Inapplicable ; Inapplicable ; Inapplicable ; Inapplicable ; Inapplicable ; Pass      ; Inapplicable ; Inapplicable ;
; din[8]             ; Inapplicable ; Inapplicable ; Inapplicable ; Inapplicable ; Inapplicable ; Pass      ; Inapplicable ; Inapplicable ; Pass      ; Pass      ; Inapplicable ; Inapplicable ; Inapplicable ; Inapplicable ; Pass         ; Inapplicable ; Inapplicable ; Pass         ; Inapplicable ; Inapplicable ; Inapplicable ; Inapplicable ; Inapplicable ; Inapplicable ; Inapplicable ; Inapplicable ; Inapplicable ; Pass      ; Inapplicable ; Inapplicable ;
; din[9]             ; Inapplicable ; Inapplicable ; Inapplicable ; Inapplicable ; Inapplicable ; Pass      ; Inapplicable ; Inapplicable ; Pass      ; Pass      ; Inapplicable ; Inapplicable ; Inapplicable ; Inapplicable ; Pass         ; Inapplicable ; Inapplicable ; Pass         ; Inapplicable ; Inapplicable ; Inapplicable ; Inapplicable ; Inapplicable ; Inapplicable ; Inapplicable ; Inapplicable ; Inapplicable ; Pass      ; Inapplicable ; Inapplicable ;
; din[10]            ; Inapplicable ; Inapplicable ; Inapplicable ; Inapplicable ; Inapplicable ; Pass      ; Inapplicable ; Inapplicable ; Pass      ; Pass      ; Inapplicable ; Inapplicable ; Inapplicable ; Inapplicable ; Pass         ; Inapplicable ; Inapplicable ; Pass         ; Inapplicable ; Inapplicable ; Inapplicable ; Inapplicable ; Inapplicable ; Inapplicable ; Inapplicable ; Inapplicable ; Inapplicable ; Pass      ; Inapplicable ; Inapplicable ;
; din[11]            ; Inapplicable ; Inapplicable ; Inapplicable ; Inapplicable ; Inapplicable ; Pass      ; Inapplicable ; Inapplicable ; Pass      ; Pass      ; Inapplicable ; Inapplicable ; Inapplicable ; Inapplicable ; Pass         ; Inapplicable ; Inapplicable ; Pass         ; Inapplicable ; Inapplicable ; Inapplicable ; Inapplicable ; Inapplicable ; Inapplicable ; Inapplicable ; Inapplicable ; Inapplicable ; Pass      ; Inapplicable ; Inapplicable ;
+--------------------+--------------+--------------+--------------+--------------+--------------+-----------+--------------+--------------+-----------+-----------+--------------+--------------+--------------+--------------+--------------+--------------+--------------+--------------+--------------+--------------+--------------+--------------+--------------+--------------+--------------+--------------+--------------+-----------+--------------+--------------+


+---------------------------------------------------------------------------------------------+
; Fitter Device Options                                                                       ;
+------------------------------------------------------------------+--------------------------+
; Option                                                           ; Setting                  ;
+------------------------------------------------------------------+--------------------------+
; Enable user-supplied start-up clock (CLKUSR)                     ; Off                      ;
; Enable device-wide reset (DEV_CLRn)                              ; Off                      ;
; Enable device-wide output enable (DEV_OE)                        ; Off                      ;
; Enable INIT_DONE output                                          ; Off                      ;
; Configuration scheme                                             ; Active Serial            ;
; Error detection CRC                                              ; Off                      ;
; Enable open-drain on CRC_ERROR pin                               ; Off                      ;
; Enable input tri-state on active configuration pins in user mode ; Off                      ;
; Configuration Voltage Level                                      ; Auto                     ;
; Force Configuration Voltage Level                                ; Off                      ;
; nCEO                                                             ; As output driving ground ;
; Data[0]                                                          ; As input tri-stated      ;
; Data[1]/ASDO                                                     ; As input tri-stated      ;
; Data[7..2]                                                       ; Unreserved               ;
; FLASH_nCE/nCSO                                                   ; As input tri-stated      ;
; Other Active Parallel pins                                       ; Unreserved               ;
; DCLK                                                             ; As output driving ground ;
; Base pin-out file on sameframe device                            ; Off                      ;
+------------------------------------------------------------------+--------------------------+


+------------------------------------+
; Operating Settings and Conditions  ;
+---------------------------+--------+
; Setting                   ; Value  ;
+---------------------------+--------+
; Nominal Core Voltage      ; 1.20 V ;
; Low Junction Temperature  ; 0 °C   ;
; High Junction Temperature ; 85 °C  ;
+---------------------------+--------+


+------------------------------------------------------------+
; Estimated Delay Added for Hold Timing Summary              ;
+-----------------+----------------------+-------------------+
; Source Clock(s) ; Destination Clock(s) ; Delay Added in ns ;
+-----------------+----------------------+-------------------+
; clk             ; clk                  ; 4.05846           ;
+-----------------+----------------------+-------------------+
Note: For more information on problematic transfers, consider running the Fitter again with the Optimize hold timing option (Settings Menu) turned off.
This will disable optimization of problematic paths and expose them for further analysis using either the TimeQuest Timing Analyzer or the Classic Timing Analyzer.


+--------------------------------------------------------------------------------------------------------------------------------------------------------------------------------------------------------------------------------------------------------------------------------------------------------------------------------------------------------------------------------------------------------------------------------------------------------------------------------+
; Estimated Delay Added for Hold Timing Details                                                                                                                                                                                                                                                                                                                                                                                                                                  ;
+----------------------------------------------------------------------------------------------------------------------------------------------------------------------------+-------------------------------------------------------------------------------------------------------------------------------------------------------------------------------------------------------------------------------------------------------------------------------+-------------------+
; Source Register                                                                                                                                                            ; Destination Register                                                                                                                                                                                                                                                          ; Delay Added in ns ;
+----------------------------------------------------------------------------------------------------------------------------------------------------------------------------+-------------------------------------------------------------------------------------------------------------------------------------------------------------------------------------------------------------------------------------------------------------------------------+-------------------+
; ifftout:u2|fft256:u0|asj_fft_si_sose_so_b_fft_121:asj_fft_si_sose_so_b_fft_121_inst|auk_dspip_avalon_streaming_source_fft_121:auk_dsp_atlantic_source_1|at_source_data[25] ; ifftout:u2|dram16_256:u2|altsyncram:altsyncram_component|altsyncram_09k1:auto_generated|ram_block1a3~porta_datain_reg0                                                                                                                                                        ; 0.277341          ;
; ifftout:u2|fft256:u0|asj_fft_si_sose_so_b_fft_121:asj_fft_si_sose_so_b_fft_121_inst|auk_dspip_avalon_streaming_source_fft_121:auk_dsp_atlantic_source_1|at_source_data[33] ; ifftout:u2|dram16_256:u2|altsyncram:altsyncram_component|altsyncram_09k1:auto_generated|ram_block1a11~porta_datain_reg0                                                                                                                                                       ; 0.277341          ;
; ifftout:u2|fft256:u0|asj_fft_si_sose_so_b_fft_121:asj_fft_si_sose_so_b_fft_121_inst|auk_dspip_avalon_streaming_source_fft_121:auk_dsp_atlantic_source_1|at_source_data[22] ; ifftout:u2|dram16_256:u2|altsyncram:altsyncram_component|altsyncram_09k1:auto_generated|ram_block1a0~porta_datain_reg0                                                                                                                                                        ; 0.261340          ;
; ifftout:u2|fft256:u0|asj_fft_si_sose_so_b_fft_121:asj_fft_si_sose_so_b_fft_121_inst|auk_dspip_avalon_streaming_source_fft_121:auk_dsp_atlantic_source_1|at_source_data[23] ; ifftout:u2|dram16_256:u2|altsyncram:altsyncram_component|altsyncram_09k1:auto_generated|ram_block1a1~porta_datain_reg0                                                                                                                                                        ; 0.261340          ;
; ifftout:u2|fft256:u0|asj_fft_si_sose_so_b_fft_121:asj_fft_si_sose_so_b_fft_121_inst|auk_dspip_avalon_streaming_source_fft_121:auk_dsp_atlantic_source_1|at_source_data[24] ; ifftout:u2|dram16_256:u2|altsyncram:altsyncram_component|altsyncram_09k1:auto_generated|ram_block1a2~porta_datain_reg0                                                                                                                                                        ; 0.261340          ;
; ifftout:u2|fft256:u0|asj_fft_si_sose_so_b_fft_121:asj_fft_si_sose_so_b_fft_121_inst|auk_dspip_avalon_streaming_source_fft_121:auk_dsp_atlantic_source_1|at_source_data[26] ; ifftout:u2|dram16_256:u2|altsyncram:altsyncram_component|altsyncram_09k1:auto_generated|ram_block1a4~porta_datain_reg0                                                                                                                                                        ; 0.261340          ;
; ifftout:u2|fft256:u0|asj_fft_si_sose_so_b_fft_121:asj_fft_si_sose_so_b_fft_121_inst|auk_dspip_avalon_streaming_source_fft_121:auk_dsp_atlantic_source_1|at_source_data[27] ; ifftout:u2|dram16_256:u2|altsyncram:altsyncram_component|altsyncram_09k1:auto_generated|ram_block1a5~porta_datain_reg0                                                                                                                                                        ; 0.261340          ;
; ifftout:u2|fft256:u0|asj_fft_si_sose_so_b_fft_121:asj_fft_si_sose_so_b_fft_121_inst|auk_dspip_avalon_streaming_source_fft_121:auk_dsp_atlantic_source_1|at_source_data[28] ; ifftout:u2|dram16_256:u2|altsyncram:altsyncram_component|altsyncram_09k1:auto_generated|ram_block1a6~porta_datain_reg0                                                                                                                                                        ; 0.261340          ;
; ifftout:u2|fft256:u0|asj_fft_si_sose_so_b_fft_121:asj_fft_si_sose_so_b_fft_121_inst|auk_dspip_avalon_streaming_source_fft_121:auk_dsp_atlantic_source_1|at_source_data[29] ; ifftout:u2|dram16_256:u2|altsyncram:altsyncram_component|altsyncram_09k1:auto_generated|ram_block1a7~porta_datain_reg0                                                                                                                                                        ; 0.261340          ;
; ifftout:u2|fft256:u0|asj_fft_si_sose_so_b_fft_121:asj_fft_si_sose_so_b_fft_121_inst|auk_dspip_avalon_streaming_source_fft_121:auk_dsp_atlantic_source_1|at_source_data[30] ; ifftout:u2|dram16_256:u2|altsyncram:altsyncram_component|altsyncram_09k1:auto_generated|ram_block1a8~porta_datain_reg0                                                                                                                                                        ; 0.261340          ;
; ifftout:u2|fft256:u0|asj_fft_si_sose_so_b_fft_121:asj_fft_si_sose_so_b_fft_121_inst|auk_dspip_avalon_streaming_source_fft_121:auk_dsp_atlantic_source_1|at_source_data[31] ; ifftout:u2|dram16_256:u2|altsyncram:altsyncram_component|altsyncram_09k1:auto_generated|ram_block1a9~porta_datain_reg0                                                                                                                                                        ; 0.261340          ;
; ifftout:u2|fft256:u0|asj_fft_si_sose_so_b_fft_121:asj_fft_si_sose_so_b_fft_121_inst|auk_dspip_avalon_streaming_source_fft_121:auk_dsp_atlantic_source_1|at_source_data[32] ; ifftout:u2|dram16_256:u2|altsyncram:altsyncram_component|altsyncram_09k1:auto_generated|ram_block1a10~porta_datain_reg0                                                                                                                                                       ; 0.261340          ;
; fftfilter:u1|fft256:u0|asj_fft_si_sose_so_b_fft_121:asj_fft_si_sose_so_b_fft_121_inst|asj_fft_unbburst_sose_ctrl_fft_121:ccc|a_ram_data_in_bus[0]                          ; fftfilter:u1|fft256:u0|asj_fft_si_sose_so_b_fft_121:asj_fft_si_sose_so_b_fft_121_inst|asj_fft_1dp_ram_fft_121:\gen_1_ram:gen_M4K:dat_A|asj_fft_data_ram_fft_121:dat_A|altsyncram:\gen_M4K:altsyncram_component|altsyncram_21t3:auto_generated|ram_block1a0~porta_datain_reg0  ; 0.223000          ;
; fftfilter:u1|fft256:u0|asj_fft_si_sose_so_b_fft_121:asj_fft_si_sose_so_b_fft_121_inst|asj_fft_unbburst_sose_ctrl_fft_121:ccc|a_ram_data_in_bus[1]                          ; fftfilter:u1|fft256:u0|asj_fft_si_sose_so_b_fft_121:asj_fft_si_sose_so_b_fft_121_inst|asj_fft_1dp_ram_fft_121:\gen_1_ram:gen_M4K:dat_A|asj_fft_data_ram_fft_121:dat_A|altsyncram:\gen_M4K:altsyncram_component|altsyncram_21t3:auto_generated|ram_block1a1~porta_datain_reg0  ; 0.223000          ;
; fftfilter:u1|fft256:u0|asj_fft_si_sose_so_b_fft_121:asj_fft_si_sose_so_b_fft_121_inst|asj_fft_unbburst_sose_ctrl_fft_121:ccc|a_ram_data_in_bus[2]                          ; fftfilter:u1|fft256:u0|asj_fft_si_sose_so_b_fft_121:asj_fft_si_sose_so_b_fft_121_inst|asj_fft_1dp_ram_fft_121:\gen_1_ram:gen_M4K:dat_A|asj_fft_data_ram_fft_121:dat_A|altsyncram:\gen_M4K:altsyncram_component|altsyncram_21t3:auto_generated|ram_block1a2~porta_datain_reg0  ; 0.223000          ;
; fftfilter:u1|fft256:u0|asj_fft_si_sose_so_b_fft_121:asj_fft_si_sose_so_b_fft_121_inst|asj_fft_unbburst_sose_ctrl_fft_121:ccc|a_ram_data_in_bus[15]                         ; fftfilter:u1|fft256:u0|asj_fft_si_sose_so_b_fft_121:asj_fft_si_sose_so_b_fft_121_inst|asj_fft_1dp_ram_fft_121:\gen_1_ram:gen_M4K:dat_A|asj_fft_data_ram_fft_121:dat_A|altsyncram:\gen_M4K:altsyncram_component|altsyncram_21t3:auto_generated|ram_block1a15~porta_datain_reg0 ; 0.221381          ;
+----------------------------------------------------------------------------------------------------------------------------------------------------------------------------+-------------------------------------------------------------------------------------------------------------------------------------------------------------------------------------------------------------------------------------------------------------------------------+-------------------+


+-----------------+
; Fitter Messages ;
+-----------------+
Info: *******************************************************************
Info: Running Quartus II Fitter
    Info: Version 10.0 Build 262 08/18/2010 Service Pack 1 SJ Full Version
    Info: Processing started: Thu Mar 31 08:33:33 2016
Info: Command: quartus_fit --read_settings_files=off --write_settings_files=off TransformFilter -c TransformFilter
Info: Parallel compilation is enabled and will use 2 of the 2 processors detected
Info: Selected device EP4CE15F17C8 for design "TransformFilter"
Info: Core supply voltage is 1.2V
Info: Low junction temperature is 0 degrees C
Info: High junction temperature is 85 degrees C
Info: Found following RAM instances in design that are actually implemented as ROM because the write logic is always disabled
    Info: Atom "ifftout:u2|fft256:u0|asj_fft_si_sose_so_b_fft_121:asj_fft_si_sose_so_b_fft_121_inst|asj_fft_1tdp_rom_fft_121:\gen_se:gen_new:twrom|asj_fft_twid_rom_tdp_fft_121:\gen_auto:sin_1n|altsyncram:altsyncram_component|altsyncram_he72:auto_generated|ram_block1a0" is instantiated as RAM, but it is actually implemented as ROM function because the write logic is always disabled
    Info: Atom "ifftout:u2|fft256:u0|asj_fft_si_sose_so_b_fft_121:asj_fft_si_sose_so_b_fft_121_inst|asj_fft_1tdp_rom_fft_121:\gen_se:gen_new:twrom|asj_fft_twid_rom_tdp_fft_121:\gen_auto:sin_1n|altsyncram:altsyncram_component|altsyncram_he72:auto_generated|ram_block1a1" is instantiated as RAM, but it is actually implemented as ROM function because the write logic is always disabled
    Info: Atom "ifftout:u2|fft256:u0|asj_fft_si_sose_so_b_fft_121:asj_fft_si_sose_so_b_fft_121_inst|asj_fft_1tdp_rom_fft_121:\gen_se:gen_new:twrom|asj_fft_twid_rom_tdp_fft_121:\gen_auto:sin_1n|altsyncram:altsyncram_component|altsyncram_he72:auto_generated|ram_block1a2" is instantiated as RAM, but it is actually implemented as ROM function because the write logic is always disabled
    Info: Atom "ifftout:u2|fft256:u0|asj_fft_si_sose_so_b_fft_121:asj_fft_si_sose_so_b_fft_121_inst|asj_fft_1tdp_rom_fft_121:\gen_se:gen_new:twrom|asj_fft_twid_rom_tdp_fft_121:\gen_auto:sin_1n|altsyncram:altsyncram_component|altsyncram_he72:auto_generated|ram_block1a3" is instantiated as RAM, but it is actually implemented as ROM function because the write logic is always disabled
    Info: Atom "ifftout:u2|fft256:u0|asj_fft_si_sose_so_b_fft_121:asj_fft_si_sose_so_b_fft_121_inst|asj_fft_1tdp_rom_fft_121:\gen_se:gen_new:twrom|asj_fft_twid_rom_tdp_fft_121:\gen_auto:sin_1n|altsyncram:altsyncram_component|altsyncram_he72:auto_generated|ram_block1a4" is instantiated as RAM, but it is actually implemented as ROM function because the write logic is always disabled
    Info: Atom "ifftout:u2|fft256:u0|asj_fft_si_sose_so_b_fft_121:asj_fft_si_sose_so_b_fft_121_inst|asj_fft_1tdp_rom_fft_121:\gen_se:gen_new:twrom|asj_fft_twid_rom_tdp_fft_121:\gen_auto:sin_1n|altsyncram:altsyncram_component|altsyncram_he72:auto_generated|ram_block1a5" is instantiated as RAM, but it is actually implemented as ROM function because the write logic is always disabled
    Info: Atom "ifftout:u2|fft256:u0|asj_fft_si_sose_so_b_fft_121:asj_fft_si_sose_so_b_fft_121_inst|asj_fft_1tdp_rom_fft_121:\gen_se:gen_new:twrom|asj_fft_twid_rom_tdp_fft_121:\gen_auto:sin_1n|altsyncram:altsyncram_component|altsyncram_he72:auto_generated|ram_block1a6" is instantiated as RAM, but it is actually implemented as ROM function because the write logic is always disabled
    Info: Atom "ifftout:u2|fft256:u0|asj_fft_si_sose_so_b_fft_121:asj_fft_si_sose_so_b_fft_121_inst|asj_fft_1tdp_rom_fft_121:\gen_se:gen_new:twrom|asj_fft_twid_rom_tdp_fft_121:\gen_auto:sin_1n|altsyncram:altsyncram_component|altsyncram_he72:auto_generated|ram_block1a7" is instantiated as RAM, but it is actually implemented as ROM function because the write logic is always disabled
    Info: Atom "ifftout:u2|fft256:u0|asj_fft_si_sose_so_b_fft_121:asj_fft_si_sose_so_b_fft_121_inst|asj_fft_1tdp_rom_fft_121:\gen_se:gen_new:twrom|asj_fft_twid_rom_tdp_fft_121:\gen_auto:sin_1n|altsyncram:altsyncram_component|altsyncram_he72:auto_generated|ram_block1a8" is instantiated as RAM, but it is actually implemented as ROM function because the write logic is always disabled
    Info: Atom "ifftout:u2|fft256:u0|asj_fft_si_sose_so_b_fft_121:asj_fft_si_sose_so_b_fft_121_inst|asj_fft_1tdp_rom_fft_121:\gen_se:gen_new:twrom|asj_fft_twid_rom_tdp_fft_121:\gen_auto:sin_1n|altsyncram:altsyncram_component|altsyncram_he72:auto_generated|ram_block1a9" is instantiated as RAM, but it is actually implemented as ROM function because the write logic is always disabled
    Info: Atom "ifftout:u2|fft256:u0|asj_fft_si_sose_so_b_fft_121:asj_fft_si_sose_so_b_fft_121_inst|asj_fft_1tdp_rom_fft_121:\gen_se:gen_new:twrom|asj_fft_twid_rom_tdp_fft_121:\gen_auto:sin_1n|altsyncram:altsyncram_component|altsyncram_he72:auto_generated|ram_block1a10" is instantiated as RAM, but it is actually implemented as ROM function because the write logic is always disabled
    Info: Atom "ifftout:u2|fft256:u0|asj_fft_si_sose_so_b_fft_121:asj_fft_si_sose_so_b_fft_121_inst|asj_fft_1tdp_rom_fft_121:\gen_se:gen_new:twrom|asj_fft_twid_rom_tdp_fft_121:\gen_auto:sin_1n|altsyncram:altsyncram_component|altsyncram_he72:auto_generated|ram_block1a11" is instantiated as RAM, but it is actually implemented as ROM function because the write logic is always disabled
    Info: Atom "ifftout:u2|fft256:u0|asj_fft_si_sose_so_b_fft_121:asj_fft_si_sose_so_b_fft_121_inst|asj_fft_1tdp_rom_fft_121:\gen_se:gen_new:twrom|asj_fft_twid_rom_tdp_fft_121:\gen_auto:sin_1n|altsyncram:altsyncram_component|altsyncram_he72:auto_generated|ram_block1a12" is instantiated as RAM, but it is actually implemented as ROM function because the write logic is always disabled
    Info: Atom "ifftout:u2|fft256:u0|asj_fft_si_sose_so_b_fft_121:asj_fft_si_sose_so_b_fft_121_inst|asj_fft_1tdp_rom_fft_121:\gen_se:gen_new:twrom|asj_fft_twid_rom_tdp_fft_121:\gen_auto:sin_1n|altsyncram:altsyncram_component|altsyncram_he72:auto_generated|ram_block1a13" is instantiated as RAM, but it is actually implemented as ROM function because the write logic is always disabled
    Info: Atom "ifftout:u2|fft256:u0|asj_fft_si_sose_so_b_fft_121:asj_fft_si_sose_so_b_fft_121_inst|asj_fft_1tdp_rom_fft_121:\gen_se:gen_new:twrom|asj_fft_twid_rom_tdp_fft_121:\gen_auto:sin_1n|altsyncram:altsyncram_component|altsyncram_he72:auto_generated|ram_block1a14" is instantiated as RAM, but it is actually implemented as ROM function because the write logic is always disabled
    Info: Atom "ifftout:u2|fft256:u0|asj_fft_si_sose_so_b_fft_121:asj_fft_si_sose_so_b_fft_121_inst|asj_fft_1tdp_rom_fft_121:\gen_se:gen_new:twrom|asj_fft_twid_rom_tdp_fft_121:\gen_auto:sin_1n|altsyncram:altsyncram_component|altsyncram_he72:auto_generated|ram_block1a15" is instantiated as RAM, but it is actually implemented as ROM function because the write logic is always disabled
    Info: Atom "fftfilter:u1|fft256:u0|asj_fft_si_sose_so_b_fft_121:asj_fft_si_sose_so_b_fft_121_inst|asj_fft_1tdp_rom_fft_121:\gen_se:gen_new:twrom|asj_fft_twid_rom_tdp_fft_121:\gen_auto:sin_1n|altsyncram:altsyncram_component|altsyncram_he72:auto_generated|ram_block1a0" is instantiated as RAM, but it is actually implemented as ROM function because the write logic is always disabled
    Info: Atom "fftfilter:u1|fft256:u0|asj_fft_si_sose_so_b_fft_121:asj_fft_si_sose_so_b_fft_121_inst|asj_fft_1tdp_rom_fft_121:\gen_se:gen_new:twrom|asj_fft_twid_rom_tdp_fft_121:\gen_auto:sin_1n|altsyncram:altsyncram_component|altsyncram_he72:auto_generated|ram_block1a1" is instantiated as RAM, but it is actually implemented as ROM function because the write logic is always disabled
    Info: Atom "fftfilter:u1|fft256:u0|asj_fft_si_sose_so_b_fft_121:asj_fft_si_sose_so_b_fft_121_inst|asj_fft_1tdp_rom_fft_121:\gen_se:gen_new:twrom|asj_fft_twid_rom_tdp_fft_121:\gen_auto:sin_1n|altsyncram:altsyncram_component|altsyncram_he72:auto_generated|ram_block1a2" is instantiated as RAM, but it is actually implemented as ROM function because the write logic is always disabled
    Info: Atom "fftfilter:u1|fft256:u0|asj_fft_si_sose_so_b_fft_121:asj_fft_si_sose_so_b_fft_121_inst|asj_fft_1tdp_rom_fft_121:\gen_se:gen_new:twrom|asj_fft_twid_rom_tdp_fft_121:\gen_auto:sin_1n|altsyncram:altsyncram_component|altsyncram_he72:auto_generated|ram_block1a3" is instantiated as RAM, but it is actually implemented as ROM function because the write logic is always disabled
    Info: Atom "fftfilter:u1|fft256:u0|asj_fft_si_sose_so_b_fft_121:asj_fft_si_sose_so_b_fft_121_inst|asj_fft_1tdp_rom_fft_121:\gen_se:gen_new:twrom|asj_fft_twid_rom_tdp_fft_121:\gen_auto:sin_1n|altsyncram:altsyncram_component|altsyncram_he72:auto_generated|ram_block1a4" is instantiated as RAM, but it is actually implemented as ROM function because the write logic is always disabled
    Info: Atom "fftfilter:u1|fft256:u0|asj_fft_si_sose_so_b_fft_121:asj_fft_si_sose_so_b_fft_121_inst|asj_fft_1tdp_rom_fft_121:\gen_se:gen_new:twrom|asj_fft_twid_rom_tdp_fft_121:\gen_auto:sin_1n|altsyncram:altsyncram_component|altsyncram_he72:auto_generated|ram_block1a5" is instantiated as RAM, but it is actually implemented as ROM function because the write logic is always disabled
    Info: Atom "fftfilter:u1|fft256:u0|asj_fft_si_sose_so_b_fft_121:asj_fft_si_sose_so_b_fft_121_inst|asj_fft_1tdp_rom_fft_121:\gen_se:gen_new:twrom|asj_fft_twid_rom_tdp_fft_121:\gen_auto:sin_1n|altsyncram:altsyncram_component|altsyncram_he72:auto_generated|ram_block1a6" is instantiated as RAM, but it is actually implemented as ROM function because the write logic is always disabled
    Info: Atom "fftfilter:u1|fft256:u0|asj_fft_si_sose_so_b_fft_121:asj_fft_si_sose_so_b_fft_121_inst|asj_fft_1tdp_rom_fft_121:\gen_se:gen_new:twrom|asj_fft_twid_rom_tdp_fft_121:\gen_auto:sin_1n|altsyncram:altsyncram_component|altsyncram_he72:auto_generated|ram_block1a7" is instantiated as RAM, but it is actually implemented as ROM function because the write logic is always disabled
    Info: Atom "fftfilter:u1|fft256:u0|asj_fft_si_sose_so_b_fft_121:asj_fft_si_sose_so_b_fft_121_inst|asj_fft_1tdp_rom_fft_121:\gen_se:gen_new:twrom|asj_fft_twid_rom_tdp_fft_121:\gen_auto:sin_1n|altsyncram:altsyncram_component|altsyncram_he72:auto_generated|ram_block1a8" is instantiated as RAM, but it is actually implemented as ROM function because the write logic is always disabled
    Info: Atom "fftfilter:u1|fft256:u0|asj_fft_si_sose_so_b_fft_121:asj_fft_si_sose_so_b_fft_121_inst|asj_fft_1tdp_rom_fft_121:\gen_se:gen_new:twrom|asj_fft_twid_rom_tdp_fft_121:\gen_auto:sin_1n|altsyncram:altsyncram_component|altsyncram_he72:auto_generated|ram_block1a9" is instantiated as RAM, but it is actually implemented as ROM function because the write logic is always disabled
    Info: Atom "fftfilter:u1|fft256:u0|asj_fft_si_sose_so_b_fft_121:asj_fft_si_sose_so_b_fft_121_inst|asj_fft_1tdp_rom_fft_121:\gen_se:gen_new:twrom|asj_fft_twid_rom_tdp_fft_121:\gen_auto:sin_1n|altsyncram:altsyncram_component|altsyncram_he72:auto_generated|ram_block1a10" is instantiated as RAM, but it is actually implemented as ROM function because the write logic is always disabled
    Info: Atom "fftfilter:u1|fft256:u0|asj_fft_si_sose_so_b_fft_121:asj_fft_si_sose_so_b_fft_121_inst|asj_fft_1tdp_rom_fft_121:\gen_se:gen_new:twrom|asj_fft_twid_rom_tdp_fft_121:\gen_auto:sin_1n|altsyncram:altsyncram_component|altsyncram_he72:auto_generated|ram_block1a11" is instantiated as RAM, but it is actually implemented as ROM function because the write logic is always disabled
    Info: Atom "fftfilter:u1|fft256:u0|asj_fft_si_sose_so_b_fft_121:asj_fft_si_sose_so_b_fft_121_inst|asj_fft_1tdp_rom_fft_121:\gen_se:gen_new:twrom|asj_fft_twid_rom_tdp_fft_121:\gen_auto:sin_1n|altsyncram:altsyncram_component|altsyncram_he72:auto_generated|ram_block1a12" is instantiated as RAM, but it is actually implemented as ROM function because the write logic is always disabled
    Info: Atom "fftfilter:u1|fft256:u0|asj_fft_si_sose_so_b_fft_121:asj_fft_si_sose_so_b_fft_121_inst|asj_fft_1tdp_rom_fft_121:\gen_se:gen_new:twrom|asj_fft_twid_rom_tdp_fft_121:\gen_auto:sin_1n|altsyncram:altsyncram_component|altsyncram_he72:auto_generated|ram_block1a13" is instantiated as RAM, but it is actually implemented as ROM function because the write logic is always disabled
    Info: Atom "fftfilter:u1|fft256:u0|asj_fft_si_sose_so_b_fft_121:asj_fft_si_sose_so_b_fft_121_inst|asj_fft_1tdp_rom_fft_121:\gen_se:gen_new:twrom|asj_fft_twid_rom_tdp_fft_121:\gen_auto:sin_1n|altsyncram:altsyncram_component|altsyncram_he72:auto_generated|ram_block1a14" is instantiated as RAM, but it is actually implemented as ROM function because the write logic is always disabled
    Info: Atom "fftfilter:u1|fft256:u0|asj_fft_si_sose_so_b_fft_121:asj_fft_si_sose_so_b_fft_121_inst|asj_fft_1tdp_rom_fft_121:\gen_se:gen_new:twrom|asj_fft_twid_rom_tdp_fft_121:\gen_auto:sin_1n|altsyncram:altsyncram_component|altsyncram_he72:auto_generated|ram_block1a15" is instantiated as RAM, but it is actually implemented as ROM function because the write logic is always disabled
Info: Fitter is performing an Auto Fit compilation, which may decrease Fitter effort to reduce compilation time
Info: Device migration not selected. If you intend to use device migration later, you may need to change the pin assignments as they may be incompatible with other devices
    Info: Device EP4CE10F17C8 is compatible
    Info: Device EP4CE6F17C8 is compatible
    Info: Device EP4CE22F17C8 is compatible
Info: Fitter converted 5 user pins into dedicated programming pins
    Info: Pin ~ALTERA_ASDO_DATA1~ is reserved at location C1
    Info: Pin ~ALTERA_FLASH_nCE_nCSO~ is reserved at location D2
    Info: Pin ~ALTERA_DCLK~ is reserved at location H1
    Info: Pin ~ALTERA_DATA0~ is reserved at location H2
    Info: Pin ~ALTERA_nCEO~ is reserved at location F16
Warning: Some pins have incomplete I/O assignments. Refer to the I/O Assignment Warnings report for details
Info: Design uses memory blocks. Violating setup or hold times of memory block address registers for either read or write operations could cause memory contents to be corrupted. Make sure that all memory block address registers meet the setup and hold time requirements.
Critical Warning: No exact pin location assignment(s) for 31 pins of 31 total pins
    Info: Pin clkdv not assigned to an exact location on the device
    Info: Pin dout[0] not assigned to an exact location on the device
    Info: Pin dout[1] not assigned to an exact location on the device
    Info: Pin dout[2] not assigned to an exact location on the device
    Info: Pin dout[3] not assigned to an exact location on the device
    Info: Pin dout[4] not assigned to an exact location on the device
    Info: Pin dout[5] not assigned to an exact location on the device
    Info: Pin dout[6] not assigned to an exact location on the device
    Info: Pin dout[7] not assigned to an exact location on the device
    Info: Pin dout[8] not assigned to an exact location on the device
    Info: Pin dout[9] not assigned to an exact location on the device
    Info: Pin dout[10] not assigned to an exact location on the device
    Info: Pin dout[11] not assigned to an exact location on the device
    Info: Pin dout[12] not assigned to an exact location on the device
    Info: Pin dout[13] not assigned to an exact location on the device
    Info: Pin dout[14] not assigned to an exact location on the device
    Info: Pin dout[15] not assigned to an exact location on the device
    Info: Pin clk not assigned to an exact location on the device
    Info: Pin rst not assigned to an exact location on the device
    Info: Pin din[0] not assigned to an exact location on the device
    Info: Pin din[1] not assigned to an exact location on the device
    Info: Pin din[2] not assigned to an exact location on the device
    Info: Pin din[3] not assigned to an exact location on the device
    Info: Pin din[4] not assigned to an exact location on the device
    Info: Pin din[5] not assigned to an exact location on the device
    Info: Pin din[6] not assigned to an exact location on the device
    Info: Pin din[7] not assigned to an exact location on the device
    Info: Pin din[8] not assigned to an exact location on the device
    Info: Pin din[9] not assigned to an exact location on the device
    Info: Pin din[10] not assigned to an exact location on the device
    Info: Pin din[11] not assigned to an exact location on the device
Info: Timing-driven compilation is using the TimeQuest Timing Analyzer
Info: Reading SDC File: 'TransformFilter.sdc'
Info: Clock uncertainty calculation is delayed until the next update_timing_netlist call
Warning: Node: window:u0|clk16dv was determined to be a clock but was found without an associated clock assignment.
Info: The derive_clock_uncertainty command did not apply clock uncertainty to any clock-to-clock transfers.
Info: Detected timing requirements -- optimizing circuit to achieve only the specified requirements
Info: Found 1 clocks
    Info:   Period   Clock Name
    Info: ======== ============
    Info:   20.000       Ts_clk
Info: Automatically promoted node clk~input (placed in PIN E1 (CLK1, DIFFCLK_0n))
    Info: Automatically promoted destinations to use location or clock signal Global Clock CLKCTRL_G2
    Info: Following destination nodes may be non-global or may not use global or regional clocks
        Info: Destination node window:u0|clk16dv
Info: Automatically promoted node window:u0|clk16dv 
    Info: Automatically promoted destinations to use location or clock signal Global Clock
    Info: Following destination nodes may be non-global or may not use global or regional clocks
        Info: Destination node clkdv~output
Info: Automatically promoted node rst~input (placed in PIN M2 (CLK2, DIFFCLK_1p))
    Info: Automatically promoted destinations to use location or clock signal Global Clock CLKCTRL_G4
    Info: Following destination nodes may be non-global or may not use global or regional clocks
        Info: Destination node ifftout:u2|fft256:u0|asj_fft_si_sose_so_b_fft_121:asj_fft_si_sose_so_b_fft_121_inst|asj_fft_in_write_sgl_fft_121:writer|disable_wr
        Info: Destination node ifftout:u2|fft256:u0|asj_fft_si_sose_so_b_fft_121:asj_fft_si_sose_so_b_fft_121_inst|asj_fft_in_write_sgl_fft_121:writer|rdy_for_next_block
        Info: Destination node ifftout:u2|fft256:u0|asj_fft_si_sose_so_b_fft_121:asj_fft_si_sose_so_b_fft_121_inst|master_sink_ena
        Info: Destination node fftfilter:u1|fft256:u0|asj_fft_si_sose_so_b_fft_121:asj_fft_si_sose_so_b_fft_121_inst|asj_fft_in_write_sgl_fft_121:writer|disable_wr
        Info: Destination node fftfilter:u1|fft256:u0|asj_fft_si_sose_so_b_fft_121:asj_fft_si_sose_so_b_fft_121_inst|asj_fft_in_write_sgl_fft_121:writer|rdy_for_next_block
        Info: Destination node fftfilter:u1|fft256:u0|asj_fft_si_sose_so_b_fft_121:asj_fft_si_sose_so_b_fft_121_inst|master_sink_ena
        Info: Destination node ifftout:u2|fft256:u0|asj_fft_si_sose_so_b_fft_121:asj_fft_si_sose_so_b_fft_121_inst|asj_fft_in_write_sgl_fft_121:writer|burst_count_en
        Info: Destination node fftfilter:u1|fft256:u0|asj_fft_si_sose_so_b_fft_121:asj_fft_si_sose_so_b_fft_121_inst|asj_fft_in_write_sgl_fft_121:writer|burst_count_en
        Info: Destination node ifftout:u2|fft256:u0|asj_fft_si_sose_so_b_fft_121:asj_fft_si_sose_so_b_fft_121_inst|asj_fft_in_write_sgl_fft_121:writer|data_rdy_int
        Info: Destination node fftfilter:u1|fft256:u0|asj_fft_si_sose_so_b_fft_121:asj_fft_si_sose_so_b_fft_121_inst|asj_fft_in_write_sgl_fft_121:writer|data_rdy_int
        Info: Non-global destination nodes limited to 10 nodes
Info: Starting register packing
Info: Finished register packing
    Extra Info: No registers were packed into other blocks
Info: Statistics of I/O pins that need to be placed that use the same VCCIO and VREF, before I/O pin placement
    Info: Number of I/O pins in group: 29 (unused VREF, 2.5V VCCIO, 12 input, 17 output, 0 bidirectional)
        Info: I/O standards used: 2.5 V.
Info: I/O bank details before I/O pin placement
    Info: Statistics of I/O banks
        Info: I/O bank number 1 does not use VREF pins and has undetermined VCCIO pins. 5 total pin(s) used --  9 pins available
        Info: I/O bank number 2 does not use VREF pins and has undetermined VCCIO pins. 1 total pin(s) used --  17 pins available
        Info: I/O bank number 3 does not use VREF pins and has undetermined VCCIO pins. 0 total pin(s) used --  25 pins available
        Info: I/O bank number 4 does not use VREF pins and has undetermined VCCIO pins. 0 total pin(s) used --  27 pins available
        Info: I/O bank number 5 does not use VREF pins and has undetermined VCCIO pins. 0 total pin(s) used --  20 pins available
        Info: I/O bank number 6 does not use VREF pins and has undetermined VCCIO pins. 1 total pin(s) used --  13 pins available
        Info: I/O bank number 7 does not use VREF pins and has undetermined VCCIO pins. 0 total pin(s) used --  24 pins available
        Info: I/O bank number 8 does not use VREF pins and has undetermined VCCIO pins. 0 total pin(s) used --  24 pins available
Info: Fitter preparation operations ending: elapsed time is 00:00:10
Info: Fitter placement preparation operations beginning
Info: Fitter placement preparation operations ending: elapsed time is 00:00:02
Info: Fitter placement operations beginning
Info: Fitter placement was successful
Info: Fitter placement operations ending: elapsed time is 00:00:05
Info: Fitter routing operations beginning
Info: Router estimated average interconnect usage is 7% of the available device resources
    Info: Router estimated peak interconnect usage is 25% of the available device resources in the region that extends from location X21_Y10 to location X30_Y19
Info: Fitter routing operations ending: elapsed time is 00:00:09
Info: The Fitter performed an Auto Fit compilation.  Optimizations were skipped to reduce compilation time.
    Info: Optimizations that may affect the design's routability were skipped
    Info: Optimizations that may affect the design's timing were skipped
Info: Started post-fitting delay annotation
Info: Delay annotation completed successfully
Info: Generated suppressed messages file D:/altera/FPGAprj/duyong_matlab_fpga_altera_verilog/Chapter_8/E8_2/TransformFilter/output_files/TransformFilter.fit.smsg
Info: Quartus II Fitter was successful. 0 errors, 3 warnings
    Info: Peak virtual memory: 425 megabytes
    Info: Processing ended: Thu Mar 31 08:34:21 2016
    Info: Elapsed time: 00:00:48
    Info: Total CPU time (on all processors): 00:00:42


+----------------------------+
; Fitter Suppressed Messages ;
+----------------------------+
The suppressed messages can be found in D:/altera/FPGAprj/duyong_matlab_fpga_altera_verilog/Chapter_8/E8_2/TransformFilter/output_files/TransformFilter.fit.smsg.


