Analysis & Synthesis report for TransformFilter
Thu Mar 31 08:33:31 2016
Quartus II Version 10.0 Build 262 08/18/2010 Service Pack 1 SJ Full Version


---------------------
; Table of Contents ;
---------------------
  1. Legal Notice
  2. Analysis & Synthesis Summary
  3. Analysis & Synthesis Settings
  4. Parallel Compilation
  5. Analysis & Synthesis Source Files Read
  6. Analysis & Synthesis Resource Usage Summary
  7. Analysis & Synthesis Resource Utilization by Entity
  8. Analysis & Synthesis RAM Summary
  9. Analysis & Synthesis DSP Block Usage Summary
 10. Analysis & Synthesis IP Cores Summary
 11. State Machine - |TransformFilter|ifftout:u2|fft256:u0|asj_fft_si_sose_so_b_fft_121:asj_fft_si_sose_so_b_fft_121_inst|fft_s1_cur
 12. State Machine - |TransformFilter|ifftout:u2|fft256:u0|asj_fft_si_sose_so_b_fft_121:asj_fft_si_sose_so_b_fft_121_inst|fft_s2_cur
 13. State Machine - |TransformFilter|ifftout:u2|fft256:u0|asj_fft_si_sose_so_b_fft_121:asj_fft_si_sose_so_b_fft_121_inst|asj_fft_dft_bfp_sgl_fft_121:\gen_se:bfpdft|asj_fft_bfp_o_fft_121:bfp_detect|sdet
 14. State Machine - |TransformFilter|ifftout:u2|fft256:u0|asj_fft_si_sose_so_b_fft_121:asj_fft_si_sose_so_b_fft_121_inst|asj_fft_m_k_counter_fft_121:ctrl|k_state
 15. State Machine - |TransformFilter|ifftout:u2|fft256:u0|asj_fft_si_sose_so_b_fft_121:asj_fft_si_sose_so_b_fft_121_inst|auk_dspip_avalon_streaming_source_fft_121:auk_dsp_atlantic_source_1|source_state
 16. State Machine - |TransformFilter|ifftout:u2|fft256:u0|asj_fft_si_sose_so_b_fft_121:asj_fft_si_sose_so_b_fft_121_inst|auk_dspip_avalon_streaming_sink_fft_121:auk_dsp_atlantic_sink_1|sink_out_state
 17. State Machine - |TransformFilter|ifftout:u2|fft256:u0|asj_fft_si_sose_so_b_fft_121:asj_fft_si_sose_so_b_fft_121_inst|auk_dspip_avalon_streaming_sink_fft_121:auk_dsp_atlantic_sink_1|sink_state
 18. State Machine - |TransformFilter|fftfilter:u1|fft256:u0|asj_fft_si_sose_so_b_fft_121:asj_fft_si_sose_so_b_fft_121_inst|fft_s1_cur
 19. State Machine - |TransformFilter|fftfilter:u1|fft256:u0|asj_fft_si_sose_so_b_fft_121:asj_fft_si_sose_so_b_fft_121_inst|fft_s2_cur
 20. State Machine - |TransformFilter|fftfilter:u1|fft256:u0|asj_fft_si_sose_so_b_fft_121:asj_fft_si_sose_so_b_fft_121_inst|asj_fft_dft_bfp_sgl_fft_121:\gen_se:bfpdft|asj_fft_bfp_o_fft_121:bfp_detect|sdet
 21. State Machine - |TransformFilter|fftfilter:u1|fft256:u0|asj_fft_si_sose_so_b_fft_121:asj_fft_si_sose_so_b_fft_121_inst|asj_fft_m_k_counter_fft_121:ctrl|k_state
 22. State Machine - |TransformFilter|fftfilter:u1|fft256:u0|asj_fft_si_sose_so_b_fft_121:asj_fft_si_sose_so_b_fft_121_inst|auk_dspip_avalon_streaming_source_fft_121:auk_dsp_atlantic_source_1|source_state
 23. State Machine - |TransformFilter|fftfilter:u1|fft256:u0|asj_fft_si_sose_so_b_fft_121:asj_fft_si_sose_so_b_fft_121_inst|auk_dspip_avalon_streaming_sink_fft_121:auk_dsp_atlantic_sink_1|sink_out_state
 24. State Machine - |TransformFilter|fftfilter:u1|fft256:u0|asj_fft_si_sose_so_b_fft_121:asj_fft_si_sose_so_b_fft_121_inst|auk_dspip_avalon_streaming_sink_fft_121:auk_dsp_atlantic_sink_1|sink_state
 25. Registers Protected by Synthesis
 26. Registers Removed During Synthesis
 27. Removed Registers Triggering Further Register Optimizations
 28. General Register Statistics
 29. Inverted Register Statistics
 30. Multiplexer Restructuring Statistics (Restructuring Performed)
 31. Source assignments for window:u0|shifter12_128:u0|altshift_taps:ALTSHIFT_TAPS_component|shift_taps_llv:auto_generated|altsyncram_lla1:altsyncram2
 32. Source assignments for window:u0|rom12_256:u1|altsyncram:altsyncram_component|altsyncram_5da1:auto_generated
 33. Source assignments for window:u0|dram16_256:u4|altsyncram:altsyncram_component|altsyncram_09k1:auto_generated
 34. Source assignments for window:u0|dram16_256:u5|altsyncram:altsyncram_component|altsyncram_09k1:auto_generated
 35. Source assignments for window:u0|shifter16_2048:u6|altshift_taps:ALTSHIFT_TAPS_component|shift_taps_2mv:auto_generated|altsyncram_bpa1:altsyncram2
 36. Source assignments for fftfilter:u1|fft256:u0|asj_fft_si_sose_so_b_fft_121:asj_fft_si_sose_so_b_fft_121_inst|auk_dspip_avalon_streaming_sink_fft_121:auk_dsp_atlantic_sink_1|scfifo:\normal_fifo:fifo_eab_on:in_fifo|scfifo_udh1:auto_generated|a_dpfifo_no81:dpfifo|altsyncram_ssf1:FIFOram
 37. Source assignments for fftfilter:u1|fft256:u0|asj_fft_si_sose_so_b_fft_121:asj_fft_si_sose_so_b_fft_121_inst|asj_fft_1dp_ram_fft_121:\gen_1_ram:gen_M4K:dat_A|asj_fft_data_ram_fft_121:dat_A|altsyncram:\gen_M4K:altsyncram_component|altsyncram_21t3:auto_generated
 38. Source assignments for fftfilter:u1|fft256:u0|asj_fft_si_sose_so_b_fft_121:asj_fft_si_sose_so_b_fft_121_inst|asj_fft_1tdp_rom_fft_121:\gen_se:gen_new:twrom|asj_fft_twid_rom_tdp_fft_121:\gen_auto:sin_1n|altsyncram:altsyncram_component|altsyncram_he72:auto_generated
 39. Source assignments for fftfilter:u1|shifter16_256:u3|altshift_taps:ALTSHIFT_TAPS_component|shift_taps_bbv:auto_generated|altsyncram_rga1:altsyncram2
 40. Source assignments for fftfilter:u1|shifter16_256:u4|altshift_taps:ALTSHIFT_TAPS_component|shift_taps_bbv:auto_generated|altsyncram_rga1:altsyncram2
 41. Source assignments for ifftout:u2|fft256:u0|asj_fft_si_sose_so_b_fft_121:asj_fft_si_sose_so_b_fft_121_inst|auk_dspip_avalon_streaming_sink_fft_121:auk_dsp_atlantic_sink_1|scfifo:\normal_fifo:fifo_eab_on:in_fifo|scfifo_udh1:auto_generated|a_dpfifo_no81:dpfifo|altsyncram_ssf1:FIFOram
 42. Source assignments for ifftout:u2|fft256:u0|asj_fft_si_sose_so_b_fft_121:asj_fft_si_sose_so_b_fft_121_inst|asj_fft_1dp_ram_fft_121:\gen_1_ram:gen_M4K:dat_A|asj_fft_data_ram_fft_121:dat_A|altsyncram:\gen_M4K:altsyncram_component|altsyncram_21t3:auto_generated
 43. Source assignments for ifftout:u2|fft256:u0|asj_fft_si_sose_so_b_fft_121:asj_fft_si_sose_so_b_fft_121_inst|asj_fft_1tdp_rom_fft_121:\gen_se:gen_new:twrom|asj_fft_twid_rom_tdp_fft_121:\gen_auto:sin_1n|altsyncram:altsyncram_component|altsyncram_he72:auto_generated
 44. Source assignments for ifftout:u2|dram16_256:u1|altsyncram:altsyncram_component|altsyncram_09k1:auto_generated
 45. Source assignments for ifftout:u2|dram16_256:u2|altsyncram:altsyncram_component|altsyncram_09k1:auto_generated
 46. Source assignments for fftfilter:u1|altshift_taps:xkre0_rtl_0|shift_taps_ckm:auto_generated|altsyncram_t861:altsyncram4
 47. Parameter Settings for User Entity Instance: window:u0|shifter12_128:u0|altshift_taps:ALTSHIFT_TAPS_component
 48. Parameter Settings for User Entity Instance: window:u0|rom12_256:u1|altsyncram:altsyncram_component
 49. Parameter Settings for User Entity Instance: window:u0|mult12_12:u2|lpm_mult:lpm_mult_component
 50. Parameter Settings for User Entity Instance: window:u0|mult12_12:u3|lpm_mult:lpm_mult_component
 51. Parameter Settings for User Entity Instance: window:u0|dram16_256:u4|altsyncram:altsyncram_component
 52. Parameter Settings for User Entity Instance: window:u0|dram16_256:u5|altsyncram:altsyncram_component
 53. Parameter Settings for User Entity Instance: window:u0|shifter16_2048:u6|altshift_taps:ALTSHIFT_TAPS_component
 54. Parameter Settings for User Entity Instance: fftfilter:u1|fft256:u0|asj_fft_si_sose_so_b_fft_121:asj_fft_si_sose_so_b_fft_121_inst
 55. Parameter Settings for User Entity Instance: fftfilter:u1|fft256:u0|asj_fft_si_sose_so_b_fft_121:asj_fft_si_sose_so_b_fft_121_inst|auk_dspip_avalon_streaming_sink_fft_121:auk_dsp_atlantic_sink_1
 56. Parameter Settings for User Entity Instance: fftfilter:u1|fft256:u0|asj_fft_si_sose_so_b_fft_121:asj_fft_si_sose_so_b_fft_121_inst|auk_dspip_avalon_streaming_sink_fft_121:auk_dsp_atlantic_sink_1|scfifo:\normal_fifo:fifo_eab_on:in_fifo
 57. Parameter Settings for User Entity Instance: fftfilter:u1|fft256:u0|asj_fft_si_sose_so_b_fft_121:asj_fft_si_sose_so_b_fft_121_inst|auk_dspip_avalon_streaming_source_fft_121:auk_dsp_atlantic_source_1
 58. Parameter Settings for User Entity Instance: fftfilter:u1|fft256:u0|asj_fft_si_sose_so_b_fft_121:asj_fft_si_sose_so_b_fft_121_inst|asj_fft_m_k_counter_fft_121:ctrl
 59. Parameter Settings for User Entity Instance: fftfilter:u1|fft256:u0|asj_fft_si_sose_so_b_fft_121:asj_fft_si_sose_so_b_fft_121_inst|asj_fft_tdl_bit_rst_fft_121:delay_swd
 60. Parameter Settings for User Entity Instance: fftfilter:u1|fft256:u0|asj_fft_si_sose_so_b_fft_121:asj_fft_si_sose_so_b_fft_121_inst|asj_fft_in_write_sgl_fft_121:writer
 61. Parameter Settings for User Entity Instance: fftfilter:u1|fft256:u0|asj_fft_si_sose_so_b_fft_121:asj_fft_si_sose_so_b_fft_121_inst|asj_fft_in_write_sgl_fft_121:writer|asj_fft_tdl_bit_rst_fft_121:\gen_soe:delay_swd
 62. Parameter Settings for User Entity Instance: fftfilter:u1|fft256:u0|asj_fft_si_sose_so_b_fft_121:asj_fft_si_sose_so_b_fft_121_inst|asj_fft_unbburst_sose_ctrl_fft_121:ccc
 63. Parameter Settings for User Entity Instance: fftfilter:u1|fft256:u0|asj_fft_si_sose_so_b_fft_121:asj_fft_si_sose_so_b_fft_121_inst|asj_fft_1dp_ram_fft_121:\gen_1_ram:gen_M4K:dat_A
 64. Parameter Settings for User Entity Instance: fftfilter:u1|fft256:u0|asj_fft_si_sose_so_b_fft_121:asj_fft_si_sose_so_b_fft_121_inst|asj_fft_1dp_ram_fft_121:\gen_1_ram:gen_M4K:dat_A|asj_fft_data_ram_fft_121:dat_A
 65. Parameter Settings for User Entity Instance: fftfilter:u1|fft256:u0|asj_fft_si_sose_so_b_fft_121:asj_fft_si_sose_so_b_fft_121_inst|asj_fft_1dp_ram_fft_121:\gen_1_ram:gen_M4K:dat_A|asj_fft_data_ram_fft_121:dat_A|altsyncram:\gen_M4K:altsyncram_component
 66. Parameter Settings for User Entity Instance: fftfilter:u1|fft256:u0|asj_fft_si_sose_so_b_fft_121:asj_fft_si_sose_so_b_fft_121_inst|asj_fft_dataadgen_fft_121:rd_adgen
 67. Parameter Settings for User Entity Instance: fftfilter:u1|fft256:u0|asj_fft_si_sose_so_b_fft_121:asj_fft_si_sose_so_b_fft_121_inst|asj_fft_dataadgen_fft_121:\gen_wraddr_se:wr_adgen
 68. Parameter Settings for User Entity Instance: fftfilter:u1|fft256:u0|asj_fft_si_sose_so_b_fft_121:asj_fft_si_sose_so_b_fft_121_inst|asj_fft_dft_bfp_sgl_fft_121:\gen_se:bfpdft
 69. Parameter Settings for User Entity Instance: fftfilter:u1|fft256:u0|asj_fft_si_sose_so_b_fft_121:asj_fft_si_sose_so_b_fft_121_inst|asj_fft_dft_bfp_sgl_fft_121:\gen_se:bfpdft|asj_fft_pround_fft_121:\gen_full_rnd:u0
 70. Parameter Settings for User Entity Instance: fftfilter:u1|fft256:u0|asj_fft_si_sose_so_b_fft_121:asj_fft_si_sose_so_b_fft_121_inst|asj_fft_dft_bfp_sgl_fft_121:\gen_se:bfpdft|asj_fft_pround_fft_121:\gen_full_rnd:u0|LPM_ADD_SUB:\gbrnd:nev:gp:lpm_add_sub_component
 71. Parameter Settings for User Entity Instance: fftfilter:u1|fft256:u0|asj_fft_si_sose_so_b_fft_121:asj_fft_si_sose_so_b_fft_121_inst|asj_fft_dft_bfp_sgl_fft_121:\gen_se:bfpdft|asj_fft_pround_fft_121:\gen_full_rnd:u1
 72. Parameter Settings for User Entity Instance: fftfilter:u1|fft256:u0|asj_fft_si_sose_so_b_fft_121:asj_fft_si_sose_so_b_fft_121_inst|asj_fft_dft_bfp_sgl_fft_121:\gen_se:bfpdft|asj_fft_pround_fft_121:\gen_full_rnd:u1|LPM_ADD_SUB:\gbrnd:nev:gp:lpm_add_sub_component
 73. Parameter Settings for User Entity Instance: fftfilter:u1|fft256:u0|asj_fft_si_sose_so_b_fft_121:asj_fft_si_sose_so_b_fft_121_inst|asj_fft_dft_bfp_sgl_fft_121:\gen_se:bfpdft|asj_fft_bfp_o_fft_121:bfp_detect
 74. Parameter Settings for User Entity Instance: fftfilter:u1|fft256:u0|asj_fft_si_sose_so_b_fft_121:asj_fft_si_sose_so_b_fft_121_inst|asj_fft_dft_bfp_sgl_fft_121:\gen_se:bfpdft|asj_fft_bfp_o_fft_121:bfp_detect|asj_fft_tdl_bit_fft_121:\gen_blk_float:gen_1_input_bfp_o:delay_next_pass
 75. Parameter Settings for User Entity Instance: fftfilter:u1|fft256:u0|asj_fft_si_sose_so_b_fft_121:asj_fft_si_sose_so_b_fft_121_inst|asj_fft_dft_bfp_sgl_fft_121:\gen_se:bfpdft|asj_fft_bfp_o_fft_121:bfp_detect|asj_fft_tdl_bit_fft_121:\gen_blk_float:gen_1_input_bfp_o:delay_next_pass3
 76. Parameter Settings for User Entity Instance: fftfilter:u1|fft256:u0|asj_fft_si_sose_so_b_fft_121:asj_fft_si_sose_so_b_fft_121_inst|asj_fft_dft_bfp_sgl_fft_121:\gen_se:bfpdft|asj_fft_bfp_i_fft_121:bfp_scale
 77. Parameter Settings for User Entity Instance: fftfilter:u1|fft256:u0|asj_fft_si_sose_so_b_fft_121:asj_fft_si_sose_so_b_fft_121_inst|asj_fft_dft_bfp_sgl_fft_121:\gen_se:bfpdft|asj_fft_cmult_can_fft_121:\gen_da0:gen_canonic:cm1
 78. Parameter Settings for User Entity Instance: fftfilter:u1|fft256:u0|asj_fft_si_sose_so_b_fft_121:asj_fft_si_sose_so_b_fft_121_inst|asj_fft_dft_bfp_sgl_fft_121:\gen_se:bfpdft|asj_fft_cmult_can_fft_121:\gen_da0:gen_canonic:cm1|lpm_mult:\gen_ded_m1:gen_unext_m_ac:m_ac
 79. Parameter Settings for User Entity Instance: fftfilter:u1|fft256:u0|asj_fft_si_sose_so_b_fft_121:asj_fft_si_sose_so_b_fft_121_inst|asj_fft_dft_bfp_sgl_fft_121:\gen_se:bfpdft|asj_fft_cmult_can_fft_121:\gen_da0:gen_canonic:cm1|lpm_mult:\gen_ded_m1:gen_unext_m_bd:m_bd
 80. Parameter Settings for User Entity Instance: fftfilter:u1|fft256:u0|asj_fft_si_sose_so_b_fft_121:asj_fft_si_sose_so_b_fft_121_inst|asj_fft_dft_bfp_sgl_fft_121:\gen_se:bfpdft|asj_fft_cmult_can_fft_121:\gen_da0:gen_canonic:cm1|lpm_mult:\gen_ded_m1:gen_unext_m_a_b_c_d:m_a_b_c_d
 81. Parameter Settings for User Entity Instance: fftfilter:u1|fft256:u0|asj_fft_si_sose_so_b_fft_121:asj_fft_si_sose_so_b_fft_121_inst|asj_fft_dft_bfp_sgl_fft_121:\gen_se:bfpdft|asj_fft_cmult_can_fft_121:\gen_da0:gen_canonic:cm1|asj_fft_pround_fft_121:\gen_unsc:u0
 82. Parameter Settings for User Entity Instance: fftfilter:u1|fft256:u0|asj_fft_si_sose_so_b_fft_121:asj_fft_si_sose_so_b_fft_121_inst|asj_fft_dft_bfp_sgl_fft_121:\gen_se:bfpdft|asj_fft_cmult_can_fft_121:\gen_da0:gen_canonic:cm1|asj_fft_pround_fft_121:\gen_unsc:u0|LPM_ADD_SUB:\gbrnd:nev:gp:lpm_add_sub_component
 83. Parameter Settings for User Entity Instance: fftfilter:u1|fft256:u0|asj_fft_si_sose_so_b_fft_121:asj_fft_si_sose_so_b_fft_121_inst|asj_fft_dft_bfp_sgl_fft_121:\gen_se:bfpdft|asj_fft_cmult_can_fft_121:\gen_da0:gen_canonic:cm1|asj_fft_pround_fft_121:\gen_unsc:u1
 84. Parameter Settings for User Entity Instance: fftfilter:u1|fft256:u0|asj_fft_si_sose_so_b_fft_121:asj_fft_si_sose_so_b_fft_121_inst|asj_fft_dft_bfp_sgl_fft_121:\gen_se:bfpdft|asj_fft_cmult_can_fft_121:\gen_da0:gen_canonic:cm1|asj_fft_pround_fft_121:\gen_unsc:u1|LPM_ADD_SUB:\gbrnd:nev:gp:lpm_add_sub_component
 85. Parameter Settings for User Entity Instance: fftfilter:u1|fft256:u0|asj_fft_si_sose_so_b_fft_121:asj_fft_si_sose_so_b_fft_121_inst|asj_fft_bfp_ctrl_fft_121:\gen_se:bfpc
 86. Parameter Settings for User Entity Instance: fftfilter:u1|fft256:u0|asj_fft_si_sose_so_b_fft_121:asj_fft_si_sose_so_b_fft_121_inst|asj_fft_bfp_ctrl_fft_121:\gen_se:bfpc|asj_fft_tdl_bit_rst_fft_121:\gen_so_crtl:gen_se_so:delay_next_pass
 87. Parameter Settings for User Entity Instance: fftfilter:u1|fft256:u0|asj_fft_si_sose_so_b_fft_121:asj_fft_si_sose_so_b_fft_121_inst|asj_fft_bfp_ctrl_fft_121:\gen_se:bfpc|asj_fft_tdl_bit_fft_121:\gen_so_crtl:gen_se_so:delay_next_pass_2
 88. Parameter Settings for User Entity Instance: fftfilter:u1|fft256:u0|asj_fft_si_sose_so_b_fft_121:asj_fft_si_sose_so_b_fft_121_inst|asj_fft_twadsogen_q_fft_121:\gen_se:gen_new:twid_factors
 89. Parameter Settings for User Entity Instance: fftfilter:u1|fft256:u0|asj_fft_si_sose_so_b_fft_121:asj_fft_si_sose_so_b_fft_121_inst|asj_fft_1tdp_rom_fft_121:\gen_se:gen_new:twrom
 90. Parameter Settings for User Entity Instance: fftfilter:u1|fft256:u0|asj_fft_si_sose_so_b_fft_121:asj_fft_si_sose_so_b_fft_121_inst|asj_fft_1tdp_rom_fft_121:\gen_se:gen_new:twrom|asj_fft_twid_rom_tdp_fft_121:\gen_auto:sin_1n
 91. Parameter Settings for User Entity Instance: fftfilter:u1|fft256:u0|asj_fft_si_sose_so_b_fft_121:asj_fft_si_sose_so_b_fft_121_inst|asj_fft_1tdp_rom_fft_121:\gen_se:gen_new:twrom|asj_fft_twid_rom_tdp_fft_121:\gen_auto:sin_1n|altsyncram:altsyncram_component
 92. Parameter Settings for User Entity Instance: fftfilter:u1|fft256:u0|asj_fft_si_sose_so_b_fft_121:asj_fft_si_sose_so_b_fft_121_inst|asj_fft_tdl_bit_fft_121:\no_del_input_blk:delay_next_block
 93. Parameter Settings for User Entity Instance: fftfilter:u1|mult12_12:u1|lpm_mult:lpm_mult_component
 94. Parameter Settings for User Entity Instance: fftfilter:u1|mult12_12:u2|lpm_mult:lpm_mult_component
 95. Parameter Settings for User Entity Instance: fftfilter:u1|shifter16_256:u3|altshift_taps:ALTSHIFT_TAPS_component
 96. Parameter Settings for User Entity Instance: fftfilter:u1|shifter16_256:u4|altshift_taps:ALTSHIFT_TAPS_component
 97. Parameter Settings for User Entity Instance: fftfilter:u1|mult12_12:u5|lpm_mult:lpm_mult_component
 98. Parameter Settings for User Entity Instance: fftfilter:u1|mult12_12:u6|lpm_mult:lpm_mult_component
 99. Parameter Settings for User Entity Instance: ifftout:u2|fft256:u0|asj_fft_si_sose_so_b_fft_121:asj_fft_si_sose_so_b_fft_121_inst
100. Parameter Settings for User Entity Instance: ifftout:u2|fft256:u0|asj_fft_si_sose_so_b_fft_121:asj_fft_si_sose_so_b_fft_121_inst|auk_dspip_avalon_streaming_sink_fft_121:auk_dsp_atlantic_sink_1
101. Parameter Settings for User Entity Instance: ifftout:u2|fft256:u0|asj_fft_si_sose_so_b_fft_121:asj_fft_si_sose_so_b_fft_121_inst|auk_dspip_avalon_streaming_sink_fft_121:auk_dsp_atlantic_sink_1|scfifo:\normal_fifo:fifo_eab_on:in_fifo
102. Parameter Settings for User Entity Instance: ifftout:u2|fft256:u0|asj_fft_si_sose_so_b_fft_121:asj_fft_si_sose_so_b_fft_121_inst|auk_dspip_avalon_streaming_source_fft_121:auk_dsp_atlantic_source_1
103. Parameter Settings for User Entity Instance: ifftout:u2|fft256:u0|asj_fft_si_sose_so_b_fft_121:asj_fft_si_sose_so_b_fft_121_inst|asj_fft_m_k_counter_fft_121:ctrl
104. Parameter Settings for User Entity Instance: ifftout:u2|fft256:u0|asj_fft_si_sose_so_b_fft_121:asj_fft_si_sose_so_b_fft_121_inst|asj_fft_tdl_bit_rst_fft_121:delay_swd
105. Parameter Settings for User Entity Instance: ifftout:u2|fft256:u0|asj_fft_si_sose_so_b_fft_121:asj_fft_si_sose_so_b_fft_121_inst|asj_fft_in_write_sgl_fft_121:writer
106. Parameter Settings for User Entity Instance: ifftout:u2|fft256:u0|asj_fft_si_sose_so_b_fft_121:asj_fft_si_sose_so_b_fft_121_inst|asj_fft_in_write_sgl_fft_121:writer|asj_fft_tdl_bit_rst_fft_121:\gen_soe:delay_swd
107. Parameter Settings for User Entity Instance: ifftout:u2|fft256:u0|asj_fft_si_sose_so_b_fft_121:asj_fft_si_sose_so_b_fft_121_inst|asj_fft_unbburst_sose_ctrl_fft_121:ccc
108. Parameter Settings for User Entity Instance: ifftout:u2|fft256:u0|asj_fft_si_sose_so_b_fft_121:asj_fft_si_sose_so_b_fft_121_inst|asj_fft_1dp_ram_fft_121:\gen_1_ram:gen_M4K:dat_A
109. Parameter Settings for User Entity Instance: ifftout:u2|fft256:u0|asj_fft_si_sose_so_b_fft_121:asj_fft_si_sose_so_b_fft_121_inst|asj_fft_1dp_ram_fft_121:\gen_1_ram:gen_M4K:dat_A|asj_fft_data_ram_fft_121:dat_A
110. Parameter Settings for User Entity Instance: ifftout:u2|fft256:u0|asj_fft_si_sose_so_b_fft_121:asj_fft_si_sose_so_b_fft_121_inst|asj_fft_1dp_ram_fft_121:\gen_1_ram:gen_M4K:dat_A|asj_fft_data_ram_fft_121:dat_A|altsyncram:\gen_M4K:altsyncram_component
111. Parameter Settings for User Entity Instance: ifftout:u2|fft256:u0|asj_fft_si_sose_so_b_fft_121:asj_fft_si_sose_so_b_fft_121_inst|asj_fft_dataadgen_fft_121:rd_adgen
112. Parameter Settings for User Entity Instance: ifftout:u2|fft256:u0|asj_fft_si_sose_so_b_fft_121:asj_fft_si_sose_so_b_fft_121_inst|asj_fft_dataadgen_fft_121:\gen_wraddr_se:wr_adgen
113. Parameter Settings for User Entity Instance: ifftout:u2|fft256:u0|asj_fft_si_sose_so_b_fft_121:asj_fft_si_sose_so_b_fft_121_inst|asj_fft_dft_bfp_sgl_fft_121:\gen_se:bfpdft
114. Parameter Settings for User Entity Instance: ifftout:u2|fft256:u0|asj_fft_si_sose_so_b_fft_121:asj_fft_si_sose_so_b_fft_121_inst|asj_fft_dft_bfp_sgl_fft_121:\gen_se:bfpdft|asj_fft_pround_fft_121:\gen_full_rnd:u0
115. Parameter Settings for User Entity Instance: ifftout:u2|fft256:u0|asj_fft_si_sose_so_b_fft_121:asj_fft_si_sose_so_b_fft_121_inst|asj_fft_dft_bfp_sgl_fft_121:\gen_se:bfpdft|asj_fft_pround_fft_121:\gen_full_rnd:u0|LPM_ADD_SUB:\gbrnd:nev:gp:lpm_add_sub_component
116. Parameter Settings for User Entity Instance: ifftout:u2|fft256:u0|asj_fft_si_sose_so_b_fft_121:asj_fft_si_sose_so_b_fft_121_inst|asj_fft_dft_bfp_sgl_fft_121:\gen_se:bfpdft|asj_fft_pround_fft_121:\gen_full_rnd:u1
117. Parameter Settings for User Entity Instance: ifftout:u2|fft256:u0|asj_fft_si_sose_so_b_fft_121:asj_fft_si_sose_so_b_fft_121_inst|asj_fft_dft_bfp_sgl_fft_121:\gen_se:bfpdft|asj_fft_pround_fft_121:\gen_full_rnd:u1|LPM_ADD_SUB:\gbrnd:nev:gp:lpm_add_sub_component
118. Parameter Settings for User Entity Instance: ifftout:u2|fft256:u0|asj_fft_si_sose_so_b_fft_121:asj_fft_si_sose_so_b_fft_121_inst|asj_fft_dft_bfp_sgl_fft_121:\gen_se:bfpdft|asj_fft_bfp_o_fft_121:bfp_detect
119. Parameter Settings for User Entity Instance: ifftout:u2|fft256:u0|asj_fft_si_sose_so_b_fft_121:asj_fft_si_sose_so_b_fft_121_inst|asj_fft_dft_bfp_sgl_fft_121:\gen_se:bfpdft|asj_fft_bfp_o_fft_121:bfp_detect|asj_fft_tdl_bit_fft_121:\gen_blk_float:gen_1_input_bfp_o:delay_next_pass
120. Parameter Settings for User Entity Instance: ifftout:u2|fft256:u0|asj_fft_si_sose_so_b_fft_121:asj_fft_si_sose_so_b_fft_121_inst|asj_fft_dft_bfp_sgl_fft_121:\gen_se:bfpdft|asj_fft_bfp_o_fft_121:bfp_detect|asj_fft_tdl_bit_fft_121:\gen_blk_float:gen_1_input_bfp_o:delay_next_pass3
121. Parameter Settings for User Entity Instance: ifftout:u2|fft256:u0|asj_fft_si_sose_so_b_fft_121:asj_fft_si_sose_so_b_fft_121_inst|asj_fft_dft_bfp_sgl_fft_121:\gen_se:bfpdft|asj_fft_bfp_i_fft_121:bfp_scale
122. Parameter Settings for User Entity Instance: ifftout:u2|fft256:u0|asj_fft_si_sose_so_b_fft_121:asj_fft_si_sose_so_b_fft_121_inst|asj_fft_dft_bfp_sgl_fft_121:\gen_se:bfpdft|asj_fft_cmult_can_fft_121:\gen_da0:gen_canonic:cm1
123. Parameter Settings for User Entity Instance: ifftout:u2|fft256:u0|asj_fft_si_sose_so_b_fft_121:asj_fft_si_sose_so_b_fft_121_inst|asj_fft_dft_bfp_sgl_fft_121:\gen_se:bfpdft|asj_fft_cmult_can_fft_121:\gen_da0:gen_canonic:cm1|lpm_mult:\gen_ded_m1:gen_unext_m_ac:m_ac
124. Parameter Settings for User Entity Instance: ifftout:u2|fft256:u0|asj_fft_si_sose_so_b_fft_121:asj_fft_si_sose_so_b_fft_121_inst|asj_fft_dft_bfp_sgl_fft_121:\gen_se:bfpdft|asj_fft_cmult_can_fft_121:\gen_da0:gen_canonic:cm1|lpm_mult:\gen_ded_m1:gen_unext_m_bd:m_bd
125. Parameter Settings for User Entity Instance: ifftout:u2|fft256:u0|asj_fft_si_sose_so_b_fft_121:asj_fft_si_sose_so_b_fft_121_inst|asj_fft_dft_bfp_sgl_fft_121:\gen_se:bfpdft|asj_fft_cmult_can_fft_121:\gen_da0:gen_canonic:cm1|lpm_mult:\gen_ded_m1:gen_unext_m_a_b_c_d:m_a_b_c_d
126. Parameter Settings for User Entity Instance: ifftout:u2|fft256:u0|asj_fft_si_sose_so_b_fft_121:asj_fft_si_sose_so_b_fft_121_inst|asj_fft_dft_bfp_sgl_fft_121:\gen_se:bfpdft|asj_fft_cmult_can_fft_121:\gen_da0:gen_canonic:cm1|asj_fft_pround_fft_121:\gen_unsc:u0
127. Parameter Settings for User Entity Instance: ifftout:u2|fft256:u0|asj_fft_si_sose_so_b_fft_121:asj_fft_si_sose_so_b_fft_121_inst|asj_fft_dft_bfp_sgl_fft_121:\gen_se:bfpdft|asj_fft_cmult_can_fft_121:\gen_da0:gen_canonic:cm1|asj_fft_pround_fft_121:\gen_unsc:u0|LPM_ADD_SUB:\gbrnd:nev:gp:lpm_add_sub_component
128. Parameter Settings for User Entity Instance: ifftout:u2|fft256:u0|asj_fft_si_sose_so_b_fft_121:asj_fft_si_sose_so_b_fft_121_inst|asj_fft_dft_bfp_sgl_fft_121:\gen_se:bfpdft|asj_fft_cmult_can_fft_121:\gen_da0:gen_canonic:cm1|asj_fft_pround_fft_121:\gen_unsc:u1
129. Parameter Settings for User Entity Instance: ifftout:u2|fft256:u0|asj_fft_si_sose_so_b_fft_121:asj_fft_si_sose_so_b_fft_121_inst|asj_fft_dft_bfp_sgl_fft_121:\gen_se:bfpdft|asj_fft_cmult_can_fft_121:\gen_da0:gen_canonic:cm1|asj_fft_pround_fft_121:\gen_unsc:u1|LPM_ADD_SUB:\gbrnd:nev:gp:lpm_add_sub_component
130. Parameter Settings for User Entity Instance: ifftout:u2|fft256:u0|asj_fft_si_sose_so_b_fft_121:asj_fft_si_sose_so_b_fft_121_inst|asj_fft_bfp_ctrl_fft_121:\gen_se:bfpc
131. Parameter Settings for User Entity Instance: ifftout:u2|fft256:u0|asj_fft_si_sose_so_b_fft_121:asj_fft_si_sose_so_b_fft_121_inst|asj_fft_bfp_ctrl_fft_121:\gen_se:bfpc|asj_fft_tdl_bit_rst_fft_121:\gen_so_crtl:gen_se_so:delay_next_pass
132. Parameter Settings for User Entity Instance: ifftout:u2|fft256:u0|asj_fft_si_sose_so_b_fft_121:asj_fft_si_sose_so_b_fft_121_inst|asj_fft_bfp_ctrl_fft_121:\gen_se:bfpc|asj_fft_tdl_bit_fft_121:\gen_so_crtl:gen_se_so:delay_next_pass_2
133. Parameter Settings for User Entity Instance: ifftout:u2|fft256:u0|asj_fft_si_sose_so_b_fft_121:asj_fft_si_sose_so_b_fft_121_inst|asj_fft_twadsogen_q_fft_121:\gen_se:gen_new:twid_factors
134. Parameter Settings for User Entity Instance: ifftout:u2|fft256:u0|asj_fft_si_sose_so_b_fft_121:asj_fft_si_sose_so_b_fft_121_inst|asj_fft_1tdp_rom_fft_121:\gen_se:gen_new:twrom
135. Parameter Settings for User Entity Instance: ifftout:u2|fft256:u0|asj_fft_si_sose_so_b_fft_121:asj_fft_si_sose_so_b_fft_121_inst|asj_fft_1tdp_rom_fft_121:\gen_se:gen_new:twrom|asj_fft_twid_rom_tdp_fft_121:\gen_auto:sin_1n
136. Parameter Settings for User Entity Instance: ifftout:u2|fft256:u0|asj_fft_si_sose_so_b_fft_121:asj_fft_si_sose_so_b_fft_121_inst|asj_fft_1tdp_rom_fft_121:\gen_se:gen_new:twrom|asj_fft_twid_rom_tdp_fft_121:\gen_auto:sin_1n|altsyncram:altsyncram_component
137. Parameter Settings for User Entity Instance: ifftout:u2|fft256:u0|asj_fft_si_sose_so_b_fft_121:asj_fft_si_sose_so_b_fft_121_inst|asj_fft_tdl_bit_fft_121:\no_del_input_blk:delay_next_block
138. Parameter Settings for User Entity Instance: ifftout:u2|dram16_256:u1|altsyncram:altsyncram_component
139. Parameter Settings for User Entity Instance: ifftout:u2|dram16_256:u2|altsyncram:altsyncram_component
140. Parameter Settings for Inferred Entity Instance: fftfilter:u1|altshift_taps:xkre0_rtl_0
141. altshift_taps Parameter Settings by Entity Instance
142. altsyncram Parameter Settings by Entity Instance
143. lpm_mult Parameter Settings by Entity Instance
144. scfifo Parameter Settings by Entity Instance
145. Port Connectivity Checks: "ifftout:u2|fft256:u0"
146. Port Connectivity Checks: "fftfilter:u1|shifter16_256:u4"
147. Port Connectivity Checks: "fftfilter:u1|shifter16_256:u3"
148. Port Connectivity Checks: "fftfilter:u1|fft256:u0"
149. Port Connectivity Checks: "window:u0|shifter16_2048:u6"
150. Port Connectivity Checks: "window:u0|mult12_12:u3"
151. Port Connectivity Checks: "window:u0|mult12_12:u2"
152. Port Connectivity Checks: "window:u0|shifter12_128:u0"
153. Analysis & Synthesis Messages



----------------
; Legal Notice ;
----------------
Copyright (C) 1991-2010 Altera Corporation
Your use of Altera Corporation's design tools, logic functions 
and other software and tools, and its AMPP partner logic 
functions, and any output files from any of the foregoing 
(including device programming or simulation files), and any 
associated documentation or information are expressly subject 
to the terms and conditions of the Altera Program License 
Subscription Agreement, Altera MegaCore Function License 
Agreement, or other applicable license agreement, including, 
without limitation, that your use is for the sole purpose of 
programming logic devices manufactured by Altera and sold by 
Altera or its authorized distributors.  Please refer to the 
applicable agreement for further details.



+-------------------------------------------------------------------------------------+
; Analysis & Synthesis Summary                                                        ;
+------------------------------------+------------------------------------------------+
; Analysis & Synthesis Status        ; Successful - Thu Mar 31 08:33:30 2016          ;
; Quartus II Version                 ; 10.0 Build 262 08/18/2010 SP 1 SJ Full Version ;
; Revision Name                      ; TransformFilter                                ;
; Top-level Entity Name              ; TransformFilter                                ;
; Family                             ; Cyclone IV E                                   ;
; Total logic elements               ; 4,222                                          ;
;     Total combinational functions  ; 3,153                                          ;
;     Dedicated logic registers      ; 3,273                                          ;
; Total registers                    ; 3273                                           ;
; Total pins                         ; 31                                             ;
; Total virtual pins                 ; 0                                              ;
; Total memory bits                  ; 80,648                                         ;
; Embedded Multiplier 9-bit elements ; 24                                             ;
; Total PLLs                         ; 0                                              ;
+------------------------------------+------------------------------------------------+


+----------------------------------------------------------------------------------------------------------------------+
; Analysis & Synthesis Settings                                                                                        ;
+----------------------------------------------------------------------------+--------------------+--------------------+
; Option                                                                     ; Setting            ; Default Value      ;
+----------------------------------------------------------------------------+--------------------+--------------------+
; Device                                                                     ; EP4CE15F17C8       ;                    ;
; Top-level entity name                                                      ; TransformFilter    ; TransformFilter    ;
; Family name                                                                ; Cyclone IV E       ; Stratix II         ;
; Use smart compilation                                                      ; Off                ; Off                ;
; Enable parallel Assembler and TimeQuest Timing Analyzer during compilation ; On                 ; On                 ;
; Enable compact report table                                                ; Off                ; Off                ;
; Restructure Multiplexers                                                   ; Auto               ; Auto               ;
; Create Debugging Nodes for IP Cores                                        ; Off                ; Off                ;
; Preserve fewer node names                                                  ; On                 ; On                 ;
; Disable OpenCore Plus hardware evaluation                                  ; Off                ; Off                ;
; Verilog Version                                                            ; Verilog_2001       ; Verilog_2001       ;
; VHDL Version                                                               ; VHDL_1993          ; VHDL_1993          ;
; State Machine Processing                                                   ; Auto               ; Auto               ;
; Safe State Machine                                                         ; Off                ; Off                ;
; Extract Verilog State Machines                                             ; On                 ; On                 ;
; Extract VHDL State Machines                                                ; On                 ; On                 ;
; Ignore Verilog initial constructs                                          ; Off                ; Off                ;
; Iteration limit for constant Verilog loops                                 ; 5000               ; 5000               ;
; Iteration limit for non-constant Verilog loops                             ; 250                ; 250                ;
; Add Pass-Through Logic to Inferred RAMs                                    ; On                 ; On                 ;
; Parallel Synthesis                                                         ; On                 ; On                 ;
; DSP Block Balancing                                                        ; Auto               ; Auto               ;
; NOT Gate Push-Back                                                         ; On                 ; On                 ;
; Power-Up Don't Care                                                        ; On                 ; On                 ;
; Remove Redundant Logic Cells                                               ; Off                ; Off                ;
; Remove Duplicate Registers                                                 ; On                 ; On                 ;
; Ignore CARRY Buffers                                                       ; Off                ; Off                ;
; Ignore CASCADE Buffers                                                     ; Off                ; Off                ;
; Ignore GLOBAL Buffers                                                      ; Off                ; Off                ;
; Ignore ROW GLOBAL Buffers                                                  ; Off                ; Off                ;
; Ignore LCELL Buffers                                                       ; Off                ; Off                ;
; Ignore SOFT Buffers                                                        ; On                 ; On                 ;
; Limit AHDL Integers to 32 Bits                                             ; Off                ; Off                ;
; Optimization Technique                                                     ; Balanced           ; Balanced           ;
; Carry Chain Length                                                         ; 70                 ; 70                 ;
; Auto Carry Chains                                                          ; On                 ; On                 ;
; Auto Open-Drain Pins                                                       ; On                 ; On                 ;
; Perform WYSIWYG Primitive Resynthesis                                      ; Off                ; Off                ;
; Auto ROM Replacement                                                       ; On                 ; On                 ;
; Auto RAM Replacement                                                       ; On                 ; On                 ;
; Auto DSP Block Replacement                                                 ; On                 ; On                 ;
; Auto Shift Register Replacement                                            ; Auto               ; Auto               ;
; Auto Clock Enable Replacement                                              ; On                 ; On                 ;
; Strict RAM Replacement                                                     ; Off                ; Off                ;
; Allow Synchronous Control Signals                                          ; On                 ; On                 ;
; Force Use of Synchronous Clear Signals                                     ; Off                ; Off                ;
; Auto RAM Block Balancing                                                   ; On                 ; On                 ;
; Auto RAM to Logic Cell Conversion                                          ; Off                ; Off                ;
; Auto Resource Sharing                                                      ; Off                ; Off                ;
; Allow Any RAM Size For Recognition                                         ; Off                ; Off                ;
; Allow Any ROM Size For Recognition                                         ; Off                ; Off                ;
; Allow Any Shift Register Size For Recognition                              ; Off                ; Off                ;
; Use LogicLock Constraints during Resource Balancing                        ; On                 ; On                 ;
; Ignore translate_off and synthesis_off directives                          ; Off                ; Off                ;
; Timing-Driven Synthesis                                                    ; On                 ; On                 ;
; Report Parameter Settings                                                  ; On                 ; On                 ;
; Report Source Assignments                                                  ; On                 ; On                 ;
; Report Connectivity Checks                                                 ; On                 ; On                 ;
; Ignore Maximum Fan-Out Assignments                                         ; Off                ; Off                ;
; Synchronization Register Chain Length                                      ; 2                  ; 2                  ;
; PowerPlay Power Optimization                                               ; Normal compilation ; Normal compilation ;
; HDL message level                                                          ; Level2             ; Level2             ;
; Suppress Register Optimization Related Messages                            ; Off                ; Off                ;
; Number of Removed Registers Reported in Synthesis Report                   ; 5000               ; 5000               ;
; Number of Inverted Registers Reported in Synthesis Report                  ; 100                ; 100                ;
; Clock MUX Protection                                                       ; On                 ; On                 ;
; Auto Gated Clock Conversion                                                ; Off                ; Off                ;
; Block Design Naming                                                        ; Auto               ; Auto               ;
; SDC constraint protection                                                  ; Off                ; Off                ;
; Synthesis Effort                                                           ; Auto               ; Auto               ;
; Shift Register Replacement - Allow Asynchronous Clear Signal               ; On                 ; On                 ;
; Analysis & Synthesis Message Level                                         ; Medium             ; Medium             ;
; Disable Register Merging Across Hierarchies                                ; Auto               ; Auto               ;
; Resource Aware Inference For Block RAM                                     ; On                 ; On                 ;
; Synthesis Seed                                                             ; 1                  ; 1                  ;
+----------------------------------------------------------------------------+--------------------+--------------------+


+------------------------------------------+
; Parallel Compilation                     ;
+----------------------------+-------------+
; Processors                 ; Number      ;
+----------------------------+-------------+
; Number detected on machine ; 2           ;
; Maximum allowed            ; 2           ;
;                            ;             ;
; Average used               ; 1.00        ;
; Maximum used               ; 2           ;
;                            ;             ;
; Usage by Processor         ; % Time Used ;
;     1 processor            ; 100.0%      ;
;     2 processors           ; < 0.1%      ;
+----------------------------+-------------+


+-----------------------------------------------------------------------------------------------------------------------------------------------------------------------------------------------------------------------------------------------------------------------------+
; Analysis & Synthesis Source Files Read                                                                                                                                                                                                                                      ;
+---------------------------------------------------------------+-----------------+----------------------------------------+--------------------------------------------------------------------------------------------------------------------------------------------------+
; File Name with User-Entered Path                              ; Used in Netlist ; File Type                              ; File Name with Absolute Path                                                                                                                     ;
+---------------------------------------------------------------+-----------------+----------------------------------------+--------------------------------------------------------------------------------------------------------------------------------------------------+
; fft256.v                                                      ; yes             ; User Wizard-Generated File             ; D:/altera/FPGAprj/duyong_matlab_fpga_altera_verilog/Chapter_8/E8_2/TransformFilter/fft256.v                                                      ;
; source/TransformFilter.v                                      ; yes             ; User Verilog HDL File                  ; D:/altera/FPGAprj/duyong_matlab_fpga_altera_verilog/Chapter_8/E8_2/TransformFilter/source/TransformFilter.v                                      ;
; shifter12_128.v                                               ; yes             ; User Wizard-Generated File             ; D:/altera/FPGAprj/duyong_matlab_fpga_altera_verilog/Chapter_8/E8_2/TransformFilter/shifter12_128.v                                               ;
; source/window.v                                               ; yes             ; User Verilog HDL File                  ; D:/altera/FPGAprj/duyong_matlab_fpga_altera_verilog/Chapter_8/E8_2/TransformFilter/source/window.v                                               ;
; shifter16_2048.v                                              ; yes             ; User Wizard-Generated File             ; D:/altera/FPGAprj/duyong_matlab_fpga_altera_verilog/Chapter_8/E8_2/TransformFilter/shifter16_2048.v                                              ;
; rom12_256.v                                                   ; yes             ; User Wizard-Generated File             ; D:/altera/FPGAprj/duyong_matlab_fpga_altera_verilog/Chapter_8/E8_2/TransformFilter/rom12_256.v                                                   ;
; mult12_12.v                                                   ; yes             ; User Wizard-Generated File             ; D:/altera/FPGAprj/duyong_matlab_fpga_altera_verilog/Chapter_8/E8_2/TransformFilter/mult12_12.v                                                   ;
; dram16_256.v                                                  ; yes             ; User Wizard-Generated File             ; D:/altera/FPGAprj/duyong_matlab_fpga_altera_verilog/Chapter_8/E8_2/TransformFilter/dram16_256.v                                                  ;
; fft-library/auk_dspip_math_pkg_fft_121.vhd                    ; yes             ; Encrypted User VHDL File               ; D:/altera/FPGAprj/duyong_matlab_fpga_altera_verilog/Chapter_8/E8_2/TransformFilter/fft-library/auk_dspip_math_pkg_fft_121.vhd                    ;
; fft-library/auk_dspip_lib_pkg_fft_121.vhd                     ; yes             ; Encrypted User VHDL File               ; D:/altera/FPGAprj/duyong_matlab_fpga_altera_verilog/Chapter_8/E8_2/TransformFilter/fft-library/auk_dspip_lib_pkg_fft_121.vhd                     ;
; fft-library/auk_dspip_avalon_streaming_source_fft_121.vhd     ; yes             ; Encrypted User VHDL File               ; D:/altera/FPGAprj/duyong_matlab_fpga_altera_verilog/Chapter_8/E8_2/TransformFilter/fft-library/auk_dspip_avalon_streaming_source_fft_121.vhd     ;
; fft-library/auk_dspip_avalon_streaming_sink_fft_121.vhd       ; yes             ; Encrypted User VHDL File               ; D:/altera/FPGAprj/duyong_matlab_fpga_altera_verilog/Chapter_8/E8_2/TransformFilter/fft-library/auk_dspip_avalon_streaming_sink_fft_121.vhd       ;
; fft-library/auk_dspip_avalon_streaming_controller_fft_121.vhd ; yes             ; Encrypted User VHDL File               ; D:/altera/FPGAprj/duyong_matlab_fpga_altera_verilog/Chapter_8/E8_2/TransformFilter/fft-library/auk_dspip_avalon_streaming_controller_fft_121.vhd ;
; source/fftfilter.v                                            ; yes             ; User Verilog HDL File                  ; D:/altera/FPGAprj/duyong_matlab_fpga_altera_verilog/Chapter_8/E8_2/TransformFilter/source/fftfilter.v                                            ;
; shifter16_256.v                                               ; yes             ; User Wizard-Generated File             ; D:/altera/FPGAprj/duyong_matlab_fpga_altera_verilog/Chapter_8/E8_2/TransformFilter/shifter16_256.v                                               ;
; source/ifftout.v                                              ; yes             ; User Verilog HDL File                  ; D:/altera/FPGAprj/duyong_matlab_fpga_altera_verilog/Chapter_8/E8_2/TransformFilter/source/ifftout.v                                              ;
; altshift_taps.tdf                                             ; yes             ; Megafunction                           ; d:/altera/10.0/quartus/libraries/megafunctions/altshift_taps.tdf                                                                                 ;
; db/shift_taps_llv.tdf                                         ; yes             ; Auto-Generated Megafunction            ; D:/altera/FPGAprj/duyong_matlab_fpga_altera_verilog/Chapter_8/E8_2/TransformFilter/db/shift_taps_llv.tdf                                         ;
; db/altsyncram_lla1.tdf                                        ; yes             ; Auto-Generated Megafunction            ; D:/altera/FPGAprj/duyong_matlab_fpga_altera_verilog/Chapter_8/E8_2/TransformFilter/db/altsyncram_lla1.tdf                                        ;
; db/cntr_hsf.tdf                                               ; yes             ; Auto-Generated Megafunction            ; D:/altera/FPGAprj/duyong_matlab_fpga_altera_verilog/Chapter_8/E8_2/TransformFilter/db/cntr_hsf.tdf                                               ;
; db/cmpr_tgc.tdf                                               ; yes             ; Auto-Generated Megafunction            ; D:/altera/FPGAprj/duyong_matlab_fpga_altera_verilog/Chapter_8/E8_2/TransformFilter/db/cmpr_tgc.tdf                                               ;
; altsyncram.tdf                                                ; yes             ; Megafunction                           ; d:/altera/10.0/quartus/libraries/megafunctions/altsyncram.tdf                                                                                    ;
; db/altsyncram_5da1.tdf                                        ; yes             ; Auto-Generated Megafunction            ; D:/altera/FPGAprj/duyong_matlab_fpga_altera_verilog/Chapter_8/E8_2/TransformFilter/db/altsyncram_5da1.tdf                                        ;
; E8_2_window.mif                                               ; yes             ; Auto-Found Memory Initialization File  ; D:/altera/FPGAprj/duyong_matlab_fpga_altera_verilog/Chapter_8/E8_2/TransformFilter/E8_2_window.mif                                               ;
; lpm_mult.tdf                                                  ; yes             ; Megafunction                           ; d:/altera/10.0/quartus/libraries/megafunctions/lpm_mult.tdf                                                                                      ;
; db/mult_76p.tdf                                               ; yes             ; Auto-Generated Megafunction            ; D:/altera/FPGAprj/duyong_matlab_fpga_altera_verilog/Chapter_8/E8_2/TransformFilter/db/mult_76p.tdf                                               ;
; db/altsyncram_09k1.tdf                                        ; yes             ; Auto-Generated Megafunction            ; D:/altera/FPGAprj/duyong_matlab_fpga_altera_verilog/Chapter_8/E8_2/TransformFilter/db/altsyncram_09k1.tdf                                        ;
; db/shift_taps_2mv.tdf                                         ; yes             ; Auto-Generated Megafunction            ; D:/altera/FPGAprj/duyong_matlab_fpga_altera_verilog/Chapter_8/E8_2/TransformFilter/db/shift_taps_2mv.tdf                                         ;
; db/altsyncram_bpa1.tdf                                        ; yes             ; Auto-Generated Megafunction            ; D:/altera/FPGAprj/duyong_matlab_fpga_altera_verilog/Chapter_8/E8_2/TransformFilter/db/altsyncram_bpa1.tdf                                        ;
; db/cntr_ksf.tdf                                               ; yes             ; Auto-Generated Megafunction            ; D:/altera/FPGAprj/duyong_matlab_fpga_altera_verilog/Chapter_8/E8_2/TransformFilter/db/cntr_ksf.tdf                                               ;
; db/cmpr_ugc.tdf                                               ; yes             ; Auto-Generated Megafunction            ; D:/altera/FPGAprj/duyong_matlab_fpga_altera_verilog/Chapter_8/E8_2/TransformFilter/db/cmpr_ugc.tdf                                               ;
; asj_fft_si_sose_so_b_fft_121.vhd                              ; yes             ; Encrypted Auto-Found VHDL File         ; D:/altera/FPGAprj/duyong_matlab_fpga_altera_verilog/Chapter_8/E8_2/TransformFilter/fft-library/asj_fft_si_sose_so_b_fft_121.vhd                  ;
; scfifo.tdf                                                    ; yes             ; Megafunction                           ; d:/altera/10.0/quartus/libraries/megafunctions/scfifo.tdf                                                                                        ;
; db/scfifo_udh1.tdf                                            ; yes             ; Auto-Generated Megafunction            ; D:/altera/FPGAprj/duyong_matlab_fpga_altera_verilog/Chapter_8/E8_2/TransformFilter/db/scfifo_udh1.tdf                                            ;
; db/a_dpfifo_no81.tdf                                          ; yes             ; Auto-Generated Megafunction            ; D:/altera/FPGAprj/duyong_matlab_fpga_altera_verilog/Chapter_8/E8_2/TransformFilter/db/a_dpfifo_no81.tdf                                          ;
; db/altsyncram_ssf1.tdf                                        ; yes             ; Auto-Generated Megafunction            ; D:/altera/FPGAprj/duyong_matlab_fpga_altera_verilog/Chapter_8/E8_2/TransformFilter/db/altsyncram_ssf1.tdf                                        ;
; db/cmpr_gs8.tdf                                               ; yes             ; Auto-Generated Megafunction            ; D:/altera/FPGAprj/duyong_matlab_fpga_altera_verilog/Chapter_8/E8_2/TransformFilter/db/cmpr_gs8.tdf                                               ;
; db/cntr_tnb.tdf                                               ; yes             ; Auto-Generated Megafunction            ; D:/altera/FPGAprj/duyong_matlab_fpga_altera_verilog/Chapter_8/E8_2/TransformFilter/db/cntr_tnb.tdf                                               ;
; db/cntr_ao7.tdf                                               ; yes             ; Auto-Generated Megafunction            ; D:/altera/FPGAprj/duyong_matlab_fpga_altera_verilog/Chapter_8/E8_2/TransformFilter/db/cntr_ao7.tdf                                               ;
; db/cntr_unb.tdf                                               ; yes             ; Auto-Generated Megafunction            ; D:/altera/FPGAprj/duyong_matlab_fpga_altera_verilog/Chapter_8/E8_2/TransformFilter/db/cntr_unb.tdf                                               ;
; asj_fft_m_k_counter_fft_121.vhd                               ; yes             ; Encrypted Auto-Found VHDL File         ; D:/altera/FPGAprj/duyong_matlab_fpga_altera_verilog/Chapter_8/E8_2/TransformFilter/fft-library/asj_fft_m_k_counter_fft_121.vhd                   ;
; asj_fft_tdl_bit_rst_fft_121.vhd                               ; yes             ; Encrypted Auto-Found VHDL File         ; D:/altera/FPGAprj/duyong_matlab_fpga_altera_verilog/Chapter_8/E8_2/TransformFilter/fft-library/asj_fft_tdl_bit_rst_fft_121.vhd                   ;
; asj_fft_in_write_sgl_fft_121.vhd                              ; yes             ; Encrypted Auto-Found VHDL File         ; D:/altera/FPGAprj/duyong_matlab_fpga_altera_verilog/Chapter_8/E8_2/TransformFilter/fft-library/asj_fft_in_write_sgl_fft_121.vhd                  ;
; asj_fft_unbburst_sose_ctrl_fft_121.vhd                        ; yes             ; Encrypted Auto-Found VHDL File         ; D:/altera/FPGAprj/duyong_matlab_fpga_altera_verilog/Chapter_8/E8_2/TransformFilter/fft-library/asj_fft_unbburst_sose_ctrl_fft_121.vhd            ;
; asj_fft_1dp_ram_fft_121.vhd                                   ; yes             ; Encrypted Auto-Found VHDL File         ; D:/altera/FPGAprj/duyong_matlab_fpga_altera_verilog/Chapter_8/E8_2/TransformFilter/fft-library/asj_fft_1dp_ram_fft_121.vhd                       ;
; asj_fft_data_ram_fft_121.vhd                                  ; yes             ; Encrypted Auto-Found VHDL File         ; D:/altera/FPGAprj/duyong_matlab_fpga_altera_verilog/Chapter_8/E8_2/TransformFilter/fft-library/asj_fft_data_ram_fft_121.vhd                      ;
; db/altsyncram_21t3.tdf                                        ; yes             ; Auto-Generated Megafunction            ; D:/altera/FPGAprj/duyong_matlab_fpga_altera_verilog/Chapter_8/E8_2/TransformFilter/db/altsyncram_21t3.tdf                                        ;
; asj_fft_dataadgen_fft_121.vhd                                 ; yes             ; Encrypted Auto-Found VHDL File         ; D:/altera/FPGAprj/duyong_matlab_fpga_altera_verilog/Chapter_8/E8_2/TransformFilter/fft-library/asj_fft_dataadgen_fft_121.vhd                     ;
; asj_fft_dft_bfp_sgl_fft_121.vhd                               ; yes             ; Encrypted Auto-Found VHDL File         ; D:/altera/FPGAprj/duyong_matlab_fpga_altera_verilog/Chapter_8/E8_2/TransformFilter/fft-library/asj_fft_dft_bfp_sgl_fft_121.vhd                   ;
; asj_fft_pround_fft_121.vhd                                    ; yes             ; Encrypted Auto-Found VHDL File         ; D:/altera/FPGAprj/duyong_matlab_fpga_altera_verilog/Chapter_8/E8_2/TransformFilter/fft-library/asj_fft_pround_fft_121.vhd                        ;
; lpm_add_sub.tdf                                               ; yes             ; Megafunction                           ; d:/altera/10.0/quartus/libraries/megafunctions/lpm_add_sub.tdf                                                                                   ;
; db/add_sub_onj.tdf                                            ; yes             ; Auto-Generated Megafunction            ; D:/altera/FPGAprj/duyong_matlab_fpga_altera_verilog/Chapter_8/E8_2/TransformFilter/db/add_sub_onj.tdf                                            ;
; asj_fft_bfp_o_fft_121.vhd                                     ; yes             ; Encrypted Auto-Found VHDL File         ; D:/altera/FPGAprj/duyong_matlab_fpga_altera_verilog/Chapter_8/E8_2/TransformFilter/fft-library/asj_fft_bfp_o_fft_121.vhd                         ;
; asj_fft_tdl_bit_fft_121.vhd                                   ; yes             ; Encrypted Auto-Found VHDL File         ; D:/altera/FPGAprj/duyong_matlab_fpga_altera_verilog/Chapter_8/E8_2/TransformFilter/fft-library/asj_fft_tdl_bit_fft_121.vhd                       ;
; asj_fft_bfp_i_fft_121.vhd                                     ; yes             ; Encrypted Auto-Found VHDL File         ; D:/altera/FPGAprj/duyong_matlab_fpga_altera_verilog/Chapter_8/E8_2/TransformFilter/fft-library/asj_fft_bfp_i_fft_121.vhd                         ;
; asj_fft_cmult_can_fft_121.vhd                                 ; yes             ; Encrypted Auto-Found VHDL File         ; D:/altera/FPGAprj/duyong_matlab_fpga_altera_verilog/Chapter_8/E8_2/TransformFilter/fft-library/asj_fft_cmult_can_fft_121.vhd                     ;
; db/mult_5t01.tdf                                              ; yes             ; Auto-Generated Megafunction            ; D:/altera/FPGAprj/duyong_matlab_fpga_altera_verilog/Chapter_8/E8_2/TransformFilter/db/mult_5t01.tdf                                              ;
; db/mult_9t01.tdf                                              ; yes             ; Auto-Generated Megafunction            ; D:/altera/FPGAprj/duyong_matlab_fpga_altera_verilog/Chapter_8/E8_2/TransformFilter/db/mult_9t01.tdf                                              ;
; db/add_sub_knj.tdf                                            ; yes             ; Auto-Generated Megafunction            ; D:/altera/FPGAprj/duyong_matlab_fpga_altera_verilog/Chapter_8/E8_2/TransformFilter/db/add_sub_knj.tdf                                            ;
; asj_fft_bfp_ctrl_fft_121.vhd                                  ; yes             ; Encrypted Auto-Found VHDL File         ; D:/altera/FPGAprj/duyong_matlab_fpga_altera_verilog/Chapter_8/E8_2/TransformFilter/fft-library/asj_fft_bfp_ctrl_fft_121.vhd                      ;
; asj_fft_twadsogen_q_fft_121.vhd                               ; yes             ; Encrypted Auto-Found VHDL File         ; D:/altera/FPGAprj/duyong_matlab_fpga_altera_verilog/Chapter_8/E8_2/TransformFilter/fft-library/asj_fft_twadsogen_q_fft_121.vhd                   ;
; asj_fft_1tdp_rom_fft_121.vhd                                  ; yes             ; Encrypted Auto-Found VHDL File         ; D:/altera/FPGAprj/duyong_matlab_fpga_altera_verilog/Chapter_8/E8_2/TransformFilter/fft-library/asj_fft_1tdp_rom_fft_121.vhd                      ;
; asj_fft_twid_rom_tdp_fft_121.vhd                              ; yes             ; Encrypted Auto-Found VHDL File         ; D:/altera/FPGAprj/duyong_matlab_fpga_altera_verilog/Chapter_8/E8_2/TransformFilter/fft-library/asj_fft_twid_rom_tdp_fft_121.vhd                  ;
; db/altsyncram_he72.tdf                                        ; yes             ; Auto-Generated Megafunction            ; D:/altera/FPGAprj/duyong_matlab_fpga_altera_verilog/Chapter_8/E8_2/TransformFilter/db/altsyncram_he72.tdf                                        ;
; fft256_1n256sin.hex                                           ; yes             ; Auto-Found Memory Initialization File  ; D:/altera/FPGAprj/duyong_matlab_fpga_altera_verilog/Chapter_8/E8_2/TransformFilter/fft256_1n256sin.hex                                           ;
; db/shift_taps_bbv.tdf                                         ; yes             ; Auto-Generated Megafunction            ; D:/altera/FPGAprj/duyong_matlab_fpga_altera_verilog/Chapter_8/E8_2/TransformFilter/db/shift_taps_bbv.tdf                                         ;
; db/altsyncram_rga1.tdf                                        ; yes             ; Auto-Generated Megafunction            ; D:/altera/FPGAprj/duyong_matlab_fpga_altera_verilog/Chapter_8/E8_2/TransformFilter/db/altsyncram_rga1.tdf                                        ;
; db/shift_taps_ckm.tdf                                         ; yes             ; Auto-Generated Megafunction            ; D:/altera/FPGAprj/duyong_matlab_fpga_altera_verilog/Chapter_8/E8_2/TransformFilter/db/shift_taps_ckm.tdf                                         ;
; db/altsyncram_t861.tdf                                        ; yes             ; Auto-Generated Megafunction            ; D:/altera/FPGAprj/duyong_matlab_fpga_altera_verilog/Chapter_8/E8_2/TransformFilter/db/altsyncram_t861.tdf                                        ;
; db/add_sub_24e.tdf                                            ; yes             ; Auto-Generated Megafunction            ; D:/altera/FPGAprj/duyong_matlab_fpga_altera_verilog/Chapter_8/E8_2/TransformFilter/db/add_sub_24e.tdf                                            ;
; db/cntr_6pf.tdf                                               ; yes             ; Auto-Generated Megafunction            ; D:/altera/FPGAprj/duyong_matlab_fpga_altera_verilog/Chapter_8/E8_2/TransformFilter/db/cntr_6pf.tdf                                               ;
; db/cmpr_ogc.tdf                                               ; yes             ; Auto-Generated Megafunction            ; D:/altera/FPGAprj/duyong_matlab_fpga_altera_verilog/Chapter_8/E8_2/TransformFilter/db/cmpr_ogc.tdf                                               ;
; db/cntr_p8h.tdf                                               ; yes             ; Auto-Generated Megafunction            ; D:/altera/FPGAprj/duyong_matlab_fpga_altera_verilog/Chapter_8/E8_2/TransformFilter/db/cntr_p8h.tdf                                               ;
+---------------------------------------------------------------+-----------------+----------------------------------------+--------------------------------------------------------------------------------------------------------------------------------------------------+


+---------------------------------------------------------+
; Analysis & Synthesis Resource Usage Summary             ;
+---------------------------------------------+-----------+
; Resource                                    ; Usage     ;
+---------------------------------------------+-----------+
; Estimated Total logic elements              ; 4,222     ;
;                                             ;           ;
; Total combinational functions               ; 3153      ;
; Logic element usage by number of LUT inputs ;           ;
;     -- 4 input functions                    ; 661       ;
;     -- 3 input functions                    ; 1030      ;
;     -- <=2 input functions                  ; 1462      ;
;                                             ;           ;
; Logic elements by mode                      ;           ;
;     -- normal mode                          ; 2033      ;
;     -- arithmetic mode                      ; 1120      ;
;                                             ;           ;
; Total registers                             ; 3273      ;
;     -- Dedicated logic registers            ; 3273      ;
;     -- I/O registers                        ; 0         ;
;                                             ;           ;
; I/O pins                                    ; 31        ;
; Total memory bits                           ; 80648     ;
; Embedded Multiplier 9-bit elements          ; 24        ;
; Maximum fan-out node                        ; clk~input ;
; Maximum fan-out                             ; 3646      ;
; Total fan-out                               ; 25595     ;
; Average fan-out                             ; 3.68      ;
+---------------------------------------------+-----------+


+-------------------------------------------------------------------------------------------------------------------------------------------------------------------------------------------------------------------------------------------------------------------------------------------------------------------------------------------------------------------------------------------------------------------------------------------------------------------------------------------------------------------------------------------------------------+
; Analysis & Synthesis Resource Utilization by Entity                                                                                                                                                                                                                                                                                                                                                                                                                                                                                                         ;
+-----------------------------------------------------------------------------------------------+-------------------+--------------+-------------+------------+--------------+---------+-----------+------+--------------+---------------------------------------------------------------------------------------------------------------------------------------------------------------------------------------------------------------------------------------------------------------------------------------------------------------------+--------------+
; Compilation Hierarchy Node                                                                    ; LC Combinationals ; LC Registers ; Memory Bits ; DSP Blocks ; DSP Elements ; DSP 9x9 ; DSP 18x18 ; Pins ; Virtual Pins ; Full Hierarchy Name                                                                                                                                                                                                                                                                                                 ; Library Name ;
+-----------------------------------------------------------------------------------------------+-------------------+--------------+-------------+------------+--------------+---------+-----------+------+--------------+---------------------------------------------------------------------------------------------------------------------------------------------------------------------------------------------------------------------------------------------------------------------------------------------------------------------+--------------+
; |TransformFilter                                                                              ; 3153 (1)          ; 3273 (0)     ; 80648       ; 0          ; 24           ; 0       ; 12        ; 31   ; 0            ; |TransformFilter                                                                                                                                                                                                                                                                                                    ;              ;
;    |fftfilter:u1|                                                                             ; 1626 (182)        ; 1651 (91)    ; 17696       ; 0          ; 14           ; 0       ; 7         ; 0    ; 0            ; |TransformFilter|fftfilter:u1                                                                                                                                                                                                                                                                                       ;              ;
;       |altshift_taps:xkre0_rtl_0|                                                             ; 9 (0)             ; 6 (0)        ; 96          ; 0          ; 0            ; 0       ; 0         ; 0    ; 0            ; |TransformFilter|fftfilter:u1|altshift_taps:xkre0_rtl_0                                                                                                                                                                                                                                                             ;              ;
;          |shift_taps_ckm:auto_generated|                                                      ; 9 (2)             ; 6 (3)        ; 96          ; 0          ; 0            ; 0       ; 0         ; 0    ; 0            ; |TransformFilter|fftfilter:u1|altshift_taps:xkre0_rtl_0|shift_taps_ckm:auto_generated                                                                                                                                                                                                                               ;              ;
;             |altsyncram_t861:altsyncram4|                                                     ; 0 (0)             ; 0 (0)        ; 96          ; 0          ; 0            ; 0       ; 0         ; 0    ; 0            ; |TransformFilter|fftfilter:u1|altshift_taps:xkre0_rtl_0|shift_taps_ckm:auto_generated|altsyncram_t861:altsyncram4                                                                                                                                                                                                   ;              ;
;             |cntr_6pf:cntr1|                                                                  ; 5 (5)             ; 2 (2)        ; 0           ; 0          ; 0            ; 0       ; 0         ; 0    ; 0            ; |TransformFilter|fftfilter:u1|altshift_taps:xkre0_rtl_0|shift_taps_ckm:auto_generated|cntr_6pf:cntr1                                                                                                                                                                                                                ;              ;
;             |cntr_p8h:cntr5|                                                                  ; 2 (2)             ; 1 (1)        ; 0           ; 0          ; 0            ; 0       ; 0         ; 0    ; 0            ; |TransformFilter|fftfilter:u1|altshift_taps:xkre0_rtl_0|shift_taps_ckm:auto_generated|cntr_p8h:cntr5                                                                                                                                                                                                                ;              ;
;       |fft256:u0|                                                                             ; 1411 (0)          ; 1538 (0)     ; 9472        ; 0          ; 6            ; 0       ; 3         ; 0    ; 0            ; |TransformFilter|fftfilter:u1|fft256:u0                                                                                                                                                                                                                                                                             ;              ;
;          |asj_fft_si_sose_so_b_fft_121:asj_fft_si_sose_so_b_fft_121_inst|                     ; 1411 (369)        ; 1538 (291)   ; 9472        ; 0          ; 6            ; 0       ; 3         ; 0    ; 0            ; |TransformFilter|fftfilter:u1|fft256:u0|asj_fft_si_sose_so_b_fft_121:asj_fft_si_sose_so_b_fft_121_inst                                                                                                                                                                                                              ;              ;
;             |asj_fft_1dp_ram_fft_121:\gen_1_ram:gen_M4K:dat_A|                                ; 0 (0)             ; 0 (0)        ; 8192        ; 0          ; 0            ; 0       ; 0         ; 0    ; 0            ; |TransformFilter|fftfilter:u1|fft256:u0|asj_fft_si_sose_so_b_fft_121:asj_fft_si_sose_so_b_fft_121_inst|asj_fft_1dp_ram_fft_121:\gen_1_ram:gen_M4K:dat_A                                                                                                                                                             ;              ;
;                |asj_fft_data_ram_fft_121:dat_A|                                               ; 0 (0)             ; 0 (0)        ; 8192        ; 0          ; 0            ; 0       ; 0         ; 0    ; 0            ; |TransformFilter|fftfilter:u1|fft256:u0|asj_fft_si_sose_so_b_fft_121:asj_fft_si_sose_so_b_fft_121_inst|asj_fft_1dp_ram_fft_121:\gen_1_ram:gen_M4K:dat_A|asj_fft_data_ram_fft_121:dat_A                                                                                                                              ;              ;
;                   |altsyncram:\gen_M4K:altsyncram_component|                                  ; 0 (0)             ; 0 (0)        ; 8192        ; 0          ; 0            ; 0       ; 0         ; 0    ; 0            ; |TransformFilter|fftfilter:u1|fft256:u0|asj_fft_si_sose_so_b_fft_121:asj_fft_si_sose_so_b_fft_121_inst|asj_fft_1dp_ram_fft_121:\gen_1_ram:gen_M4K:dat_A|asj_fft_data_ram_fft_121:dat_A|altsyncram:\gen_M4K:altsyncram_component                                                                                     ;              ;
;                      |altsyncram_21t3:auto_generated|                                         ; 0 (0)             ; 0 (0)        ; 8192        ; 0          ; 0            ; 0       ; 0         ; 0    ; 0            ; |TransformFilter|fftfilter:u1|fft256:u0|asj_fft_si_sose_so_b_fft_121:asj_fft_si_sose_so_b_fft_121_inst|asj_fft_1dp_ram_fft_121:\gen_1_ram:gen_M4K:dat_A|asj_fft_data_ram_fft_121:dat_A|altsyncram:\gen_M4K:altsyncram_component|altsyncram_21t3:auto_generated                                                      ;              ;
;             |asj_fft_1tdp_rom_fft_121:\gen_se:gen_new:twrom|                                  ; 0 (0)             ; 0 (0)        ; 1024        ; 0          ; 0            ; 0       ; 0         ; 0    ; 0            ; |TransformFilter|fftfilter:u1|fft256:u0|asj_fft_si_sose_so_b_fft_121:asj_fft_si_sose_so_b_fft_121_inst|asj_fft_1tdp_rom_fft_121:\gen_se:gen_new:twrom                                                                                                                                                               ;              ;
;                |asj_fft_twid_rom_tdp_fft_121:\gen_auto:sin_1n|                                ; 0 (0)             ; 0 (0)        ; 1024        ; 0          ; 0            ; 0       ; 0         ; 0    ; 0            ; |TransformFilter|fftfilter:u1|fft256:u0|asj_fft_si_sose_so_b_fft_121:asj_fft_si_sose_so_b_fft_121_inst|asj_fft_1tdp_rom_fft_121:\gen_se:gen_new:twrom|asj_fft_twid_rom_tdp_fft_121:\gen_auto:sin_1n                                                                                                                 ;              ;
;                   |altsyncram:altsyncram_component|                                           ; 0 (0)             ; 0 (0)        ; 1024        ; 0          ; 0            ; 0       ; 0         ; 0    ; 0            ; |TransformFilter|fftfilter:u1|fft256:u0|asj_fft_si_sose_so_b_fft_121:asj_fft_si_sose_so_b_fft_121_inst|asj_fft_1tdp_rom_fft_121:\gen_se:gen_new:twrom|asj_fft_twid_rom_tdp_fft_121:\gen_auto:sin_1n|altsyncram:altsyncram_component                                                                                 ;              ;
;                      |altsyncram_he72:auto_generated|                                         ; 0 (0)             ; 0 (0)        ; 1024        ; 0          ; 0            ; 0       ; 0         ; 0    ; 0            ; |TransformFilter|fftfilter:u1|fft256:u0|asj_fft_si_sose_so_b_fft_121:asj_fft_si_sose_so_b_fft_121_inst|asj_fft_1tdp_rom_fft_121:\gen_se:gen_new:twrom|asj_fft_twid_rom_tdp_fft_121:\gen_auto:sin_1n|altsyncram:altsyncram_component|altsyncram_he72:auto_generated                                                  ;              ;
;             |asj_fft_bfp_ctrl_fft_121:\gen_se:bfpc|                                           ; 19 (6)            ; 17 (3)       ; 0           ; 0          ; 0            ; 0       ; 0         ; 0    ; 0            ; |TransformFilter|fftfilter:u1|fft256:u0|asj_fft_si_sose_so_b_fft_121:asj_fft_si_sose_so_b_fft_121_inst|asj_fft_bfp_ctrl_fft_121:\gen_se:bfpc                                                                                                                                                                        ;              ;
;                |asj_fft_tdl_bit_fft_121:\gen_so_crtl:gen_se_so:delay_next_pass_2|             ; 0 (0)             ; 1 (1)        ; 0           ; 0          ; 0            ; 0       ; 0         ; 0    ; 0            ; |TransformFilter|fftfilter:u1|fft256:u0|asj_fft_si_sose_so_b_fft_121:asj_fft_si_sose_so_b_fft_121_inst|asj_fft_bfp_ctrl_fft_121:\gen_se:bfpc|asj_fft_tdl_bit_fft_121:\gen_so_crtl:gen_se_so:delay_next_pass_2                                                                                                       ;              ;
;                |asj_fft_tdl_bit_rst_fft_121:\gen_so_crtl:gen_se_so:delay_next_pass|           ; 13 (13)           ; 13 (13)      ; 0           ; 0          ; 0            ; 0       ; 0         ; 0    ; 0            ; |TransformFilter|fftfilter:u1|fft256:u0|asj_fft_si_sose_so_b_fft_121:asj_fft_si_sose_so_b_fft_121_inst|asj_fft_bfp_ctrl_fft_121:\gen_se:bfpc|asj_fft_tdl_bit_rst_fft_121:\gen_so_crtl:gen_se_so:delay_next_pass                                                                                                     ;              ;
;             |asj_fft_dataadgen_fft_121:\gen_wraddr_se:wr_adgen|                               ; 22 (22)           ; 8 (8)        ; 0           ; 0          ; 0            ; 0       ; 0         ; 0    ; 0            ; |TransformFilter|fftfilter:u1|fft256:u0|asj_fft_si_sose_so_b_fft_121:asj_fft_si_sose_so_b_fft_121_inst|asj_fft_dataadgen_fft_121:\gen_wraddr_se:wr_adgen                                                                                                                                                            ;              ;
;             |asj_fft_dataadgen_fft_121:rd_adgen|                                              ; 22 (22)           ; 8 (8)        ; 0           ; 0          ; 0            ; 0       ; 0         ; 0    ; 0            ; |TransformFilter|fftfilter:u1|fft256:u0|asj_fft_si_sose_so_b_fft_121:asj_fft_si_sose_so_b_fft_121_inst|asj_fft_dataadgen_fft_121:rd_adgen                                                                                                                                                                           ;              ;
;             |asj_fft_dft_bfp_sgl_fft_121:\gen_se:bfpdft|                                      ; 666 (332)         ; 850 (383)    ; 0           ; 0          ; 6            ; 0       ; 3         ; 0    ; 0            ; |TransformFilter|fftfilter:u1|fft256:u0|asj_fft_si_sose_so_b_fft_121:asj_fft_si_sose_so_b_fft_121_inst|asj_fft_dft_bfp_sgl_fft_121:\gen_se:bfpdft                                                                                                                                                                   ;              ;
;                |asj_fft_bfp_i_fft_121:bfp_scale|                                              ; 66 (66)           ; 32 (32)      ; 0           ; 0          ; 0            ; 0       ; 0         ; 0    ; 0            ; |TransformFilter|fftfilter:u1|fft256:u0|asj_fft_si_sose_so_b_fft_121:asj_fft_si_sose_so_b_fft_121_inst|asj_fft_dft_bfp_sgl_fft_121:\gen_se:bfpdft|asj_fft_bfp_i_fft_121:bfp_scale                                                                                                                                   ;              ;
;                |asj_fft_bfp_o_fft_121:bfp_detect|                                             ; 34 (34)           ; 33 (22)      ; 0           ; 0          ; 0            ; 0       ; 0         ; 0    ; 0            ; |TransformFilter|fftfilter:u1|fft256:u0|asj_fft_si_sose_so_b_fft_121:asj_fft_si_sose_so_b_fft_121_inst|asj_fft_dft_bfp_sgl_fft_121:\gen_se:bfpdft|asj_fft_bfp_o_fft_121:bfp_detect                                                                                                                                  ;              ;
;                   |asj_fft_tdl_bit_fft_121:\gen_blk_float:gen_1_input_bfp_o:delay_next_pass3| ; 0 (0)             ; 3 (3)        ; 0           ; 0          ; 0            ; 0       ; 0         ; 0    ; 0            ; |TransformFilter|fftfilter:u1|fft256:u0|asj_fft_si_sose_so_b_fft_121:asj_fft_si_sose_so_b_fft_121_inst|asj_fft_dft_bfp_sgl_fft_121:\gen_se:bfpdft|asj_fft_bfp_o_fft_121:bfp_detect|asj_fft_tdl_bit_fft_121:\gen_blk_float:gen_1_input_bfp_o:delay_next_pass3                                                        ;              ;
;                   |asj_fft_tdl_bit_fft_121:\gen_blk_float:gen_1_input_bfp_o:delay_next_pass|  ; 0 (0)             ; 8 (8)        ; 0           ; 0          ; 0            ; 0       ; 0         ; 0    ; 0            ; |TransformFilter|fftfilter:u1|fft256:u0|asj_fft_si_sose_so_b_fft_121:asj_fft_si_sose_so_b_fft_121_inst|asj_fft_dft_bfp_sgl_fft_121:\gen_se:bfpdft|asj_fft_bfp_o_fft_121:bfp_detect|asj_fft_tdl_bit_fft_121:\gen_blk_float:gen_1_input_bfp_o:delay_next_pass                                                         ;              ;
;                |asj_fft_cmult_can_fft_121:\gen_da0:gen_canonic:cm1|                           ; 196 (130)         ; 370 (242)    ; 0           ; 0          ; 6            ; 0       ; 3         ; 0    ; 0            ; |TransformFilter|fftfilter:u1|fft256:u0|asj_fft_si_sose_so_b_fft_121:asj_fft_si_sose_so_b_fft_121_inst|asj_fft_dft_bfp_sgl_fft_121:\gen_se:bfpdft|asj_fft_cmult_can_fft_121:\gen_da0:gen_canonic:cm1                                                                                                                ;              ;
;                   |asj_fft_pround_fft_121:\gen_unsc:u0|                                       ; 33 (0)            ; 16 (0)       ; 0           ; 0          ; 0            ; 0       ; 0         ; 0    ; 0            ; |TransformFilter|fftfilter:u1|fft256:u0|asj_fft_si_sose_so_b_fft_121:asj_fft_si_sose_so_b_fft_121_inst|asj_fft_dft_bfp_sgl_fft_121:\gen_se:bfpdft|asj_fft_cmult_can_fft_121:\gen_da0:gen_canonic:cm1|asj_fft_pround_fft_121:\gen_unsc:u0                                                                            ;              ;
;                      |lpm_add_sub:\gbrnd:nev:gp:lpm_add_sub_component|                        ; 33 (0)            ; 16 (0)       ; 0           ; 0          ; 0            ; 0       ; 0         ; 0    ; 0            ; |TransformFilter|fftfilter:u1|fft256:u0|asj_fft_si_sose_so_b_fft_121:asj_fft_si_sose_so_b_fft_121_inst|asj_fft_dft_bfp_sgl_fft_121:\gen_se:bfpdft|asj_fft_cmult_can_fft_121:\gen_da0:gen_canonic:cm1|asj_fft_pround_fft_121:\gen_unsc:u0|lpm_add_sub:\gbrnd:nev:gp:lpm_add_sub_component                            ;              ;
;                         |add_sub_knj:auto_generated|                                          ; 33 (33)           ; 16 (16)      ; 0           ; 0          ; 0            ; 0       ; 0         ; 0    ; 0            ; |TransformFilter|fftfilter:u1|fft256:u0|asj_fft_si_sose_so_b_fft_121:asj_fft_si_sose_so_b_fft_121_inst|asj_fft_dft_bfp_sgl_fft_121:\gen_se:bfpdft|asj_fft_cmult_can_fft_121:\gen_da0:gen_canonic:cm1|asj_fft_pround_fft_121:\gen_unsc:u0|lpm_add_sub:\gbrnd:nev:gp:lpm_add_sub_component|add_sub_knj:auto_generated ;              ;
;                   |asj_fft_pround_fft_121:\gen_unsc:u1|                                       ; 33 (0)            ; 16 (0)       ; 0           ; 0          ; 0            ; 0       ; 0         ; 0    ; 0            ; |TransformFilter|fftfilter:u1|fft256:u0|asj_fft_si_sose_so_b_fft_121:asj_fft_si_sose_so_b_fft_121_inst|asj_fft_dft_bfp_sgl_fft_121:\gen_se:bfpdft|asj_fft_cmult_can_fft_121:\gen_da0:gen_canonic:cm1|asj_fft_pround_fft_121:\gen_unsc:u1                                                                            ;              ;
;                      |lpm_add_sub:\gbrnd:nev:gp:lpm_add_sub_component|                        ; 33 (0)            ; 16 (0)       ; 0           ; 0          ; 0            ; 0       ; 0         ; 0    ; 0            ; |TransformFilter|fftfilter:u1|fft256:u0|asj_fft_si_sose_so_b_fft_121:asj_fft_si_sose_so_b_fft_121_inst|asj_fft_dft_bfp_sgl_fft_121:\gen_se:bfpdft|asj_fft_cmult_can_fft_121:\gen_da0:gen_canonic:cm1|asj_fft_pround_fft_121:\gen_unsc:u1|lpm_add_sub:\gbrnd:nev:gp:lpm_add_sub_component                            ;              ;
;                         |add_sub_knj:auto_generated|                                          ; 33 (33)           ; 16 (16)      ; 0           ; 0          ; 0            ; 0       ; 0         ; 0    ; 0            ; |TransformFilter|fftfilter:u1|fft256:u0|asj_fft_si_sose_so_b_fft_121:asj_fft_si_sose_so_b_fft_121_inst|asj_fft_dft_bfp_sgl_fft_121:\gen_se:bfpdft|asj_fft_cmult_can_fft_121:\gen_da0:gen_canonic:cm1|asj_fft_pround_fft_121:\gen_unsc:u1|lpm_add_sub:\gbrnd:nev:gp:lpm_add_sub_component|add_sub_knj:auto_generated ;              ;
;                   |lpm_mult:\gen_ded_m1:gen_unext_m_a_b_c_d:m_a_b_c_d|                        ; 0 (0)             ; 32 (0)       ; 0           ; 0          ; 2            ; 0       ; 1         ; 0    ; 0            ; |TransformFilter|fftfilter:u1|fft256:u0|asj_fft_si_sose_so_b_fft_121:asj_fft_si_sose_so_b_fft_121_inst|asj_fft_dft_bfp_sgl_fft_121:\gen_se:bfpdft|asj_fft_cmult_can_fft_121:\gen_da0:gen_canonic:cm1|lpm_mult:\gen_ded_m1:gen_unext_m_a_b_c_d:m_a_b_c_d                                                             ;              ;
;                      |mult_9t01:auto_generated|                                               ; 0 (0)             ; 32 (32)      ; 0           ; 0          ; 2            ; 0       ; 1         ; 0    ; 0            ; |TransformFilter|fftfilter:u1|fft256:u0|asj_fft_si_sose_so_b_fft_121:asj_fft_si_sose_so_b_fft_121_inst|asj_fft_dft_bfp_sgl_fft_121:\gen_se:bfpdft|asj_fft_cmult_can_fft_121:\gen_da0:gen_canonic:cm1|lpm_mult:\gen_ded_m1:gen_unext_m_a_b_c_d:m_a_b_c_d|mult_9t01:auto_generated                                    ;              ;
;                   |lpm_mult:\gen_ded_m1:gen_unext_m_ac:m_ac|                                  ; 0 (0)             ; 32 (0)       ; 0           ; 0          ; 2            ; 0       ; 1         ; 0    ; 0            ; |TransformFilter|fftfilter:u1|fft256:u0|asj_fft_si_sose_so_b_fft_121:asj_fft_si_sose_so_b_fft_121_inst|asj_fft_dft_bfp_sgl_fft_121:\gen_se:bfpdft|asj_fft_cmult_can_fft_121:\gen_da0:gen_canonic:cm1|lpm_mult:\gen_ded_m1:gen_unext_m_ac:m_ac                                                                       ;              ;
;                      |mult_5t01:auto_generated|                                               ; 0 (0)             ; 32 (32)      ; 0           ; 0          ; 2            ; 0       ; 1         ; 0    ; 0            ; |TransformFilter|fftfilter:u1|fft256:u0|asj_fft_si_sose_so_b_fft_121:asj_fft_si_sose_so_b_fft_121_inst|asj_fft_dft_bfp_sgl_fft_121:\gen_se:bfpdft|asj_fft_cmult_can_fft_121:\gen_da0:gen_canonic:cm1|lpm_mult:\gen_ded_m1:gen_unext_m_ac:m_ac|mult_5t01:auto_generated                                              ;              ;
;                   |lpm_mult:\gen_ded_m1:gen_unext_m_bd:m_bd|                                  ; 0 (0)             ; 32 (0)       ; 0           ; 0          ; 2            ; 0       ; 1         ; 0    ; 0            ; |TransformFilter|fftfilter:u1|fft256:u0|asj_fft_si_sose_so_b_fft_121:asj_fft_si_sose_so_b_fft_121_inst|asj_fft_dft_bfp_sgl_fft_121:\gen_se:bfpdft|asj_fft_cmult_can_fft_121:\gen_da0:gen_canonic:cm1|lpm_mult:\gen_ded_m1:gen_unext_m_bd:m_bd                                                                       ;              ;
;                      |mult_5t01:auto_generated|                                               ; 0 (0)             ; 32 (32)      ; 0           ; 0          ; 2            ; 0       ; 1         ; 0    ; 0            ; |TransformFilter|fftfilter:u1|fft256:u0|asj_fft_si_sose_so_b_fft_121:asj_fft_si_sose_so_b_fft_121_inst|asj_fft_dft_bfp_sgl_fft_121:\gen_se:bfpdft|asj_fft_cmult_can_fft_121:\gen_da0:gen_canonic:cm1|lpm_mult:\gen_ded_m1:gen_unext_m_bd:m_bd|mult_5t01:auto_generated                                              ;              ;
;                |asj_fft_pround_fft_121:\gen_full_rnd:u0|                                      ; 19 (0)            ; 16 (0)       ; 0           ; 0          ; 0            ; 0       ; 0         ; 0    ; 0            ; |TransformFilter|fftfilter:u1|fft256:u0|asj_fft_si_sose_so_b_fft_121:asj_fft_si_sose_so_b_fft_121_inst|asj_fft_dft_bfp_sgl_fft_121:\gen_se:bfpdft|asj_fft_pround_fft_121:\gen_full_rnd:u0                                                                                                                           ;              ;
;                   |lpm_add_sub:\gbrnd:nev:gp:lpm_add_sub_component|                           ; 19 (0)            ; 16 (0)       ; 0           ; 0          ; 0            ; 0       ; 0         ; 0    ; 0            ; |TransformFilter|fftfilter:u1|fft256:u0|asj_fft_si_sose_so_b_fft_121:asj_fft_si_sose_so_b_fft_121_inst|asj_fft_dft_bfp_sgl_fft_121:\gen_se:bfpdft|asj_fft_pround_fft_121:\gen_full_rnd:u0|lpm_add_sub:\gbrnd:nev:gp:lpm_add_sub_component                                                                           ;              ;
;                      |add_sub_onj:auto_generated|                                             ; 19 (19)           ; 16 (16)      ; 0           ; 0          ; 0            ; 0       ; 0         ; 0    ; 0            ; |TransformFilter|fftfilter:u1|fft256:u0|asj_fft_si_sose_so_b_fft_121:asj_fft_si_sose_so_b_fft_121_inst|asj_fft_dft_bfp_sgl_fft_121:\gen_se:bfpdft|asj_fft_pround_fft_121:\gen_full_rnd:u0|lpm_add_sub:\gbrnd:nev:gp:lpm_add_sub_component|add_sub_onj:auto_generated                                                ;              ;
;                |asj_fft_pround_fft_121:\gen_full_rnd:u1|                                      ; 19 (0)            ; 16 (0)       ; 0           ; 0          ; 0            ; 0       ; 0         ; 0    ; 0            ; |TransformFilter|fftfilter:u1|fft256:u0|asj_fft_si_sose_so_b_fft_121:asj_fft_si_sose_so_b_fft_121_inst|asj_fft_dft_bfp_sgl_fft_121:\gen_se:bfpdft|asj_fft_pround_fft_121:\gen_full_rnd:u1                                                                                                                           ;              ;
;                   |lpm_add_sub:\gbrnd:nev:gp:lpm_add_sub_component|                           ; 19 (0)            ; 16 (0)       ; 0           ; 0          ; 0            ; 0       ; 0         ; 0    ; 0            ; |TransformFilter|fftfilter:u1|fft256:u0|asj_fft_si_sose_so_b_fft_121:asj_fft_si_sose_so_b_fft_121_inst|asj_fft_dft_bfp_sgl_fft_121:\gen_se:bfpdft|asj_fft_pround_fft_121:\gen_full_rnd:u1|lpm_add_sub:\gbrnd:nev:gp:lpm_add_sub_component                                                                           ;              ;
;                      |add_sub_onj:auto_generated|                                             ; 19 (19)           ; 16 (16)      ; 0           ; 0          ; 0            ; 0       ; 0         ; 0    ; 0            ; |TransformFilter|fftfilter:u1|fft256:u0|asj_fft_si_sose_so_b_fft_121:asj_fft_si_sose_so_b_fft_121_inst|asj_fft_dft_bfp_sgl_fft_121:\gen_se:bfpdft|asj_fft_pround_fft_121:\gen_full_rnd:u1|lpm_add_sub:\gbrnd:nev:gp:lpm_add_sub_component|add_sub_onj:auto_generated                                                ;              ;
;             |asj_fft_in_write_sgl_fft_121:writer|                                             ; 63 (63)           ; 60 (60)      ; 0           ; 0          ; 0            ; 0       ; 0         ; 0    ; 0            ; |TransformFilter|fftfilter:u1|fft256:u0|asj_fft_si_sose_so_b_fft_121:asj_fft_si_sose_so_b_fft_121_inst|asj_fft_in_write_sgl_fft_121:writer                                                                                                                                                                          ;              ;
;             |asj_fft_m_k_counter_fft_121:ctrl|                                                ; 36 (36)           ; 32 (32)      ; 0           ; 0          ; 0            ; 0       ; 0         ; 0    ; 0            ; |TransformFilter|fftfilter:u1|fft256:u0|asj_fft_si_sose_so_b_fft_121:asj_fft_si_sose_so_b_fft_121_inst|asj_fft_m_k_counter_fft_121:ctrl                                                                                                                                                                             ;              ;
;             |asj_fft_tdl_bit_fft_121:\no_del_input_blk:delay_next_block|                      ; 0 (0)             ; 1 (1)        ; 0           ; 0          ; 0            ; 0       ; 0         ; 0    ; 0            ; |TransformFilter|fftfilter:u1|fft256:u0|asj_fft_si_sose_so_b_fft_121:asj_fft_si_sose_so_b_fft_121_inst|asj_fft_tdl_bit_fft_121:\no_del_input_blk:delay_next_block                                                                                                                                                   ;              ;
;             |asj_fft_tdl_bit_rst_fft_121:delay_swd|                                           ; 9 (9)             ; 10 (10)      ; 0           ; 0          ; 0            ; 0       ; 0         ; 0    ; 0            ; |TransformFilter|fftfilter:u1|fft256:u0|asj_fft_si_sose_so_b_fft_121:asj_fft_si_sose_so_b_fft_121_inst|asj_fft_tdl_bit_rst_fft_121:delay_swd                                                                                                                                                                        ;              ;
;             |asj_fft_twadsogen_q_fft_121:\gen_se:gen_new:twid_factors|                        ; 55 (55)           ; 34 (34)      ; 0           ; 0          ; 0            ; 0       ; 0         ; 0    ; 0            ; |TransformFilter|fftfilter:u1|fft256:u0|asj_fft_si_sose_so_b_fft_121:asj_fft_si_sose_so_b_fft_121_inst|asj_fft_twadsogen_q_fft_121:\gen_se:gen_new:twid_factors                                                                                                                                                     ;              ;
;             |asj_fft_unbburst_sose_ctrl_fft_121:ccc|                                          ; 40 (40)           ; 80 (80)      ; 0           ; 0          ; 0            ; 0       ; 0         ; 0    ; 0            ; |TransformFilter|fftfilter:u1|fft256:u0|asj_fft_si_sose_so_b_fft_121:asj_fft_si_sose_so_b_fft_121_inst|asj_fft_unbburst_sose_ctrl_fft_121:ccc                                                                                                                                                                       ;              ;
;             |auk_dspip_avalon_streaming_controller_fft_121:auk_dsp_interface_controller_1|    ; 4 (4)             ; 4 (4)        ; 0           ; 0          ; 0            ; 0       ; 0         ; 0    ; 0            ; |TransformFilter|fftfilter:u1|fft256:u0|asj_fft_si_sose_so_b_fft_121:asj_fft_si_sose_so_b_fft_121_inst|auk_dspip_avalon_streaming_controller_fft_121:auk_dsp_interface_controller_1                                                                                                                                 ;              ;
;             |auk_dspip_avalon_streaming_sink_fft_121:auk_dsp_atlantic_sink_1|                 ; 84 (63)           ; 63 (47)      ; 256         ; 0          ; 0            ; 0       ; 0         ; 0    ; 0            ; |TransformFilter|fftfilter:u1|fft256:u0|asj_fft_si_sose_so_b_fft_121:asj_fft_si_sose_so_b_fft_121_inst|auk_dspip_avalon_streaming_sink_fft_121:auk_dsp_atlantic_sink_1                                                                                                                                              ;              ;
;                |scfifo:\normal_fifo:fifo_eab_on:in_fifo|                                      ; 21 (0)            ; 16 (0)       ; 256         ; 0          ; 0            ; 0       ; 0         ; 0    ; 0            ; |TransformFilter|fftfilter:u1|fft256:u0|asj_fft_si_sose_so_b_fft_121:asj_fft_si_sose_so_b_fft_121_inst|auk_dspip_avalon_streaming_sink_fft_121:auk_dsp_atlantic_sink_1|scfifo:\normal_fifo:fifo_eab_on:in_fifo                                                                                                      ;              ;
;                   |scfifo_udh1:auto_generated|                                                ; 21 (2)            ; 16 (1)       ; 256         ; 0          ; 0            ; 0       ; 0         ; 0    ; 0            ; |TransformFilter|fftfilter:u1|fft256:u0|asj_fft_si_sose_so_b_fft_121:asj_fft_si_sose_so_b_fft_121_inst|auk_dspip_avalon_streaming_sink_fft_121:auk_dsp_atlantic_sink_1|scfifo:\normal_fifo:fifo_eab_on:in_fifo|scfifo_udh1:auto_generated                                                                           ;              ;
;                      |a_dpfifo_no81:dpfifo|                                                   ; 19 (11)           ; 15 (7)       ; 256         ; 0          ; 0            ; 0       ; 0         ; 0    ; 0            ; |TransformFilter|fftfilter:u1|fft256:u0|asj_fft_si_sose_so_b_fft_121:asj_fft_si_sose_so_b_fft_121_inst|auk_dspip_avalon_streaming_sink_fft_121:auk_dsp_atlantic_sink_1|scfifo:\normal_fifo:fifo_eab_on:in_fifo|scfifo_udh1:auto_generated|a_dpfifo_no81:dpfifo                                                      ;              ;
;                         |altsyncram_ssf1:FIFOram|                                             ; 0 (0)             ; 0 (0)        ; 256         ; 0          ; 0            ; 0       ; 0         ; 0    ; 0            ; |TransformFilter|fftfilter:u1|fft256:u0|asj_fft_si_sose_so_b_fft_121:asj_fft_si_sose_so_b_fft_121_inst|auk_dspip_avalon_streaming_sink_fft_121:auk_dsp_atlantic_sink_1|scfifo:\normal_fifo:fifo_eab_on:in_fifo|scfifo_udh1:auto_generated|a_dpfifo_no81:dpfifo|altsyncram_ssf1:FIFOram                              ;              ;
;                         |cntr_ao7:usedw_counter|                                              ; 3 (3)             ; 3 (3)        ; 0           ; 0          ; 0            ; 0       ; 0         ; 0    ; 0            ; |TransformFilter|fftfilter:u1|fft256:u0|asj_fft_si_sose_so_b_fft_121:asj_fft_si_sose_so_b_fft_121_inst|auk_dspip_avalon_streaming_sink_fft_121:auk_dsp_atlantic_sink_1|scfifo:\normal_fifo:fifo_eab_on:in_fifo|scfifo_udh1:auto_generated|a_dpfifo_no81:dpfifo|cntr_ao7:usedw_counter                               ;              ;
;                         |cntr_tnb:rd_ptr_msb|                                                 ; 2 (2)             ; 2 (2)        ; 0           ; 0          ; 0            ; 0       ; 0         ; 0    ; 0            ; |TransformFilter|fftfilter:u1|fft256:u0|asj_fft_si_sose_so_b_fft_121:asj_fft_si_sose_so_b_fft_121_inst|auk_dspip_avalon_streaming_sink_fft_121:auk_dsp_atlantic_sink_1|scfifo:\normal_fifo:fifo_eab_on:in_fifo|scfifo_udh1:auto_generated|a_dpfifo_no81:dpfifo|cntr_tnb:rd_ptr_msb                                  ;              ;
;                         |cntr_unb:wr_ptr|                                                     ; 3 (3)             ; 3 (3)        ; 0           ; 0          ; 0            ; 0       ; 0         ; 0    ; 0            ; |TransformFilter|fftfilter:u1|fft256:u0|asj_fft_si_sose_so_b_fft_121:asj_fft_si_sose_so_b_fft_121_inst|auk_dspip_avalon_streaming_sink_fft_121:auk_dsp_atlantic_sink_1|scfifo:\normal_fifo:fifo_eab_on:in_fifo|scfifo_udh1:auto_generated|a_dpfifo_no81:dpfifo|cntr_unb:wr_ptr                                      ;              ;
;             |auk_dspip_avalon_streaming_source_fft_121:auk_dsp_atlantic_source_1|             ; 22 (22)           ; 80 (80)      ; 0           ; 0          ; 0            ; 0       ; 0         ; 0    ; 0            ; |TransformFilter|fftfilter:u1|fft256:u0|asj_fft_si_sose_so_b_fft_121:asj_fft_si_sose_so_b_fft_121_inst|auk_dspip_avalon_streaming_source_fft_121:auk_dsp_atlantic_source_1                                                                                                                                          ;              ;
;       |mult12_12:u1|                                                                          ; 0 (0)             ; 0 (0)        ; 0           ; 0          ; 2            ; 0       ; 1         ; 0    ; 0            ; |TransformFilter|fftfilter:u1|mult12_12:u1                                                                                                                                                                                                                                                                          ;              ;
;          |lpm_mult:lpm_mult_component|                                                        ; 0 (0)             ; 0 (0)        ; 0           ; 0          ; 2            ; 0       ; 1         ; 0    ; 0            ; |TransformFilter|fftfilter:u1|mult12_12:u1|lpm_mult:lpm_mult_component                                                                                                                                                                                                                                              ;              ;
;             |mult_76p:auto_generated|                                                         ; 0 (0)             ; 0 (0)        ; 0           ; 0          ; 2            ; 0       ; 1         ; 0    ; 0            ; |TransformFilter|fftfilter:u1|mult12_12:u1|lpm_mult:lpm_mult_component|mult_76p:auto_generated                                                                                                                                                                                                                      ;              ;
;       |mult12_12:u2|                                                                          ; 0 (0)             ; 0 (0)        ; 0           ; 0          ; 2            ; 0       ; 1         ; 0    ; 0            ; |TransformFilter|fftfilter:u1|mult12_12:u2                                                                                                                                                                                                                                                                          ;              ;
;          |lpm_mult:lpm_mult_component|                                                        ; 0 (0)             ; 0 (0)        ; 0           ; 0          ; 2            ; 0       ; 1         ; 0    ; 0            ; |TransformFilter|fftfilter:u1|mult12_12:u2|lpm_mult:lpm_mult_component                                                                                                                                                                                                                                              ;              ;
;             |mult_76p:auto_generated|                                                         ; 0 (0)             ; 0 (0)        ; 0           ; 0          ; 2            ; 0       ; 1         ; 0    ; 0            ; |TransformFilter|fftfilter:u1|mult12_12:u2|lpm_mult:lpm_mult_component|mult_76p:auto_generated                                                                                                                                                                                                                      ;              ;
;       |mult12_12:u5|                                                                          ; 0 (0)             ; 0 (0)        ; 0           ; 0          ; 2            ; 0       ; 1         ; 0    ; 0            ; |TransformFilter|fftfilter:u1|mult12_12:u5                                                                                                                                                                                                                                                                          ;              ;
;          |lpm_mult:lpm_mult_component|                                                        ; 0 (0)             ; 0 (0)        ; 0           ; 0          ; 2            ; 0       ; 1         ; 0    ; 0            ; |TransformFilter|fftfilter:u1|mult12_12:u5|lpm_mult:lpm_mult_component                                                                                                                                                                                                                                              ;              ;
;             |mult_76p:auto_generated|                                                         ; 0 (0)             ; 0 (0)        ; 0           ; 0          ; 2            ; 0       ; 1         ; 0    ; 0            ; |TransformFilter|fftfilter:u1|mult12_12:u5|lpm_mult:lpm_mult_component|mult_76p:auto_generated                                                                                                                                                                                                                      ;              ;
;       |mult12_12:u6|                                                                          ; 0 (0)             ; 0 (0)        ; 0           ; 0          ; 2            ; 0       ; 1         ; 0    ; 0            ; |TransformFilter|fftfilter:u1|mult12_12:u6                                                                                                                                                                                                                                                                          ;              ;
;          |lpm_mult:lpm_mult_component|                                                        ; 0 (0)             ; 0 (0)        ; 0           ; 0          ; 2            ; 0       ; 1         ; 0    ; 0            ; |TransformFilter|fftfilter:u1|mult12_12:u6|lpm_mult:lpm_mult_component                                                                                                                                                                                                                                              ;              ;
;             |mult_76p:auto_generated|                                                         ; 0 (0)             ; 0 (0)        ; 0           ; 0          ; 2            ; 0       ; 1         ; 0    ; 0            ; |TransformFilter|fftfilter:u1|mult12_12:u6|lpm_mult:lpm_mult_component|mult_76p:auto_generated                                                                                                                                                                                                                      ;              ;
;       |shifter16_256:u3|                                                                      ; 12 (0)            ; 8 (0)        ; 4064        ; 0          ; 0            ; 0       ; 0         ; 0    ; 0            ; |TransformFilter|fftfilter:u1|shifter16_256:u3                                                                                                                                                                                                                                                                      ;              ;
;          |altshift_taps:ALTSHIFT_TAPS_component|                                              ; 12 (0)            ; 8 (0)        ; 4064        ; 0          ; 0            ; 0       ; 0         ; 0    ; 0            ; |TransformFilter|fftfilter:u1|shifter16_256:u3|altshift_taps:ALTSHIFT_TAPS_component                                                                                                                                                                                                                                ;              ;
;             |shift_taps_bbv:auto_generated|                                                   ; 12 (0)            ; 8 (0)        ; 4064        ; 0          ; 0            ; 0       ; 0         ; 0    ; 0            ; |TransformFilter|fftfilter:u1|shifter16_256:u3|altshift_taps:ALTSHIFT_TAPS_component|shift_taps_bbv:auto_generated                                                                                                                                                                                                  ;              ;
;                |altsyncram_rga1:altsyncram2|                                                  ; 0 (0)             ; 0 (0)        ; 4064        ; 0          ; 0            ; 0       ; 0         ; 0    ; 0            ; |TransformFilter|fftfilter:u1|shifter16_256:u3|altshift_taps:ALTSHIFT_TAPS_component|shift_taps_bbv:auto_generated|altsyncram_rga1:altsyncram2                                                                                                                                                                      ;              ;
;                |cntr_ksf:cntr1|                                                               ; 12 (10)           ; 8 (8)        ; 0           ; 0          ; 0            ; 0       ; 0         ; 0    ; 0            ; |TransformFilter|fftfilter:u1|shifter16_256:u3|altshift_taps:ALTSHIFT_TAPS_component|shift_taps_bbv:auto_generated|cntr_ksf:cntr1                                                                                                                                                                                   ;              ;
;                   |cmpr_ugc:cmpr4|                                                            ; 2 (2)             ; 0 (0)        ; 0           ; 0          ; 0            ; 0       ; 0         ; 0    ; 0            ; |TransformFilter|fftfilter:u1|shifter16_256:u3|altshift_taps:ALTSHIFT_TAPS_component|shift_taps_bbv:auto_generated|cntr_ksf:cntr1|cmpr_ugc:cmpr4                                                                                                                                                                    ;              ;
;       |shifter16_256:u4|                                                                      ; 12 (0)            ; 8 (0)        ; 4064        ; 0          ; 0            ; 0       ; 0         ; 0    ; 0            ; |TransformFilter|fftfilter:u1|shifter16_256:u4                                                                                                                                                                                                                                                                      ;              ;
;          |altshift_taps:ALTSHIFT_TAPS_component|                                              ; 12 (0)            ; 8 (0)        ; 4064        ; 0          ; 0            ; 0       ; 0         ; 0    ; 0            ; |TransformFilter|fftfilter:u1|shifter16_256:u4|altshift_taps:ALTSHIFT_TAPS_component                                                                                                                                                                                                                                ;              ;
;             |shift_taps_bbv:auto_generated|                                                   ; 12 (0)            ; 8 (0)        ; 4064        ; 0          ; 0            ; 0       ; 0         ; 0    ; 0            ; |TransformFilter|fftfilter:u1|shifter16_256:u4|altshift_taps:ALTSHIFT_TAPS_component|shift_taps_bbv:auto_generated                                                                                                                                                                                                  ;              ;
;                |altsyncram_rga1:altsyncram2|                                                  ; 0 (0)             ; 0 (0)        ; 4064        ; 0          ; 0            ; 0       ; 0         ; 0    ; 0            ; |TransformFilter|fftfilter:u1|shifter16_256:u4|altshift_taps:ALTSHIFT_TAPS_component|shift_taps_bbv:auto_generated|altsyncram_rga1:altsyncram2                                                                                                                                                                      ;              ;
;                |cntr_ksf:cntr1|                                                               ; 12 (10)           ; 8 (8)        ; 0           ; 0          ; 0            ; 0       ; 0         ; 0    ; 0            ; |TransformFilter|fftfilter:u1|shifter16_256:u4|altshift_taps:ALTSHIFT_TAPS_component|shift_taps_bbv:auto_generated|cntr_ksf:cntr1                                                                                                                                                                                   ;              ;
;                   |cmpr_ugc:cmpr4|                                                            ; 2 (2)             ; 0 (0)        ; 0           ; 0          ; 0            ; 0       ; 0         ; 0    ; 0            ; |TransformFilter|fftfilter:u1|shifter16_256:u4|altshift_taps:ALTSHIFT_TAPS_component|shift_taps_bbv:auto_generated|cntr_ksf:cntr1|cmpr_ugc:cmpr4                                                                                                                                                                    ;              ;
;    |ifftout:u2|                                                                               ; 1454 (57)         ; 1544 (37)    ; 17664       ; 0          ; 6            ; 0       ; 3         ; 0    ; 0            ; |TransformFilter|ifftout:u2                                                                                                                                                                                                                                                                                         ;              ;
;       |dram16_256:u1|                                                                         ; 0 (0)             ; 0 (0)        ; 4096        ; 0          ; 0            ; 0       ; 0         ; 0    ; 0            ; |TransformFilter|ifftout:u2|dram16_256:u1                                                                                                                                                                                                                                                                           ;              ;
;          |altsyncram:altsyncram_component|                                                    ; 0 (0)             ; 0 (0)        ; 4096        ; 0          ; 0            ; 0       ; 0         ; 0    ; 0            ; |TransformFilter|ifftout:u2|dram16_256:u1|altsyncram:altsyncram_component                                                                                                                                                                                                                                           ;              ;
;             |altsyncram_09k1:auto_generated|                                                  ; 0 (0)             ; 0 (0)        ; 4096        ; 0          ; 0            ; 0       ; 0         ; 0    ; 0            ; |TransformFilter|ifftout:u2|dram16_256:u1|altsyncram:altsyncram_component|altsyncram_09k1:auto_generated                                                                                                                                                                                                            ;              ;
;       |dram16_256:u2|                                                                         ; 0 (0)             ; 0 (0)        ; 4096        ; 0          ; 0            ; 0       ; 0         ; 0    ; 0            ; |TransformFilter|ifftout:u2|dram16_256:u2                                                                                                                                                                                                                                                                           ;              ;
;          |altsyncram:altsyncram_component|                                                    ; 0 (0)             ; 0 (0)        ; 4096        ; 0          ; 0            ; 0       ; 0         ; 0    ; 0            ; |TransformFilter|ifftout:u2|dram16_256:u2|altsyncram:altsyncram_component                                                                                                                                                                                                                                           ;              ;
;             |altsyncram_09k1:auto_generated|                                                  ; 0 (0)             ; 0 (0)        ; 4096        ; 0          ; 0            ; 0       ; 0         ; 0    ; 0            ; |TransformFilter|ifftout:u2|dram16_256:u2|altsyncram:altsyncram_component|altsyncram_09k1:auto_generated                                                                                                                                                                                                            ;              ;
;       |fft256:u0|                                                                             ; 1397 (0)          ; 1507 (0)     ; 9472        ; 0          ; 6            ; 0       ; 3         ; 0    ; 0            ; |TransformFilter|ifftout:u2|fft256:u0                                                                                                                                                                                                                                                                               ;              ;
;          |asj_fft_si_sose_so_b_fft_121:asj_fft_si_sose_so_b_fft_121_inst|                     ; 1397 (353)        ; 1507 (275)   ; 9472        ; 0          ; 6            ; 0       ; 3         ; 0    ; 0            ; |TransformFilter|ifftout:u2|fft256:u0|asj_fft_si_sose_so_b_fft_121:asj_fft_si_sose_so_b_fft_121_inst                                                                                                                                                                                                                ;              ;
;             |asj_fft_1dp_ram_fft_121:\gen_1_ram:gen_M4K:dat_A|                                ; 0 (0)             ; 0 (0)        ; 8192        ; 0          ; 0            ; 0       ; 0         ; 0    ; 0            ; |TransformFilter|ifftout:u2|fft256:u0|asj_fft_si_sose_so_b_fft_121:asj_fft_si_sose_so_b_fft_121_inst|asj_fft_1dp_ram_fft_121:\gen_1_ram:gen_M4K:dat_A                                                                                                                                                               ;              ;
;                |asj_fft_data_ram_fft_121:dat_A|                                               ; 0 (0)             ; 0 (0)        ; 8192        ; 0          ; 0            ; 0       ; 0         ; 0    ; 0            ; |TransformFilter|ifftout:u2|fft256:u0|asj_fft_si_sose_so_b_fft_121:asj_fft_si_sose_so_b_fft_121_inst|asj_fft_1dp_ram_fft_121:\gen_1_ram:gen_M4K:dat_A|asj_fft_data_ram_fft_121:dat_A                                                                                                                                ;              ;
;                   |altsyncram:\gen_M4K:altsyncram_component|                                  ; 0 (0)             ; 0 (0)        ; 8192        ; 0          ; 0            ; 0       ; 0         ; 0    ; 0            ; |TransformFilter|ifftout:u2|fft256:u0|asj_fft_si_sose_so_b_fft_121:asj_fft_si_sose_so_b_fft_121_inst|asj_fft_1dp_ram_fft_121:\gen_1_ram:gen_M4K:dat_A|asj_fft_data_ram_fft_121:dat_A|altsyncram:\gen_M4K:altsyncram_component                                                                                       ;              ;
;                      |altsyncram_21t3:auto_generated|                                         ; 0 (0)             ; 0 (0)        ; 8192        ; 0          ; 0            ; 0       ; 0         ; 0    ; 0            ; |TransformFilter|ifftout:u2|fft256:u0|asj_fft_si_sose_so_b_fft_121:asj_fft_si_sose_so_b_fft_121_inst|asj_fft_1dp_ram_fft_121:\gen_1_ram:gen_M4K:dat_A|asj_fft_data_ram_fft_121:dat_A|altsyncram:\gen_M4K:altsyncram_component|altsyncram_21t3:auto_generated                                                        ;              ;
;             |asj_fft_1tdp_rom_fft_121:\gen_se:gen_new:twrom|                                  ; 0 (0)             ; 0 (0)        ; 1024        ; 0          ; 0            ; 0       ; 0         ; 0    ; 0            ; |TransformFilter|ifftout:u2|fft256:u0|asj_fft_si_sose_so_b_fft_121:asj_fft_si_sose_so_b_fft_121_inst|asj_fft_1tdp_rom_fft_121:\gen_se:gen_new:twrom                                                                                                                                                                 ;              ;
;                |asj_fft_twid_rom_tdp_fft_121:\gen_auto:sin_1n|                                ; 0 (0)             ; 0 (0)        ; 1024        ; 0          ; 0            ; 0       ; 0         ; 0    ; 0            ; |TransformFilter|ifftout:u2|fft256:u0|asj_fft_si_sose_so_b_fft_121:asj_fft_si_sose_so_b_fft_121_inst|asj_fft_1tdp_rom_fft_121:\gen_se:gen_new:twrom|asj_fft_twid_rom_tdp_fft_121:\gen_auto:sin_1n                                                                                                                   ;              ;
;                   |altsyncram:altsyncram_component|                                           ; 0 (0)             ; 0 (0)        ; 1024        ; 0          ; 0            ; 0       ; 0         ; 0    ; 0            ; |TransformFilter|ifftout:u2|fft256:u0|asj_fft_si_sose_so_b_fft_121:asj_fft_si_sose_so_b_fft_121_inst|asj_fft_1tdp_rom_fft_121:\gen_se:gen_new:twrom|asj_fft_twid_rom_tdp_fft_121:\gen_auto:sin_1n|altsyncram:altsyncram_component                                                                                   ;              ;
;                      |altsyncram_he72:auto_generated|                                         ; 0 (0)             ; 0 (0)        ; 1024        ; 0          ; 0            ; 0       ; 0         ; 0    ; 0            ; |TransformFilter|ifftout:u2|fft256:u0|asj_fft_si_sose_so_b_fft_121:asj_fft_si_sose_so_b_fft_121_inst|asj_fft_1tdp_rom_fft_121:\gen_se:gen_new:twrom|asj_fft_twid_rom_tdp_fft_121:\gen_auto:sin_1n|altsyncram:altsyncram_component|altsyncram_he72:auto_generated                                                    ;              ;
;             |asj_fft_bfp_ctrl_fft_121:\gen_se:bfpc|                                           ; 19 (6)            ; 17 (3)       ; 0           ; 0          ; 0            ; 0       ; 0         ; 0    ; 0            ; |TransformFilter|ifftout:u2|fft256:u0|asj_fft_si_sose_so_b_fft_121:asj_fft_si_sose_so_b_fft_121_inst|asj_fft_bfp_ctrl_fft_121:\gen_se:bfpc                                                                                                                                                                          ;              ;
;                |asj_fft_tdl_bit_fft_121:\gen_so_crtl:gen_se_so:delay_next_pass_2|             ; 0 (0)             ; 1 (1)        ; 0           ; 0          ; 0            ; 0       ; 0         ; 0    ; 0            ; |TransformFilter|ifftout:u2|fft256:u0|asj_fft_si_sose_so_b_fft_121:asj_fft_si_sose_so_b_fft_121_inst|asj_fft_bfp_ctrl_fft_121:\gen_se:bfpc|asj_fft_tdl_bit_fft_121:\gen_so_crtl:gen_se_so:delay_next_pass_2                                                                                                         ;              ;
;                |asj_fft_tdl_bit_rst_fft_121:\gen_so_crtl:gen_se_so:delay_next_pass|           ; 13 (13)           ; 13 (13)      ; 0           ; 0          ; 0            ; 0       ; 0         ; 0    ; 0            ; |TransformFilter|ifftout:u2|fft256:u0|asj_fft_si_sose_so_b_fft_121:asj_fft_si_sose_so_b_fft_121_inst|asj_fft_bfp_ctrl_fft_121:\gen_se:bfpc|asj_fft_tdl_bit_rst_fft_121:\gen_so_crtl:gen_se_so:delay_next_pass                                                                                                       ;              ;
;             |asj_fft_dataadgen_fft_121:\gen_wraddr_se:wr_adgen|                               ; 22 (22)           ; 8 (8)        ; 0           ; 0          ; 0            ; 0       ; 0         ; 0    ; 0            ; |TransformFilter|ifftout:u2|fft256:u0|asj_fft_si_sose_so_b_fft_121:asj_fft_si_sose_so_b_fft_121_inst|asj_fft_dataadgen_fft_121:\gen_wraddr_se:wr_adgen                                                                                                                                                              ;              ;
;             |asj_fft_dataadgen_fft_121:rd_adgen|                                              ; 22 (22)           ; 8 (8)        ; 0           ; 0          ; 0            ; 0       ; 0         ; 0    ; 0            ; |TransformFilter|ifftout:u2|fft256:u0|asj_fft_si_sose_so_b_fft_121:asj_fft_si_sose_so_b_fft_121_inst|asj_fft_dataadgen_fft_121:rd_adgen                                                                                                                                                                             ;              ;
;             |asj_fft_dft_bfp_sgl_fft_121:\gen_se:bfpdft|                                      ; 666 (332)         ; 850 (383)    ; 0           ; 0          ; 6            ; 0       ; 3         ; 0    ; 0            ; |TransformFilter|ifftout:u2|fft256:u0|asj_fft_si_sose_so_b_fft_121:asj_fft_si_sose_so_b_fft_121_inst|asj_fft_dft_bfp_sgl_fft_121:\gen_se:bfpdft                                                                                                                                                                     ;              ;
;                |asj_fft_bfp_i_fft_121:bfp_scale|                                              ; 66 (66)           ; 32 (32)      ; 0           ; 0          ; 0            ; 0       ; 0         ; 0    ; 0            ; |TransformFilter|ifftout:u2|fft256:u0|asj_fft_si_sose_so_b_fft_121:asj_fft_si_sose_so_b_fft_121_inst|asj_fft_dft_bfp_sgl_fft_121:\gen_se:bfpdft|asj_fft_bfp_i_fft_121:bfp_scale                                                                                                                                     ;              ;
;                |asj_fft_bfp_o_fft_121:bfp_detect|                                             ; 34 (34)           ; 33 (22)      ; 0           ; 0          ; 0            ; 0       ; 0         ; 0    ; 0            ; |TransformFilter|ifftout:u2|fft256:u0|asj_fft_si_sose_so_b_fft_121:asj_fft_si_sose_so_b_fft_121_inst|asj_fft_dft_bfp_sgl_fft_121:\gen_se:bfpdft|asj_fft_bfp_o_fft_121:bfp_detect                                                                                                                                    ;              ;
;                   |asj_fft_tdl_bit_fft_121:\gen_blk_float:gen_1_input_bfp_o:delay_next_pass3| ; 0 (0)             ; 3 (3)        ; 0           ; 0          ; 0            ; 0       ; 0         ; 0    ; 0            ; |TransformFilter|ifftout:u2|fft256:u0|asj_fft_si_sose_so_b_fft_121:asj_fft_si_sose_so_b_fft_121_inst|asj_fft_dft_bfp_sgl_fft_121:\gen_se:bfpdft|asj_fft_bfp_o_fft_121:bfp_detect|asj_fft_tdl_bit_fft_121:\gen_blk_float:gen_1_input_bfp_o:delay_next_pass3                                                          ;              ;
;                   |asj_fft_tdl_bit_fft_121:\gen_blk_float:gen_1_input_bfp_o:delay_next_pass|  ; 0 (0)             ; 8 (8)        ; 0           ; 0          ; 0            ; 0       ; 0         ; 0    ; 0            ; |TransformFilter|ifftout:u2|fft256:u0|asj_fft_si_sose_so_b_fft_121:asj_fft_si_sose_so_b_fft_121_inst|asj_fft_dft_bfp_sgl_fft_121:\gen_se:bfpdft|asj_fft_bfp_o_fft_121:bfp_detect|asj_fft_tdl_bit_fft_121:\gen_blk_float:gen_1_input_bfp_o:delay_next_pass                                                           ;              ;
;                |asj_fft_cmult_can_fft_121:\gen_da0:gen_canonic:cm1|                           ; 196 (130)         ; 370 (242)    ; 0           ; 0          ; 6            ; 0       ; 3         ; 0    ; 0            ; |TransformFilter|ifftout:u2|fft256:u0|asj_fft_si_sose_so_b_fft_121:asj_fft_si_sose_so_b_fft_121_inst|asj_fft_dft_bfp_sgl_fft_121:\gen_se:bfpdft|asj_fft_cmult_can_fft_121:\gen_da0:gen_canonic:cm1                                                                                                                  ;              ;
;                   |asj_fft_pround_fft_121:\gen_unsc:u0|                                       ; 33 (0)            ; 16 (0)       ; 0           ; 0          ; 0            ; 0       ; 0         ; 0    ; 0            ; |TransformFilter|ifftout:u2|fft256:u0|asj_fft_si_sose_so_b_fft_121:asj_fft_si_sose_so_b_fft_121_inst|asj_fft_dft_bfp_sgl_fft_121:\gen_se:bfpdft|asj_fft_cmult_can_fft_121:\gen_da0:gen_canonic:cm1|asj_fft_pround_fft_121:\gen_unsc:u0                                                                              ;              ;
;                      |lpm_add_sub:\gbrnd:nev:gp:lpm_add_sub_component|                        ; 33 (0)            ; 16 (0)       ; 0           ; 0          ; 0            ; 0       ; 0         ; 0    ; 0            ; |TransformFilter|ifftout:u2|fft256:u0|asj_fft_si_sose_so_b_fft_121:asj_fft_si_sose_so_b_fft_121_inst|asj_fft_dft_bfp_sgl_fft_121:\gen_se:bfpdft|asj_fft_cmult_can_fft_121:\gen_da0:gen_canonic:cm1|asj_fft_pround_fft_121:\gen_unsc:u0|lpm_add_sub:\gbrnd:nev:gp:lpm_add_sub_component                              ;              ;
;                         |add_sub_knj:auto_generated|                                          ; 33 (33)           ; 16 (16)      ; 0           ; 0          ; 0            ; 0       ; 0         ; 0    ; 0            ; |TransformFilter|ifftout:u2|fft256:u0|asj_fft_si_sose_so_b_fft_121:asj_fft_si_sose_so_b_fft_121_inst|asj_fft_dft_bfp_sgl_fft_121:\gen_se:bfpdft|asj_fft_cmult_can_fft_121:\gen_da0:gen_canonic:cm1|asj_fft_pround_fft_121:\gen_unsc:u0|lpm_add_sub:\gbrnd:nev:gp:lpm_add_sub_component|add_sub_knj:auto_generated   ;              ;
;                   |asj_fft_pround_fft_121:\gen_unsc:u1|                                       ; 33 (0)            ; 16 (0)       ; 0           ; 0          ; 0            ; 0       ; 0         ; 0    ; 0            ; |TransformFilter|ifftout:u2|fft256:u0|asj_fft_si_sose_so_b_fft_121:asj_fft_si_sose_so_b_fft_121_inst|asj_fft_dft_bfp_sgl_fft_121:\gen_se:bfpdft|asj_fft_cmult_can_fft_121:\gen_da0:gen_canonic:cm1|asj_fft_pround_fft_121:\gen_unsc:u1                                                                              ;              ;
;                      |lpm_add_sub:\gbrnd:nev:gp:lpm_add_sub_component|                        ; 33 (0)            ; 16 (0)       ; 0           ; 0          ; 0            ; 0       ; 0         ; 0    ; 0            ; |TransformFilter|ifftout:u2|fft256:u0|asj_fft_si_sose_so_b_fft_121:asj_fft_si_sose_so_b_fft_121_inst|asj_fft_dft_bfp_sgl_fft_121:\gen_se:bfpdft|asj_fft_cmult_can_fft_121:\gen_da0:gen_canonic:cm1|asj_fft_pround_fft_121:\gen_unsc:u1|lpm_add_sub:\gbrnd:nev:gp:lpm_add_sub_component                              ;              ;
;                         |add_sub_knj:auto_generated|                                          ; 33 (33)           ; 16 (16)      ; 0           ; 0          ; 0            ; 0       ; 0         ; 0    ; 0            ; |TransformFilter|ifftout:u2|fft256:u0|asj_fft_si_sose_so_b_fft_121:asj_fft_si_sose_so_b_fft_121_inst|asj_fft_dft_bfp_sgl_fft_121:\gen_se:bfpdft|asj_fft_cmult_can_fft_121:\gen_da0:gen_canonic:cm1|asj_fft_pround_fft_121:\gen_unsc:u1|lpm_add_sub:\gbrnd:nev:gp:lpm_add_sub_component|add_sub_knj:auto_generated   ;              ;
;                   |lpm_mult:\gen_ded_m1:gen_unext_m_a_b_c_d:m_a_b_c_d|                        ; 0 (0)             ; 32 (0)       ; 0           ; 0          ; 2            ; 0       ; 1         ; 0    ; 0            ; |TransformFilter|ifftout:u2|fft256:u0|asj_fft_si_sose_so_b_fft_121:asj_fft_si_sose_so_b_fft_121_inst|asj_fft_dft_bfp_sgl_fft_121:\gen_se:bfpdft|asj_fft_cmult_can_fft_121:\gen_da0:gen_canonic:cm1|lpm_mult:\gen_ded_m1:gen_unext_m_a_b_c_d:m_a_b_c_d                                                               ;              ;
;                      |mult_9t01:auto_generated|                                               ; 0 (0)             ; 32 (32)      ; 0           ; 0          ; 2            ; 0       ; 1         ; 0    ; 0            ; |TransformFilter|ifftout:u2|fft256:u0|asj_fft_si_sose_so_b_fft_121:asj_fft_si_sose_so_b_fft_121_inst|asj_fft_dft_bfp_sgl_fft_121:\gen_se:bfpdft|asj_fft_cmult_can_fft_121:\gen_da0:gen_canonic:cm1|lpm_mult:\gen_ded_m1:gen_unext_m_a_b_c_d:m_a_b_c_d|mult_9t01:auto_generated                                      ;              ;
;                   |lpm_mult:\gen_ded_m1:gen_unext_m_ac:m_ac|                                  ; 0 (0)             ; 32 (0)       ; 0           ; 0          ; 2            ; 0       ; 1         ; 0    ; 0            ; |TransformFilter|ifftout:u2|fft256:u0|asj_fft_si_sose_so_b_fft_121:asj_fft_si_sose_so_b_fft_121_inst|asj_fft_dft_bfp_sgl_fft_121:\gen_se:bfpdft|asj_fft_cmult_can_fft_121:\gen_da0:gen_canonic:cm1|lpm_mult:\gen_ded_m1:gen_unext_m_ac:m_ac                                                                         ;              ;
;                      |mult_5t01:auto_generated|                                               ; 0 (0)             ; 32 (32)      ; 0           ; 0          ; 2            ; 0       ; 1         ; 0    ; 0            ; |TransformFilter|ifftout:u2|fft256:u0|asj_fft_si_sose_so_b_fft_121:asj_fft_si_sose_so_b_fft_121_inst|asj_fft_dft_bfp_sgl_fft_121:\gen_se:bfpdft|asj_fft_cmult_can_fft_121:\gen_da0:gen_canonic:cm1|lpm_mult:\gen_ded_m1:gen_unext_m_ac:m_ac|mult_5t01:auto_generated                                                ;              ;
;                   |lpm_mult:\gen_ded_m1:gen_unext_m_bd:m_bd|                                  ; 0 (0)             ; 32 (0)       ; 0           ; 0          ; 2            ; 0       ; 1         ; 0    ; 0            ; |TransformFilter|ifftout:u2|fft256:u0|asj_fft_si_sose_so_b_fft_121:asj_fft_si_sose_so_b_fft_121_inst|asj_fft_dft_bfp_sgl_fft_121:\gen_se:bfpdft|asj_fft_cmult_can_fft_121:\gen_da0:gen_canonic:cm1|lpm_mult:\gen_ded_m1:gen_unext_m_bd:m_bd                                                                         ;              ;
;                      |mult_5t01:auto_generated|                                               ; 0 (0)             ; 32 (32)      ; 0           ; 0          ; 2            ; 0       ; 1         ; 0    ; 0            ; |TransformFilter|ifftout:u2|fft256:u0|asj_fft_si_sose_so_b_fft_121:asj_fft_si_sose_so_b_fft_121_inst|asj_fft_dft_bfp_sgl_fft_121:\gen_se:bfpdft|asj_fft_cmult_can_fft_121:\gen_da0:gen_canonic:cm1|lpm_mult:\gen_ded_m1:gen_unext_m_bd:m_bd|mult_5t01:auto_generated                                                ;              ;
;                |asj_fft_pround_fft_121:\gen_full_rnd:u0|                                      ; 19 (0)            ; 16 (0)       ; 0           ; 0          ; 0            ; 0       ; 0         ; 0    ; 0            ; |TransformFilter|ifftout:u2|fft256:u0|asj_fft_si_sose_so_b_fft_121:asj_fft_si_sose_so_b_fft_121_inst|asj_fft_dft_bfp_sgl_fft_121:\gen_se:bfpdft|asj_fft_pround_fft_121:\gen_full_rnd:u0                                                                                                                             ;              ;
;                   |lpm_add_sub:\gbrnd:nev:gp:lpm_add_sub_component|                           ; 19 (0)            ; 16 (0)       ; 0           ; 0          ; 0            ; 0       ; 0         ; 0    ; 0            ; |TransformFilter|ifftout:u2|fft256:u0|asj_fft_si_sose_so_b_fft_121:asj_fft_si_sose_so_b_fft_121_inst|asj_fft_dft_bfp_sgl_fft_121:\gen_se:bfpdft|asj_fft_pround_fft_121:\gen_full_rnd:u0|lpm_add_sub:\gbrnd:nev:gp:lpm_add_sub_component                                                                             ;              ;
;                      |add_sub_onj:auto_generated|                                             ; 19 (19)           ; 16 (16)      ; 0           ; 0          ; 0            ; 0       ; 0         ; 0    ; 0            ; |TransformFilter|ifftout:u2|fft256:u0|asj_fft_si_sose_so_b_fft_121:asj_fft_si_sose_so_b_fft_121_inst|asj_fft_dft_bfp_sgl_fft_121:\gen_se:bfpdft|asj_fft_pround_fft_121:\gen_full_rnd:u0|lpm_add_sub:\gbrnd:nev:gp:lpm_add_sub_component|add_sub_onj:auto_generated                                                  ;              ;
;                |asj_fft_pround_fft_121:\gen_full_rnd:u1|                                      ; 19 (0)            ; 16 (0)       ; 0           ; 0          ; 0            ; 0       ; 0         ; 0    ; 0            ; |TransformFilter|ifftout:u2|fft256:u0|asj_fft_si_sose_so_b_fft_121:asj_fft_si_sose_so_b_fft_121_inst|asj_fft_dft_bfp_sgl_fft_121:\gen_se:bfpdft|asj_fft_pround_fft_121:\gen_full_rnd:u1                                                                                                                             ;              ;
;                   |lpm_add_sub:\gbrnd:nev:gp:lpm_add_sub_component|                           ; 19 (0)            ; 16 (0)       ; 0           ; 0          ; 0            ; 0       ; 0         ; 0    ; 0            ; |TransformFilter|ifftout:u2|fft256:u0|asj_fft_si_sose_so_b_fft_121:asj_fft_si_sose_so_b_fft_121_inst|asj_fft_dft_bfp_sgl_fft_121:\gen_se:bfpdft|asj_fft_pround_fft_121:\gen_full_rnd:u1|lpm_add_sub:\gbrnd:nev:gp:lpm_add_sub_component                                                                             ;              ;
;                      |add_sub_onj:auto_generated|                                             ; 19 (19)           ; 16 (16)      ; 0           ; 0          ; 0            ; 0       ; 0         ; 0    ; 0            ; |TransformFilter|ifftout:u2|fft256:u0|asj_fft_si_sose_so_b_fft_121:asj_fft_si_sose_so_b_fft_121_inst|asj_fft_dft_bfp_sgl_fft_121:\gen_se:bfpdft|asj_fft_pround_fft_121:\gen_full_rnd:u1|lpm_add_sub:\gbrnd:nev:gp:lpm_add_sub_component|add_sub_onj:auto_generated                                                  ;              ;
;             |asj_fft_in_write_sgl_fft_121:writer|                                             ; 63 (63)           ; 60 (60)      ; 0           ; 0          ; 0            ; 0       ; 0         ; 0    ; 0            ; |TransformFilter|ifftout:u2|fft256:u0|asj_fft_si_sose_so_b_fft_121:asj_fft_si_sose_so_b_fft_121_inst|asj_fft_in_write_sgl_fft_121:writer                                                                                                                                                                            ;              ;
;             |asj_fft_m_k_counter_fft_121:ctrl|                                                ; 36 (36)           ; 32 (32)      ; 0           ; 0          ; 0            ; 0       ; 0         ; 0    ; 0            ; |TransformFilter|ifftout:u2|fft256:u0|asj_fft_si_sose_so_b_fft_121:asj_fft_si_sose_so_b_fft_121_inst|asj_fft_m_k_counter_fft_121:ctrl                                                                                                                                                                               ;              ;
;             |asj_fft_tdl_bit_fft_121:\no_del_input_blk:delay_next_block|                      ; 0 (0)             ; 1 (1)        ; 0           ; 0          ; 0            ; 0       ; 0         ; 0    ; 0            ; |TransformFilter|ifftout:u2|fft256:u0|asj_fft_si_sose_so_b_fft_121:asj_fft_si_sose_so_b_fft_121_inst|asj_fft_tdl_bit_fft_121:\no_del_input_blk:delay_next_block                                                                                                                                                     ;              ;
;             |asj_fft_tdl_bit_rst_fft_121:delay_swd|                                           ; 9 (9)             ; 10 (10)      ; 0           ; 0          ; 0            ; 0       ; 0         ; 0    ; 0            ; |TransformFilter|ifftout:u2|fft256:u0|asj_fft_si_sose_so_b_fft_121:asj_fft_si_sose_so_b_fft_121_inst|asj_fft_tdl_bit_rst_fft_121:delay_swd                                                                                                                                                                          ;              ;
;             |asj_fft_twadsogen_q_fft_121:\gen_se:gen_new:twid_factors|                        ; 55 (55)           ; 34 (34)      ; 0           ; 0          ; 0            ; 0       ; 0         ; 0    ; 0            ; |TransformFilter|ifftout:u2|fft256:u0|asj_fft_si_sose_so_b_fft_121:asj_fft_si_sose_so_b_fft_121_inst|asj_fft_twadsogen_q_fft_121:\gen_se:gen_new:twid_factors                                                                                                                                                       ;              ;
;             |asj_fft_unbburst_sose_ctrl_fft_121:ccc|                                          ; 40 (40)           ; 80 (80)      ; 0           ; 0          ; 0            ; 0       ; 0         ; 0    ; 0            ; |TransformFilter|ifftout:u2|fft256:u0|asj_fft_si_sose_so_b_fft_121:asj_fft_si_sose_so_b_fft_121_inst|asj_fft_unbburst_sose_ctrl_fft_121:ccc                                                                                                                                                                         ;              ;
;             |auk_dspip_avalon_streaming_controller_fft_121:auk_dsp_interface_controller_1|    ; 4 (4)             ; 5 (5)        ; 0           ; 0          ; 0            ; 0       ; 0         ; 0    ; 0            ; |TransformFilter|ifftout:u2|fft256:u0|asj_fft_si_sose_so_b_fft_121:asj_fft_si_sose_so_b_fft_121_inst|auk_dspip_avalon_streaming_controller_fft_121:auk_dsp_interface_controller_1                                                                                                                                   ;              ;
;             |auk_dspip_avalon_streaming_sink_fft_121:auk_dsp_atlantic_sink_1|                 ; 85 (63)           ; 79 (63)      ; 256         ; 0          ; 0            ; 0       ; 0         ; 0    ; 0            ; |TransformFilter|ifftout:u2|fft256:u0|asj_fft_si_sose_so_b_fft_121:asj_fft_si_sose_so_b_fft_121_inst|auk_dspip_avalon_streaming_sink_fft_121:auk_dsp_atlantic_sink_1                                                                                                                                                ;              ;
;                |scfifo:\normal_fifo:fifo_eab_on:in_fifo|                                      ; 22 (0)            ; 16 (0)       ; 256         ; 0          ; 0            ; 0       ; 0         ; 0    ; 0            ; |TransformFilter|ifftout:u2|fft256:u0|asj_fft_si_sose_so_b_fft_121:asj_fft_si_sose_so_b_fft_121_inst|auk_dspip_avalon_streaming_sink_fft_121:auk_dsp_atlantic_sink_1|scfifo:\normal_fifo:fifo_eab_on:in_fifo                                                                                                        ;              ;
;                   |scfifo_udh1:auto_generated|                                                ; 22 (2)            ; 16 (1)       ; 256         ; 0          ; 0            ; 0       ; 0         ; 0    ; 0            ; |TransformFilter|ifftout:u2|fft256:u0|asj_fft_si_sose_so_b_fft_121:asj_fft_si_sose_so_b_fft_121_inst|auk_dspip_avalon_streaming_sink_fft_121:auk_dsp_atlantic_sink_1|scfifo:\normal_fifo:fifo_eab_on:in_fifo|scfifo_udh1:auto_generated                                                                             ;              ;
;                      |a_dpfifo_no81:dpfifo|                                                   ; 20 (12)           ; 15 (7)       ; 256         ; 0          ; 0            ; 0       ; 0         ; 0    ; 0            ; |TransformFilter|ifftout:u2|fft256:u0|asj_fft_si_sose_so_b_fft_121:asj_fft_si_sose_so_b_fft_121_inst|auk_dspip_avalon_streaming_sink_fft_121:auk_dsp_atlantic_sink_1|scfifo:\normal_fifo:fifo_eab_on:in_fifo|scfifo_udh1:auto_generated|a_dpfifo_no81:dpfifo                                                        ;              ;
;                         |altsyncram_ssf1:FIFOram|                                             ; 0 (0)             ; 0 (0)        ; 256         ; 0          ; 0            ; 0       ; 0         ; 0    ; 0            ; |TransformFilter|ifftout:u2|fft256:u0|asj_fft_si_sose_so_b_fft_121:asj_fft_si_sose_so_b_fft_121_inst|auk_dspip_avalon_streaming_sink_fft_121:auk_dsp_atlantic_sink_1|scfifo:\normal_fifo:fifo_eab_on:in_fifo|scfifo_udh1:auto_generated|a_dpfifo_no81:dpfifo|altsyncram_ssf1:FIFOram                                ;              ;
;                         |cntr_ao7:usedw_counter|                                              ; 3 (3)             ; 3 (3)        ; 0           ; 0          ; 0            ; 0       ; 0         ; 0    ; 0            ; |TransformFilter|ifftout:u2|fft256:u0|asj_fft_si_sose_so_b_fft_121:asj_fft_si_sose_so_b_fft_121_inst|auk_dspip_avalon_streaming_sink_fft_121:auk_dsp_atlantic_sink_1|scfifo:\normal_fifo:fifo_eab_on:in_fifo|scfifo_udh1:auto_generated|a_dpfifo_no81:dpfifo|cntr_ao7:usedw_counter                                 ;              ;
;                         |cntr_tnb:rd_ptr_msb|                                                 ; 2 (2)             ; 2 (2)        ; 0           ; 0          ; 0            ; 0       ; 0         ; 0    ; 0            ; |TransformFilter|ifftout:u2|fft256:u0|asj_fft_si_sose_so_b_fft_121:asj_fft_si_sose_so_b_fft_121_inst|auk_dspip_avalon_streaming_sink_fft_121:auk_dsp_atlantic_sink_1|scfifo:\normal_fifo:fifo_eab_on:in_fifo|scfifo_udh1:auto_generated|a_dpfifo_no81:dpfifo|cntr_tnb:rd_ptr_msb                                    ;              ;
;                         |cntr_unb:wr_ptr|                                                     ; 3 (3)             ; 3 (3)        ; 0           ; 0          ; 0            ; 0       ; 0         ; 0    ; 0            ; |TransformFilter|ifftout:u2|fft256:u0|asj_fft_si_sose_so_b_fft_121:asj_fft_si_sose_so_b_fft_121_inst|auk_dspip_avalon_streaming_sink_fft_121:auk_dsp_atlantic_sink_1|scfifo:\normal_fifo:fifo_eab_on:in_fifo|scfifo_udh1:auto_generated|a_dpfifo_no81:dpfifo|cntr_unb:wr_ptr                                        ;              ;
;             |auk_dspip_avalon_streaming_source_fft_121:auk_dsp_atlantic_source_1|             ; 23 (23)           ; 48 (48)      ; 0           ; 0          ; 0            ; 0       ; 0         ; 0    ; 0            ; |TransformFilter|ifftout:u2|fft256:u0|asj_fft_si_sose_so_b_fft_121:asj_fft_si_sose_so_b_fft_121_inst|auk_dspip_avalon_streaming_source_fft_121:auk_dsp_atlantic_source_1                                                                                                                                            ;              ;
;    |window:u0|                                                                                ; 72 (49)           ; 78 (63)      ; 45288       ; 0          ; 4            ; 0       ; 2         ; 0    ; 0            ; |TransformFilter|window:u0                                                                                                                                                                                                                                                                                          ;              ;
;       |dram16_256:u4|                                                                         ; 0 (0)             ; 0 (0)        ; 4096        ; 0          ; 0            ; 0       ; 0         ; 0    ; 0            ; |TransformFilter|window:u0|dram16_256:u4                                                                                                                                                                                                                                                                            ;              ;
;          |altsyncram:altsyncram_component|                                                    ; 0 (0)             ; 0 (0)        ; 4096        ; 0          ; 0            ; 0       ; 0         ; 0    ; 0            ; |TransformFilter|window:u0|dram16_256:u4|altsyncram:altsyncram_component                                                                                                                                                                                                                                            ;              ;
;             |altsyncram_09k1:auto_generated|                                                  ; 0 (0)             ; 0 (0)        ; 4096        ; 0          ; 0            ; 0       ; 0         ; 0    ; 0            ; |TransformFilter|window:u0|dram16_256:u4|altsyncram:altsyncram_component|altsyncram_09k1:auto_generated                                                                                                                                                                                                             ;              ;
;       |dram16_256:u5|                                                                         ; 0 (0)             ; 0 (0)        ; 4096        ; 0          ; 0            ; 0       ; 0         ; 0    ; 0            ; |TransformFilter|window:u0|dram16_256:u5                                                                                                                                                                                                                                                                            ;              ;
;          |altsyncram:altsyncram_component|                                                    ; 0 (0)             ; 0 (0)        ; 4096        ; 0          ; 0            ; 0       ; 0         ; 0    ; 0            ; |TransformFilter|window:u0|dram16_256:u5|altsyncram:altsyncram_component                                                                                                                                                                                                                                            ;              ;
;             |altsyncram_09k1:auto_generated|                                                  ; 0 (0)             ; 0 (0)        ; 4096        ; 0          ; 0            ; 0       ; 0         ; 0    ; 0            ; |TransformFilter|window:u0|dram16_256:u5|altsyncram:altsyncram_component|altsyncram_09k1:auto_generated                                                                                                                                                                                                             ;              ;
;       |mult12_12:u2|                                                                          ; 0 (0)             ; 0 (0)        ; 0           ; 0          ; 2            ; 0       ; 1         ; 0    ; 0            ; |TransformFilter|window:u0|mult12_12:u2                                                                                                                                                                                                                                                                             ;              ;
;          |lpm_mult:lpm_mult_component|                                                        ; 0 (0)             ; 0 (0)        ; 0           ; 0          ; 2            ; 0       ; 1         ; 0    ; 0            ; |TransformFilter|window:u0|mult12_12:u2|lpm_mult:lpm_mult_component                                                                                                                                                                                                                                                 ;              ;
;             |mult_76p:auto_generated|                                                         ; 0 (0)             ; 0 (0)        ; 0           ; 0          ; 2            ; 0       ; 1         ; 0    ; 0            ; |TransformFilter|window:u0|mult12_12:u2|lpm_mult:lpm_mult_component|mult_76p:auto_generated                                                                                                                                                                                                                         ;              ;
;       |mult12_12:u3|                                                                          ; 0 (0)             ; 0 (0)        ; 0           ; 0          ; 2            ; 0       ; 1         ; 0    ; 0            ; |TransformFilter|window:u0|mult12_12:u3                                                                                                                                                                                                                                                                             ;              ;
;          |lpm_mult:lpm_mult_component|                                                        ; 0 (0)             ; 0 (0)        ; 0           ; 0          ; 2            ; 0       ; 1         ; 0    ; 0            ; |TransformFilter|window:u0|mult12_12:u3|lpm_mult:lpm_mult_component                                                                                                                                                                                                                                                 ;              ;
;             |mult_76p:auto_generated|                                                         ; 0 (0)             ; 0 (0)        ; 0           ; 0          ; 2            ; 0       ; 1         ; 0    ; 0            ; |TransformFilter|window:u0|mult12_12:u3|lpm_mult:lpm_mult_component|mult_76p:auto_generated                                                                                                                                                                                                                         ;              ;
;       |rom12_256:u1|                                                                          ; 0 (0)             ; 0 (0)        ; 3072        ; 0          ; 0            ; 0       ; 0         ; 0    ; 0            ; |TransformFilter|window:u0|rom12_256:u1                                                                                                                                                                                                                                                                             ;              ;
;          |altsyncram:altsyncram_component|                                                    ; 0 (0)             ; 0 (0)        ; 3072        ; 0          ; 0            ; 0       ; 0         ; 0    ; 0            ; |TransformFilter|window:u0|rom12_256:u1|altsyncram:altsyncram_component                                                                                                                                                                                                                                             ;              ;
;             |altsyncram_5da1:auto_generated|                                                  ; 0 (0)             ; 0 (0)        ; 3072        ; 0          ; 0            ; 0       ; 0         ; 0    ; 0            ; |TransformFilter|window:u0|rom12_256:u1|altsyncram:altsyncram_component|altsyncram_5da1:auto_generated                                                                                                                                                                                                              ;              ;
;       |shifter12_128:u0|                                                                      ; 11 (0)            ; 7 (0)        ; 1512        ; 0          ; 0            ; 0       ; 0         ; 0    ; 0            ; |TransformFilter|window:u0|shifter12_128:u0                                                                                                                                                                                                                                                                         ;              ;
;          |altshift_taps:ALTSHIFT_TAPS_component|                                              ; 11 (0)            ; 7 (0)        ; 1512        ; 0          ; 0            ; 0       ; 0         ; 0    ; 0            ; |TransformFilter|window:u0|shifter12_128:u0|altshift_taps:ALTSHIFT_TAPS_component                                                                                                                                                                                                                                   ;              ;
;             |shift_taps_llv:auto_generated|                                                   ; 11 (0)            ; 7 (0)        ; 1512        ; 0          ; 0            ; 0       ; 0         ; 0    ; 0            ; |TransformFilter|window:u0|shifter12_128:u0|altshift_taps:ALTSHIFT_TAPS_component|shift_taps_llv:auto_generated                                                                                                                                                                                                     ;              ;
;                |altsyncram_lla1:altsyncram2|                                                  ; 0 (0)             ; 0 (0)        ; 1512        ; 0          ; 0            ; 0       ; 0         ; 0    ; 0            ; |TransformFilter|window:u0|shifter12_128:u0|altshift_taps:ALTSHIFT_TAPS_component|shift_taps_llv:auto_generated|altsyncram_lla1:altsyncram2                                                                                                                                                                         ;              ;
;                |cntr_hsf:cntr1|                                                               ; 11 (9)            ; 7 (7)        ; 0           ; 0          ; 0            ; 0       ; 0         ; 0    ; 0            ; |TransformFilter|window:u0|shifter12_128:u0|altshift_taps:ALTSHIFT_TAPS_component|shift_taps_llv:auto_generated|cntr_hsf:cntr1                                                                                                                                                                                      ;              ;
;                   |cmpr_tgc:cmpr4|                                                            ; 2 (2)             ; 0 (0)        ; 0           ; 0          ; 0            ; 0       ; 0         ; 0    ; 0            ; |TransformFilter|window:u0|shifter12_128:u0|altshift_taps:ALTSHIFT_TAPS_component|shift_taps_llv:auto_generated|cntr_hsf:cntr1|cmpr_tgc:cmpr4                                                                                                                                                                       ;              ;
;       |shifter16_2048:u6|                                                                     ; 12 (0)            ; 8 (0)        ; 32512       ; 0          ; 0            ; 0       ; 0         ; 0    ; 0            ; |TransformFilter|window:u0|shifter16_2048:u6                                                                                                                                                                                                                                                                        ;              ;
;          |altshift_taps:ALTSHIFT_TAPS_component|                                              ; 12 (0)            ; 8 (0)        ; 32512       ; 0          ; 0            ; 0       ; 0         ; 0    ; 0            ; |TransformFilter|window:u0|shifter16_2048:u6|altshift_taps:ALTSHIFT_TAPS_component                                                                                                                                                                                                                                  ;              ;
;             |shift_taps_2mv:auto_generated|                                                   ; 12 (0)            ; 8 (0)        ; 32512       ; 0          ; 0            ; 0       ; 0         ; 0    ; 0            ; |TransformFilter|window:u0|shifter16_2048:u6|altshift_taps:ALTSHIFT_TAPS_component|shift_taps_2mv:auto_generated                                                                                                                                                                                                    ;              ;
;                |altsyncram_bpa1:altsyncram2|                                                  ; 0 (0)             ; 0 (0)        ; 32512       ; 0          ; 0            ; 0       ; 0         ; 0    ; 0            ; |TransformFilter|window:u0|shifter16_2048:u6|altshift_taps:ALTSHIFT_TAPS_component|shift_taps_2mv:auto_generated|altsyncram_bpa1:altsyncram2                                                                                                                                                                        ;              ;
;                |cntr_ksf:cntr1|                                                               ; 12 (10)           ; 8 (8)        ; 0           ; 0          ; 0            ; 0       ; 0         ; 0    ; 0            ; |TransformFilter|window:u0|shifter16_2048:u6|altshift_taps:ALTSHIFT_TAPS_component|shift_taps_2mv:auto_generated|cntr_ksf:cntr1                                                                                                                                                                                     ;              ;
;                   |cmpr_ugc:cmpr4|                                                            ; 2 (2)             ; 0 (0)        ; 0           ; 0          ; 0            ; 0       ; 0         ; 0    ; 0            ; |TransformFilter|window:u0|shifter16_2048:u6|altshift_taps:ALTSHIFT_TAPS_component|shift_taps_2mv:auto_generated|cntr_ksf:cntr1|cmpr_ugc:cmpr4                                                                                                                                                                      ;              ;
+-----------------------------------------------------------------------------------------------+-------------------+--------------+-------------+------------+--------------+---------+-----------+------+--------------+---------------------------------------------------------------------------------------------------------------------------------------------------------------------------------------------------------------------------------------------------------------------------------------------------------------------+--------------+
Note: For table entries with two numbers listed, the numbers in parentheses indicate the number of resources of the given type used by the specific entity alone. The numbers listed outside of parentheses indicate the total resources of the given type used by the specific entity and all of its sub-entities in the hierarchy.


+------------------------------------------------------------------------------------------------------------------------------------------------------------------------------------------------------------------------------------------------------------------------------------------------------------------------------------------------------------------------------------------------------+
; Analysis & Synthesis RAM Summary                                                                                                                                                                                                                                                                                                                                                                     ;
+----------------------------------------------------------------------------------------------------------------------------------------------------------------------------------------------------------------------------------------------------------------------------------+------+------------------+--------------+--------------+--------------+--------------+-------+---------------------+
; Name                                                                                                                                                                                                                                                                             ; Type ; Mode             ; Port A Depth ; Port A Width ; Port B Depth ; Port B Width ; Size  ; MIF                 ;
+----------------------------------------------------------------------------------------------------------------------------------------------------------------------------------------------------------------------------------------------------------------------------------+------+------------------+--------------+--------------+--------------+--------------+-------+---------------------+
; fftfilter:u1|altshift_taps:xkre0_rtl_0|shift_taps_ckm:auto_generated|altsyncram_t861:altsyncram4|ALTSYNCRAM                                                                                                                                                                      ; AUTO ; Simple Dual Port ; 3            ; 32           ; 3            ; 32           ; 96    ; None                ;
; fftfilter:u1|fft256:u0|asj_fft_si_sose_so_b_fft_121:asj_fft_si_sose_so_b_fft_121_inst|asj_fft_1dp_ram_fft_121:\gen_1_ram:gen_M4K:dat_A|asj_fft_data_ram_fft_121:dat_A|altsyncram:\gen_M4K:altsyncram_component|altsyncram_21t3:auto_generated|ALTSYNCRAM                         ; AUTO ; Simple Dual Port ; 256          ; 32           ; 256          ; 32           ; 8192  ; None                ;
; fftfilter:u1|fft256:u0|asj_fft_si_sose_so_b_fft_121:asj_fft_si_sose_so_b_fft_121_inst|asj_fft_1tdp_rom_fft_121:\gen_se:gen_new:twrom|asj_fft_twid_rom_tdp_fft_121:\gen_auto:sin_1n|altsyncram:altsyncram_component|altsyncram_he72:auto_generated|ALTSYNCRAM                     ; AUTO ; True Dual Port   ; 64           ; 16           ; 64           ; 16           ; 1024  ; fft256_1n256sin.hex ;
; fftfilter:u1|fft256:u0|asj_fft_si_sose_so_b_fft_121:asj_fft_si_sose_so_b_fft_121_inst|auk_dspip_avalon_streaming_sink_fft_121:auk_dsp_atlantic_sink_1|scfifo:\normal_fifo:fifo_eab_on:in_fifo|scfifo_udh1:auto_generated|a_dpfifo_no81:dpfifo|altsyncram_ssf1:FIFOram|ALTSYNCRAM ; AUTO ; Simple Dual Port ; 8            ; 34           ; 8            ; 34           ; 272   ; None                ;
; fftfilter:u1|shifter16_256:u3|altshift_taps:ALTSHIFT_TAPS_component|shift_taps_bbv:auto_generated|altsyncram_rga1:altsyncram2|ALTSYNCRAM                                                                                                                                         ; M9K  ; Simple Dual Port ; 254          ; 16           ; 254          ; 16           ; 4064  ; None                ;
; fftfilter:u1|shifter16_256:u4|altshift_taps:ALTSHIFT_TAPS_component|shift_taps_bbv:auto_generated|altsyncram_rga1:altsyncram2|ALTSYNCRAM                                                                                                                                         ; M9K  ; Simple Dual Port ; 254          ; 16           ; 254          ; 16           ; 4064  ; None                ;
; ifftout:u2|dram16_256:u1|altsyncram:altsyncram_component|altsyncram_09k1:auto_generated|ALTSYNCRAM                                                                                                                                                                               ; AUTO ; Simple Dual Port ; 256          ; 16           ; 256          ; 16           ; 4096  ; None                ;
; ifftout:u2|dram16_256:u2|altsyncram:altsyncram_component|altsyncram_09k1:auto_generated|ALTSYNCRAM                                                                                                                                                                               ; AUTO ; Simple Dual Port ; 256          ; 16           ; 256          ; 16           ; 4096  ; None                ;
; ifftout:u2|fft256:u0|asj_fft_si_sose_so_b_fft_121:asj_fft_si_sose_so_b_fft_121_inst|asj_fft_1dp_ram_fft_121:\gen_1_ram:gen_M4K:dat_A|asj_fft_data_ram_fft_121:dat_A|altsyncram:\gen_M4K:altsyncram_component|altsyncram_21t3:auto_generated|ALTSYNCRAM                           ; AUTO ; Simple Dual Port ; 256          ; 32           ; 256          ; 32           ; 8192  ; None                ;
; ifftout:u2|fft256:u0|asj_fft_si_sose_so_b_fft_121:asj_fft_si_sose_so_b_fft_121_inst|asj_fft_1tdp_rom_fft_121:\gen_se:gen_new:twrom|asj_fft_twid_rom_tdp_fft_121:\gen_auto:sin_1n|altsyncram:altsyncram_component|altsyncram_he72:auto_generated|ALTSYNCRAM                       ; AUTO ; True Dual Port   ; 64           ; 16           ; 64           ; 16           ; 1024  ; fft256_1n256sin.hex ;
; ifftout:u2|fft256:u0|asj_fft_si_sose_so_b_fft_121:asj_fft_si_sose_so_b_fft_121_inst|auk_dspip_avalon_streaming_sink_fft_121:auk_dsp_atlantic_sink_1|scfifo:\normal_fifo:fifo_eab_on:in_fifo|scfifo_udh1:auto_generated|a_dpfifo_no81:dpfifo|altsyncram_ssf1:FIFOram|ALTSYNCRAM   ; AUTO ; Simple Dual Port ; 8            ; 34           ; 8            ; 34           ; 272   ; None                ;
; window:u0|dram16_256:u4|altsyncram:altsyncram_component|altsyncram_09k1:auto_generated|ALTSYNCRAM                                                                                                                                                                                ; AUTO ; Simple Dual Port ; 256          ; 16           ; 256          ; 16           ; 4096  ; None                ;
; window:u0|dram16_256:u5|altsyncram:altsyncram_component|altsyncram_09k1:auto_generated|ALTSYNCRAM                                                                                                                                                                                ; AUTO ; Simple Dual Port ; 256          ; 16           ; 256          ; 16           ; 4096  ; None                ;
; window:u0|rom12_256:u1|altsyncram:altsyncram_component|altsyncram_5da1:auto_generated|ALTSYNCRAM                                                                                                                                                                                 ; AUTO ; ROM              ; 256          ; 12           ; --           ; --           ; 3072  ; E8_2_window.mif     ;
; window:u0|shifter12_128:u0|altshift_taps:ALTSHIFT_TAPS_component|shift_taps_llv:auto_generated|altsyncram_lla1:altsyncram2|ALTSYNCRAM                                                                                                                                            ; AUTO ; Simple Dual Port ; 126          ; 12           ; 126          ; 12           ; 1512  ; None                ;
; window:u0|shifter16_2048:u6|altshift_taps:ALTSHIFT_TAPS_component|shift_taps_2mv:auto_generated|altsyncram_bpa1:altsyncram2|ALTSYNCRAM                                                                                                                                           ; AUTO ; Simple Dual Port ; 254          ; 128          ; 254          ; 128          ; 32512 ; None                ;
+----------------------------------------------------------------------------------------------------------------------------------------------------------------------------------------------------------------------------------------------------------------------------------+------+------------------+--------------+--------------+--------------+--------------+-------+---------------------+


+-----------------------------------------------------+
; Analysis & Synthesis DSP Block Usage Summary        ;
+---------------------------------------+-------------+
; Statistic                             ; Number Used ;
+---------------------------------------+-------------+
; Simple Multipliers (9-bit)            ; 0           ;
; Simple Multipliers (18-bit)           ; 12          ;
; Embedded Multiplier Blocks            ; --          ;
; Embedded Multiplier 9-bit elements    ; 24          ;
; Signed Embedded Multipliers           ; 12          ;
; Unsigned Embedded Multipliers         ; 0           ;
; Mixed Sign Embedded Multipliers       ; 0           ;
; Variable Sign Embedded Multipliers    ; 0           ;
; Dedicated Input Shift Register Chains ; 0           ;
+---------------------------------------+-------------+
Note: number of Embedded Multiplier Blocks used is only available after a successful fit.


+----------------------------------------------------------------------------------------------------------------------------------------------------------------------------------------------------------------------------------------------------------------------------------------------------------------------------------------------------------------------------------------------------------------------------------------------------------------------------------------------+
; Analysis & Synthesis IP Cores Summary                                                                                                                                                                                                                                                                                                                                                                                                                                                        ;
+--------+----------------------------+---------+--------------+--------------+-------------------------------------------------------------------------------------------------------------------------------------------------------------------------------------------------------------------------------------------------------------+--------------------------------------------------------------------------------------------------------------------------------------------------+
; Vendor ; IP Core Name               ; Version ; Release Date ; License Type ; Entity Instance                                                                                                                                                                                                                                             ; IP Include File                                                                                                                                  ;
+--------+----------------------------+---------+--------------+--------------+-------------------------------------------------------------------------------------------------------------------------------------------------------------------------------------------------------------------------------------------------------------+--------------------------------------------------------------------------------------------------------------------------------------------------+
; Altera ; FFT                        ; N/A     ; Nov 2012     ; Licensed     ; |TransformFilter|fftfilter:u1|fft256:u0|asj_fft_si_sose_so_b_fft_121:asj_fft_si_sose_so_b_fft_121_inst                                                                                                                                                      ; D:/altera/FPGAprj/duyong_matlab_fpga_altera_verilog/Chapter_8/E8_2/TransformFilter/fft-library/asj_fft_si_sose_so_b_fft_121.vhd                  ;
; Altera ; FFT                        ; N/A     ; Nov 2012     ; Licensed     ; |TransformFilter|fftfilter:u1|fft256:u0|asj_fft_si_sose_so_b_fft_121:asj_fft_si_sose_so_b_fft_121_inst|asj_fft_1dp_ram_fft_121:\gen_1_ram:gen_M4K:dat_A                                                                                                     ; D:/altera/FPGAprj/duyong_matlab_fpga_altera_verilog/Chapter_8/E8_2/TransformFilter/fft-library/asj_fft_1dp_ram_fft_121.vhd                       ;
; Altera ; FFT                        ; N/A     ; Nov 2012     ; Licensed     ; |TransformFilter|fftfilter:u1|fft256:u0|asj_fft_si_sose_so_b_fft_121:asj_fft_si_sose_so_b_fft_121_inst|asj_fft_1dp_ram_fft_121:\gen_1_ram:gen_M4K:dat_A|asj_fft_data_ram_fft_121:dat_A                                                                      ; D:/altera/FPGAprj/duyong_matlab_fpga_altera_verilog/Chapter_8/E8_2/TransformFilter/fft-library/asj_fft_data_ram_fft_121.vhd                      ;
; Altera ; FFT                        ; N/A     ; Nov 2012     ; Licensed     ; |TransformFilter|fftfilter:u1|fft256:u0|asj_fft_si_sose_so_b_fft_121:asj_fft_si_sose_so_b_fft_121_inst|asj_fft_1tdp_rom_fft_121:\gen_se:gen_new:twrom                                                                                                       ; D:/altera/FPGAprj/duyong_matlab_fpga_altera_verilog/Chapter_8/E8_2/TransformFilter/fft-library/asj_fft_1tdp_rom_fft_121.vhd                      ;
; Altera ; FFT                        ; N/A     ; Nov 2012     ; Licensed     ; |TransformFilter|fftfilter:u1|fft256:u0|asj_fft_si_sose_so_b_fft_121:asj_fft_si_sose_so_b_fft_121_inst|asj_fft_1tdp_rom_fft_121:\gen_se:gen_new:twrom|asj_fft_twid_rom_tdp_fft_121:\gen_auto:sin_1n                                                         ; D:/altera/FPGAprj/duyong_matlab_fpga_altera_verilog/Chapter_8/E8_2/TransformFilter/fft-library/asj_fft_twid_rom_tdp_fft_121.vhd                  ;
; Altera ; FFT                        ; N/A     ; Nov 2012     ; Licensed     ; |TransformFilter|fftfilter:u1|fft256:u0|asj_fft_si_sose_so_b_fft_121:asj_fft_si_sose_so_b_fft_121_inst|asj_fft_bfp_ctrl_fft_121:\gen_se:bfpc                                                                                                                ; D:/altera/FPGAprj/duyong_matlab_fpga_altera_verilog/Chapter_8/E8_2/TransformFilter/fft-library/asj_fft_bfp_ctrl_fft_121.vhd                      ;
; Altera ; FFT                        ; N/A     ; Nov 2012     ; Licensed     ; |TransformFilter|fftfilter:u1|fft256:u0|asj_fft_si_sose_so_b_fft_121:asj_fft_si_sose_so_b_fft_121_inst|asj_fft_bfp_ctrl_fft_121:\gen_se:bfpc|asj_fft_tdl_bit_fft_121:\gen_so_crtl:gen_se_so:delay_next_pass_2                                               ; D:/altera/FPGAprj/duyong_matlab_fpga_altera_verilog/Chapter_8/E8_2/TransformFilter/fft-library/asj_fft_tdl_bit_fft_121.vhd                       ;
; Altera ; FFT                        ; N/A     ; Nov 2012     ; Licensed     ; |TransformFilter|fftfilter:u1|fft256:u0|asj_fft_si_sose_so_b_fft_121:asj_fft_si_sose_so_b_fft_121_inst|asj_fft_bfp_ctrl_fft_121:\gen_se:bfpc|asj_fft_tdl_bit_rst_fft_121:\gen_so_crtl:gen_se_so:delay_next_pass                                             ; D:/altera/FPGAprj/duyong_matlab_fpga_altera_verilog/Chapter_8/E8_2/TransformFilter/fft-library/asj_fft_tdl_bit_rst_fft_121.vhd                   ;
; Altera ; FFT                        ; N/A     ; Nov 2012     ; Licensed     ; |TransformFilter|fftfilter:u1|fft256:u0|asj_fft_si_sose_so_b_fft_121:asj_fft_si_sose_so_b_fft_121_inst|asj_fft_dataadgen_fft_121:\gen_wraddr_se:wr_adgen                                                                                                    ; D:/altera/FPGAprj/duyong_matlab_fpga_altera_verilog/Chapter_8/E8_2/TransformFilter/fft-library/asj_fft_dataadgen_fft_121.vhd                     ;
; Altera ; FFT                        ; N/A     ; Nov 2012     ; Licensed     ; |TransformFilter|fftfilter:u1|fft256:u0|asj_fft_si_sose_so_b_fft_121:asj_fft_si_sose_so_b_fft_121_inst|asj_fft_dataadgen_fft_121:rd_adgen                                                                                                                   ; D:/altera/FPGAprj/duyong_matlab_fpga_altera_verilog/Chapter_8/E8_2/TransformFilter/fft-library/asj_fft_dataadgen_fft_121.vhd                     ;
; Altera ; FFT                        ; N/A     ; Nov 2012     ; Licensed     ; |TransformFilter|fftfilter:u1|fft256:u0|asj_fft_si_sose_so_b_fft_121:asj_fft_si_sose_so_b_fft_121_inst|asj_fft_dft_bfp_sgl_fft_121:\gen_se:bfpdft                                                                                                           ; D:/altera/FPGAprj/duyong_matlab_fpga_altera_verilog/Chapter_8/E8_2/TransformFilter/fft-library/asj_fft_dft_bfp_sgl_fft_121.vhd                   ;
; Altera ; FFT                        ; N/A     ; Nov 2012     ; Licensed     ; |TransformFilter|fftfilter:u1|fft256:u0|asj_fft_si_sose_so_b_fft_121:asj_fft_si_sose_so_b_fft_121_inst|asj_fft_dft_bfp_sgl_fft_121:\gen_se:bfpdft|asj_fft_bfp_i_fft_121:bfp_scale                                                                           ; D:/altera/FPGAprj/duyong_matlab_fpga_altera_verilog/Chapter_8/E8_2/TransformFilter/fft-library/asj_fft_bfp_i_fft_121.vhd                         ;
; Altera ; FFT                        ; N/A     ; Nov 2012     ; Licensed     ; |TransformFilter|fftfilter:u1|fft256:u0|asj_fft_si_sose_so_b_fft_121:asj_fft_si_sose_so_b_fft_121_inst|asj_fft_dft_bfp_sgl_fft_121:\gen_se:bfpdft|asj_fft_bfp_o_fft_121:bfp_detect                                                                          ; D:/altera/FPGAprj/duyong_matlab_fpga_altera_verilog/Chapter_8/E8_2/TransformFilter/fft-library/asj_fft_bfp_o_fft_121.vhd                         ;
; Altera ; FFT                        ; N/A     ; Nov 2012     ; Licensed     ; |TransformFilter|fftfilter:u1|fft256:u0|asj_fft_si_sose_so_b_fft_121:asj_fft_si_sose_so_b_fft_121_inst|asj_fft_dft_bfp_sgl_fft_121:\gen_se:bfpdft|asj_fft_bfp_o_fft_121:bfp_detect|asj_fft_tdl_bit_fft_121:\gen_blk_float:gen_1_input_bfp_o:delay_next_pass ; D:/altera/FPGAprj/duyong_matlab_fpga_altera_verilog/Chapter_8/E8_2/TransformFilter/fft-library/asj_fft_tdl_bit_fft_121.vhd                       ;
; Altera ; FFT                        ; N/A     ; Nov 2012     ; Licensed     ; |TransformFilter|fftfilter:u1|fft256:u0|asj_fft_si_sose_so_b_fft_121:asj_fft_si_sose_so_b_fft_121_inst|asj_fft_dft_bfp_sgl_fft_121:\gen_se:bfpdft|asj_fft_cmult_can_fft_121:\gen_da0:gen_canonic:cm1                                                        ; D:/altera/FPGAprj/duyong_matlab_fpga_altera_verilog/Chapter_8/E8_2/TransformFilter/fft-library/asj_fft_cmult_can_fft_121.vhd                     ;
; Altera ; FFT                        ; N/A     ; Nov 2012     ; Licensed     ; |TransformFilter|fftfilter:u1|fft256:u0|asj_fft_si_sose_so_b_fft_121:asj_fft_si_sose_so_b_fft_121_inst|asj_fft_dft_bfp_sgl_fft_121:\gen_se:bfpdft|asj_fft_cmult_can_fft_121:\gen_da0:gen_canonic:cm1|asj_fft_pround_fft_121:\gen_unsc:u0                    ; D:/altera/FPGAprj/duyong_matlab_fpga_altera_verilog/Chapter_8/E8_2/TransformFilter/fft-library/asj_fft_pround_fft_121.vhd                        ;
; Altera ; FFT                        ; N/A     ; Nov 2012     ; Licensed     ; |TransformFilter|fftfilter:u1|fft256:u0|asj_fft_si_sose_so_b_fft_121:asj_fft_si_sose_so_b_fft_121_inst|asj_fft_dft_bfp_sgl_fft_121:\gen_se:bfpdft|asj_fft_pround_fft_121:\gen_full_rnd:u0                                                                   ; D:/altera/FPGAprj/duyong_matlab_fpga_altera_verilog/Chapter_8/E8_2/TransformFilter/fft-library/asj_fft_pround_fft_121.vhd                        ;
; Altera ; FFT                        ; N/A     ; Nov 2012     ; Licensed     ; |TransformFilter|fftfilter:u1|fft256:u0|asj_fft_si_sose_so_b_fft_121:asj_fft_si_sose_so_b_fft_121_inst|asj_fft_in_write_sgl_fft_121:writer                                                                                                                  ; D:/altera/FPGAprj/duyong_matlab_fpga_altera_verilog/Chapter_8/E8_2/TransformFilter/fft-library/asj_fft_in_write_sgl_fft_121.vhd                  ;
; Altera ; FFT                        ; N/A     ; Nov 2012     ; Licensed     ; |TransformFilter|fftfilter:u1|fft256:u0|asj_fft_si_sose_so_b_fft_121:asj_fft_si_sose_so_b_fft_121_inst|asj_fft_in_write_sgl_fft_121:writer|asj_fft_tdl_bit_rst_fft_121:\gen_soe:delay_swd                                                                   ; D:/altera/FPGAprj/duyong_matlab_fpga_altera_verilog/Chapter_8/E8_2/TransformFilter/fft-library/asj_fft_tdl_bit_rst_fft_121.vhd                   ;
; Altera ; FFT                        ; N/A     ; Nov 2012     ; Licensed     ; |TransformFilter|fftfilter:u1|fft256:u0|asj_fft_si_sose_so_b_fft_121:asj_fft_si_sose_so_b_fft_121_inst|asj_fft_m_k_counter_fft_121:ctrl                                                                                                                     ; D:/altera/FPGAprj/duyong_matlab_fpga_altera_verilog/Chapter_8/E8_2/TransformFilter/fft-library/asj_fft_m_k_counter_fft_121.vhd                   ;
; Altera ; FFT                        ; N/A     ; Nov 2012     ; Licensed     ; |TransformFilter|fftfilter:u1|fft256:u0|asj_fft_si_sose_so_b_fft_121:asj_fft_si_sose_so_b_fft_121_inst|asj_fft_tdl_bit_fft_121:\no_del_input_blk:delay_next_block                                                                                           ; D:/altera/FPGAprj/duyong_matlab_fpga_altera_verilog/Chapter_8/E8_2/TransformFilter/fft-library/asj_fft_tdl_bit_fft_121.vhd                       ;
; Altera ; FFT                        ; N/A     ; Nov 2012     ; Licensed     ; |TransformFilter|fftfilter:u1|fft256:u0|asj_fft_si_sose_so_b_fft_121:asj_fft_si_sose_so_b_fft_121_inst|asj_fft_tdl_bit_rst_fft_121:delay_swd                                                                                                                ; D:/altera/FPGAprj/duyong_matlab_fpga_altera_verilog/Chapter_8/E8_2/TransformFilter/fft-library/asj_fft_tdl_bit_rst_fft_121.vhd                   ;
; Altera ; FFT                        ; N/A     ; Nov 2012     ; Licensed     ; |TransformFilter|fftfilter:u1|fft256:u0|asj_fft_si_sose_so_b_fft_121:asj_fft_si_sose_so_b_fft_121_inst|asj_fft_twadsogen_q_fft_121:\gen_se:gen_new:twid_factors                                                                                             ; D:/altera/FPGAprj/duyong_matlab_fpga_altera_verilog/Chapter_8/E8_2/TransformFilter/fft-library/asj_fft_twadsogen_q_fft_121.vhd                   ;
; Altera ; FFT                        ; N/A     ; Nov 2012     ; Licensed     ; |TransformFilter|fftfilter:u1|fft256:u0|asj_fft_si_sose_so_b_fft_121:asj_fft_si_sose_so_b_fft_121_inst|asj_fft_unbburst_sose_ctrl_fft_121:ccc                                                                                                               ; D:/altera/FPGAprj/duyong_matlab_fpga_altera_verilog/Chapter_8/E8_2/TransformFilter/fft-library/asj_fft_unbburst_sose_ctrl_fft_121.vhd            ;
; Altera ; FFT                        ; N/A     ; Nov 2012     ; Licensed     ; |TransformFilter|fftfilter:u1|fft256:u0|asj_fft_si_sose_so_b_fft_121:asj_fft_si_sose_so_b_fft_121_inst|auk_dspip_avalon_streaming_controller_fft_121:auk_dsp_interface_controller_1                                                                         ; D:/altera/FPGAprj/duyong_matlab_fpga_altera_verilog/Chapter_8/E8_2/TransformFilter/fft-library/auk_dspip_avalon_streaming_controller_fft_121.vhd ;
; Altera ; FFT                        ; N/A     ; Nov 2012     ; Licensed     ; |TransformFilter|fftfilter:u1|fft256:u0|asj_fft_si_sose_so_b_fft_121:asj_fft_si_sose_so_b_fft_121_inst|auk_dspip_avalon_streaming_sink_fft_121:auk_dsp_atlantic_sink_1                                                                                      ; D:/altera/FPGAprj/duyong_matlab_fpga_altera_verilog/Chapter_8/E8_2/TransformFilter/fft-library/auk_dspip_avalon_streaming_sink_fft_121.vhd       ;
; Altera ; FFT                        ; N/A     ; Nov 2012     ; Licensed     ; |TransformFilter|fftfilter:u1|fft256:u0|asj_fft_si_sose_so_b_fft_121:asj_fft_si_sose_so_b_fft_121_inst|auk_dspip_avalon_streaming_source_fft_121:auk_dsp_atlantic_source_1                                                                                  ; D:/altera/FPGAprj/duyong_matlab_fpga_altera_verilog/Chapter_8/E8_2/TransformFilter/fft-library/auk_dspip_avalon_streaming_source_fft_121.vhd     ;
; Altera ; LPM_MULT                   ; 12.1    ; N/A          ; N/A          ; |TransformFilter|fftfilter:u1|mult12_12:u1                                                                                                                                                                                                                  ; D:/altera/FPGAprj/duyong_matlab_fpga_altera_verilog/Chapter_8/E8_2/TransformFilter/mult12_12.v                                                   ;
; Altera ; LPM_MULT                   ; 12.1    ; N/A          ; N/A          ; |TransformFilter|fftfilter:u1|mult12_12:u2                                                                                                                                                                                                                  ; D:/altera/FPGAprj/duyong_matlab_fpga_altera_verilog/Chapter_8/E8_2/TransformFilter/mult12_12.v                                                   ;
; Altera ; LPM_MULT                   ; 12.1    ; N/A          ; N/A          ; |TransformFilter|fftfilter:u1|mult12_12:u5                                                                                                                                                                                                                  ; D:/altera/FPGAprj/duyong_matlab_fpga_altera_verilog/Chapter_8/E8_2/TransformFilter/mult12_12.v                                                   ;
; Altera ; LPM_MULT                   ; 12.1    ; N/A          ; N/A          ; |TransformFilter|fftfilter:u1|mult12_12:u6                                                                                                                                                                                                                  ; D:/altera/FPGAprj/duyong_matlab_fpga_altera_verilog/Chapter_8/E8_2/TransformFilter/mult12_12.v                                                   ;
; Altera ; Shift register (RAM-based) ; 12.1    ; N/A          ; N/A          ; |TransformFilter|fftfilter:u1|shifter16_256:u3                                                                                                                                                                                                              ; D:/altera/FPGAprj/duyong_matlab_fpga_altera_verilog/Chapter_8/E8_2/TransformFilter/shifter16_256.v                                               ;
; Altera ; Shift register (RAM-based) ; 12.1    ; N/A          ; N/A          ; |TransformFilter|fftfilter:u1|shifter16_256:u4                                                                                                                                                                                                              ; D:/altera/FPGAprj/duyong_matlab_fpga_altera_verilog/Chapter_8/E8_2/TransformFilter/shifter16_256.v                                               ;
; Altera ; RAM: 2-PORT                ; 12.1    ; N/A          ; N/A          ; |TransformFilter|ifftout:u2|dram16_256:u1                                                                                                                                                                                                                   ; D:/altera/FPGAprj/duyong_matlab_fpga_altera_verilog/Chapter_8/E8_2/TransformFilter/dram16_256.v                                                  ;
; Altera ; RAM: 2-PORT                ; 12.1    ; N/A          ; N/A          ; |TransformFilter|ifftout:u2|dram16_256:u2                                                                                                                                                                                                                   ; D:/altera/FPGAprj/duyong_matlab_fpga_altera_verilog/Chapter_8/E8_2/TransformFilter/dram16_256.v                                                  ;
; Altera ; FFT                        ; N/A     ; Nov 2012     ; Licensed     ; |TransformFilter|ifftout:u2|fft256:u0|asj_fft_si_sose_so_b_fft_121:asj_fft_si_sose_so_b_fft_121_inst                                                                                                                                                        ; D:/altera/FPGAprj/duyong_matlab_fpga_altera_verilog/Chapter_8/E8_2/TransformFilter/fft-library/asj_fft_si_sose_so_b_fft_121.vhd                  ;
; Altera ; FFT                        ; N/A     ; Nov 2012     ; Licensed     ; |TransformFilter|ifftout:u2|fft256:u0|asj_fft_si_sose_so_b_fft_121:asj_fft_si_sose_so_b_fft_121_inst|asj_fft_1dp_ram_fft_121:\gen_1_ram:gen_M4K:dat_A                                                                                                       ; D:/altera/FPGAprj/duyong_matlab_fpga_altera_verilog/Chapter_8/E8_2/TransformFilter/fft-library/asj_fft_1dp_ram_fft_121.vhd                       ;
; Altera ; FFT                        ; N/A     ; Nov 2012     ; Licensed     ; |TransformFilter|ifftout:u2|fft256:u0|asj_fft_si_sose_so_b_fft_121:asj_fft_si_sose_so_b_fft_121_inst|asj_fft_1dp_ram_fft_121:\gen_1_ram:gen_M4K:dat_A|asj_fft_data_ram_fft_121:dat_A                                                                        ; D:/altera/FPGAprj/duyong_matlab_fpga_altera_verilog/Chapter_8/E8_2/TransformFilter/fft-library/asj_fft_data_ram_fft_121.vhd                      ;
; Altera ; FFT                        ; N/A     ; Nov 2012     ; Licensed     ; |TransformFilter|ifftout:u2|fft256:u0|asj_fft_si_sose_so_b_fft_121:asj_fft_si_sose_so_b_fft_121_inst|asj_fft_1tdp_rom_fft_121:\gen_se:gen_new:twrom                                                                                                         ; D:/altera/FPGAprj/duyong_matlab_fpga_altera_verilog/Chapter_8/E8_2/TransformFilter/fft-library/asj_fft_1tdp_rom_fft_121.vhd                      ;
; Altera ; FFT                        ; N/A     ; Nov 2012     ; Licensed     ; |TransformFilter|ifftout:u2|fft256:u0|asj_fft_si_sose_so_b_fft_121:asj_fft_si_sose_so_b_fft_121_inst|asj_fft_1tdp_rom_fft_121:\gen_se:gen_new:twrom|asj_fft_twid_rom_tdp_fft_121:\gen_auto:sin_1n                                                           ; D:/altera/FPGAprj/duyong_matlab_fpga_altera_verilog/Chapter_8/E8_2/TransformFilter/fft-library/asj_fft_twid_rom_tdp_fft_121.vhd                  ;
; Altera ; FFT                        ; N/A     ; Nov 2012     ; Licensed     ; |TransformFilter|ifftout:u2|fft256:u0|asj_fft_si_sose_so_b_fft_121:asj_fft_si_sose_so_b_fft_121_inst|asj_fft_bfp_ctrl_fft_121:\gen_se:bfpc                                                                                                                  ; D:/altera/FPGAprj/duyong_matlab_fpga_altera_verilog/Chapter_8/E8_2/TransformFilter/fft-library/asj_fft_bfp_ctrl_fft_121.vhd                      ;
; Altera ; FFT                        ; N/A     ; Nov 2012     ; Licensed     ; |TransformFilter|ifftout:u2|fft256:u0|asj_fft_si_sose_so_b_fft_121:asj_fft_si_sose_so_b_fft_121_inst|asj_fft_bfp_ctrl_fft_121:\gen_se:bfpc|asj_fft_tdl_bit_fft_121:\gen_so_crtl:gen_se_so:delay_next_pass_2                                                 ; D:/altera/FPGAprj/duyong_matlab_fpga_altera_verilog/Chapter_8/E8_2/TransformFilter/fft-library/asj_fft_tdl_bit_fft_121.vhd                       ;
; Altera ; FFT                        ; N/A     ; Nov 2012     ; Licensed     ; |TransformFilter|ifftout:u2|fft256:u0|asj_fft_si_sose_so_b_fft_121:asj_fft_si_sose_so_b_fft_121_inst|asj_fft_bfp_ctrl_fft_121:\gen_se:bfpc|asj_fft_tdl_bit_rst_fft_121:\gen_so_crtl:gen_se_so:delay_next_pass                                               ; D:/altera/FPGAprj/duyong_matlab_fpga_altera_verilog/Chapter_8/E8_2/TransformFilter/fft-library/asj_fft_tdl_bit_rst_fft_121.vhd                   ;
; Altera ; FFT                        ; N/A     ; Nov 2012     ; Licensed     ; |TransformFilter|ifftout:u2|fft256:u0|asj_fft_si_sose_so_b_fft_121:asj_fft_si_sose_so_b_fft_121_inst|asj_fft_dataadgen_fft_121:\gen_wraddr_se:wr_adgen                                                                                                      ; D:/altera/FPGAprj/duyong_matlab_fpga_altera_verilog/Chapter_8/E8_2/TransformFilter/fft-library/asj_fft_dataadgen_fft_121.vhd                     ;
; Altera ; FFT                        ; N/A     ; Nov 2012     ; Licensed     ; |TransformFilter|ifftout:u2|fft256:u0|asj_fft_si_sose_so_b_fft_121:asj_fft_si_sose_so_b_fft_121_inst|asj_fft_dataadgen_fft_121:rd_adgen                                                                                                                     ; D:/altera/FPGAprj/duyong_matlab_fpga_altera_verilog/Chapter_8/E8_2/TransformFilter/fft-library/asj_fft_dataadgen_fft_121.vhd                     ;
; Altera ; FFT                        ; N/A     ; Nov 2012     ; Licensed     ; |TransformFilter|ifftout:u2|fft256:u0|asj_fft_si_sose_so_b_fft_121:asj_fft_si_sose_so_b_fft_121_inst|asj_fft_dft_bfp_sgl_fft_121:\gen_se:bfpdft                                                                                                             ; D:/altera/FPGAprj/duyong_matlab_fpga_altera_verilog/Chapter_8/E8_2/TransformFilter/fft-library/asj_fft_dft_bfp_sgl_fft_121.vhd                   ;
; Altera ; FFT                        ; N/A     ; Nov 2012     ; Licensed     ; |TransformFilter|ifftout:u2|fft256:u0|asj_fft_si_sose_so_b_fft_121:asj_fft_si_sose_so_b_fft_121_inst|asj_fft_dft_bfp_sgl_fft_121:\gen_se:bfpdft|asj_fft_bfp_i_fft_121:bfp_scale                                                                             ; D:/altera/FPGAprj/duyong_matlab_fpga_altera_verilog/Chapter_8/E8_2/TransformFilter/fft-library/asj_fft_bfp_i_fft_121.vhd                         ;
; Altera ; FFT                        ; N/A     ; Nov 2012     ; Licensed     ; |TransformFilter|ifftout:u2|fft256:u0|asj_fft_si_sose_so_b_fft_121:asj_fft_si_sose_so_b_fft_121_inst|asj_fft_dft_bfp_sgl_fft_121:\gen_se:bfpdft|asj_fft_bfp_o_fft_121:bfp_detect                                                                            ; D:/altera/FPGAprj/duyong_matlab_fpga_altera_verilog/Chapter_8/E8_2/TransformFilter/fft-library/asj_fft_bfp_o_fft_121.vhd                         ;
; Altera ; FFT                        ; N/A     ; Nov 2012     ; Licensed     ; |TransformFilter|ifftout:u2|fft256:u0|asj_fft_si_sose_so_b_fft_121:asj_fft_si_sose_so_b_fft_121_inst|asj_fft_dft_bfp_sgl_fft_121:\gen_se:bfpdft|asj_fft_bfp_o_fft_121:bfp_detect|asj_fft_tdl_bit_fft_121:\gen_blk_float:gen_1_input_bfp_o:delay_next_pass   ; D:/altera/FPGAprj/duyong_matlab_fpga_altera_verilog/Chapter_8/E8_2/TransformFilter/fft-library/asj_fft_tdl_bit_fft_121.vhd                       ;
; Altera ; FFT                        ; N/A     ; Nov 2012     ; Licensed     ; |TransformFilter|ifftout:u2|fft256:u0|asj_fft_si_sose_so_b_fft_121:asj_fft_si_sose_so_b_fft_121_inst|asj_fft_dft_bfp_sgl_fft_121:\gen_se:bfpdft|asj_fft_cmult_can_fft_121:\gen_da0:gen_canonic:cm1                                                          ; D:/altera/FPGAprj/duyong_matlab_fpga_altera_verilog/Chapter_8/E8_2/TransformFilter/fft-library/asj_fft_cmult_can_fft_121.vhd                     ;
; Altera ; FFT                        ; N/A     ; Nov 2012     ; Licensed     ; |TransformFilter|ifftout:u2|fft256:u0|asj_fft_si_sose_so_b_fft_121:asj_fft_si_sose_so_b_fft_121_inst|asj_fft_dft_bfp_sgl_fft_121:\gen_se:bfpdft|asj_fft_cmult_can_fft_121:\gen_da0:gen_canonic:cm1|asj_fft_pround_fft_121:\gen_unsc:u0                      ; D:/altera/FPGAprj/duyong_matlab_fpga_altera_verilog/Chapter_8/E8_2/TransformFilter/fft-library/asj_fft_pround_fft_121.vhd                        ;
; Altera ; FFT                        ; N/A     ; Nov 2012     ; Licensed     ; |TransformFilter|ifftout:u2|fft256:u0|asj_fft_si_sose_so_b_fft_121:asj_fft_si_sose_so_b_fft_121_inst|asj_fft_dft_bfp_sgl_fft_121:\gen_se:bfpdft|asj_fft_pround_fft_121:\gen_full_rnd:u0                                                                     ; D:/altera/FPGAprj/duyong_matlab_fpga_altera_verilog/Chapter_8/E8_2/TransformFilter/fft-library/asj_fft_pround_fft_121.vhd                        ;
; Altera ; FFT                        ; N/A     ; Nov 2012     ; Licensed     ; |TransformFilter|ifftout:u2|fft256:u0|asj_fft_si_sose_so_b_fft_121:asj_fft_si_sose_so_b_fft_121_inst|asj_fft_in_write_sgl_fft_121:writer                                                                                                                    ; D:/altera/FPGAprj/duyong_matlab_fpga_altera_verilog/Chapter_8/E8_2/TransformFilter/fft-library/asj_fft_in_write_sgl_fft_121.vhd                  ;
; Altera ; FFT                        ; N/A     ; Nov 2012     ; Licensed     ; |TransformFilter|ifftout:u2|fft256:u0|asj_fft_si_sose_so_b_fft_121:asj_fft_si_sose_so_b_fft_121_inst|asj_fft_in_write_sgl_fft_121:writer|asj_fft_tdl_bit_rst_fft_121:\gen_soe:delay_swd                                                                     ; D:/altera/FPGAprj/duyong_matlab_fpga_altera_verilog/Chapter_8/E8_2/TransformFilter/fft-library/asj_fft_tdl_bit_rst_fft_121.vhd                   ;
; Altera ; FFT                        ; N/A     ; Nov 2012     ; Licensed     ; |TransformFilter|ifftout:u2|fft256:u0|asj_fft_si_sose_so_b_fft_121:asj_fft_si_sose_so_b_fft_121_inst|asj_fft_m_k_counter_fft_121:ctrl                                                                                                                       ; D:/altera/FPGAprj/duyong_matlab_fpga_altera_verilog/Chapter_8/E8_2/TransformFilter/fft-library/asj_fft_m_k_counter_fft_121.vhd                   ;
; Altera ; FFT                        ; N/A     ; Nov 2012     ; Licensed     ; |TransformFilter|ifftout:u2|fft256:u0|asj_fft_si_sose_so_b_fft_121:asj_fft_si_sose_so_b_fft_121_inst|asj_fft_tdl_bit_fft_121:\no_del_input_blk:delay_next_block                                                                                             ; D:/altera/FPGAprj/duyong_matlab_fpga_altera_verilog/Chapter_8/E8_2/TransformFilter/fft-library/asj_fft_tdl_bit_fft_121.vhd                       ;
; Altera ; FFT                        ; N/A     ; Nov 2012     ; Licensed     ; |TransformFilter|ifftout:u2|fft256:u0|asj_fft_si_sose_so_b_fft_121:asj_fft_si_sose_so_b_fft_121_inst|asj_fft_tdl_bit_rst_fft_121:delay_swd                                                                                                                  ; D:/altera/FPGAprj/duyong_matlab_fpga_altera_verilog/Chapter_8/E8_2/TransformFilter/fft-library/asj_fft_tdl_bit_rst_fft_121.vhd                   ;
; Altera ; FFT                        ; N/A     ; Nov 2012     ; Licensed     ; |TransformFilter|ifftout:u2|fft256:u0|asj_fft_si_sose_so_b_fft_121:asj_fft_si_sose_so_b_fft_121_inst|asj_fft_twadsogen_q_fft_121:\gen_se:gen_new:twid_factors                                                                                               ; D:/altera/FPGAprj/duyong_matlab_fpga_altera_verilog/Chapter_8/E8_2/TransformFilter/fft-library/asj_fft_twadsogen_q_fft_121.vhd                   ;
; Altera ; FFT                        ; N/A     ; Nov 2012     ; Licensed     ; |TransformFilter|ifftout:u2|fft256:u0|asj_fft_si_sose_so_b_fft_121:asj_fft_si_sose_so_b_fft_121_inst|asj_fft_unbburst_sose_ctrl_fft_121:ccc                                                                                                                 ; D:/altera/FPGAprj/duyong_matlab_fpga_altera_verilog/Chapter_8/E8_2/TransformFilter/fft-library/asj_fft_unbburst_sose_ctrl_fft_121.vhd            ;
; Altera ; FFT                        ; N/A     ; Nov 2012     ; Licensed     ; |TransformFilter|ifftout:u2|fft256:u0|asj_fft_si_sose_so_b_fft_121:asj_fft_si_sose_so_b_fft_121_inst|auk_dspip_avalon_streaming_controller_fft_121:auk_dsp_interface_controller_1                                                                           ; D:/altera/FPGAprj/duyong_matlab_fpga_altera_verilog/Chapter_8/E8_2/TransformFilter/fft-library/auk_dspip_avalon_streaming_controller_fft_121.vhd ;
; Altera ; FFT                        ; N/A     ; Nov 2012     ; Licensed     ; |TransformFilter|ifftout:u2|fft256:u0|asj_fft_si_sose_so_b_fft_121:asj_fft_si_sose_so_b_fft_121_inst|auk_dspip_avalon_streaming_sink_fft_121:auk_dsp_atlantic_sink_1                                                                                        ; D:/altera/FPGAprj/duyong_matlab_fpga_altera_verilog/Chapter_8/E8_2/TransformFilter/fft-library/auk_dspip_avalon_streaming_sink_fft_121.vhd       ;
; Altera ; FFT                        ; N/A     ; Nov 2012     ; Licensed     ; |TransformFilter|ifftout:u2|fft256:u0|asj_fft_si_sose_so_b_fft_121:asj_fft_si_sose_so_b_fft_121_inst|auk_dspip_avalon_streaming_source_fft_121:auk_dsp_atlantic_source_1                                                                                    ; D:/altera/FPGAprj/duyong_matlab_fpga_altera_verilog/Chapter_8/E8_2/TransformFilter/fft-library/auk_dspip_avalon_streaming_source_fft_121.vhd     ;
; Altera ; RAM: 2-PORT                ; 12.1    ; N/A          ; N/A          ; |TransformFilter|window:u0|dram16_256:u4                                                                                                                                                                                                                    ; D:/altera/FPGAprj/duyong_matlab_fpga_altera_verilog/Chapter_8/E8_2/TransformFilter/dram16_256.v                                                  ;
; Altera ; RAM: 2-PORT                ; 12.1    ; N/A          ; N/A          ; |TransformFilter|window:u0|dram16_256:u5                                                                                                                                                                                                                    ; D:/altera/FPGAprj/duyong_matlab_fpga_altera_verilog/Chapter_8/E8_2/TransformFilter/dram16_256.v                                                  ;
; Altera ; LPM_MULT                   ; 12.1    ; N/A          ; N/A          ; |TransformFilter|window:u0|mult12_12:u2                                                                                                                                                                                                                     ; D:/altera/FPGAprj/duyong_matlab_fpga_altera_verilog/Chapter_8/E8_2/TransformFilter/mult12_12.v                                                   ;
; Altera ; LPM_MULT                   ; 12.1    ; N/A          ; N/A          ; |TransformFilter|window:u0|mult12_12:u3                                                                                                                                                                                                                     ; D:/altera/FPGAprj/duyong_matlab_fpga_altera_verilog/Chapter_8/E8_2/TransformFilter/mult12_12.v                                                   ;
; Altera ; ROM: 1-PORT                ; 12.1    ; N/A          ; N/A          ; |TransformFilter|window:u0|rom12_256:u1                                                                                                                                                                                                                     ; D:/altera/FPGAprj/duyong_matlab_fpga_altera_verilog/Chapter_8/E8_2/TransformFilter/rom12_256.v                                                   ;
; Altera ; Shift register (RAM-based) ; 12.1    ; N/A          ; N/A          ; |TransformFilter|window:u0|shifter12_128:u0                                                                                                                                                                                                                 ; D:/altera/FPGAprj/duyong_matlab_fpga_altera_verilog/Chapter_8/E8_2/TransformFilter/shifter12_128.v                                               ;
; Altera ; Shift register (RAM-based) ; 12.1    ; N/A          ; N/A          ; |TransformFilter|window:u0|shifter16_2048:u6                                                                                                                                                                                                                ; D:/altera/FPGAprj/duyong_matlab_fpga_altera_verilog/Chapter_8/E8_2/TransformFilter/shifter16_2048.v                                              ;
+--------+----------------------------+---------+--------------+--------------+-------------------------------------------------------------------------------------------------------------------------------------------------------------------------------------------------------------------------------------------------------------+--------------------------------------------------------------------------------------------------------------------------------------------------+


Encoding Type:  One-Hot
+-----------------------------------------------------------------------------------------------------------------------------------------------------------------------------------------------------+
; State Machine - |TransformFilter|ifftout:u2|fft256:u0|asj_fft_si_sose_so_b_fft_121:asj_fft_si_sose_so_b_fft_121_inst|fft_s1_cur                                                                     ;
+---------------------------+--------------------------+---------------------+-------------------------+-----------------------+------------------------+---------------------------+-----------------+
; Name                      ; fft_s1_cur.FFT_PROCESS_A ; fft_s1_cur.NO_WRITE ; fft_s1_cur.DONE_WRITING ; fft_s1_cur.EARLY_DONE ; fft_s1_cur.WRITE_INPUT ; fft_s1_cur.WAIT_FOR_INPUT ; fft_s1_cur.IDLE ;
+---------------------------+--------------------------+---------------------+-------------------------+-----------------------+------------------------+---------------------------+-----------------+
; fft_s1_cur.IDLE           ; 0                        ; 0                   ; 0                       ; 0                     ; 0                      ; 0                         ; 0               ;
; fft_s1_cur.WAIT_FOR_INPUT ; 0                        ; 0                   ; 0                       ; 0                     ; 0                      ; 1                         ; 1               ;
; fft_s1_cur.WRITE_INPUT    ; 0                        ; 0                   ; 0                       ; 0                     ; 1                      ; 0                         ; 1               ;
; fft_s1_cur.EARLY_DONE     ; 0                        ; 0                   ; 0                       ; 1                     ; 0                      ; 0                         ; 1               ;
; fft_s1_cur.DONE_WRITING   ; 0                        ; 0                   ; 1                       ; 0                     ; 0                      ; 0                         ; 1               ;
; fft_s1_cur.NO_WRITE       ; 0                        ; 1                   ; 0                       ; 0                     ; 0                      ; 0                         ; 1               ;
; fft_s1_cur.FFT_PROCESS_A  ; 1                        ; 0                   ; 0                       ; 0                     ; 0                      ; 0                         ; 1               ;
+---------------------------+--------------------------+---------------------+-------------------------+-----------------------+------------------------+---------------------------+-----------------+


Encoding Type:  One-Hot
+---------------------------------------------------------------------------------------------------------------------------------------------------------------------------------+
; State Machine - |TransformFilter|ifftout:u2|fft256:u0|asj_fft_si_sose_so_b_fft_121:asj_fft_si_sose_so_b_fft_121_inst|fft_s2_cur                                                 ;
+-------------------------------+---------------------+---------------------------+----------------------+----------------------+-------------------------------+-----------------+
; Name                          ; fft_s2_cur.LPP_DONE ; fft_s2_cur.LPP_OUTPUT_RDY ; fft_s2_cur.FIRST_LPP ; fft_s2_cur.START_LPP ; fft_s2_cur.WAIT_FOR_LPP_INPUT ; fft_s2_cur.IDLE ;
+-------------------------------+---------------------+---------------------------+----------------------+----------------------+-------------------------------+-----------------+
; fft_s2_cur.IDLE               ; 0                   ; 0                         ; 0                    ; 0                    ; 0                             ; 0               ;
; fft_s2_cur.WAIT_FOR_LPP_INPUT ; 0                   ; 0                         ; 0                    ; 0                    ; 1                             ; 1               ;
; fft_s2_cur.START_LPP          ; 0                   ; 0                         ; 0                    ; 1                    ; 0                             ; 1               ;
; fft_s2_cur.FIRST_LPP          ; 0                   ; 0                         ; 1                    ; 0                    ; 0                             ; 1               ;
; fft_s2_cur.LPP_OUTPUT_RDY     ; 0                   ; 1                         ; 0                    ; 0                    ; 0                             ; 1               ;
; fft_s2_cur.LPP_DONE           ; 1                   ; 0                         ; 0                    ; 0                    ; 0                             ; 1               ;
+-------------------------------+---------------------+---------------------------+----------------------+----------------------+-------------------------------+-----------------+


Encoding Type:  One-Hot
+-------------------------------------------------------------------------------------------------------------------------------------------------------------------------------------------------------+
; State Machine - |TransformFilter|ifftout:u2|fft256:u0|asj_fft_si_sose_so_b_fft_121:asj_fft_si_sose_so_b_fft_121_inst|asj_fft_dft_bfp_sgl_fft_121:\gen_se:bfpdft|asj_fft_bfp_o_fft_121:bfp_detect|sdet ;
+------------------+----------------+--------------+-------------+------------------+-------------------------------------------------------------------------------------------------------------------+
; Name             ; sdet.BLOCK_GAP ; sdet.DISABLE ; sdet.ENABLE ; sdet.BLOCK_READY ; sdet.IDLE                                                                                                         ;
+------------------+----------------+--------------+-------------+------------------+-------------------------------------------------------------------------------------------------------------------+
; sdet.IDLE        ; 0              ; 0            ; 0           ; 0                ; 0                                                                                                                 ;
; sdet.BLOCK_READY ; 0              ; 0            ; 0           ; 1                ; 1                                                                                                                 ;
; sdet.ENABLE      ; 0              ; 0            ; 1           ; 0                ; 1                                                                                                                 ;
; sdet.DISABLE     ; 0              ; 1            ; 0           ; 0                ; 1                                                                                                                 ;
; sdet.BLOCK_GAP   ; 1              ; 0            ; 0           ; 0                ; 1                                                                                                                 ;
+------------------+----------------+--------------+-------------+------------------+-------------------------------------------------------------------------------------------------------------------+


Encoding Type:  One-Hot
+---------------------------------------------------------------------------------------------------------------------------------------------------------------+
; State Machine - |TransformFilter|ifftout:u2|fft256:u0|asj_fft_si_sose_so_b_fft_121:asj_fft_si_sose_so_b_fft_121_inst|asj_fft_m_k_counter_fft_121:ctrl|k_state ;
+-----------------------+--------------+-----------------------+-----------------+------------------------------------------------------------------------------+
; Name                  ; k_state.HOLD ; k_state.NEXT_PASS_UPD ; k_state.RUN_CNT ; k_state.IDLE                                                                 ;
+-----------------------+--------------+-----------------------+-----------------+------------------------------------------------------------------------------+
; k_state.IDLE          ; 0            ; 0                     ; 0               ; 0                                                                            ;
; k_state.RUN_CNT       ; 0            ; 0                     ; 1               ; 1                                                                            ;
; k_state.NEXT_PASS_UPD ; 0            ; 1                     ; 0               ; 1                                                                            ;
; k_state.HOLD          ; 1            ; 0                     ; 0               ; 1                                                                            ;
+-----------------------+--------------+-----------------------+-----------------+------------------------------------------------------------------------------+


Encoding Type:  One-Hot
+-------------------------------------------------------------------------------------------------------------------------------------------------------------------------------------------------------+
; State Machine - |TransformFilter|ifftout:u2|fft256:u0|asj_fft_si_sose_so_b_fft_121:asj_fft_si_sose_so_b_fft_121_inst|auk_dspip_avalon_streaming_source_fft_121:auk_dsp_atlantic_source_1|source_state ;
+---------------------+-------------------+---------------------+-------------------+------------------+------------------------------------------------------------------------------------------------+
; Name                ; source_state.end1 ; source_state.st_err ; source_state.run1 ; source_state.sop ; source_state.start                                                                             ;
+---------------------+-------------------+---------------------+-------------------+------------------+------------------------------------------------------------------------------------------------+
; source_state.start  ; 0                 ; 0                   ; 0                 ; 0                ; 0                                                                                              ;
; source_state.sop    ; 0                 ; 0                   ; 0                 ; 1                ; 1                                                                                              ;
; source_state.run1   ; 0                 ; 0                   ; 1                 ; 0                ; 1                                                                                              ;
; source_state.st_err ; 0                 ; 1                   ; 0                 ; 0                ; 1                                                                                              ;
; source_state.end1   ; 1                 ; 0                   ; 0                 ; 0                ; 1                                                                                              ;
+---------------------+-------------------+---------------------+-------------------+------------------+------------------------------------------------------------------------------------------------+


Encoding Type:  One-Hot
+-----------------------------------------------------------------------------------------------------------------------------------------------------------------------------------------------------+
; State Machine - |TransformFilter|ifftout:u2|fft256:u0|asj_fft_si_sose_so_b_fft_121:asj_fft_si_sose_so_b_fft_121_inst|auk_dspip_avalon_streaming_sink_fft_121:auk_dsp_atlantic_sink_1|sink_out_state ;
+------------------------------------+--------------------------------+------------------------------------+------------------------------------------------------------------------------------------+
; Name                               ; sink_out_state.empty_and_ready ; sink_out_state.empty_and_not_ready ; sink_out_state.normal                                                                    ;
+------------------------------------+--------------------------------+------------------------------------+------------------------------------------------------------------------------------------+
; sink_out_state.normal              ; 0                              ; 0                                  ; 0                                                                                        ;
; sink_out_state.empty_and_not_ready ; 0                              ; 1                                  ; 1                                                                                        ;
; sink_out_state.empty_and_ready     ; 1                              ; 0                                  ; 1                                                                                        ;
+------------------------------------+--------------------------------+------------------------------------+------------------------------------------------------------------------------------------+


Encoding Type:  One-Hot
+-------------------------------------------------------------------------------------------------------------------------------------------------------------------------------------------------+
; State Machine - |TransformFilter|ifftout:u2|fft256:u0|asj_fft_si_sose_so_b_fft_121:asj_fft_si_sose_so_b_fft_121_inst|auk_dspip_avalon_streaming_sink_fft_121:auk_dsp_atlantic_sink_1|sink_state ;
+-------------------+-----------------+-------------------+-----------------+------------------+--------------------------------------------------------------------------------------------------+
; Name              ; sink_state.end1 ; sink_state.st_err ; sink_state.run1 ; sink_state.stall ; sink_state.start                                                                                 ;
+-------------------+-----------------+-------------------+-----------------+------------------+--------------------------------------------------------------------------------------------------+
; sink_state.start  ; 0               ; 0                 ; 0               ; 0                ; 0                                                                                                ;
; sink_state.stall  ; 0               ; 0                 ; 0               ; 1                ; 1                                                                                                ;
; sink_state.run1   ; 0               ; 0                 ; 1               ; 0                ; 1                                                                                                ;
; sink_state.st_err ; 0               ; 1                 ; 0               ; 0                ; 1                                                                                                ;
; sink_state.end1   ; 1               ; 0                 ; 0               ; 0                ; 1                                                                                                ;
+-------------------+-----------------+-------------------+-----------------+------------------+--------------------------------------------------------------------------------------------------+


Encoding Type:  One-Hot
+-----------------------------------------------------------------------------------------------------------------------------------------------------------------------------------------------------+
; State Machine - |TransformFilter|fftfilter:u1|fft256:u0|asj_fft_si_sose_so_b_fft_121:asj_fft_si_sose_so_b_fft_121_inst|fft_s1_cur                                                                   ;
+---------------------------+--------------------------+---------------------+-------------------------+-----------------------+------------------------+---------------------------+-----------------+
; Name                      ; fft_s1_cur.FFT_PROCESS_A ; fft_s1_cur.NO_WRITE ; fft_s1_cur.DONE_WRITING ; fft_s1_cur.EARLY_DONE ; fft_s1_cur.WRITE_INPUT ; fft_s1_cur.WAIT_FOR_INPUT ; fft_s1_cur.IDLE ;
+---------------------------+--------------------------+---------------------+-------------------------+-----------------------+------------------------+---------------------------+-----------------+
; fft_s1_cur.IDLE           ; 0                        ; 0                   ; 0                       ; 0                     ; 0                      ; 0                         ; 0               ;
; fft_s1_cur.WAIT_FOR_INPUT ; 0                        ; 0                   ; 0                       ; 0                     ; 0                      ; 1                         ; 1               ;
; fft_s1_cur.WRITE_INPUT    ; 0                        ; 0                   ; 0                       ; 0                     ; 1                      ; 0                         ; 1               ;
; fft_s1_cur.EARLY_DONE     ; 0                        ; 0                   ; 0                       ; 1                     ; 0                      ; 0                         ; 1               ;
; fft_s1_cur.DONE_WRITING   ; 0                        ; 0                   ; 1                       ; 0                     ; 0                      ; 0                         ; 1               ;
; fft_s1_cur.NO_WRITE       ; 0                        ; 1                   ; 0                       ; 0                     ; 0                      ; 0                         ; 1               ;
; fft_s1_cur.FFT_PROCESS_A  ; 1                        ; 0                   ; 0                       ; 0                     ; 0                      ; 0                         ; 1               ;
+---------------------------+--------------------------+---------------------+-------------------------+-----------------------+------------------------+---------------------------+-----------------+


Encoding Type:  One-Hot
+---------------------------------------------------------------------------------------------------------------------------------------------------------------------------------+
; State Machine - |TransformFilter|fftfilter:u1|fft256:u0|asj_fft_si_sose_so_b_fft_121:asj_fft_si_sose_so_b_fft_121_inst|fft_s2_cur                                               ;
+-------------------------------+---------------------+---------------------------+----------------------+----------------------+-------------------------------+-----------------+
; Name                          ; fft_s2_cur.LPP_DONE ; fft_s2_cur.LPP_OUTPUT_RDY ; fft_s2_cur.FIRST_LPP ; fft_s2_cur.START_LPP ; fft_s2_cur.WAIT_FOR_LPP_INPUT ; fft_s2_cur.IDLE ;
+-------------------------------+---------------------+---------------------------+----------------------+----------------------+-------------------------------+-----------------+
; fft_s2_cur.IDLE               ; 0                   ; 0                         ; 0                    ; 0                    ; 0                             ; 0               ;
; fft_s2_cur.WAIT_FOR_LPP_INPUT ; 0                   ; 0                         ; 0                    ; 0                    ; 1                             ; 1               ;
; fft_s2_cur.START_LPP          ; 0                   ; 0                         ; 0                    ; 1                    ; 0                             ; 1               ;
; fft_s2_cur.FIRST_LPP          ; 0                   ; 0                         ; 1                    ; 0                    ; 0                             ; 1               ;
; fft_s2_cur.LPP_OUTPUT_RDY     ; 0                   ; 1                         ; 0                    ; 0                    ; 0                             ; 1               ;
; fft_s2_cur.LPP_DONE           ; 1                   ; 0                         ; 0                    ; 0                    ; 0                             ; 1               ;
+-------------------------------+---------------------+---------------------------+----------------------+----------------------+-------------------------------+-----------------+


Encoding Type:  One-Hot
+---------------------------------------------------------------------------------------------------------------------------------------------------------------------------------------------------------+
; State Machine - |TransformFilter|fftfilter:u1|fft256:u0|asj_fft_si_sose_so_b_fft_121:asj_fft_si_sose_so_b_fft_121_inst|asj_fft_dft_bfp_sgl_fft_121:\gen_se:bfpdft|asj_fft_bfp_o_fft_121:bfp_detect|sdet ;
+------------------+----------------+--------------+-------------+------------------+---------------------------------------------------------------------------------------------------------------------+
; Name             ; sdet.BLOCK_GAP ; sdet.DISABLE ; sdet.ENABLE ; sdet.BLOCK_READY ; sdet.IDLE                                                                                                           ;
+------------------+----------------+--------------+-------------+------------------+---------------------------------------------------------------------------------------------------------------------+
; sdet.IDLE        ; 0              ; 0            ; 0           ; 0                ; 0                                                                                                                   ;
; sdet.BLOCK_READY ; 0              ; 0            ; 0           ; 1                ; 1                                                                                                                   ;
; sdet.ENABLE      ; 0              ; 0            ; 1           ; 0                ; 1                                                                                                                   ;
; sdet.DISABLE     ; 0              ; 1            ; 0           ; 0                ; 1                                                                                                                   ;
; sdet.BLOCK_GAP   ; 1              ; 0            ; 0           ; 0                ; 1                                                                                                                   ;
+------------------+----------------+--------------+-------------+------------------+---------------------------------------------------------------------------------------------------------------------+


Encoding Type:  One-Hot
+-----------------------------------------------------------------------------------------------------------------------------------------------------------------+
; State Machine - |TransformFilter|fftfilter:u1|fft256:u0|asj_fft_si_sose_so_b_fft_121:asj_fft_si_sose_so_b_fft_121_inst|asj_fft_m_k_counter_fft_121:ctrl|k_state ;
+-----------------------+--------------+-----------------------+-----------------+--------------------------------------------------------------------------------+
; Name                  ; k_state.HOLD ; k_state.NEXT_PASS_UPD ; k_state.RUN_CNT ; k_state.IDLE                                                                   ;
+-----------------------+--------------+-----------------------+-----------------+--------------------------------------------------------------------------------+
; k_state.IDLE          ; 0            ; 0                     ; 0               ; 0                                                                              ;
; k_state.RUN_CNT       ; 0            ; 0                     ; 1               ; 1                                                                              ;
; k_state.NEXT_PASS_UPD ; 0            ; 1                     ; 0               ; 1                                                                              ;
; k_state.HOLD          ; 1            ; 0                     ; 0               ; 1                                                                              ;
+-----------------------+--------------+-----------------------+-----------------+--------------------------------------------------------------------------------+


Encoding Type:  One-Hot
+---------------------------------------------------------------------------------------------------------------------------------------------------------------------------------------------------------+
; State Machine - |TransformFilter|fftfilter:u1|fft256:u0|asj_fft_si_sose_so_b_fft_121:asj_fft_si_sose_so_b_fft_121_inst|auk_dspip_avalon_streaming_source_fft_121:auk_dsp_atlantic_source_1|source_state ;
+---------------------+-------------------+---------------------+-------------------+------------------+--------------------------------------------------------------------------------------------------+
; Name                ; source_state.end1 ; source_state.st_err ; source_state.run1 ; source_state.sop ; source_state.start                                                                               ;
+---------------------+-------------------+---------------------+-------------------+------------------+--------------------------------------------------------------------------------------------------+
; source_state.start  ; 0                 ; 0                   ; 0                 ; 0                ; 0                                                                                                ;
; source_state.sop    ; 0                 ; 0                   ; 0                 ; 1                ; 1                                                                                                ;
; source_state.run1   ; 0                 ; 0                   ; 1                 ; 0                ; 1                                                                                                ;
; source_state.st_err ; 0                 ; 1                   ; 0                 ; 0                ; 1                                                                                                ;
; source_state.end1   ; 1                 ; 0                   ; 0                 ; 0                ; 1                                                                                                ;
+---------------------+-------------------+---------------------+-------------------+------------------+--------------------------------------------------------------------------------------------------+


Encoding Type:  One-Hot
+-------------------------------------------------------------------------------------------------------------------------------------------------------------------------------------------------------+
; State Machine - |TransformFilter|fftfilter:u1|fft256:u0|asj_fft_si_sose_so_b_fft_121:asj_fft_si_sose_so_b_fft_121_inst|auk_dspip_avalon_streaming_sink_fft_121:auk_dsp_atlantic_sink_1|sink_out_state ;
+------------------------------------+--------------------------------+------------------------------------+--------------------------------------------------------------------------------------------+
; Name                               ; sink_out_state.empty_and_ready ; sink_out_state.empty_and_not_ready ; sink_out_state.normal                                                                      ;
+------------------------------------+--------------------------------+------------------------------------+--------------------------------------------------------------------------------------------+
; sink_out_state.normal              ; 0                              ; 0                                  ; 0                                                                                          ;
; sink_out_state.empty_and_not_ready ; 0                              ; 1                                  ; 1                                                                                          ;
; sink_out_state.empty_and_ready     ; 1                              ; 0                                  ; 1                                                                                          ;
+------------------------------------+--------------------------------+------------------------------------+--------------------------------------------------------------------------------------------+


Encoding Type:  One-Hot
+---------------------------------------------------------------------------------------------------------------------------------------------------------------------------------------------------+
; State Machine - |TransformFilter|fftfilter:u1|fft256:u0|asj_fft_si_sose_so_b_fft_121:asj_fft_si_sose_so_b_fft_121_inst|auk_dspip_avalon_streaming_sink_fft_121:auk_dsp_atlantic_sink_1|sink_state ;
+-------------------+-----------------+-------------------+-----------------+------------------+----------------------------------------------------------------------------------------------------+
; Name              ; sink_state.end1 ; sink_state.st_err ; sink_state.run1 ; sink_state.stall ; sink_state.start                                                                                   ;
+-------------------+-----------------+-------------------+-----------------+------------------+----------------------------------------------------------------------------------------------------+
; sink_state.start  ; 0               ; 0                 ; 0               ; 0                ; 0                                                                                                  ;
; sink_state.stall  ; 0               ; 0                 ; 0               ; 1                ; 1                                                                                                  ;
; sink_state.run1   ; 0               ; 0                 ; 1               ; 0                ; 1                                                                                                  ;
; sink_state.st_err ; 0               ; 1                 ; 0               ; 0                ; 1                                                                                                  ;
; sink_state.end1   ; 1               ; 0                 ; 0               ; 0                ; 1                                                                                                  ;
+-------------------+-----------------+-------------------+-----------------+------------------+----------------------------------------------------------------------------------------------------+


+----------------------------------------------------------------------------------------------------------------------------------------------------------------------------------------------------------------------------------------------------------------------------------------------+
; Registers Protected by Synthesis                                                                                                                                                                                                                                                             ;
+------------------------------------------------------------------------------------------------------------------------------------------------------------------------------+------------------------------------------------------------------+--------------------------------------------+
; Register Name                                                                                                                                                                ; Protected by Synthesis Attribute or Preserve Register Assignment ; Not to be Touched by Netlist Optimizations ;
+------------------------------------------------------------------------------------------------------------------------------------------------------------------------------+------------------------------------------------------------------+--------------------------------------------+
; ifftout:u2|fft256:u0|asj_fft_si_sose_so_b_fft_121:asj_fft_si_sose_so_b_fft_121_inst|auk_dspip_avalon_streaming_controller_fft_121:auk_dsp_interface_controller_1|stall_reg   ; yes                                                              ; yes                                        ;
; fftfilter:u1|fft256:u0|asj_fft_si_sose_so_b_fft_121:asj_fft_si_sose_so_b_fft_121_inst|auk_dspip_avalon_streaming_controller_fft_121:auk_dsp_interface_controller_1|stall_reg ; yes                                                              ; yes                                        ;
+------------------------------------------------------------------------------------------------------------------------------------------------------------------------------+------------------------------------------------------------------+--------------------------------------------+


+--------------------------------------------------------------------------------------------------------------------------------------------------------------------------------------------------------------------------------------------------------------------------------------------------------------------------------------------------------------------------------------------------------------------------------------------------------------------------------------------------+
; Registers Removed During Synthesis                                                                                                                                                                                                                                                                                                                                                                                                                                                               ;
+----------------------------------------------------------------------------------------------------------------------------------------------------------------------------------------------------------------------------------------------------------------------------+---------------------------------------------------------------------------------------------------------------------------------------------------------------------------------------------------------------------+
; Register name                                                                                                                                                                                                                                                              ; Reason for Removal                                                                                                                                                                                                  ;
+----------------------------------------------------------------------------------------------------------------------------------------------------------------------------------------------------------------------------------------------------------------------------+---------------------------------------------------------------------------------------------------------------------------------------------------------------------------------------------------------------------+
; ifftout:u2|fft256:u0|asj_fft_si_sose_so_b_fft_121:asj_fft_si_sose_so_b_fft_121_inst|auk_dspip_avalon_streaming_sink_fft_121:auk_dsp_atlantic_sink_1|at_sink_sop_int                                                                                                        ; Lost fanout                                                                                                                                                                                                         ;
; ifftout:u2|fft256:u0|asj_fft_si_sose_so_b_fft_121:asj_fft_si_sose_so_b_fft_121_inst|auk_dspip_avalon_streaming_sink_fft_121:auk_dsp_atlantic_sink_1|at_sink_eop_int                                                                                                        ; Lost fanout                                                                                                                                                                                                         ;
; fftfilter:u1|fft256:u0|asj_fft_si_sose_so_b_fft_121:asj_fft_si_sose_so_b_fft_121_inst|auk_dspip_avalon_streaming_sink_fft_121:auk_dsp_atlantic_sink_1|at_sink_sop_int                                                                                                      ; Lost fanout                                                                                                                                                                                                         ;
; fftfilter:u1|fft256:u0|asj_fft_si_sose_so_b_fft_121:asj_fft_si_sose_so_b_fft_121_inst|auk_dspip_avalon_streaming_sink_fft_121:auk_dsp_atlantic_sink_1|at_sink_eop_int                                                                                                      ; Lost fanout                                                                                                                                                                                                         ;
; fftfilter:u1|fft256:u0|asj_fft_si_sose_so_b_fft_121:asj_fft_si_sose_so_b_fft_121_inst|auk_dspip_avalon_streaming_sink_fft_121:auk_dsp_atlantic_sink_1|at_sink_data_int[0..15]                                                                                              ; Stuck at GND due to stuck port data_in                                                                                                                                                                              ;
; ifftout:u2|fft256:u0|asj_fft_si_sose_so_b_fft_121:asj_fft_si_sose_so_b_fft_121_inst|fft_dirn                                                                                                                                                                               ; Stuck at VCC due to stuck port data_in                                                                                                                                                                              ;
; fftfilter:u1|fft256:u0|asj_fft_si_sose_so_b_fft_121:asj_fft_si_sose_so_b_fft_121_inst|fft_dirn                                                                                                                                                                             ; Stuck at GND due to stuck port data_in                                                                                                                                                                              ;
; ifftout:u2|fft256:u0|asj_fft_si_sose_so_b_fft_121:asj_fft_si_sose_so_b_fft_121_inst|asj_fft_dft_bfp_sgl_fft_121:\gen_se:bfpdft|asj_fft_cmult_can_fft_121:\gen_da0:gen_canonic:cm1|result_a_b_c_d_se[32..33]                                                                ; Lost fanout                                                                                                                                                                                                         ;
; ifftout:u2|fft256:u0|asj_fft_si_sose_so_b_fft_121:asj_fft_si_sose_so_b_fft_121_inst|asj_fft_dft_bfp_sgl_fft_121:\gen_se:bfpdft|asj_fft_cmult_can_fft_121:\gen_da0:gen_canonic:cm1|lpm_mult:\gen_ded_m1:gen_unext_m_a_b_c_d:m_a_b_c_d|mult_9t01:auto_generated|dffe3a[32]   ; Lost fanout                                                                                                                                                                                                         ;
; ifftout:u2|fft256:u0|asj_fft_si_sose_so_b_fft_121:asj_fft_si_sose_so_b_fft_121_inst|asj_fft_dft_bfp_sgl_fft_121:\gen_se:bfpdft|asj_fft_cmult_can_fft_121:\gen_da0:gen_canonic:cm1|addresult_ac_bd[32]                                                                      ; Lost fanout                                                                                                                                                                                                         ;
; fftfilter:u1|fft256:u0|asj_fft_si_sose_so_b_fft_121:asj_fft_si_sose_so_b_fft_121_inst|asj_fft_dft_bfp_sgl_fft_121:\gen_se:bfpdft|asj_fft_cmult_can_fft_121:\gen_da0:gen_canonic:cm1|result_a_b_c_d_se[32..33]                                                              ; Lost fanout                                                                                                                                                                                                         ;
; fftfilter:u1|fft256:u0|asj_fft_si_sose_so_b_fft_121:asj_fft_si_sose_so_b_fft_121_inst|asj_fft_dft_bfp_sgl_fft_121:\gen_se:bfpdft|asj_fft_cmult_can_fft_121:\gen_da0:gen_canonic:cm1|lpm_mult:\gen_ded_m1:gen_unext_m_a_b_c_d:m_a_b_c_d|mult_9t01:auto_generated|dffe3a[32] ; Lost fanout                                                                                                                                                                                                         ;
; fftfilter:u1|fft256:u0|asj_fft_si_sose_so_b_fft_121:asj_fft_si_sose_so_b_fft_121_inst|asj_fft_dft_bfp_sgl_fft_121:\gen_se:bfpdft|asj_fft_cmult_can_fft_121:\gen_da0:gen_canonic:cm1|addresult_ac_bd[32]                                                                    ; Lost fanout                                                                                                                                                                                                         ;
; ifftout:u2|fft256:u0|asj_fft_si_sose_so_b_fft_121:asj_fft_si_sose_so_b_fft_121_inst|asj_fft_dft_bfp_sgl_fft_121:\gen_se:bfpdft|asj_fft_cmult_can_fft_121:\gen_da0:gen_canonic:cm1|result_b_d_se[32]                                                                        ; Lost fanout                                                                                                                                                                                                         ;
; ifftout:u2|fft256:u0|asj_fft_si_sose_so_b_fft_121:asj_fft_si_sose_so_b_fft_121_inst|asj_fft_dft_bfp_sgl_fft_121:\gen_se:bfpdft|asj_fft_cmult_can_fft_121:\gen_da0:gen_canonic:cm1|result_a_c_se[32]                                                                        ; Lost fanout                                                                                                                                                                                                         ;
; fftfilter:u1|fft256:u0|asj_fft_si_sose_so_b_fft_121:asj_fft_si_sose_so_b_fft_121_inst|asj_fft_dft_bfp_sgl_fft_121:\gen_se:bfpdft|asj_fft_cmult_can_fft_121:\gen_da0:gen_canonic:cm1|result_b_d_se[32]                                                                      ; Lost fanout                                                                                                                                                                                                         ;
; fftfilter:u1|fft256:u0|asj_fft_si_sose_so_b_fft_121:asj_fft_si_sose_so_b_fft_121_inst|asj_fft_dft_bfp_sgl_fft_121:\gen_se:bfpdft|asj_fft_cmult_can_fft_121:\gen_da0:gen_canonic:cm1|result_a_c_se[32]                                                                      ; Lost fanout                                                                                                                                                                                                         ;
; ifftout:u2|fft256:u0|asj_fft_si_sose_so_b_fft_121:asj_fft_si_sose_so_b_fft_121_inst|auk_dspip_avalon_streaming_source_fft_121:auk_dsp_atlantic_source_1|source_stall_int_d                                                                                                 ; Merged with ifftout:u2|fft256:u0|asj_fft_si_sose_so_b_fft_121:asj_fft_si_sose_so_b_fft_121_inst|source_stall_d                                                                                                      ;
; ifftout:u2|fft256:u0|asj_fft_si_sose_so_b_fft_121:asj_fft_si_sose_so_b_fft_121_inst|exp_en                                                                                                                                                                                 ; Merged with ifftout:u2|fft256:u0|asj_fft_si_sose_so_b_fft_121:asj_fft_si_sose_so_b_fft_121_inst|sop_d                                                                                                               ;
; ifftout:u2|fft256:u0|asj_fft_si_sose_so_b_fft_121:asj_fft_si_sose_so_b_fft_121_inst|oe                                                                                                                                                                                     ; Merged with ifftout:u2|fft256:u0|asj_fft_si_sose_so_b_fft_121:asj_fft_si_sose_so_b_fft_121_inst|val_out                                                                                                             ;
; ifftout:u2|fft256:u0|asj_fft_si_sose_so_b_fft_121:asj_fft_si_sose_so_b_fft_121_inst|asj_fft_dft_bfp_sgl_fft_121:\gen_se:bfpdft|asj_fft_bfp_o_fft_121:bfp_detect|asj_fft_tdl_bit_fft_121:\gen_blk_float:gen_1_input_bfp_o:delay_next_pass|tdl_arr[0]                        ; Merged with ifftout:u2|fft256:u0|asj_fft_si_sose_so_b_fft_121:asj_fft_si_sose_so_b_fft_121_inst|asj_fft_bfp_ctrl_fft_121:\gen_se:bfpc|asj_fft_tdl_bit_fft_121:\gen_so_crtl:gen_se_so:delay_next_pass_2|tdl_arr[0]   ;
; ifftout:u2|fft256:u0|asj_fft_si_sose_so_b_fft_121:asj_fft_si_sose_so_b_fft_121_inst|asj_fft_dft_bfp_sgl_fft_121:\gen_se:bfpdft|si[2]                                                                                                                                       ; Merged with ifftout:u2|fft256:u0|asj_fft_si_sose_so_b_fft_121:asj_fft_si_sose_so_b_fft_121_inst|asj_fft_dft_bfp_sgl_fft_121:\gen_se:bfpdft|si[1]                                                                    ;
; ifftout:u2|fft256:u0|asj_fft_si_sose_so_b_fft_121:asj_fft_si_sose_so_b_fft_121_inst|asj_fft_dft_bfp_sgl_fft_121:\gen_se:bfpdft|sr[1..2]                                                                                                                                    ; Merged with ifftout:u2|fft256:u0|asj_fft_si_sose_so_b_fft_121:asj_fft_si_sose_so_b_fft_121_inst|asj_fft_dft_bfp_sgl_fft_121:\gen_se:bfpdft|si[1]                                                                    ;
; ifftout:u2|fft256:u0|asj_fft_si_sose_so_b_fft_121:asj_fft_si_sose_so_b_fft_121_inst|asj_fft_in_write_sgl_fft_121:writer|asj_fft_tdl_bit_rst_fft_121:\gen_soe:delay_swd|tdl_arr[0]                                                                                          ; Merged with ifftout:u2|fft256:u0|asj_fft_si_sose_so_b_fft_121:asj_fft_si_sose_so_b_fft_121_inst|asj_fft_in_write_sgl_fft_121:writer|wren[0]                                                                         ;
; fftfilter:u1|fft256:u0|asj_fft_si_sose_so_b_fft_121:asj_fft_si_sose_so_b_fft_121_inst|auk_dspip_avalon_streaming_source_fft_121:auk_dsp_atlantic_source_1|source_stall_int_d                                                                                               ; Merged with fftfilter:u1|fft256:u0|asj_fft_si_sose_so_b_fft_121:asj_fft_si_sose_so_b_fft_121_inst|source_stall_d                                                                                                    ;
; fftfilter:u1|fft256:u0|asj_fft_si_sose_so_b_fft_121:asj_fft_si_sose_so_b_fft_121_inst|exp_en                                                                                                                                                                               ; Merged with fftfilter:u1|fft256:u0|asj_fft_si_sose_so_b_fft_121:asj_fft_si_sose_so_b_fft_121_inst|sop_d                                                                                                             ;
; fftfilter:u1|fft256:u0|asj_fft_si_sose_so_b_fft_121:asj_fft_si_sose_so_b_fft_121_inst|oe                                                                                                                                                                                   ; Merged with fftfilter:u1|fft256:u0|asj_fft_si_sose_so_b_fft_121:asj_fft_si_sose_so_b_fft_121_inst|val_out                                                                                                           ;
; fftfilter:u1|fft256:u0|asj_fft_si_sose_so_b_fft_121:asj_fft_si_sose_so_b_fft_121_inst|asj_fft_dft_bfp_sgl_fft_121:\gen_se:bfpdft|asj_fft_bfp_o_fft_121:bfp_detect|asj_fft_tdl_bit_fft_121:\gen_blk_float:gen_1_input_bfp_o:delay_next_pass|tdl_arr[0]                      ; Merged with fftfilter:u1|fft256:u0|asj_fft_si_sose_so_b_fft_121:asj_fft_si_sose_so_b_fft_121_inst|asj_fft_bfp_ctrl_fft_121:\gen_se:bfpc|asj_fft_tdl_bit_fft_121:\gen_so_crtl:gen_se_so:delay_next_pass_2|tdl_arr[0] ;
; fftfilter:u1|fft256:u0|asj_fft_si_sose_so_b_fft_121:asj_fft_si_sose_so_b_fft_121_inst|asj_fft_dft_bfp_sgl_fft_121:\gen_se:bfpdft|si[2]                                                                                                                                     ; Merged with fftfilter:u1|fft256:u0|asj_fft_si_sose_so_b_fft_121:asj_fft_si_sose_so_b_fft_121_inst|asj_fft_dft_bfp_sgl_fft_121:\gen_se:bfpdft|si[1]                                                                  ;
; fftfilter:u1|fft256:u0|asj_fft_si_sose_so_b_fft_121:asj_fft_si_sose_so_b_fft_121_inst|asj_fft_dft_bfp_sgl_fft_121:\gen_se:bfpdft|sr[1..2]                                                                                                                                  ; Merged with fftfilter:u1|fft256:u0|asj_fft_si_sose_so_b_fft_121:asj_fft_si_sose_so_b_fft_121_inst|asj_fft_dft_bfp_sgl_fft_121:\gen_se:bfpdft|si[1]                                                                  ;
; fftfilter:u1|fft256:u0|asj_fft_si_sose_so_b_fft_121:asj_fft_si_sose_so_b_fft_121_inst|asj_fft_in_write_sgl_fft_121:writer|asj_fft_tdl_bit_rst_fft_121:\gen_soe:delay_swd|tdl_arr[0]                                                                                        ; Merged with fftfilter:u1|fft256:u0|asj_fft_si_sose_so_b_fft_121:asj_fft_si_sose_so_b_fft_121_inst|asj_fft_in_write_sgl_fft_121:writer|wren[0]                                                                       ;
; ifftout:u2|fft256:u0|asj_fft_si_sose_so_b_fft_121:asj_fft_si_sose_so_b_fft_121_inst|asj_fft_dft_bfp_sgl_fft_121:\gen_se:bfpdft|x_4_imag_held[16]                                                                                                                           ; Merged with ifftout:u2|fft256:u0|asj_fft_si_sose_so_b_fft_121:asj_fft_si_sose_so_b_fft_121_inst|asj_fft_dft_bfp_sgl_fft_121:\gen_se:bfpdft|x_4_imag_held[15]                                                        ;
; ifftout:u2|fft256:u0|asj_fft_si_sose_so_b_fft_121:asj_fft_si_sose_so_b_fft_121_inst|asj_fft_dft_bfp_sgl_fft_121:\gen_se:bfpdft|x_3_imag_held[16]                                                                                                                           ; Merged with ifftout:u2|fft256:u0|asj_fft_si_sose_so_b_fft_121:asj_fft_si_sose_so_b_fft_121_inst|asj_fft_dft_bfp_sgl_fft_121:\gen_se:bfpdft|x_3_imag_held[15]                                                        ;
; ifftout:u2|fft256:u0|asj_fft_si_sose_so_b_fft_121:asj_fft_si_sose_so_b_fft_121_inst|asj_fft_dft_bfp_sgl_fft_121:\gen_se:bfpdft|x_2_imag_held[16]                                                                                                                           ; Merged with ifftout:u2|fft256:u0|asj_fft_si_sose_so_b_fft_121:asj_fft_si_sose_so_b_fft_121_inst|asj_fft_dft_bfp_sgl_fft_121:\gen_se:bfpdft|x_2_imag_held[15]                                                        ;
; ifftout:u2|fft256:u0|asj_fft_si_sose_so_b_fft_121:asj_fft_si_sose_so_b_fft_121_inst|asj_fft_dft_bfp_sgl_fft_121:\gen_se:bfpdft|x_1_imag_held[16]                                                                                                                           ; Merged with ifftout:u2|fft256:u0|asj_fft_si_sose_so_b_fft_121:asj_fft_si_sose_so_b_fft_121_inst|asj_fft_dft_bfp_sgl_fft_121:\gen_se:bfpdft|x_1_imag_held[15]                                                        ;
; ifftout:u2|fft256:u0|asj_fft_si_sose_so_b_fft_121:asj_fft_si_sose_so_b_fft_121_inst|asj_fft_dft_bfp_sgl_fft_121:\gen_se:bfpdft|x_4_real_held[16]                                                                                                                           ; Merged with ifftout:u2|fft256:u0|asj_fft_si_sose_so_b_fft_121:asj_fft_si_sose_so_b_fft_121_inst|asj_fft_dft_bfp_sgl_fft_121:\gen_se:bfpdft|x_4_real_held[15]                                                        ;
; ifftout:u2|fft256:u0|asj_fft_si_sose_so_b_fft_121:asj_fft_si_sose_so_b_fft_121_inst|asj_fft_dft_bfp_sgl_fft_121:\gen_se:bfpdft|x_3_real_held[16]                                                                                                                           ; Merged with ifftout:u2|fft256:u0|asj_fft_si_sose_so_b_fft_121:asj_fft_si_sose_so_b_fft_121_inst|asj_fft_dft_bfp_sgl_fft_121:\gen_se:bfpdft|x_3_real_held[15]                                                        ;
; ifftout:u2|fft256:u0|asj_fft_si_sose_so_b_fft_121:asj_fft_si_sose_so_b_fft_121_inst|asj_fft_dft_bfp_sgl_fft_121:\gen_se:bfpdft|x_2_real_held[16]                                                                                                                           ; Merged with ifftout:u2|fft256:u0|asj_fft_si_sose_so_b_fft_121:asj_fft_si_sose_so_b_fft_121_inst|asj_fft_dft_bfp_sgl_fft_121:\gen_se:bfpdft|x_2_real_held[15]                                                        ;
; ifftout:u2|fft256:u0|asj_fft_si_sose_so_b_fft_121:asj_fft_si_sose_so_b_fft_121_inst|asj_fft_dft_bfp_sgl_fft_121:\gen_se:bfpdft|x_1_real_held[16]                                                                                                                           ; Merged with ifftout:u2|fft256:u0|asj_fft_si_sose_so_b_fft_121:asj_fft_si_sose_so_b_fft_121_inst|asj_fft_dft_bfp_sgl_fft_121:\gen_se:bfpdft|x_1_real_held[15]                                                        ;
; fftfilter:u1|fft256:u0|asj_fft_si_sose_so_b_fft_121:asj_fft_si_sose_so_b_fft_121_inst|asj_fft_dft_bfp_sgl_fft_121:\gen_se:bfpdft|x_4_imag_held[16]                                                                                                                         ; Merged with fftfilter:u1|fft256:u0|asj_fft_si_sose_so_b_fft_121:asj_fft_si_sose_so_b_fft_121_inst|asj_fft_dft_bfp_sgl_fft_121:\gen_se:bfpdft|x_4_imag_held[15]                                                      ;
; fftfilter:u1|fft256:u0|asj_fft_si_sose_so_b_fft_121:asj_fft_si_sose_so_b_fft_121_inst|asj_fft_dft_bfp_sgl_fft_121:\gen_se:bfpdft|x_3_imag_held[16]                                                                                                                         ; Merged with fftfilter:u1|fft256:u0|asj_fft_si_sose_so_b_fft_121:asj_fft_si_sose_so_b_fft_121_inst|asj_fft_dft_bfp_sgl_fft_121:\gen_se:bfpdft|x_3_imag_held[15]                                                      ;
; fftfilter:u1|fft256:u0|asj_fft_si_sose_so_b_fft_121:asj_fft_si_sose_so_b_fft_121_inst|asj_fft_dft_bfp_sgl_fft_121:\gen_se:bfpdft|x_2_imag_held[16]                                                                                                                         ; Merged with fftfilter:u1|fft256:u0|asj_fft_si_sose_so_b_fft_121:asj_fft_si_sose_so_b_fft_121_inst|asj_fft_dft_bfp_sgl_fft_121:\gen_se:bfpdft|x_2_imag_held[15]                                                      ;
; fftfilter:u1|fft256:u0|asj_fft_si_sose_so_b_fft_121:asj_fft_si_sose_so_b_fft_121_inst|asj_fft_dft_bfp_sgl_fft_121:\gen_se:bfpdft|x_1_imag_held[16]                                                                                                                         ; Merged with fftfilter:u1|fft256:u0|asj_fft_si_sose_so_b_fft_121:asj_fft_si_sose_so_b_fft_121_inst|asj_fft_dft_bfp_sgl_fft_121:\gen_se:bfpdft|x_1_imag_held[15]                                                      ;
; fftfilter:u1|fft256:u0|asj_fft_si_sose_so_b_fft_121:asj_fft_si_sose_so_b_fft_121_inst|asj_fft_dft_bfp_sgl_fft_121:\gen_se:bfpdft|x_4_real_held[16]                                                                                                                         ; Merged with fftfilter:u1|fft256:u0|asj_fft_si_sose_so_b_fft_121:asj_fft_si_sose_so_b_fft_121_inst|asj_fft_dft_bfp_sgl_fft_121:\gen_se:bfpdft|x_4_real_held[15]                                                      ;
; fftfilter:u1|fft256:u0|asj_fft_si_sose_so_b_fft_121:asj_fft_si_sose_so_b_fft_121_inst|asj_fft_dft_bfp_sgl_fft_121:\gen_se:bfpdft|x_3_real_held[16]                                                                                                                         ; Merged with fftfilter:u1|fft256:u0|asj_fft_si_sose_so_b_fft_121:asj_fft_si_sose_so_b_fft_121_inst|asj_fft_dft_bfp_sgl_fft_121:\gen_se:bfpdft|x_3_real_held[15]                                                      ;
; fftfilter:u1|fft256:u0|asj_fft_si_sose_so_b_fft_121:asj_fft_si_sose_so_b_fft_121_inst|asj_fft_dft_bfp_sgl_fft_121:\gen_se:bfpdft|x_2_real_held[16]                                                                                                                         ; Merged with fftfilter:u1|fft256:u0|asj_fft_si_sose_so_b_fft_121:asj_fft_si_sose_so_b_fft_121_inst|asj_fft_dft_bfp_sgl_fft_121:\gen_se:bfpdft|x_2_real_held[15]                                                      ;
; fftfilter:u1|fft256:u0|asj_fft_si_sose_so_b_fft_121:asj_fft_si_sose_so_b_fft_121_inst|asj_fft_dft_bfp_sgl_fft_121:\gen_se:bfpdft|x_1_real_held[16]                                                                                                                         ; Merged with fftfilter:u1|fft256:u0|asj_fft_si_sose_so_b_fft_121:asj_fft_si_sose_so_b_fft_121_inst|asj_fft_dft_bfp_sgl_fft_121:\gen_se:bfpdft|x_1_real_held[15]                                                      ;
; ifftout:u2|fft256:u0|asj_fft_si_sose_so_b_fft_121:asj_fft_si_sose_so_b_fft_121_inst|auk_dspip_avalon_streaming_source_fft_121:auk_dsp_atlantic_source_1|data_count_int1[0..7]                                                                                              ; Stuck at GND due to stuck port clock_enable                                                                                                                                                                         ;
; ifftout:u2|fft256:u0|asj_fft_si_sose_so_b_fft_121:asj_fft_si_sose_so_b_fft_121_inst|auk_dspip_avalon_streaming_source_fft_121:auk_dsp_atlantic_source_1|data_int1[22..37]                                                                                                  ; Stuck at GND due to stuck port clock_enable                                                                                                                                                                         ;
; fftfilter:u1|fft256:u0|asj_fft_si_sose_so_b_fft_121:asj_fft_si_sose_so_b_fft_121_inst|auk_dspip_avalon_streaming_source_fft_121:auk_dsp_atlantic_source_1|data_count_int1[0..7]                                                                                            ; Stuck at GND due to stuck port clock_enable                                                                                                                                                                         ;
; fftfilter:u1|fft256:u0|asj_fft_si_sose_so_b_fft_121:asj_fft_si_sose_so_b_fft_121_inst|auk_dspip_avalon_streaming_source_fft_121:auk_dsp_atlantic_source_1|data_int1[6..37]                                                                                                 ; Stuck at GND due to stuck port clock_enable                                                                                                                                                                         ;
; ifftout:u2|fft256:u0|asj_fft_si_sose_so_b_fft_121:asj_fft_si_sose_so_b_fft_121_inst|auk_dspip_avalon_streaming_source_fft_121:auk_dsp_atlantic_source_1|valid_ctrl_int1                                                                                                    ; Stuck at GND due to stuck port data_in                                                                                                                                                                              ;
; fftfilter:u1|fft256:u0|asj_fft_si_sose_so_b_fft_121:asj_fft_si_sose_so_b_fft_121_inst|auk_dspip_avalon_streaming_source_fft_121:auk_dsp_atlantic_source_1|valid_ctrl_int1                                                                                                  ; Stuck at GND due to stuck port data_in                                                                                                                                                                              ;
; ifftout:u2|fft256:u0|asj_fft_si_sose_so_b_fft_121:asj_fft_si_sose_so_b_fft_121_inst|auk_dspip_avalon_streaming_source_fft_121:auk_dsp_atlantic_source_1|first_data                                                                                                         ; Stuck at GND due to stuck port data_in                                                                                                                                                                              ;
; fftfilter:u1|fft256:u0|asj_fft_si_sose_so_b_fft_121:asj_fft_si_sose_so_b_fft_121_inst|auk_dspip_avalon_streaming_source_fft_121:auk_dsp_atlantic_source_1|first_data                                                                                                       ; Stuck at GND due to stuck port data_in                                                                                                                                                                              ;
; ifftout:u2|fft256:u0|asj_fft_si_sose_so_b_fft_121:asj_fft_si_sose_so_b_fft_121_inst|asj_fft_twadsogen_q_fft_121:\gen_se:gen_new:twid_factors|twad_tempe[0]                                                                                                                 ; Merged with ifftout:u2|fft256:u0|asj_fft_si_sose_so_b_fft_121:asj_fft_si_sose_so_b_fft_121_inst|asj_fft_twadsogen_q_fft_121:\gen_se:gen_new:twid_factors|twad_tempo[0]                                              ;
; fftfilter:u1|fft256:u0|asj_fft_si_sose_so_b_fft_121:asj_fft_si_sose_so_b_fft_121_inst|asj_fft_twadsogen_q_fft_121:\gen_se:gen_new:twid_factors|twad_tempe[0]                                                                                                               ; Merged with fftfilter:u1|fft256:u0|asj_fft_si_sose_so_b_fft_121:asj_fft_si_sose_so_b_fft_121_inst|asj_fft_twadsogen_q_fft_121:\gen_se:gen_new:twid_factors|twad_tempo[0]                                            ;
; window:u0|count_addr[0]                                                                                                                                                                                                                                                    ; Merged with window:u0|count[0]                                                                                                                                                                                      ;
; window:u0|count_addr[1]                                                                                                                                                                                                                                                    ; Merged with window:u0|count[1]                                                                                                                                                                                      ;
; ifftout:u2|fft256:u0|asj_fft_si_sose_so_b_fft_121:asj_fft_si_sose_so_b_fft_121_inst|source_stall_d                                                                                                                                                                         ; Stuck at GND due to stuck port data_in                                                                                                                                                                              ;
; fftfilter:u1|fft256:u0|asj_fft_si_sose_so_b_fft_121:asj_fft_si_sose_so_b_fft_121_inst|source_stall_d                                                                                                                                                                       ; Stuck at GND due to stuck port data_in                                                                                                                                                                              ;
; fftfilter:u1|fft256:u0|asj_fft_si_sose_so_b_fft_121:asj_fft_si_sose_so_b_fft_121_inst|auk_dspip_avalon_streaming_controller_fft_121:auk_dsp_interface_controller_1|source_stall_reg                                                                                        ; Merged with ifftout:u2|fft256:u0|asj_fft_si_sose_so_b_fft_121:asj_fft_si_sose_so_b_fft_121_inst|auk_dspip_avalon_streaming_controller_fft_121:auk_dsp_interface_controller_1|source_stall_reg                       ;
; ifftout:u2|fft256:u0|asj_fft_si_sose_so_b_fft_121:asj_fft_si_sose_so_b_fft_121_inst|auk_dspip_avalon_streaming_sink_fft_121:auk_dsp_atlantic_sink_1|sink_out_state.empty_and_not_ready                                                                                     ; Lost fanout                                                                                                                                                                                                         ;
; fftfilter:u1|fft256:u0|asj_fft_si_sose_so_b_fft_121:asj_fft_si_sose_so_b_fft_121_inst|auk_dspip_avalon_streaming_sink_fft_121:auk_dsp_atlantic_sink_1|sink_out_state.empty_and_not_ready                                                                                   ; Lost fanout                                                                                                                                                                                                         ;
; fftfilter:u1|fft256:u0|asj_fft_si_sose_so_b_fft_121:asj_fft_si_sose_so_b_fft_121_inst|asj_fft_dft_bfp_sgl_fft_121:\gen_se:bfpdft|asj_fft_bfp_o_fft_121:bfp_detect|sdet.BLOCK_GAP                                                                                           ; Stuck at GND due to stuck port data_in                                                                                                                                                                              ;
; ifftout:u2|fft256:u0|asj_fft_si_sose_so_b_fft_121:asj_fft_si_sose_so_b_fft_121_inst|asj_fft_dft_bfp_sgl_fft_121:\gen_se:bfpdft|asj_fft_bfp_o_fft_121:bfp_detect|sdet.BLOCK_GAP                                                                                             ; Stuck at GND due to stuck port data_in                                                                                                                                                                              ;
; fftfilter:u1|fft256:u0|asj_fft_si_sose_so_b_fft_121:asj_fft_si_sose_so_b_fft_121_inst|asj_fft_m_k_counter_fft_121:ctrl|k[8..9]                                                                                                                                             ; Lost fanout                                                                                                                                                                                                         ;
; ifftout:u2|fft256:u0|asj_fft_si_sose_so_b_fft_121:asj_fft_si_sose_so_b_fft_121_inst|asj_fft_m_k_counter_fft_121:ctrl|k[8..9]                                                                                                                                               ; Lost fanout                                                                                                                                                                                                         ;
; fftfilter:u1|fft256:u0|asj_fft_si_sose_so_b_fft_121:asj_fft_si_sose_so_b_fft_121_inst|asj_fft_in_write_sgl_fft_121:writer|wren[0]                                                                                                                                          ; Merged with fftfilter:u1|fft256:u0|asj_fft_si_sose_so_b_fft_121:asj_fft_si_sose_so_b_fft_121_inst|fft_s2_cur.IDLE                                                                                                   ;
; ifftout:u2|fft256:u0|asj_fft_si_sose_so_b_fft_121:asj_fft_si_sose_so_b_fft_121_inst|asj_fft_in_write_sgl_fft_121:writer|wren[0]                                                                                                                                            ; Merged with ifftout:u2|fft256:u0|asj_fft_si_sose_so_b_fft_121:asj_fft_si_sose_so_b_fft_121_inst|fft_s2_cur.IDLE                                                                                                     ;
; Total Number of Removed Registers = 151                                                                                                                                                                                                                                    ;                                                                                                                                                                                                                     ;
+----------------------------------------------------------------------------------------------------------------------------------------------------------------------------------------------------------------------------------------------------------------------------+---------------------------------------------------------------------------------------------------------------------------------------------------------------------------------------------------------------------+


+-------------------------------------------------------------------------------------------------------------------------------------------------------------------------------------------------------------------------------------------------------------------------------------------------------------------------------------------------------------------------------------------------------------------------------------------------------------------------------------------------------------+
; Removed Registers Triggering Further Register Optimizations                                                                                                                                                                                                                                                                                                                                                                                                                                                 ;
+-----------------------------------------------------------------------------------------------------------------------------------------------------------------------------------------------------------+--------------------+----------------------------------------------------------------------------------------------------------------------------------------------------------------------------------------------------------------------------------------------------------------------------+
; Register name                                                                                                                                                                                             ; Reason for Removal ; Registers Removed due to This Register                                                                                                                                                                                                                                     ;
+-----------------------------------------------------------------------------------------------------------------------------------------------------------------------------------------------------------+--------------------+----------------------------------------------------------------------------------------------------------------------------------------------------------------------------------------------------------------------------------------------------------------------------+
; ifftout:u2|fft256:u0|asj_fft_si_sose_so_b_fft_121:asj_fft_si_sose_so_b_fft_121_inst|asj_fft_dft_bfp_sgl_fft_121:\gen_se:bfpdft|asj_fft_cmult_can_fft_121:\gen_da0:gen_canonic:cm1|result_a_b_c_d_se[32]   ; Lost Fanouts       ; ifftout:u2|fft256:u0|asj_fft_si_sose_so_b_fft_121:asj_fft_si_sose_so_b_fft_121_inst|asj_fft_dft_bfp_sgl_fft_121:\gen_se:bfpdft|asj_fft_cmult_can_fft_121:\gen_da0:gen_canonic:cm1|lpm_mult:\gen_ded_m1:gen_unext_m_a_b_c_d:m_a_b_c_d|mult_9t01:auto_generated|dffe3a[32]   ;
; ifftout:u2|fft256:u0|asj_fft_si_sose_so_b_fft_121:asj_fft_si_sose_so_b_fft_121_inst|asj_fft_dft_bfp_sgl_fft_121:\gen_se:bfpdft|asj_fft_cmult_can_fft_121:\gen_da0:gen_canonic:cm1|addresult_ac_bd[32]     ; Lost Fanouts       ; ifftout:u2|fft256:u0|asj_fft_si_sose_so_b_fft_121:asj_fft_si_sose_so_b_fft_121_inst|asj_fft_dft_bfp_sgl_fft_121:\gen_se:bfpdft|asj_fft_cmult_can_fft_121:\gen_da0:gen_canonic:cm1|result_b_d_se[32]                                                                        ;
; fftfilter:u1|fft256:u0|asj_fft_si_sose_so_b_fft_121:asj_fft_si_sose_so_b_fft_121_inst|asj_fft_dft_bfp_sgl_fft_121:\gen_se:bfpdft|asj_fft_cmult_can_fft_121:\gen_da0:gen_canonic:cm1|result_a_b_c_d_se[32] ; Lost Fanouts       ; fftfilter:u1|fft256:u0|asj_fft_si_sose_so_b_fft_121:asj_fft_si_sose_so_b_fft_121_inst|asj_fft_dft_bfp_sgl_fft_121:\gen_se:bfpdft|asj_fft_cmult_can_fft_121:\gen_da0:gen_canonic:cm1|lpm_mult:\gen_ded_m1:gen_unext_m_a_b_c_d:m_a_b_c_d|mult_9t01:auto_generated|dffe3a[32] ;
; fftfilter:u1|fft256:u0|asj_fft_si_sose_so_b_fft_121:asj_fft_si_sose_so_b_fft_121_inst|asj_fft_dft_bfp_sgl_fft_121:\gen_se:bfpdft|asj_fft_cmult_can_fft_121:\gen_da0:gen_canonic:cm1|addresult_ac_bd[32]   ; Lost Fanouts       ; fftfilter:u1|fft256:u0|asj_fft_si_sose_so_b_fft_121:asj_fft_si_sose_so_b_fft_121_inst|asj_fft_dft_bfp_sgl_fft_121:\gen_se:bfpdft|asj_fft_cmult_can_fft_121:\gen_da0:gen_canonic:cm1|result_b_d_se[32]                                                                      ;
+-----------------------------------------------------------------------------------------------------------------------------------------------------------------------------------------------------------+--------------------+----------------------------------------------------------------------------------------------------------------------------------------------------------------------------------------------------------------------------------------------------------------------------+


+------------------------------------------------------+
; General Register Statistics                          ;
+----------------------------------------------+-------+
; Statistic                                    ; Value ;
+----------------------------------------------+-------+
; Total registers                              ; 3273  ;
; Number of registers using Synchronous Clear  ; 258   ;
; Number of registers using Synchronous Load   ; 99    ;
; Number of registers using Asynchronous Clear ; 960   ;
; Number of registers using Asynchronous Load  ; 0     ;
; Number of registers using Clock Enable       ; 3023  ;
; Number of registers using Preset             ; 0     ;
+----------------------------------------------+-------+


+---------------------------------------------------------------------------------------------------------------------------------------------------------------------------------------------+
; Inverted Register Statistics                                                                                                                                                                ;
+-----------------------------------------------------------------------------------------------------------------------------------------------------------------------------------+---------+
; Inverted Register                                                                                                                                                                 ; Fan out ;
+-----------------------------------------------------------------------------------------------------------------------------------------------------------------------------------+---------+
; window:u0|count_addr[4]                                                                                                                                                           ; 7       ;
; window:u0|count_addr[2]                                                                                                                                                           ; 7       ;
; window:u0|count_addr[6]                                                                                                                                                           ; 7       ;
; window:u0|count_addr[7]                                                                                                                                                           ; 10      ;
; ifftout:u2|fft256:u0|asj_fft_si_sose_so_b_fft_121:asj_fft_si_sose_so_b_fft_121_inst|auk_dspip_avalon_streaming_controller_fft_121:auk_dsp_interface_controller_1|sink_stall_reg   ; 2       ;
; ifftout:u2|fft256:u0|asj_fft_si_sose_so_b_fft_121:asj_fft_si_sose_so_b_fft_121_inst|auk_dspip_avalon_streaming_controller_fft_121:auk_dsp_interface_controller_1|source_stall_reg ; 4       ;
; ifftout:u2|fft256:u0|asj_fft_si_sose_so_b_fft_121:asj_fft_si_sose_so_b_fft_121_inst|sop                                                                                           ; 3       ;
; ifftout:u2|fft256:u0|asj_fft_si_sose_so_b_fft_121:asj_fft_si_sose_so_b_fft_121_inst|auk_dspip_avalon_streaming_controller_fft_121:auk_dsp_interface_controller_1|stall_reg        ; 1       ;
; fftfilter:u1|altshift_taps:xkre0_rtl_0|shift_taps_ckm:auto_generated|dffe6                                                                                                        ; 32      ;
; fftfilter:u1|fft256:u0|asj_fft_si_sose_so_b_fft_121:asj_fft_si_sose_so_b_fft_121_inst|auk_dspip_avalon_streaming_controller_fft_121:auk_dsp_interface_controller_1|sink_stall_reg ; 2       ;
; fftfilter:u1|fft256:u0|asj_fft_si_sose_so_b_fft_121:asj_fft_si_sose_so_b_fft_121_inst|sop                                                                                         ; 3       ;
; fftfilter:u1|fft256:u0|asj_fft_si_sose_so_b_fft_121:asj_fft_si_sose_so_b_fft_121_inst|auk_dspip_avalon_streaming_controller_fft_121:auk_dsp_interface_controller_1|stall_reg      ; 1       ;
; Total number of inverted registers = 12                                                                                                                                           ;         ;
+-----------------------------------------------------------------------------------------------------------------------------------------------------------------------------------+---------+


+--------------------------------------------------------------------------------------------------------------------------------------------------------------------------------------------------------------------------------------------------------------------------------------------------------------------+
; Multiplexer Restructuring Statistics (Restructuring Performed)                                                                                                                                                                                                                                                     ;
+--------------------+-----------+---------------+----------------------+------------------------+------------+------------------------------------------------------------------------------------------------------------------------------------------------------------------------------------------------------+
; Multiplexer Inputs ; Bus Width ; Baseline Area ; Area if Restructured ; Saving if Restructured ; Registered ; Example Multiplexer Output                                                                                                                                                                           ;
+--------------------+-----------+---------------+----------------------+------------------------+------------+------------------------------------------------------------------------------------------------------------------------------------------------------------------------------------------------------+
; 3:1                ; 17 bits   ; 34 LEs        ; 17 LEs               ; 17 LEs                 ; Yes        ; |TransformFilter|ifftout:u2|fft256:u0|asj_fft_si_sose_so_b_fft_121:asj_fft_si_sose_so_b_fft_121_inst|fft_real_out[1]                                                                                 ;
; 3:1                ; 33 bits   ; 66 LEs        ; 33 LEs               ; 33 LEs                 ; Yes        ; |TransformFilter|fftfilter:u1|fft256:u0|asj_fft_si_sose_so_b_fft_121:asj_fft_si_sose_so_b_fft_121_inst|fft_imag_out[10]                                                                              ;
; 3:1                ; 32 bits   ; 64 LEs        ; 32 LEs               ; 32 LEs                 ; Yes        ; |TransformFilter|fftfilter:u1|sum[30]                                                                                                                                                                ;
; 3:1                ; 4 bits    ; 8 LEs         ; 4 LEs                ; 4 LEs                  ; Yes        ; |TransformFilter|ifftout:u2|fft256:u0|asj_fft_si_sose_so_b_fft_121:asj_fft_si_sose_so_b_fft_121_inst|asj_fft_dft_bfp_sgl_fft_121:\gen_se:bfpdft|asj_fft_bfp_o_fft_121:bfp_detect|slb_i[2]            ;
; 3:1                ; 4 bits    ; 8 LEs         ; 4 LEs                ; 4 LEs                  ; Yes        ; |TransformFilter|ifftout:u2|fft256:u0|asj_fft_si_sose_so_b_fft_121:asj_fft_si_sose_so_b_fft_121_inst|asj_fft_dft_bfp_sgl_fft_121:\gen_se:bfpdft|asj_fft_bfp_o_fft_121:bfp_detect|gain_lut_blk[0]     ;
; 3:1                ; 4 bits    ; 8 LEs         ; 4 LEs                ; 4 LEs                  ; Yes        ; |TransformFilter|ifftout:u2|fft256:u0|asj_fft_si_sose_so_b_fft_121:asj_fft_si_sose_so_b_fft_121_inst|asj_fft_dft_bfp_sgl_fft_121:\gen_se:bfpdft|asj_fft_bfp_o_fft_121:bfp_detect|gain_lut_8pts[3]    ;
; 3:1                ; 4 bits    ; 8 LEs         ; 4 LEs                ; 4 LEs                  ; Yes        ; |TransformFilter|fftfilter:u1|fft256:u0|asj_fft_si_sose_so_b_fft_121:asj_fft_si_sose_so_b_fft_121_inst|asj_fft_dft_bfp_sgl_fft_121:\gen_se:bfpdft|asj_fft_bfp_o_fft_121:bfp_detect|slb_i[0]          ;
; 3:1                ; 4 bits    ; 8 LEs         ; 4 LEs                ; 4 LEs                  ; Yes        ; |TransformFilter|fftfilter:u1|fft256:u0|asj_fft_si_sose_so_b_fft_121:asj_fft_si_sose_so_b_fft_121_inst|asj_fft_dft_bfp_sgl_fft_121:\gen_se:bfpdft|asj_fft_bfp_o_fft_121:bfp_detect|gain_lut_blk[0]   ;
; 3:1                ; 4 bits    ; 8 LEs         ; 4 LEs                ; 4 LEs                  ; Yes        ; |TransformFilter|fftfilter:u1|fft256:u0|asj_fft_si_sose_so_b_fft_121:asj_fft_si_sose_so_b_fft_121_inst|asj_fft_dft_bfp_sgl_fft_121:\gen_se:bfpdft|asj_fft_bfp_o_fft_121:bfp_detect|gain_lut_8pts[3]  ;
; 3:1                ; 32 bits   ; 64 LEs        ; 32 LEs               ; 32 LEs                 ; Yes        ; |TransformFilter|ifftout:u2|fft256:u0|asj_fft_si_sose_so_b_fft_121:asj_fft_si_sose_so_b_fft_121_inst|asj_fft_dft_bfp_sgl_fft_121:\gen_se:bfpdft|butterfly_st1[3][1][6]                               ;
; 3:1                ; 32 bits   ; 64 LEs        ; 32 LEs               ; 32 LEs                 ; Yes        ; |TransformFilter|ifftout:u2|fft256:u0|asj_fft_si_sose_so_b_fft_121:asj_fft_si_sose_so_b_fft_121_inst|asj_fft_dft_bfp_sgl_fft_121:\gen_se:bfpdft|butterfly_st1[1][0][11]                              ;
; 3:1                ; 32 bits   ; 64 LEs        ; 32 LEs               ; 32 LEs                 ; Yes        ; |TransformFilter|ifftout:u2|fft256:u0|asj_fft_si_sose_so_b_fft_121:asj_fft_si_sose_so_b_fft_121_inst|asj_fft_dft_bfp_sgl_fft_121:\gen_se:bfpdft|butterfly_st1[2][1][8]                               ;
; 3:1                ; 32 bits   ; 64 LEs        ; 32 LEs               ; 32 LEs                 ; Yes        ; |TransformFilter|fftfilter:u1|fft256:u0|asj_fft_si_sose_so_b_fft_121:asj_fft_si_sose_so_b_fft_121_inst|asj_fft_dft_bfp_sgl_fft_121:\gen_se:bfpdft|butterfly_st1[3][0][10]                            ;
; 3:1                ; 32 bits   ; 64 LEs        ; 32 LEs               ; 32 LEs                 ; Yes        ; |TransformFilter|fftfilter:u1|fft256:u0|asj_fft_si_sose_so_b_fft_121:asj_fft_si_sose_so_b_fft_121_inst|asj_fft_dft_bfp_sgl_fft_121:\gen_se:bfpdft|butterfly_st1[1][1][0]                             ;
; 3:1                ; 32 bits   ; 64 LEs        ; 32 LEs               ; 32 LEs                 ; Yes        ; |TransformFilter|fftfilter:u1|fft256:u0|asj_fft_si_sose_so_b_fft_121:asj_fft_si_sose_so_b_fft_121_inst|asj_fft_dft_bfp_sgl_fft_121:\gen_se:bfpdft|butterfly_st1[2][1][0]                             ;
; 3:1                ; 32 bits   ; 64 LEs        ; 32 LEs               ; 32 LEs                 ; Yes        ; |TransformFilter|ifftout:u2|fft256:u0|asj_fft_si_sose_so_b_fft_121:asj_fft_si_sose_so_b_fft_121_inst|asj_fft_dft_bfp_sgl_fft_121:\gen_se:bfpdft|butterfly_st1[0][0][14]                              ;
; 3:1                ; 32 bits   ; 64 LEs        ; 32 LEs               ; 32 LEs                 ; Yes        ; |TransformFilter|fftfilter:u1|fft256:u0|asj_fft_si_sose_so_b_fft_121:asj_fft_si_sose_so_b_fft_121_inst|asj_fft_dft_bfp_sgl_fft_121:\gen_se:bfpdft|butterfly_st1[0][1][3]                             ;
; 3:1                ; 2 bits    ; 4 LEs         ; 4 LEs                ; 0 LEs                  ; Yes        ; |TransformFilter|ifftout:u2|fft256:u0|asj_fft_si_sose_so_b_fft_121:asj_fft_si_sose_so_b_fft_121_inst|asj_fft_dataadgen_fft_121:rd_adgen|rd_addr_a[0]                                                 ;
; 5:1                ; 2 bits    ; 6 LEs         ; 4 LEs                ; 2 LEs                  ; Yes        ; |TransformFilter|ifftout:u2|fft256:u0|asj_fft_si_sose_so_b_fft_121:asj_fft_si_sose_so_b_fft_121_inst|asj_fft_dataadgen_fft_121:rd_adgen|rd_addr_a[6]                                                 ;
; 5:1                ; 2 bits    ; 6 LEs         ; 4 LEs                ; 2 LEs                  ; Yes        ; |TransformFilter|ifftout:u2|fft256:u0|asj_fft_si_sose_so_b_fft_121:asj_fft_si_sose_so_b_fft_121_inst|asj_fft_dataadgen_fft_121:rd_adgen|rd_addr_a[2]                                                 ;
; 3:1                ; 2 bits    ; 4 LEs         ; 4 LEs                ; 0 LEs                  ; Yes        ; |TransformFilter|fftfilter:u1|fft256:u0|asj_fft_si_sose_so_b_fft_121:asj_fft_si_sose_so_b_fft_121_inst|asj_fft_dataadgen_fft_121:rd_adgen|rd_addr_a[0]                                               ;
; 5:1                ; 2 bits    ; 6 LEs         ; 4 LEs                ; 2 LEs                  ; Yes        ; |TransformFilter|fftfilter:u1|fft256:u0|asj_fft_si_sose_so_b_fft_121:asj_fft_si_sose_so_b_fft_121_inst|asj_fft_dataadgen_fft_121:rd_adgen|rd_addr_a[6]                                               ;
; 5:1                ; 2 bits    ; 6 LEs         ; 4 LEs                ; 2 LEs                  ; Yes        ; |TransformFilter|fftfilter:u1|fft256:u0|asj_fft_si_sose_so_b_fft_121:asj_fft_si_sose_so_b_fft_121_inst|asj_fft_dataadgen_fft_121:rd_adgen|rd_addr_a[3]                                               ;
; 4:1                ; 8 bits    ; 16 LEs        ; 16 LEs               ; 0 LEs                  ; Yes        ; |TransformFilter|ifftout:u2|fft256:u0|asj_fft_si_sose_so_b_fft_121:asj_fft_si_sose_so_b_fft_121_inst|data_count_sig[4]                                                                               ;
; 4:1                ; 8 bits    ; 16 LEs        ; 16 LEs               ; 0 LEs                  ; Yes        ; |TransformFilter|fftfilter:u1|fft256:u0|asj_fft_si_sose_so_b_fft_121:asj_fft_si_sose_so_b_fft_121_inst|data_count_sig[3]                                                                             ;
; 3:1                ; 2 bits    ; 4 LEs         ; 4 LEs                ; 0 LEs                  ; Yes        ; |TransformFilter|ifftout:u2|fft256:u0|asj_fft_si_sose_so_b_fft_121:asj_fft_si_sose_so_b_fft_121_inst|asj_fft_dataadgen_fft_121:\gen_wraddr_se:wr_adgen|rd_addr_a[0]                                  ;
; 5:1                ; 2 bits    ; 6 LEs         ; 4 LEs                ; 2 LEs                  ; Yes        ; |TransformFilter|ifftout:u2|fft256:u0|asj_fft_si_sose_so_b_fft_121:asj_fft_si_sose_so_b_fft_121_inst|asj_fft_dataadgen_fft_121:\gen_wraddr_se:wr_adgen|rd_addr_a[6]                                  ;
; 5:1                ; 2 bits    ; 6 LEs         ; 4 LEs                ; 2 LEs                  ; Yes        ; |TransformFilter|ifftout:u2|fft256:u0|asj_fft_si_sose_so_b_fft_121:asj_fft_si_sose_so_b_fft_121_inst|asj_fft_dataadgen_fft_121:\gen_wraddr_se:wr_adgen|rd_addr_a[3]                                  ;
; 8:1                ; 3 bits    ; 15 LEs        ; 9 LEs                ; 6 LEs                  ; Yes        ; |TransformFilter|ifftout:u2|fft256:u0|asj_fft_si_sose_so_b_fft_121:asj_fft_si_sose_so_b_fft_121_inst|asj_fft_twadsogen_q_fft_121:\gen_se:gen_new:twid_factors|perm_addr[6]                           ;
; 3:1                ; 2 bits    ; 4 LEs         ; 4 LEs                ; 0 LEs                  ; Yes        ; |TransformFilter|fftfilter:u1|fft256:u0|asj_fft_si_sose_so_b_fft_121:asj_fft_si_sose_so_b_fft_121_inst|asj_fft_dataadgen_fft_121:\gen_wraddr_se:wr_adgen|rd_addr_a[0]                                ;
; 5:1                ; 2 bits    ; 6 LEs         ; 4 LEs                ; 2 LEs                  ; Yes        ; |TransformFilter|fftfilter:u1|fft256:u0|asj_fft_si_sose_so_b_fft_121:asj_fft_si_sose_so_b_fft_121_inst|asj_fft_dataadgen_fft_121:\gen_wraddr_se:wr_adgen|rd_addr_a[7]                                ;
; 5:1                ; 2 bits    ; 6 LEs         ; 4 LEs                ; 2 LEs                  ; Yes        ; |TransformFilter|fftfilter:u1|fft256:u0|asj_fft_si_sose_so_b_fft_121:asj_fft_si_sose_so_b_fft_121_inst|asj_fft_dataadgen_fft_121:\gen_wraddr_se:wr_adgen|rd_addr_a[2]                                ;
; 8:1                ; 3 bits    ; 15 LEs        ; 9 LEs                ; 6 LEs                  ; Yes        ; |TransformFilter|fftfilter:u1|fft256:u0|asj_fft_si_sose_so_b_fft_121:asj_fft_si_sose_so_b_fft_121_inst|asj_fft_twadsogen_q_fft_121:\gen_se:gen_new:twid_factors|perm_addr[6]                         ;
; 4:1                ; 8 bits    ; 16 LEs        ; 8 LEs                ; 8 LEs                  ; Yes        ; |TransformFilter|ifftout:u2|fft256:u0|asj_fft_si_sose_so_b_fft_121:asj_fft_si_sose_so_b_fft_121_inst|auk_dspip_avalon_streaming_sink_fft_121:auk_dsp_atlantic_sink_1|count[0]                        ;
; 4:1                ; 8 bits    ; 16 LEs        ; 8 LEs                ; 8 LEs                  ; Yes        ; |TransformFilter|fftfilter:u1|fft256:u0|asj_fft_si_sose_so_b_fft_121:asj_fft_si_sose_so_b_fft_121_inst|auk_dspip_avalon_streaming_sink_fft_121:auk_dsp_atlantic_sink_1|count[2]                      ;
; 5:1                ; 4 bits    ; 12 LEs        ; 8 LEs                ; 4 LEs                  ; Yes        ; |TransformFilter|ifftout:u2|fft256:u0|asj_fft_si_sose_so_b_fft_121:asj_fft_si_sose_so_b_fft_121_inst|asj_fft_m_k_counter_fft_121:ctrl|p[0]                                                           ;
; 5:1                ; 4 bits    ; 12 LEs        ; 8 LEs                ; 4 LEs                  ; Yes        ; |TransformFilter|fftfilter:u1|fft256:u0|asj_fft_si_sose_so_b_fft_121:asj_fft_si_sose_so_b_fft_121_inst|asj_fft_m_k_counter_fft_121:ctrl|p[3]                                                         ;
; 3:1                ; 4 bits    ; 8 LEs         ; 4 LEs                ; 4 LEs                  ; Yes        ; |TransformFilter|ifftout:u2|fft256:u0|asj_fft_si_sose_so_b_fft_121:asj_fft_si_sose_so_b_fft_121_inst|asj_fft_dft_bfp_sgl_fft_121:\gen_se:bfpdft|asj_fft_bfp_i_fft_121:bfp_scale|r_array_out[0][0]    ;
; 3:1                ; 4 bits    ; 8 LEs         ; 8 LEs                ; 0 LEs                  ; Yes        ; |TransformFilter|ifftout:u2|fft256:u0|asj_fft_si_sose_so_b_fft_121:asj_fft_si_sose_so_b_fft_121_inst|asj_fft_dft_bfp_sgl_fft_121:\gen_se:bfpdft|asj_fft_bfp_i_fft_121:bfp_scale|i_array_out[0][3]    ;
; 3:1                ; 20 bits   ; 40 LEs        ; 40 LEs               ; 0 LEs                  ; Yes        ; |TransformFilter|ifftout:u2|fft256:u0|asj_fft_si_sose_so_b_fft_121:asj_fft_si_sose_so_b_fft_121_inst|asj_fft_dft_bfp_sgl_fft_121:\gen_se:bfpdft|asj_fft_bfp_i_fft_121:bfp_scale|r_array_out[0][4]    ;
; 3:1                ; 4 bits    ; 8 LEs         ; 4 LEs                ; 4 LEs                  ; Yes        ; |TransformFilter|fftfilter:u1|fft256:u0|asj_fft_si_sose_so_b_fft_121:asj_fft_si_sose_so_b_fft_121_inst|asj_fft_dft_bfp_sgl_fft_121:\gen_se:bfpdft|asj_fft_bfp_i_fft_121:bfp_scale|r_array_out[0][0]  ;
; 3:1                ; 4 bits    ; 8 LEs         ; 8 LEs                ; 0 LEs                  ; Yes        ; |TransformFilter|fftfilter:u1|fft256:u0|asj_fft_si_sose_so_b_fft_121:asj_fft_si_sose_so_b_fft_121_inst|asj_fft_dft_bfp_sgl_fft_121:\gen_se:bfpdft|asj_fft_bfp_i_fft_121:bfp_scale|i_array_out[0][2]  ;
; 3:1                ; 20 bits   ; 40 LEs        ; 40 LEs               ; 0 LEs                  ; Yes        ; |TransformFilter|fftfilter:u1|fft256:u0|asj_fft_si_sose_so_b_fft_121:asj_fft_si_sose_so_b_fft_121_inst|asj_fft_dft_bfp_sgl_fft_121:\gen_se:bfpdft|asj_fft_bfp_i_fft_121:bfp_scale|i_array_out[0][9]  ;
; 6:1                ; 2 bits    ; 8 LEs         ; 6 LEs                ; 2 LEs                  ; Yes        ; |TransformFilter|ifftout:u2|fft256:u0|asj_fft_si_sose_so_b_fft_121:asj_fft_si_sose_so_b_fft_121_inst|val_out                                                                                         ;
; 6:1                ; 2 bits    ; 8 LEs         ; 6 LEs                ; 2 LEs                  ; Yes        ; |TransformFilter|fftfilter:u1|fft256:u0|asj_fft_si_sose_so_b_fft_121:asj_fft_si_sose_so_b_fft_121_inst|val_out                                                                                       ;
; 6:1                ; 3 bits    ; 12 LEs        ; 3 LEs                ; 9 LEs                  ; Yes        ; |TransformFilter|ifftout:u2|fft256:u0|asj_fft_si_sose_so_b_fft_121:asj_fft_si_sose_so_b_fft_121_inst|asj_fft_bfp_ctrl_fft_121:\gen_se:bfpc|slb_last[0]                                               ;
; 6:1                ; 3 bits    ; 12 LEs        ; 3 LEs                ; 9 LEs                  ; Yes        ; |TransformFilter|fftfilter:u1|fft256:u0|asj_fft_si_sose_so_b_fft_121:asj_fft_si_sose_so_b_fft_121_inst|asj_fft_bfp_ctrl_fft_121:\gen_se:bfpc|slb_last[0]                                             ;
; 7:1                ; 2 bits    ; 8 LEs         ; 6 LEs                ; 2 LEs                  ; Yes        ; |TransformFilter|ifftout:u2|fft256:u0|asj_fft_si_sose_so_b_fft_121:asj_fft_si_sose_so_b_fft_121_inst|asj_fft_dataadgen_fft_121:rd_adgen|rd_addr_a[4]                                                 ;
; 7:1                ; 2 bits    ; 8 LEs         ; 6 LEs                ; 2 LEs                  ; Yes        ; |TransformFilter|fftfilter:u1|fft256:u0|asj_fft_si_sose_so_b_fft_121:asj_fft_si_sose_so_b_fft_121_inst|asj_fft_dataadgen_fft_121:rd_adgen|rd_addr_a[5]                                               ;
; 7:1                ; 2 bits    ; 8 LEs         ; 6 LEs                ; 2 LEs                  ; Yes        ; |TransformFilter|ifftout:u2|fft256:u0|asj_fft_si_sose_so_b_fft_121:asj_fft_si_sose_so_b_fft_121_inst|asj_fft_dataadgen_fft_121:\gen_wraddr_se:wr_adgen|rd_addr_a[5]                                  ;
; 6:1                ; 14 bits   ; 56 LEs        ; 42 LEs               ; 14 LEs                 ; Yes        ; |TransformFilter|ifftout:u2|fft256:u0|asj_fft_si_sose_so_b_fft_121:asj_fft_si_sose_so_b_fft_121_inst|twiddle_data_real[14]                                                                           ;
; 4:1                ; 4 bits    ; 8 LEs         ; 8 LEs                ; 0 LEs                  ; Yes        ; |TransformFilter|ifftout:u2|fft256:u0|asj_fft_si_sose_so_b_fft_121:asj_fft_si_sose_so_b_fft_121_inst|asj_fft_dft_bfp_sgl_fft_121:\gen_se:bfpdft|asj_fft_bfp_i_fft_121:bfp_scale|i_array_out[0][14]   ;
; 7:1                ; 2 bits    ; 8 LEs         ; 6 LEs                ; 2 LEs                  ; Yes        ; |TransformFilter|fftfilter:u1|fft256:u0|asj_fft_si_sose_so_b_fft_121:asj_fft_si_sose_so_b_fft_121_inst|asj_fft_dataadgen_fft_121:\gen_wraddr_se:wr_adgen|rd_addr_a[5]                                ;
; 6:1                ; 14 bits   ; 56 LEs        ; 42 LEs               ; 14 LEs                 ; Yes        ; |TransformFilter|fftfilter:u1|fft256:u0|asj_fft_si_sose_so_b_fft_121:asj_fft_si_sose_so_b_fft_121_inst|twiddle_data_real[12]                                                                         ;
; 4:1                ; 4 bits    ; 8 LEs         ; 8 LEs                ; 0 LEs                  ; Yes        ; |TransformFilter|fftfilter:u1|fft256:u0|asj_fft_si_sose_so_b_fft_121:asj_fft_si_sose_so_b_fft_121_inst|asj_fft_dft_bfp_sgl_fft_121:\gen_se:bfpdft|asj_fft_bfp_i_fft_121:bfp_scale|i_array_out[0][14] ;
; 8:1                ; 15 bits   ; 75 LEs        ; 60 LEs               ; 15 LEs                 ; Yes        ; |TransformFilter|ifftout:u2|fft256:u0|asj_fft_si_sose_so_b_fft_121:asj_fft_si_sose_so_b_fft_121_inst|twiddle_data_imag[8]                                                                            ;
; 8:1                ; 15 bits   ; 75 LEs        ; 60 LEs               ; 15 LEs                 ; Yes        ; |TransformFilter|fftfilter:u1|fft256:u0|asj_fft_si_sose_so_b_fft_121:asj_fft_si_sose_so_b_fft_121_inst|twiddle_data_imag[2]                                                                          ;
; 3:1                ; 13 bits   ; 26 LEs        ; 26 LEs               ; 0 LEs                  ; No         ; |TransformFilter|ifftout:u2|fft256:u0|asj_fft_si_sose_so_b_fft_121:asj_fft_si_sose_so_b_fft_121_inst|fft_s1_cur.WRITE_INPUT                                                                          ;
; 3:1                ; 13 bits   ; 26 LEs        ; 26 LEs               ; 0 LEs                  ; No         ; |TransformFilter|fftfilter:u1|fft256:u0|asj_fft_si_sose_so_b_fft_121:asj_fft_si_sose_so_b_fft_121_inst|fft_s1_cur.NO_WRITE                                                                           ;
; 3:1                ; 2 bits    ; 4 LEs         ; 4 LEs                ; 0 LEs                  ; No         ; |TransformFilter|ifftout:u2|fft256:u0|asj_fft_si_sose_so_b_fft_121:asj_fft_si_sose_so_b_fft_121_inst|asj_fft_m_k_counter_fft_121:ctrl|k_state.HOLD                                                   ;
; 3:1                ; 2 bits    ; 4 LEs         ; 4 LEs                ; 0 LEs                  ; No         ; |TransformFilter|fftfilter:u1|fft256:u0|asj_fft_si_sose_so_b_fft_121:asj_fft_si_sose_so_b_fft_121_inst|asj_fft_m_k_counter_fft_121:ctrl|k_state.IDLE                                                 ;
+--------------------+-----------+---------------+----------------------+------------------------+------------+------------------------------------------------------------------------------------------------------------------------------------------------------------------------------------------------------+


+---------------------------------------------------------------------------------------------------------------------------------------------------+
; Source assignments for window:u0|shifter12_128:u0|altshift_taps:ALTSHIFT_TAPS_component|shift_taps_llv:auto_generated|altsyncram_lla1:altsyncram2 ;
+---------------------------------+--------------------+------+-------------------------------------------------------------------------------------+
; Assignment                      ; Value              ; From ; To                                                                                  ;
+---------------------------------+--------------------+------+-------------------------------------------------------------------------------------+
; OPTIMIZE_POWER_DURING_SYNTHESIS ; NORMAL_COMPILATION ; -    ; -                                                                                   ;
+---------------------------------+--------------------+------+-------------------------------------------------------------------------------------+


+--------------------------------------------------------------------------------------------------------------+
; Source assignments for window:u0|rom12_256:u1|altsyncram:altsyncram_component|altsyncram_5da1:auto_generated ;
+---------------------------------+--------------------+------+------------------------------------------------+
; Assignment                      ; Value              ; From ; To                                             ;
+---------------------------------+--------------------+------+------------------------------------------------+
; OPTIMIZE_POWER_DURING_SYNTHESIS ; NORMAL_COMPILATION ; -    ; -                                              ;
+---------------------------------+--------------------+------+------------------------------------------------+


+---------------------------------------------------------------------------------------------------------------+
; Source assignments for window:u0|dram16_256:u4|altsyncram:altsyncram_component|altsyncram_09k1:auto_generated ;
+---------------------------------+--------------------+------+-------------------------------------------------+
; Assignment                      ; Value              ; From ; To                                              ;
+---------------------------------+--------------------+------+-------------------------------------------------+
; OPTIMIZE_POWER_DURING_SYNTHESIS ; NORMAL_COMPILATION ; -    ; -                                               ;
+---------------------------------+--------------------+------+-------------------------------------------------+


+---------------------------------------------------------------------------------------------------------------+
; Source assignments for window:u0|dram16_256:u5|altsyncram:altsyncram_component|altsyncram_09k1:auto_generated ;
+---------------------------------+--------------------+------+-------------------------------------------------+
; Assignment                      ; Value              ; From ; To                                              ;
+---------------------------------+--------------------+------+-------------------------------------------------+
; OPTIMIZE_POWER_DURING_SYNTHESIS ; NORMAL_COMPILATION ; -    ; -                                               ;
+---------------------------------+--------------------+------+-------------------------------------------------+


+----------------------------------------------------------------------------------------------------------------------------------------------------+
; Source assignments for window:u0|shifter16_2048:u6|altshift_taps:ALTSHIFT_TAPS_component|shift_taps_2mv:auto_generated|altsyncram_bpa1:altsyncram2 ;
+---------------------------------+--------------------+------+--------------------------------------------------------------------------------------+
; Assignment                      ; Value              ; From ; To                                                                                   ;
+---------------------------------+--------------------+------+--------------------------------------------------------------------------------------+
; OPTIMIZE_POWER_DURING_SYNTHESIS ; NORMAL_COMPILATION ; -    ; -                                                                                    ;
+---------------------------------+--------------------+------+--------------------------------------------------------------------------------------+


+----------------------------------------------------------------------------------------------------------------------------------------------------------------------------------------------------------------------------------------------------------------------------------------------+
; Source assignments for fftfilter:u1|fft256:u0|asj_fft_si_sose_so_b_fft_121:asj_fft_si_sose_so_b_fft_121_inst|auk_dspip_avalon_streaming_sink_fft_121:auk_dsp_atlantic_sink_1|scfifo:\normal_fifo:fifo_eab_on:in_fifo|scfifo_udh1:auto_generated|a_dpfifo_no81:dpfifo|altsyncram_ssf1:FIFOram ;
+---------------------------------+--------------------+------+--------------------------------------------------------------------------------------------------------------------------------------------------------------------------------------------------------------------------------+
; Assignment                      ; Value              ; From ; To                                                                                                                                                                                                                             ;
+---------------------------------+--------------------+------+--------------------------------------------------------------------------------------------------------------------------------------------------------------------------------------------------------------------------------+
; OPTIMIZE_POWER_DURING_SYNTHESIS ; NORMAL_COMPILATION ; -    ; -                                                                                                                                                                                                                              ;
+---------------------------------+--------------------+------+--------------------------------------------------------------------------------------------------------------------------------------------------------------------------------------------------------------------------------+


+----------------------------------------------------------------------------------------------------------------------------------------------------------------------------------------------------------------------------------------------------------------------+
; Source assignments for fftfilter:u1|fft256:u0|asj_fft_si_sose_so_b_fft_121:asj_fft_si_sose_so_b_fft_121_inst|asj_fft_1dp_ram_fft_121:\gen_1_ram:gen_M4K:dat_A|asj_fft_data_ram_fft_121:dat_A|altsyncram:\gen_M4K:altsyncram_component|altsyncram_21t3:auto_generated ;
+---------------------------------+--------------------+------+--------------------------------------------------------------------------------------------------------------------------------------------------------------------------------------------------------+
; Assignment                      ; Value              ; From ; To                                                                                                                                                                                                     ;
+---------------------------------+--------------------+------+--------------------------------------------------------------------------------------------------------------------------------------------------------------------------------------------------------+
; OPTIMIZE_POWER_DURING_SYNTHESIS ; NORMAL_COMPILATION ; -    ; -                                                                                                                                                                                                      ;
+---------------------------------+--------------------+------+--------------------------------------------------------------------------------------------------------------------------------------------------------------------------------------------------------+


+--------------------------------------------------------------------------------------------------------------------------------------------------------------------------------------------------------------------------------------------------------------------------+
; Source assignments for fftfilter:u1|fft256:u0|asj_fft_si_sose_so_b_fft_121:asj_fft_si_sose_so_b_fft_121_inst|asj_fft_1tdp_rom_fft_121:\gen_se:gen_new:twrom|asj_fft_twid_rom_tdp_fft_121:\gen_auto:sin_1n|altsyncram:altsyncram_component|altsyncram_he72:auto_generated ;
+---------------------------------+--------------------+------+------------------------------------------------------------------------------------------------------------------------------------------------------------------------------------------------------------+
; Assignment                      ; Value              ; From ; To                                                                                                                                                                                                         ;
+---------------------------------+--------------------+------+------------------------------------------------------------------------------------------------------------------------------------------------------------------------------------------------------------+
; OPTIMIZE_POWER_DURING_SYNTHESIS ; NORMAL_COMPILATION ; -    ; -                                                                                                                                                                                                          ;
+---------------------------------+--------------------+------+------------------------------------------------------------------------------------------------------------------------------------------------------------------------------------------------------------+


+------------------------------------------------------------------------------------------------------------------------------------------------------+
; Source assignments for fftfilter:u1|shifter16_256:u3|altshift_taps:ALTSHIFT_TAPS_component|shift_taps_bbv:auto_generated|altsyncram_rga1:altsyncram2 ;
+---------------------------------+--------------------+------+----------------------------------------------------------------------------------------+
; Assignment                      ; Value              ; From ; To                                                                                     ;
+---------------------------------+--------------------+------+----------------------------------------------------------------------------------------+
; OPTIMIZE_POWER_DURING_SYNTHESIS ; NORMAL_COMPILATION ; -    ; -                                                                                      ;
+---------------------------------+--------------------+------+----------------------------------------------------------------------------------------+


+------------------------------------------------------------------------------------------------------------------------------------------------------+
; Source assignments for fftfilter:u1|shifter16_256:u4|altshift_taps:ALTSHIFT_TAPS_component|shift_taps_bbv:auto_generated|altsyncram_rga1:altsyncram2 ;
+---------------------------------+--------------------+------+----------------------------------------------------------------------------------------+
; Assignment                      ; Value              ; From ; To                                                                                     ;
+---------------------------------+--------------------+------+----------------------------------------------------------------------------------------+
; OPTIMIZE_POWER_DURING_SYNTHESIS ; NORMAL_COMPILATION ; -    ; -                                                                                      ;
+---------------------------------+--------------------+------+----------------------------------------------------------------------------------------+


+--------------------------------------------------------------------------------------------------------------------------------------------------------------------------------------------------------------------------------------------------------------------------------------------+
; Source assignments for ifftout:u2|fft256:u0|asj_fft_si_sose_so_b_fft_121:asj_fft_si_sose_so_b_fft_121_inst|auk_dspip_avalon_streaming_sink_fft_121:auk_dsp_atlantic_sink_1|scfifo:\normal_fifo:fifo_eab_on:in_fifo|scfifo_udh1:auto_generated|a_dpfifo_no81:dpfifo|altsyncram_ssf1:FIFOram ;
+---------------------------------+--------------------+------+------------------------------------------------------------------------------------------------------------------------------------------------------------------------------------------------------------------------------+
; Assignment                      ; Value              ; From ; To                                                                                                                                                                                                                           ;
+---------------------------------+--------------------+------+------------------------------------------------------------------------------------------------------------------------------------------------------------------------------------------------------------------------------+
; OPTIMIZE_POWER_DURING_SYNTHESIS ; NORMAL_COMPILATION ; -    ; -                                                                                                                                                                                                                            ;
+---------------------------------+--------------------+------+------------------------------------------------------------------------------------------------------------------------------------------------------------------------------------------------------------------------------+


+--------------------------------------------------------------------------------------------------------------------------------------------------------------------------------------------------------------------------------------------------------------------+
; Source assignments for ifftout:u2|fft256:u0|asj_fft_si_sose_so_b_fft_121:asj_fft_si_sose_so_b_fft_121_inst|asj_fft_1dp_ram_fft_121:\gen_1_ram:gen_M4K:dat_A|asj_fft_data_ram_fft_121:dat_A|altsyncram:\gen_M4K:altsyncram_component|altsyncram_21t3:auto_generated ;
+---------------------------------+--------------------+------+------------------------------------------------------------------------------------------------------------------------------------------------------------------------------------------------------+
; Assignment                      ; Value              ; From ; To                                                                                                                                                                                                   ;
+---------------------------------+--------------------+------+------------------------------------------------------------------------------------------------------------------------------------------------------------------------------------------------------+
; OPTIMIZE_POWER_DURING_SYNTHESIS ; NORMAL_COMPILATION ; -    ; -                                                                                                                                                                                                    ;
+---------------------------------+--------------------+------+------------------------------------------------------------------------------------------------------------------------------------------------------------------------------------------------------+


+------------------------------------------------------------------------------------------------------------------------------------------------------------------------------------------------------------------------------------------------------------------------+
; Source assignments for ifftout:u2|fft256:u0|asj_fft_si_sose_so_b_fft_121:asj_fft_si_sose_so_b_fft_121_inst|asj_fft_1tdp_rom_fft_121:\gen_se:gen_new:twrom|asj_fft_twid_rom_tdp_fft_121:\gen_auto:sin_1n|altsyncram:altsyncram_component|altsyncram_he72:auto_generated ;
+---------------------------------+--------------------+------+----------------------------------------------------------------------------------------------------------------------------------------------------------------------------------------------------------+
; Assignment                      ; Value              ; From ; To                                                                                                                                                                                                       ;
+---------------------------------+--------------------+------+----------------------------------------------------------------------------------------------------------------------------------------------------------------------------------------------------------+
; OPTIMIZE_POWER_DURING_SYNTHESIS ; NORMAL_COMPILATION ; -    ; -                                                                                                                                                                                                        ;
+---------------------------------+--------------------+------+----------------------------------------------------------------------------------------------------------------------------------------------------------------------------------------------------------+


+----------------------------------------------------------------------------------------------------------------+
; Source assignments for ifftout:u2|dram16_256:u1|altsyncram:altsyncram_component|altsyncram_09k1:auto_generated ;
+---------------------------------+--------------------+------+--------------------------------------------------+
; Assignment                      ; Value              ; From ; To                                               ;
+---------------------------------+--------------------+------+--------------------------------------------------+
; OPTIMIZE_POWER_DURING_SYNTHESIS ; NORMAL_COMPILATION ; -    ; -                                                ;
+---------------------------------+--------------------+------+--------------------------------------------------+


+----------------------------------------------------------------------------------------------------------------+
; Source assignments for ifftout:u2|dram16_256:u2|altsyncram:altsyncram_component|altsyncram_09k1:auto_generated ;
+---------------------------------+--------------------+------+--------------------------------------------------+
; Assignment                      ; Value              ; From ; To                                               ;
+---------------------------------+--------------------+------+--------------------------------------------------+
; OPTIMIZE_POWER_DURING_SYNTHESIS ; NORMAL_COMPILATION ; -    ; -                                                ;
+---------------------------------+--------------------+------+--------------------------------------------------+


+-------------------------------------------------------------------------------------------------------------------------+
; Source assignments for fftfilter:u1|altshift_taps:xkre0_rtl_0|shift_taps_ckm:auto_generated|altsyncram_t861:altsyncram4 ;
+---------------------------------+--------------------+------+-----------------------------------------------------------+
; Assignment                      ; Value              ; From ; To                                                        ;
+---------------------------------+--------------------+------+-----------------------------------------------------------+
; OPTIMIZE_POWER_DURING_SYNTHESIS ; NORMAL_COMPILATION ; -    ; -                                                         ;
+---------------------------------+--------------------+------+-----------------------------------------------------------+


+---------------------------------------------------------------------------------------------------------------+
; Parameter Settings for User Entity Instance: window:u0|shifter12_128:u0|altshift_taps:ALTSHIFT_TAPS_component ;
+----------------+----------------+-----------------------------------------------------------------------------+
; Parameter Name ; Value          ; Type                                                                        ;
+----------------+----------------+-----------------------------------------------------------------------------+
; WIDTH_BYTEENA  ; 1              ; Untyped                                                                     ;
; NUMBER_OF_TAPS ; 1              ; Signed Integer                                                              ;
; TAP_DISTANCE   ; 128            ; Signed Integer                                                              ;
; WIDTH          ; 12             ; Signed Integer                                                              ;
; POWER_UP_STATE ; CLEARED        ; Untyped                                                                     ;
; CBXI_PARAMETER ; shift_taps_llv ; Untyped                                                                     ;
+----------------+----------------+-----------------------------------------------------------------------------+
Note: In order to hide this table in the UI and the text report file, please set the "Show Parameter Settings in Synthesis Report" option in "Analysis and Synthesis Settings -> More Settings" to "Off".


+-----------------------------------------------------------------------------------------------------+
; Parameter Settings for User Entity Instance: window:u0|rom12_256:u1|altsyncram:altsyncram_component ;
+------------------------------------+----------------------+-----------------------------------------+
; Parameter Name                     ; Value                ; Type                                    ;
+------------------------------------+----------------------+-----------------------------------------+
; BYTE_SIZE_BLOCK                    ; 8                    ; Untyped                                 ;
; AUTO_CARRY_CHAINS                  ; ON                   ; AUTO_CARRY                              ;
; IGNORE_CARRY_BUFFERS               ; OFF                  ; IGNORE_CARRY                            ;
; AUTO_CASCADE_CHAINS                ; ON                   ; AUTO_CASCADE                            ;
; IGNORE_CASCADE_BUFFERS             ; OFF                  ; IGNORE_CASCADE                          ;
; WIDTH_BYTEENA                      ; 1                    ; Untyped                                 ;
; OPERATION_MODE                     ; ROM                  ; Untyped                                 ;
; WIDTH_A                            ; 12                   ; Signed Integer                          ;
; WIDTHAD_A                          ; 8                    ; Signed Integer                          ;
; NUMWORDS_A                         ; 256                  ; Signed Integer                          ;
; OUTDATA_REG_A                      ; UNREGISTERED         ; Untyped                                 ;
; ADDRESS_ACLR_A                     ; NONE                 ; Untyped                                 ;
; OUTDATA_ACLR_A                     ; NONE                 ; Untyped                                 ;
; WRCONTROL_ACLR_A                   ; NONE                 ; Untyped                                 ;
; INDATA_ACLR_A                      ; NONE                 ; Untyped                                 ;
; BYTEENA_ACLR_A                     ; NONE                 ; Untyped                                 ;
; WIDTH_B                            ; 1                    ; Untyped                                 ;
; WIDTHAD_B                          ; 1                    ; Untyped                                 ;
; NUMWORDS_B                         ; 1                    ; Untyped                                 ;
; INDATA_REG_B                       ; CLOCK1               ; Untyped                                 ;
; WRCONTROL_WRADDRESS_REG_B          ; CLOCK1               ; Untyped                                 ;
; RDCONTROL_REG_B                    ; CLOCK1               ; Untyped                                 ;
; ADDRESS_REG_B                      ; CLOCK1               ; Untyped                                 ;
; OUTDATA_REG_B                      ; UNREGISTERED         ; Untyped                                 ;
; BYTEENA_REG_B                      ; CLOCK1               ; Untyped                                 ;
; INDATA_ACLR_B                      ; NONE                 ; Untyped                                 ;
; WRCONTROL_ACLR_B                   ; NONE                 ; Untyped                                 ;
; ADDRESS_ACLR_B                     ; NONE                 ; Untyped                                 ;
; OUTDATA_ACLR_B                     ; NONE                 ; Untyped                                 ;
; RDCONTROL_ACLR_B                   ; NONE                 ; Untyped                                 ;
; BYTEENA_ACLR_B                     ; NONE                 ; Untyped                                 ;
; WIDTH_BYTEENA_A                    ; 1                    ; Signed Integer                          ;
; WIDTH_BYTEENA_B                    ; 1                    ; Untyped                                 ;
; RAM_BLOCK_TYPE                     ; AUTO                 ; Untyped                                 ;
; BYTE_SIZE                          ; 8                    ; Untyped                                 ;
; READ_DURING_WRITE_MODE_MIXED_PORTS ; DONT_CARE            ; Untyped                                 ;
; READ_DURING_WRITE_MODE_PORT_A      ; NEW_DATA_NO_NBE_READ ; Untyped                                 ;
; READ_DURING_WRITE_MODE_PORT_B      ; NEW_DATA_NO_NBE_READ ; Untyped                                 ;
; INIT_FILE                          ; E8_2_window.mif      ; Untyped                                 ;
; INIT_FILE_LAYOUT                   ; PORT_A               ; Untyped                                 ;
; MAXIMUM_DEPTH                      ; 0                    ; Untyped                                 ;
; CLOCK_ENABLE_INPUT_A               ; BYPASS               ; Untyped                                 ;
; CLOCK_ENABLE_INPUT_B               ; NORMAL               ; Untyped                                 ;
; CLOCK_ENABLE_OUTPUT_A              ; BYPASS               ; Untyped                                 ;
; CLOCK_ENABLE_OUTPUT_B              ; NORMAL               ; Untyped                                 ;
; CLOCK_ENABLE_CORE_A                ; USE_INPUT_CLKEN      ; Untyped                                 ;
; CLOCK_ENABLE_CORE_B                ; USE_INPUT_CLKEN      ; Untyped                                 ;
; ENABLE_ECC                         ; FALSE                ; Untyped                                 ;
; DEVICE_FAMILY                      ; Cyclone IV E         ; Untyped                                 ;
; CBXI_PARAMETER                     ; altsyncram_5da1      ; Untyped                                 ;
+------------------------------------+----------------------+-----------------------------------------+
Note: In order to hide this table in the UI and the text report file, please set the "Show Parameter Settings in Synthesis Report" option in "Analysis and Synthesis Settings -> More Settings" to "Off".


+-------------------------------------------------------------------------------------------------+
; Parameter Settings for User Entity Instance: window:u0|mult12_12:u2|lpm_mult:lpm_mult_component ;
+------------------------------------------------+--------------+---------------------------------+
; Parameter Name                                 ; Value        ; Type                            ;
+------------------------------------------------+--------------+---------------------------------+
; AUTO_CARRY_CHAINS                              ; ON           ; AUTO_CARRY                      ;
; IGNORE_CARRY_BUFFERS                           ; OFF          ; IGNORE_CARRY                    ;
; AUTO_CASCADE_CHAINS                            ; ON           ; AUTO_CASCADE                    ;
; IGNORE_CASCADE_BUFFERS                         ; OFF          ; IGNORE_CASCADE                  ;
; LPM_WIDTHA                                     ; 12           ; Signed Integer                  ;
; LPM_WIDTHB                                     ; 12           ; Signed Integer                  ;
; LPM_WIDTHP                                     ; 24           ; Signed Integer                  ;
; LPM_WIDTHR                                     ; 0            ; Untyped                         ;
; LPM_WIDTHS                                     ; 1            ; Untyped                         ;
; LPM_REPRESENTATION                             ; SIGNED       ; Untyped                         ;
; LPM_PIPELINE                                   ; 2            ; Signed Integer                  ;
; LATENCY                                        ; 0            ; Untyped                         ;
; INPUT_A_IS_CONSTANT                            ; NO           ; Untyped                         ;
; INPUT_B_IS_CONSTANT                            ; NO           ; Untyped                         ;
; USE_EAB                                        ; OFF          ; Untyped                         ;
; MAXIMIZE_SPEED                                 ; 5            ; Untyped                         ;
; DEVICE_FAMILY                                  ; Cyclone IV E ; Untyped                         ;
; CARRY_CHAIN                                    ; MANUAL       ; Untyped                         ;
; APEX20K_TECHNOLOGY_MAPPER                      ; LUT          ; TECH_MAPPER_APEX20K             ;
; DEDICATED_MULTIPLIER_CIRCUITRY                 ; AUTO         ; Untyped                         ;
; DEDICATED_MULTIPLIER_MIN_INPUT_WIDTH_FOR_AUTO  ; 0            ; Untyped                         ;
; DEDICATED_MULTIPLIER_MIN_OUTPUT_WIDTH_FOR_AUTO ; 0            ; Untyped                         ;
; CBXI_PARAMETER                                 ; mult_76p     ; Untyped                         ;
; INPUT_A_FIXED_VALUE                            ; Bx           ; Untyped                         ;
; INPUT_B_FIXED_VALUE                            ; Bx           ; Untyped                         ;
; USE_AHDL_IMPLEMENTATION                        ; OFF          ; Untyped                         ;
+------------------------------------------------+--------------+---------------------------------+
Note: In order to hide this table in the UI and the text report file, please set the "Show Parameter Settings in Synthesis Report" option in "Analysis and Synthesis Settings -> More Settings" to "Off".


+-------------------------------------------------------------------------------------------------+
; Parameter Settings for User Entity Instance: window:u0|mult12_12:u3|lpm_mult:lpm_mult_component ;
+------------------------------------------------+--------------+---------------------------------+
; Parameter Name                                 ; Value        ; Type                            ;
+------------------------------------------------+--------------+---------------------------------+
; AUTO_CARRY_CHAINS                              ; ON           ; AUTO_CARRY                      ;
; IGNORE_CARRY_BUFFERS                           ; OFF          ; IGNORE_CARRY                    ;
; AUTO_CASCADE_CHAINS                            ; ON           ; AUTO_CASCADE                    ;
; IGNORE_CASCADE_BUFFERS                         ; OFF          ; IGNORE_CASCADE                  ;
; LPM_WIDTHA                                     ; 12           ; Signed Integer                  ;
; LPM_WIDTHB                                     ; 12           ; Signed Integer                  ;
; LPM_WIDTHP                                     ; 24           ; Signed Integer                  ;
; LPM_WIDTHR                                     ; 0            ; Untyped                         ;
; LPM_WIDTHS                                     ; 1            ; Untyped                         ;
; LPM_REPRESENTATION                             ; SIGNED       ; Untyped                         ;
; LPM_PIPELINE                                   ; 2            ; Signed Integer                  ;
; LATENCY                                        ; 0            ; Untyped                         ;
; INPUT_A_IS_CONSTANT                            ; NO           ; Untyped                         ;
; INPUT_B_IS_CONSTANT                            ; NO           ; Untyped                         ;
; USE_EAB                                        ; OFF          ; Untyped                         ;
; MAXIMIZE_SPEED                                 ; 5            ; Untyped                         ;
; DEVICE_FAMILY                                  ; Cyclone IV E ; Untyped                         ;
; CARRY_CHAIN                                    ; MANUAL       ; Untyped                         ;
; APEX20K_TECHNOLOGY_MAPPER                      ; LUT          ; TECH_MAPPER_APEX20K             ;
; DEDICATED_MULTIPLIER_CIRCUITRY                 ; AUTO         ; Untyped                         ;
; DEDICATED_MULTIPLIER_MIN_INPUT_WIDTH_FOR_AUTO  ; 0            ; Untyped                         ;
; DEDICATED_MULTIPLIER_MIN_OUTPUT_WIDTH_FOR_AUTO ; 0            ; Untyped                         ;
; CBXI_PARAMETER                                 ; mult_76p     ; Untyped                         ;
; INPUT_A_FIXED_VALUE                            ; Bx           ; Untyped                         ;
; INPUT_B_FIXED_VALUE                            ; Bx           ; Untyped                         ;
; USE_AHDL_IMPLEMENTATION                        ; OFF          ; Untyped                         ;
+------------------------------------------------+--------------+---------------------------------+
Note: In order to hide this table in the UI and the text report file, please set the "Show Parameter Settings in Synthesis Report" option in "Analysis and Synthesis Settings -> More Settings" to "Off".


+------------------------------------------------------------------------------------------------------+
; Parameter Settings for User Entity Instance: window:u0|dram16_256:u4|altsyncram:altsyncram_component ;
+------------------------------------+----------------------+------------------------------------------+
; Parameter Name                     ; Value                ; Type                                     ;
+------------------------------------+----------------------+------------------------------------------+
; BYTE_SIZE_BLOCK                    ; 8                    ; Untyped                                  ;
; AUTO_CARRY_CHAINS                  ; ON                   ; AUTO_CARRY                               ;
; IGNORE_CARRY_BUFFERS               ; OFF                  ; IGNORE_CARRY                             ;
; AUTO_CASCADE_CHAINS                ; ON                   ; AUTO_CASCADE                             ;
; IGNORE_CASCADE_BUFFERS             ; OFF                  ; IGNORE_CASCADE                           ;
; WIDTH_BYTEENA                      ; 1                    ; Untyped                                  ;
; OPERATION_MODE                     ; DUAL_PORT            ; Untyped                                  ;
; WIDTH_A                            ; 16                   ; Signed Integer                           ;
; WIDTHAD_A                          ; 8                    ; Signed Integer                           ;
; NUMWORDS_A                         ; 256                  ; Signed Integer                           ;
; OUTDATA_REG_A                      ; UNREGISTERED         ; Untyped                                  ;
; ADDRESS_ACLR_A                     ; NONE                 ; Untyped                                  ;
; OUTDATA_ACLR_A                     ; NONE                 ; Untyped                                  ;
; WRCONTROL_ACLR_A                   ; NONE                 ; Untyped                                  ;
; INDATA_ACLR_A                      ; NONE                 ; Untyped                                  ;
; BYTEENA_ACLR_A                     ; NONE                 ; Untyped                                  ;
; WIDTH_B                            ; 16                   ; Signed Integer                           ;
; WIDTHAD_B                          ; 8                    ; Signed Integer                           ;
; NUMWORDS_B                         ; 256                  ; Signed Integer                           ;
; INDATA_REG_B                       ; CLOCK1               ; Untyped                                  ;
; WRCONTROL_WRADDRESS_REG_B          ; CLOCK1               ; Untyped                                  ;
; RDCONTROL_REG_B                    ; CLOCK1               ; Untyped                                  ;
; ADDRESS_REG_B                      ; CLOCK1               ; Untyped                                  ;
; OUTDATA_REG_B                      ; UNREGISTERED         ; Untyped                                  ;
; BYTEENA_REG_B                      ; CLOCK1               ; Untyped                                  ;
; INDATA_ACLR_B                      ; NONE                 ; Untyped                                  ;
; WRCONTROL_ACLR_B                   ; NONE                 ; Untyped                                  ;
; ADDRESS_ACLR_B                     ; NONE                 ; Untyped                                  ;
; OUTDATA_ACLR_B                     ; NONE                 ; Untyped                                  ;
; RDCONTROL_ACLR_B                   ; NONE                 ; Untyped                                  ;
; BYTEENA_ACLR_B                     ; NONE                 ; Untyped                                  ;
; WIDTH_BYTEENA_A                    ; 1                    ; Signed Integer                           ;
; WIDTH_BYTEENA_B                    ; 1                    ; Untyped                                  ;
; RAM_BLOCK_TYPE                     ; AUTO                 ; Untyped                                  ;
; BYTE_SIZE                          ; 8                    ; Untyped                                  ;
; READ_DURING_WRITE_MODE_MIXED_PORTS ; DONT_CARE            ; Untyped                                  ;
; READ_DURING_WRITE_MODE_PORT_A      ; NEW_DATA_NO_NBE_READ ; Untyped                                  ;
; READ_DURING_WRITE_MODE_PORT_B      ; NEW_DATA_NO_NBE_READ ; Untyped                                  ;
; INIT_FILE                          ; UNUSED               ; Untyped                                  ;
; INIT_FILE_LAYOUT                   ; PORT_A               ; Untyped                                  ;
; MAXIMUM_DEPTH                      ; 0                    ; Untyped                                  ;
; CLOCK_ENABLE_INPUT_A               ; BYPASS               ; Untyped                                  ;
; CLOCK_ENABLE_INPUT_B               ; BYPASS               ; Untyped                                  ;
; CLOCK_ENABLE_OUTPUT_A              ; NORMAL               ; Untyped                                  ;
; CLOCK_ENABLE_OUTPUT_B              ; BYPASS               ; Untyped                                  ;
; CLOCK_ENABLE_CORE_A                ; USE_INPUT_CLKEN      ; Untyped                                  ;
; CLOCK_ENABLE_CORE_B                ; USE_INPUT_CLKEN      ; Untyped                                  ;
; ENABLE_ECC                         ; FALSE                ; Untyped                                  ;
; DEVICE_FAMILY                      ; Cyclone IV E         ; Untyped                                  ;
; CBXI_PARAMETER                     ; altsyncram_09k1      ; Untyped                                  ;
+------------------------------------+----------------------+------------------------------------------+
Note: In order to hide this table in the UI and the text report file, please set the "Show Parameter Settings in Synthesis Report" option in "Analysis and Synthesis Settings -> More Settings" to "Off".


+------------------------------------------------------------------------------------------------------+
; Parameter Settings for User Entity Instance: window:u0|dram16_256:u5|altsyncram:altsyncram_component ;
+------------------------------------+----------------------+------------------------------------------+
; Parameter Name                     ; Value                ; Type                                     ;
+------------------------------------+----------------------+------------------------------------------+
; BYTE_SIZE_BLOCK                    ; 8                    ; Untyped                                  ;
; AUTO_CARRY_CHAINS                  ; ON                   ; AUTO_CARRY                               ;
; IGNORE_CARRY_BUFFERS               ; OFF                  ; IGNORE_CARRY                             ;
; AUTO_CASCADE_CHAINS                ; ON                   ; AUTO_CASCADE                             ;
; IGNORE_CASCADE_BUFFERS             ; OFF                  ; IGNORE_CASCADE                           ;
; WIDTH_BYTEENA                      ; 1                    ; Untyped                                  ;
; OPERATION_MODE                     ; DUAL_PORT            ; Untyped                                  ;
; WIDTH_A                            ; 16                   ; Signed Integer                           ;
; WIDTHAD_A                          ; 8                    ; Signed Integer                           ;
; NUMWORDS_A                         ; 256                  ; Signed Integer                           ;
; OUTDATA_REG_A                      ; UNREGISTERED         ; Untyped                                  ;
; ADDRESS_ACLR_A                     ; NONE                 ; Untyped                                  ;
; OUTDATA_ACLR_A                     ; NONE                 ; Untyped                                  ;
; WRCONTROL_ACLR_A                   ; NONE                 ; Untyped                                  ;
; INDATA_ACLR_A                      ; NONE                 ; Untyped                                  ;
; BYTEENA_ACLR_A                     ; NONE                 ; Untyped                                  ;
; WIDTH_B                            ; 16                   ; Signed Integer                           ;
; WIDTHAD_B                          ; 8                    ; Signed Integer                           ;
; NUMWORDS_B                         ; 256                  ; Signed Integer                           ;
; INDATA_REG_B                       ; CLOCK1               ; Untyped                                  ;
; WRCONTROL_WRADDRESS_REG_B          ; CLOCK1               ; Untyped                                  ;
; RDCONTROL_REG_B                    ; CLOCK1               ; Untyped                                  ;
; ADDRESS_REG_B                      ; CLOCK1               ; Untyped                                  ;
; OUTDATA_REG_B                      ; UNREGISTERED         ; Untyped                                  ;
; BYTEENA_REG_B                      ; CLOCK1               ; Untyped                                  ;
; INDATA_ACLR_B                      ; NONE                 ; Untyped                                  ;
; WRCONTROL_ACLR_B                   ; NONE                 ; Untyped                                  ;
; ADDRESS_ACLR_B                     ; NONE                 ; Untyped                                  ;
; OUTDATA_ACLR_B                     ; NONE                 ; Untyped                                  ;
; RDCONTROL_ACLR_B                   ; NONE                 ; Untyped                                  ;
; BYTEENA_ACLR_B                     ; NONE                 ; Untyped                                  ;
; WIDTH_BYTEENA_A                    ; 1                    ; Signed Integer                           ;
; WIDTH_BYTEENA_B                    ; 1                    ; Untyped                                  ;
; RAM_BLOCK_TYPE                     ; AUTO                 ; Untyped                                  ;
; BYTE_SIZE                          ; 8                    ; Untyped                                  ;
; READ_DURING_WRITE_MODE_MIXED_PORTS ; DONT_CARE            ; Untyped                                  ;
; READ_DURING_WRITE_MODE_PORT_A      ; NEW_DATA_NO_NBE_READ ; Untyped                                  ;
; READ_DURING_WRITE_MODE_PORT_B      ; NEW_DATA_NO_NBE_READ ; Untyped                                  ;
; INIT_FILE                          ; UNUSED               ; Untyped                                  ;
; INIT_FILE_LAYOUT                   ; PORT_A               ; Untyped                                  ;
; MAXIMUM_DEPTH                      ; 0                    ; Untyped                                  ;
; CLOCK_ENABLE_INPUT_A               ; BYPASS               ; Untyped                                  ;
; CLOCK_ENABLE_INPUT_B               ; BYPASS               ; Untyped                                  ;
; CLOCK_ENABLE_OUTPUT_A              ; NORMAL               ; Untyped                                  ;
; CLOCK_ENABLE_OUTPUT_B              ; BYPASS               ; Untyped                                  ;
; CLOCK_ENABLE_CORE_A                ; USE_INPUT_CLKEN      ; Untyped                                  ;
; CLOCK_ENABLE_CORE_B                ; USE_INPUT_CLKEN      ; Untyped                                  ;
; ENABLE_ECC                         ; FALSE                ; Untyped                                  ;
; DEVICE_FAMILY                      ; Cyclone IV E         ; Untyped                                  ;
; CBXI_PARAMETER                     ; altsyncram_09k1      ; Untyped                                  ;
+------------------------------------+----------------------+------------------------------------------+
Note: In order to hide this table in the UI and the text report file, please set the "Show Parameter Settings in Synthesis Report" option in "Analysis and Synthesis Settings -> More Settings" to "Off".


+----------------------------------------------------------------------------------------------------------------+
; Parameter Settings for User Entity Instance: window:u0|shifter16_2048:u6|altshift_taps:ALTSHIFT_TAPS_component ;
+----------------+----------------+------------------------------------------------------------------------------+
; Parameter Name ; Value          ; Type                                                                         ;
+----------------+----------------+------------------------------------------------------------------------------+
; WIDTH_BYTEENA  ; 1              ; Untyped                                                                      ;
; NUMBER_OF_TAPS ; 8              ; Signed Integer                                                               ;
; TAP_DISTANCE   ; 256            ; Signed Integer                                                               ;
; WIDTH          ; 16             ; Signed Integer                                                               ;
; POWER_UP_STATE ; CLEARED        ; Untyped                                                                      ;
; CBXI_PARAMETER ; shift_taps_2mv ; Untyped                                                                      ;
+----------------+----------------+------------------------------------------------------------------------------+
Note: In order to hide this table in the UI and the text report file, please set the "Show Parameter Settings in Synthesis Report" option in "Analysis and Synthesis Settings -> More Settings" to "Off".


+------------------------------------------------------------------------------------------------------------------------------------+
; Parameter Settings for User Entity Instance: fftfilter:u1|fft256:u0|asj_fft_si_sose_so_b_fft_121:asj_fft_si_sose_so_b_fft_121_inst ;
+----------------+-------------------------------------+-----------------------------------------------------------------------------+
; Parameter Name ; Value                               ; Type                                                                        ;
+----------------+-------------------------------------+-----------------------------------------------------------------------------+
; nps            ; 256                                 ; Signed Integer                                                              ;
; nume           ; 1                                   ; Signed Integer                                                              ;
; bfp            ; 1                                   ; Signed Integer                                                              ;
; mpr            ; 16                                  ; Signed Integer                                                              ;
; twr            ; 16                                  ; Signed Integer                                                              ;
; fpr            ; 4                                   ; Signed Integer                                                              ;
; mram           ; 0                                   ; Signed Integer                                                              ;
; m512           ; 0                                   ; Signed Integer                                                              ;
; bpr            ; 16                                  ; Signed Integer                                                              ;
; bpb            ; 4                                   ; Signed Integer                                                              ;
; mult_type      ; 0                                   ; Signed Integer                                                              ;
; mult_imp       ; 0                                   ; Signed Integer                                                              ;
; dsp_arch       ; 0                                   ; Signed Integer                                                              ;
; rfs1           ; fft256_1n256sin.hex                 ; String                                                                      ;
; rfs2           ; fft256_2n256sin.hex                 ; String                                                                      ;
; rfs3           ; fft256_3n256sin.hex                 ; String                                                                      ;
; rfc1           ; fft256_1n256cos.hex                 ; String                                                                      ;
; rfc2           ; fft256_2n256cos.hex                 ; String                                                                      ;
; rfc3           ; fft256_3n256cos.hex                 ; String                                                                      ;
; srr            ; AUTO_SHIFT_REGISTER_RECOGNITION=OFF ; String                                                                      ;
+----------------+-------------------------------------+-----------------------------------------------------------------------------+
Note: In order to hide this table in the UI and the text report file, please set the "Show Parameter Settings in Synthesis Report" option in "Analysis and Synthesis Settings -> More Settings" to "Off".


+----------------------------------------------------------------------------------------------------------------------------------------------------------------------------------------------------+
; Parameter Settings for User Entity Instance: fftfilter:u1|fft256:u0|asj_fft_si_sose_so_b_fft_121:asj_fft_si_sose_so_b_fft_121_inst|auk_dspip_avalon_streaming_sink_fft_121:auk_dsp_atlantic_sink_1 ;
+------------------+------------+--------------------------------------------------------------------------------------------------------------------------------------------------------------------+
; Parameter Name   ; Value      ; Type                                                                                                                                                               ;
+------------------+------------+--------------------------------------------------------------------------------------------------------------------------------------------------------------------+
; width_g          ; 32         ; Signed Integer                                                                                                                                                     ;
; packet_size_g    ; 256        ; Signed Integer                                                                                                                                                     ;
; fifo_depth_g     ; 7          ; Signed Integer                                                                                                                                                     ;
; MIN_DATA_COUNT_g ; 2          ; Signed Integer                                                                                                                                                     ;
; PFC_MODE_g       ; false      ; Enumerated                                                                                                                                                         ;
; sop_eop_calc_g   ; true       ; Enumerated                                                                                                                                                         ;
; family_g         ; Stratix II ; String                                                                                                                                                             ;
; mem_type_g       ; Auto       ; String                                                                                                                                                             ;
+------------------+------------+--------------------------------------------------------------------------------------------------------------------------------------------------------------------+
Note: In order to hide this table in the UI and the text report file, please set the "Show Parameter Settings in Synthesis Report" option in "Analysis and Synthesis Settings -> More Settings" to "Off".


+--------------------------------------------------------------------------------------------------------------------------------------------------------------------------------------------------------------------------------------------+
; Parameter Settings for User Entity Instance: fftfilter:u1|fft256:u0|asj_fft_si_sose_so_b_fft_121:asj_fft_si_sose_so_b_fft_121_inst|auk_dspip_avalon_streaming_sink_fft_121:auk_dsp_atlantic_sink_1|scfifo:\normal_fifo:fifo_eab_on:in_fifo ;
+-------------------------+--------------+---------------------------------------------------------------------------------------------------------------------------------------------------------------------------------------------------+
; Parameter Name          ; Value        ; Type                                                                                                                                                                                              ;
+-------------------------+--------------+---------------------------------------------------------------------------------------------------------------------------------------------------------------------------------------------------+
; AUTO_CARRY_CHAINS       ; ON           ; AUTO_CARRY                                                                                                                                                                                        ;
; IGNORE_CARRY_BUFFERS    ; OFF          ; IGNORE_CARRY                                                                                                                                                                                      ;
; AUTO_CASCADE_CHAINS     ; ON           ; AUTO_CASCADE                                                                                                                                                                                      ;
; IGNORE_CASCADE_BUFFERS  ; OFF          ; IGNORE_CASCADE                                                                                                                                                                                    ;
; lpm_width               ; 34           ; Signed Integer                                                                                                                                                                                    ;
; LPM_NUMWORDS            ; 7            ; Signed Integer                                                                                                                                                                                    ;
; LPM_WIDTHU              ; 3            ; Signed Integer                                                                                                                                                                                    ;
; LPM_SHOWAHEAD           ; OFF          ; Untyped                                                                                                                                                                                           ;
; UNDERFLOW_CHECKING      ; OFF          ; Untyped                                                                                                                                                                                           ;
; OVERFLOW_CHECKING       ; OFF          ; Untyped                                                                                                                                                                                           ;
; ALLOW_RWCYCLE_WHEN_FULL ; OFF          ; Untyped                                                                                                                                                                                           ;
; ADD_RAM_OUTPUT_REGISTER ; ON           ; Untyped                                                                                                                                                                                           ;
; ALMOST_FULL_VALUE       ; 5            ; Signed Integer                                                                                                                                                                                    ;
; ALMOST_EMPTY_VALUE      ; 1            ; Signed Integer                                                                                                                                                                                    ;
; USE_EAB                 ; ON           ; Untyped                                                                                                                                                                                           ;
; MAXIMIZE_SPEED          ; 5            ; Untyped                                                                                                                                                                                           ;
; DEVICE_FAMILY           ; Cyclone IV E ; Untyped                                                                                                                                                                                           ;
; OPTIMIZE_FOR_SPEED      ; 5            ; Untyped                                                                                                                                                                                           ;
; CBXI_PARAMETER          ; scfifo_udh1  ; Untyped                                                                                                                                                                                           ;
+-------------------------+--------------+---------------------------------------------------------------------------------------------------------------------------------------------------------------------------------------------------+
Note: In order to hide this table in the UI and the text report file, please set the "Show Parameter Settings in Synthesis Report" option in "Analysis and Synthesis Settings -> More Settings" to "Off".


+--------------------------------------------------------------------------------------------------------------------------------------------------------------------------------------------------------+
; Parameter Settings for User Entity Instance: fftfilter:u1|fft256:u0|asj_fft_si_sose_so_b_fft_121:asj_fft_si_sose_so_b_fft_121_inst|auk_dspip_avalon_streaming_source_fft_121:auk_dsp_atlantic_source_1 ;
+-----------------+-------+------------------------------------------------------------------------------------------------------------------------------------------------------------------------------+
; Parameter Name  ; Value ; Type                                                                                                                                                                         ;
+-----------------+-------+------------------------------------------------------------------------------------------------------------------------------------------------------------------------------+
; width_g         ; 38    ; Signed Integer                                                                                                                                                               ;
; packet_size_g   ; 256   ; Signed Integer                                                                                                                                                               ;
; HAVE_COUNTER_g  ; false ; Enumerated                                                                                                                                                                   ;
; COUNTER_LIMIT_g ; 4     ; Signed Integer                                                                                                                                                               ;
; multi_channel_g ; false ; Enumerated                                                                                                                                                                   ;
+-----------------+-------+------------------------------------------------------------------------------------------------------------------------------------------------------------------------------+
Note: In order to hide this table in the UI and the text report file, please set the "Show Parameter Settings in Synthesis Report" option in "Analysis and Synthesis Settings -> More Settings" to "Off".


+---------------------------------------------------------------------------------------------------------------------------------------------------------------------+
; Parameter Settings for User Entity Instance: fftfilter:u1|fft256:u0|asj_fft_si_sose_so_b_fft_121:asj_fft_si_sose_so_b_fft_121_inst|asj_fft_m_k_counter_fft_121:ctrl ;
+----------------+-------+--------------------------------------------------------------------------------------------------------------------------------------------+
; Parameter Name ; Value ; Type                                                                                                                                       ;
+----------------+-------+--------------------------------------------------------------------------------------------------------------------------------------------+
; nps            ; 256   ; Signed Integer                                                                                                                             ;
; arch           ; 3     ; Signed Integer                                                                                                                             ;
; nume           ; 1     ; Signed Integer                                                                                                                             ;
; n_passes       ; 4     ; Signed Integer                                                                                                                             ;
; log2_n_passes  ; 4     ; Signed Integer                                                                                                                             ;
; apr            ; 8     ; Signed Integer                                                                                                                             ;
; cont           ; 0     ; Signed Integer                                                                                                                             ;
+----------------+-------+--------------------------------------------------------------------------------------------------------------------------------------------+
Note: In order to hide this table in the UI and the text report file, please set the "Show Parameter Settings in Synthesis Report" option in "Analysis and Synthesis Settings -> More Settings" to "Off".


+--------------------------------------------------------------------------------------------------------------------------------------------------------------------------+
; Parameter Settings for User Entity Instance: fftfilter:u1|fft256:u0|asj_fft_si_sose_so_b_fft_121:asj_fft_si_sose_so_b_fft_121_inst|asj_fft_tdl_bit_rst_fft_121:delay_swd ;
+----------------+-------+-------------------------------------------------------------------------------------------------------------------------------------------------+
; Parameter Name ; Value ; Type                                                                                                                                            ;
+----------------+-------+-------------------------------------------------------------------------------------------------------------------------------------------------+
; del            ; 10    ; Signed Integer                                                                                                                                  ;
+----------------+-------+-------------------------------------------------------------------------------------------------------------------------------------------------+
Note: In order to hide this table in the UI and the text report file, please set the "Show Parameter Settings in Synthesis Report" option in "Analysis and Synthesis Settings -> More Settings" to "Off".


+------------------------------------------------------------------------------------------------------------------------------------------------------------------------+
; Parameter Settings for User Entity Instance: fftfilter:u1|fft256:u0|asj_fft_si_sose_so_b_fft_121:asj_fft_si_sose_so_b_fft_121_inst|asj_fft_in_write_sgl_fft_121:writer ;
+----------------+-------+-----------------------------------------------------------------------------------------------------------------------------------------------+
; Parameter Name ; Value ; Type                                                                                                                                          ;
+----------------+-------+-----------------------------------------------------------------------------------------------------------------------------------------------+
; nps            ; 256   ; Signed Integer                                                                                                                                ;
; mram           ; 0     ; Signed Integer                                                                                                                                ;
; arch           ; 3     ; Signed Integer                                                                                                                                ;
; nume           ; 1     ; Signed Integer                                                                                                                                ;
; mpr            ; 16    ; Signed Integer                                                                                                                                ;
; apr            ; 8     ; Signed Integer                                                                                                                                ;
; bpr            ; 16    ; Signed Integer                                                                                                                                ;
; bpb            ; 4     ; Signed Integer                                                                                                                                ;
+----------------+-------+-----------------------------------------------------------------------------------------------------------------------------------------------+
Note: In order to hide this table in the UI and the text report file, please set the "Show Parameter Settings in Synthesis Report" option in "Analysis and Synthesis Settings -> More Settings" to "Off".


+-----------------------------------------------------------------------------------------------------------------------------------------------------------------------------------------------------------------------+
; Parameter Settings for User Entity Instance: fftfilter:u1|fft256:u0|asj_fft_si_sose_so_b_fft_121:asj_fft_si_sose_so_b_fft_121_inst|asj_fft_in_write_sgl_fft_121:writer|asj_fft_tdl_bit_rst_fft_121:\gen_soe:delay_swd ;
+----------------+-------+----------------------------------------------------------------------------------------------------------------------------------------------------------------------------------------------+
; Parameter Name ; Value ; Type                                                                                                                                                                                         ;
+----------------+-------+----------------------------------------------------------------------------------------------------------------------------------------------------------------------------------------------+
; del            ; 1     ; Signed Integer                                                                                                                                                                               ;
+----------------+-------+----------------------------------------------------------------------------------------------------------------------------------------------------------------------------------------------+
Note: In order to hide this table in the UI and the text report file, please set the "Show Parameter Settings in Synthesis Report" option in "Analysis and Synthesis Settings -> More Settings" to "Off".


+---------------------------------------------------------------------------------------------------------------------------------------------------------------------------+
; Parameter Settings for User Entity Instance: fftfilter:u1|fft256:u0|asj_fft_si_sose_so_b_fft_121:asj_fft_si_sose_so_b_fft_121_inst|asj_fft_unbburst_sose_ctrl_fft_121:ccc ;
+----------------+-------+--------------------------------------------------------------------------------------------------------------------------------------------------+
; Parameter Name ; Value ; Type                                                                                                                                             ;
+----------------+-------+--------------------------------------------------------------------------------------------------------------------------------------------------+
; nps            ; 256   ; Signed Integer                                                                                                                                   ;
; mpr            ; 16    ; Signed Integer                                                                                                                                   ;
; apr            ; 8     ; Signed Integer                                                                                                                                   ;
; nume           ; 1     ; Signed Integer                                                                                                                                   ;
; abuspr         ; 32    ; Signed Integer                                                                                                                                   ;
; rbuspr         ; 64    ; Signed Integer                                                                                                                                   ;
; cbuspr         ; 128   ; Signed Integer                                                                                                                                   ;
+----------------+-------+--------------------------------------------------------------------------------------------------------------------------------------------------+
Note: In order to hide this table in the UI and the text report file, please set the "Show Parameter Settings in Synthesis Report" option in "Analysis and Synthesis Settings -> More Settings" to "Off".


+-------------------------------------------------------------------------------------------------------------------------------------------------------------------------------------+
; Parameter Settings for User Entity Instance: fftfilter:u1|fft256:u0|asj_fft_si_sose_so_b_fft_121:asj_fft_si_sose_so_b_fft_121_inst|asj_fft_1dp_ram_fft_121:\gen_1_ram:gen_M4K:dat_A ;
+----------------+-------+------------------------------------------------------------------------------------------------------------------------------------------------------------+
; Parameter Name ; Value ; Type                                                                                                                                                       ;
+----------------+-------+------------------------------------------------------------------------------------------------------------------------------------------------------------+
; apr            ; 8     ; Signed Integer                                                                                                                                             ;
; mpr            ; 16    ; Signed Integer                                                                                                                                             ;
; rfd            ; AUTO  ; String                                                                                                                                                     ;
+----------------+-------+------------------------------------------------------------------------------------------------------------------------------------------------------------+
Note: In order to hide this table in the UI and the text report file, please set the "Show Parameter Settings in Synthesis Report" option in "Analysis and Synthesis Settings -> More Settings" to "Off".


+--------------------------------------------------------------------------------------------------------------------------------------------------------------------------------------------------------------------+
; Parameter Settings for User Entity Instance: fftfilter:u1|fft256:u0|asj_fft_si_sose_so_b_fft_121:asj_fft_si_sose_so_b_fft_121_inst|asj_fft_1dp_ram_fft_121:\gen_1_ram:gen_M4K:dat_A|asj_fft_data_ram_fft_121:dat_A ;
+----------------+-------+-------------------------------------------------------------------------------------------------------------------------------------------------------------------------------------------+
; Parameter Name ; Value ; Type                                                                                                                                                                                      ;
+----------------+-------+-------------------------------------------------------------------------------------------------------------------------------------------------------------------------------------------+
; dpr            ; 32    ; Signed Integer                                                                                                                                                                            ;
; apr            ; 8     ; Signed Integer                                                                                                                                                                            ;
; rfd            ; AUTO  ; String                                                                                                                                                                                    ;
+----------------+-------+-------------------------------------------------------------------------------------------------------------------------------------------------------------------------------------------+
Note: In order to hide this table in the UI and the text report file, please set the "Show Parameter Settings in Synthesis Report" option in "Analysis and Synthesis Settings -> More Settings" to "Off".


+-------------------------------------------------------------------------------------------------------------------------------------------------------------------------------------------------------------------------------------------------------------+
; Parameter Settings for User Entity Instance: fftfilter:u1|fft256:u0|asj_fft_si_sose_so_b_fft_121:asj_fft_si_sose_so_b_fft_121_inst|asj_fft_1dp_ram_fft_121:\gen_1_ram:gen_M4K:dat_A|asj_fft_data_ram_fft_121:dat_A|altsyncram:\gen_M4K:altsyncram_component ;
+------------------------------------+----------------------+-------------------------------------------------------------------------------------------------------------------------------------------------------------------------------------------------+
; Parameter Name                     ; Value                ; Type                                                                                                                                                                                            ;
+------------------------------------+----------------------+-------------------------------------------------------------------------------------------------------------------------------------------------------------------------------------------------+
; BYTE_SIZE_BLOCK                    ; 8                    ; Untyped                                                                                                                                                                                         ;
; AUTO_CARRY_CHAINS                  ; ON                   ; AUTO_CARRY                                                                                                                                                                                      ;
; IGNORE_CARRY_BUFFERS               ; OFF                  ; IGNORE_CARRY                                                                                                                                                                                    ;
; AUTO_CASCADE_CHAINS                ; ON                   ; AUTO_CASCADE                                                                                                                                                                                    ;
; IGNORE_CASCADE_BUFFERS             ; OFF                  ; IGNORE_CASCADE                                                                                                                                                                                  ;
; WIDTH_BYTEENA                      ; 1                    ; Untyped                                                                                                                                                                                         ;
; OPERATION_MODE                     ; DUAL_PORT            ; Untyped                                                                                                                                                                                         ;
; WIDTH_A                            ; 32                   ; Signed Integer                                                                                                                                                                                  ;
; WIDTHAD_A                          ; 8                    ; Signed Integer                                                                                                                                                                                  ;
; NUMWORDS_A                         ; 256                  ; Signed Integer                                                                                                                                                                                  ;
; OUTDATA_REG_A                      ; UNREGISTERED         ; Untyped                                                                                                                                                                                         ;
; ADDRESS_ACLR_A                     ; NONE                 ; Untyped                                                                                                                                                                                         ;
; OUTDATA_ACLR_A                     ; NONE                 ; Untyped                                                                                                                                                                                         ;
; WRCONTROL_ACLR_A                   ; NONE                 ; Untyped                                                                                                                                                                                         ;
; INDATA_ACLR_A                      ; NONE                 ; Untyped                                                                                                                                                                                         ;
; BYTEENA_ACLR_A                     ; NONE                 ; Untyped                                                                                                                                                                                         ;
; WIDTH_B                            ; 32                   ; Signed Integer                                                                                                                                                                                  ;
; WIDTHAD_B                          ; 8                    ; Signed Integer                                                                                                                                                                                  ;
; NUMWORDS_B                         ; 256                  ; Signed Integer                                                                                                                                                                                  ;
; INDATA_REG_B                       ; CLOCK1               ; Untyped                                                                                                                                                                                         ;
; WRCONTROL_WRADDRESS_REG_B          ; CLOCK1               ; Untyped                                                                                                                                                                                         ;
; RDCONTROL_REG_B                    ; CLOCK0               ; Untyped                                                                                                                                                                                         ;
; ADDRESS_REG_B                      ; CLOCK0               ; Untyped                                                                                                                                                                                         ;
; OUTDATA_REG_B                      ; CLOCK0               ; Untyped                                                                                                                                                                                         ;
; BYTEENA_REG_B                      ; CLOCK1               ; Untyped                                                                                                                                                                                         ;
; INDATA_ACLR_B                      ; NONE                 ; Untyped                                                                                                                                                                                         ;
; WRCONTROL_ACLR_B                   ; NONE                 ; Untyped                                                                                                                                                                                         ;
; ADDRESS_ACLR_B                     ; NONE                 ; Untyped                                                                                                                                                                                         ;
; OUTDATA_ACLR_B                     ; NONE                 ; Untyped                                                                                                                                                                                         ;
; RDCONTROL_ACLR_B                   ; NONE                 ; Untyped                                                                                                                                                                                         ;
; BYTEENA_ACLR_B                     ; NONE                 ; Untyped                                                                                                                                                                                         ;
; WIDTH_BYTEENA_A                    ; 1                    ; Signed Integer                                                                                                                                                                                  ;
; WIDTH_BYTEENA_B                    ; 1                    ; Signed Integer                                                                                                                                                                                  ;
; RAM_BLOCK_TYPE                     ; AUTO                 ; Untyped                                                                                                                                                                                         ;
; BYTE_SIZE                          ; 8                    ; Signed Integer                                                                                                                                                                                  ;
; READ_DURING_WRITE_MODE_MIXED_PORTS ; OLD_DATA             ; Untyped                                                                                                                                                                                         ;
; READ_DURING_WRITE_MODE_PORT_A      ; NEW_DATA_NO_NBE_READ ; Untyped                                                                                                                                                                                         ;
; READ_DURING_WRITE_MODE_PORT_B      ; NEW_DATA_NO_NBE_READ ; Untyped                                                                                                                                                                                         ;
; INIT_FILE                          ; UNUSED               ; Untyped                                                                                                                                                                                         ;
; INIT_FILE_LAYOUT                   ; PORT_A               ; Untyped                                                                                                                                                                                         ;
; MAXIMUM_DEPTH                      ; 0                    ; Signed Integer                                                                                                                                                                                  ;
; CLOCK_ENABLE_INPUT_A               ; NORMAL               ; Untyped                                                                                                                                                                                         ;
; CLOCK_ENABLE_INPUT_B               ; NORMAL               ; Untyped                                                                                                                                                                                         ;
; CLOCK_ENABLE_OUTPUT_A              ; NORMAL               ; Untyped                                                                                                                                                                                         ;
; CLOCK_ENABLE_OUTPUT_B              ; NORMAL               ; Untyped                                                                                                                                                                                         ;
; CLOCK_ENABLE_CORE_A                ; USE_INPUT_CLKEN      ; Untyped                                                                                                                                                                                         ;
; CLOCK_ENABLE_CORE_B                ; USE_INPUT_CLKEN      ; Untyped                                                                                                                                                                                         ;
; ENABLE_ECC                         ; FALSE                ; Untyped                                                                                                                                                                                         ;
; DEVICE_FAMILY                      ; Cyclone IV E         ; Untyped                                                                                                                                                                                         ;
; CBXI_PARAMETER                     ; altsyncram_21t3      ; Untyped                                                                                                                                                                                         ;
+------------------------------------+----------------------+-------------------------------------------------------------------------------------------------------------------------------------------------------------------------------------------------+
Note: In order to hide this table in the UI and the text report file, please set the "Show Parameter Settings in Synthesis Report" option in "Analysis and Synthesis Settings -> More Settings" to "Off".


+-----------------------------------------------------------------------------------------------------------------------------------------------------------------------+
; Parameter Settings for User Entity Instance: fftfilter:u1|fft256:u0|asj_fft_si_sose_so_b_fft_121:asj_fft_si_sose_so_b_fft_121_inst|asj_fft_dataadgen_fft_121:rd_adgen ;
+----------------+-------+----------------------------------------------------------------------------------------------------------------------------------------------+
; Parameter Name ; Value ; Type                                                                                                                                         ;
+----------------+-------+----------------------------------------------------------------------------------------------------------------------------------------------+
; nps            ; 256   ; Signed Integer                                                                                                                               ;
; nume           ; 1     ; Signed Integer                                                                                                                               ;
; arch           ; 3     ; Signed Integer                                                                                                                               ;
; n_passes       ; 3     ; Signed Integer                                                                                                                               ;
; log2_n_passes  ; 4     ; Signed Integer                                                                                                                               ;
; apr            ; 8     ; Signed Integer                                                                                                                               ;
+----------------+-------+----------------------------------------------------------------------------------------------------------------------------------------------+
Note: In order to hide this table in the UI and the text report file, please set the "Show Parameter Settings in Synthesis Report" option in "Analysis and Synthesis Settings -> More Settings" to "Off".


+--------------------------------------------------------------------------------------------------------------------------------------------------------------------------------------+
; Parameter Settings for User Entity Instance: fftfilter:u1|fft256:u0|asj_fft_si_sose_so_b_fft_121:asj_fft_si_sose_so_b_fft_121_inst|asj_fft_dataadgen_fft_121:\gen_wraddr_se:wr_adgen ;
+----------------+-------+-------------------------------------------------------------------------------------------------------------------------------------------------------------+
; Parameter Name ; Value ; Type                                                                                                                                                        ;
+----------------+-------+-------------------------------------------------------------------------------------------------------------------------------------------------------------+
; nps            ; 256   ; Signed Integer                                                                                                                                              ;
; nume           ; 1     ; Signed Integer                                                                                                                                              ;
; arch           ; 3     ; Signed Integer                                                                                                                                              ;
; n_passes       ; 3     ; Signed Integer                                                                                                                                              ;
; log2_n_passes  ; 4     ; Signed Integer                                                                                                                                              ;
; apr            ; 8     ; Signed Integer                                                                                                                                              ;
+----------------+-------+-------------------------------------------------------------------------------------------------------------------------------------------------------------+
Note: In order to hide this table in the UI and the text report file, please set the "Show Parameter Settings in Synthesis Report" option in "Analysis and Synthesis Settings -> More Settings" to "Off".


+-------------------------------------------------------------------------------------------------------------------------------------------------------------------------------+
; Parameter Settings for User Entity Instance: fftfilter:u1|fft256:u0|asj_fft_si_sose_so_b_fft_121:asj_fft_si_sose_so_b_fft_121_inst|asj_fft_dft_bfp_sgl_fft_121:\gen_se:bfpdft ;
+----------------+-------+------------------------------------------------------------------------------------------------------------------------------------------------------+
; Parameter Name ; Value ; Type                                                                                                                                                 ;
+----------------+-------+------------------------------------------------------------------------------------------------------------------------------------------------------+
; nps            ; 256   ; Signed Integer                                                                                                                                       ;
; bfp            ; 1     ; Signed Integer                                                                                                                                       ;
; nume           ; 1     ; Signed Integer                                                                                                                                       ;
; mpr            ; 16    ; Signed Integer                                                                                                                                       ;
; fpr            ; 4     ; Signed Integer                                                                                                                                       ;
; mult_type      ; 0     ; Signed Integer                                                                                                                                       ;
; mult_imp       ; 0     ; Signed Integer                                                                                                                                       ;
; dsp_arch       ; 0     ; Signed Integer                                                                                                                                       ;
; rbuspr         ; 64    ; Signed Integer                                                                                                                                       ;
; twr            ; 16    ; Signed Integer                                                                                                                                       ;
; nstages        ; 7     ; Signed Integer                                                                                                                                       ;
; pipe           ; 1     ; Signed Integer                                                                                                                                       ;
; rev            ; 0     ; Signed Integer                                                                                                                                       ;
; cont           ; 0     ; Signed Integer                                                                                                                                       ;
+----------------+-------+------------------------------------------------------------------------------------------------------------------------------------------------------+
Note: In order to hide this table in the UI and the text report file, please set the "Show Parameter Settings in Synthesis Report" option in "Analysis and Synthesis Settings -> More Settings" to "Off".


+-----------------------------------------------------------------------------------------------------------------------------------------------------------------------------------------------------------------------+
; Parameter Settings for User Entity Instance: fftfilter:u1|fft256:u0|asj_fft_si_sose_so_b_fft_121:asj_fft_si_sose_so_b_fft_121_inst|asj_fft_dft_bfp_sgl_fft_121:\gen_se:bfpdft|asj_fft_pround_fft_121:\gen_full_rnd:u0 ;
+----------------+-------+----------------------------------------------------------------------------------------------------------------------------------------------------------------------------------------------+
; Parameter Name ; Value ; Type                                                                                                                                                                                         ;
+----------------+-------+----------------------------------------------------------------------------------------------------------------------------------------------------------------------------------------------+
; widthin        ; 18    ; Signed Integer                                                                                                                                                                               ;
; widthout       ; 16    ; Signed Integer                                                                                                                                                                               ;
; pipe           ; 1     ; Signed Integer                                                                                                                                                                               ;
+----------------+-------+----------------------------------------------------------------------------------------------------------------------------------------------------------------------------------------------+
Note: In order to hide this table in the UI and the text report file, please set the "Show Parameter Settings in Synthesis Report" option in "Analysis and Synthesis Settings -> More Settings" to "Off".


+-----------------------------------------------------------------------------------------------------------------------------------------------------------------------------------------------------------------------------------------------------------------------+
; Parameter Settings for User Entity Instance: fftfilter:u1|fft256:u0|asj_fft_si_sose_so_b_fft_121:asj_fft_si_sose_so_b_fft_121_inst|asj_fft_dft_bfp_sgl_fft_121:\gen_se:bfpdft|asj_fft_pround_fft_121:\gen_full_rnd:u0|LPM_ADD_SUB:\gbrnd:nev:gp:lpm_add_sub_component ;
+------------------------+--------------+-------------------------------------------------------------------------------------------------------------------------------------------------------------------------------------------------------------------------------+
; Parameter Name         ; Value        ; Type                                                                                                                                                                                                                          ;
+------------------------+--------------+-------------------------------------------------------------------------------------------------------------------------------------------------------------------------------------------------------------------------------+
; LPM_WIDTH              ; 19           ; Signed Integer                                                                                                                                                                                                                ;
; LPM_REPRESENTATION     ; SIGNED       ; Untyped                                                                                                                                                                                                                       ;
; LPM_DIRECTION          ; DEFAULT      ; Untyped                                                                                                                                                                                                                       ;
; ONE_INPUT_IS_CONSTANT  ; NO           ; Untyped                                                                                                                                                                                                                       ;
; LPM_PIPELINE           ; 1            ; Signed Integer                                                                                                                                                                                                                ;
; MAXIMIZE_SPEED         ; 5            ; Untyped                                                                                                                                                                                                                       ;
; REGISTERED_AT_END      ; 0            ; Untyped                                                                                                                                                                                                                       ;
; OPTIMIZE_FOR_SPEED     ; 5            ; Untyped                                                                                                                                                                                                                       ;
; USE_CS_BUFFERS         ; 1            ; Untyped                                                                                                                                                                                                                       ;
; CARRY_CHAIN            ; MANUAL       ; Untyped                                                                                                                                                                                                                       ;
; CARRY_CHAIN_LENGTH     ; 48           ; CARRY_CHAIN_LENGTH                                                                                                                                                                                                            ;
; DEVICE_FAMILY          ; Cyclone IV E ; Untyped                                                                                                                                                                                                                       ;
; USE_WYS                ; OFF          ; Untyped                                                                                                                                                                                                                       ;
; STYLE                  ; FAST         ; Untyped                                                                                                                                                                                                                       ;
; CBXI_PARAMETER         ; add_sub_onj  ; Untyped                                                                                                                                                                                                                       ;
; AUTO_CARRY_CHAINS      ; ON           ; AUTO_CARRY                                                                                                                                                                                                                    ;
; IGNORE_CARRY_BUFFERS   ; OFF          ; IGNORE_CARRY                                                                                                                                                                                                                  ;
; AUTO_CASCADE_CHAINS    ; ON           ; AUTO_CASCADE                                                                                                                                                                                                                  ;
; IGNORE_CASCADE_BUFFERS ; OFF          ; IGNORE_CASCADE                                                                                                                                                                                                                ;
+------------------------+--------------+-------------------------------------------------------------------------------------------------------------------------------------------------------------------------------------------------------------------------------+
Note: In order to hide this table in the UI and the text report file, please set the "Show Parameter Settings in Synthesis Report" option in "Analysis and Synthesis Settings -> More Settings" to "Off".


+-----------------------------------------------------------------------------------------------------------------------------------------------------------------------------------------------------------------------+
; Parameter Settings for User Entity Instance: fftfilter:u1|fft256:u0|asj_fft_si_sose_so_b_fft_121:asj_fft_si_sose_so_b_fft_121_inst|asj_fft_dft_bfp_sgl_fft_121:\gen_se:bfpdft|asj_fft_pround_fft_121:\gen_full_rnd:u1 ;
+----------------+-------+----------------------------------------------------------------------------------------------------------------------------------------------------------------------------------------------+
; Parameter Name ; Value ; Type                                                                                                                                                                                         ;
+----------------+-------+----------------------------------------------------------------------------------------------------------------------------------------------------------------------------------------------+
; widthin        ; 18    ; Signed Integer                                                                                                                                                                               ;
; widthout       ; 16    ; Signed Integer                                                                                                                                                                               ;
; pipe           ; 1     ; Signed Integer                                                                                                                                                                               ;
+----------------+-------+----------------------------------------------------------------------------------------------------------------------------------------------------------------------------------------------+
Note: In order to hide this table in the UI and the text report file, please set the "Show Parameter Settings in Synthesis Report" option in "Analysis and Synthesis Settings -> More Settings" to "Off".


+-----------------------------------------------------------------------------------------------------------------------------------------------------------------------------------------------------------------------------------------------------------------------+
; Parameter Settings for User Entity Instance: fftfilter:u1|fft256:u0|asj_fft_si_sose_so_b_fft_121:asj_fft_si_sose_so_b_fft_121_inst|asj_fft_dft_bfp_sgl_fft_121:\gen_se:bfpdft|asj_fft_pround_fft_121:\gen_full_rnd:u1|LPM_ADD_SUB:\gbrnd:nev:gp:lpm_add_sub_component ;
+------------------------+--------------+-------------------------------------------------------------------------------------------------------------------------------------------------------------------------------------------------------------------------------+
; Parameter Name         ; Value        ; Type                                                                                                                                                                                                                          ;
+------------------------+--------------+-------------------------------------------------------------------------------------------------------------------------------------------------------------------------------------------------------------------------------+
; LPM_WIDTH              ; 19           ; Signed Integer                                                                                                                                                                                                                ;
; LPM_REPRESENTATION     ; SIGNED       ; Untyped                                                                                                                                                                                                                       ;
; LPM_DIRECTION          ; DEFAULT      ; Untyped                                                                                                                                                                                                                       ;
; ONE_INPUT_IS_CONSTANT  ; NO           ; Untyped                                                                                                                                                                                                                       ;
; LPM_PIPELINE           ; 1            ; Signed Integer                                                                                                                                                                                                                ;
; MAXIMIZE_SPEED         ; 5            ; Untyped                                                                                                                                                                                                                       ;
; REGISTERED_AT_END      ; 0            ; Untyped                                                                                                                                                                                                                       ;
; OPTIMIZE_FOR_SPEED     ; 5            ; Untyped                                                                                                                                                                                                                       ;
; USE_CS_BUFFERS         ; 1            ; Untyped                                                                                                                                                                                                                       ;
; CARRY_CHAIN            ; MANUAL       ; Untyped                                                                                                                                                                                                                       ;
; CARRY_CHAIN_LENGTH     ; 48           ; CARRY_CHAIN_LENGTH                                                                                                                                                                                                            ;
; DEVICE_FAMILY          ; Cyclone IV E ; Untyped                                                                                                                                                                                                                       ;
; USE_WYS                ; OFF          ; Untyped                                                                                                                                                                                                                       ;
; STYLE                  ; FAST         ; Untyped                                                                                                                                                                                                                       ;
; CBXI_PARAMETER         ; add_sub_onj  ; Untyped                                                                                                                                                                                                                       ;
; AUTO_CARRY_CHAINS      ; ON           ; AUTO_CARRY                                                                                                                                                                                                                    ;
; IGNORE_CARRY_BUFFERS   ; OFF          ; IGNORE_CARRY                                                                                                                                                                                                                  ;
; AUTO_CASCADE_CHAINS    ; ON           ; AUTO_CASCADE                                                                                                                                                                                                                  ;
; IGNORE_CASCADE_BUFFERS ; OFF          ; IGNORE_CASCADE                                                                                                                                                                                                                ;
+------------------------+--------------+-------------------------------------------------------------------------------------------------------------------------------------------------------------------------------------------------------------------------------+
Note: In order to hide this table in the UI and the text report file, please set the "Show Parameter Settings in Synthesis Report" option in "Analysis and Synthesis Settings -> More Settings" to "Off".


+----------------------------------------------------------------------------------------------------------------------------------------------------------------------------------------------------------------+
; Parameter Settings for User Entity Instance: fftfilter:u1|fft256:u0|asj_fft_si_sose_so_b_fft_121:asj_fft_si_sose_so_b_fft_121_inst|asj_fft_dft_bfp_sgl_fft_121:\gen_se:bfpdft|asj_fft_bfp_o_fft_121:bfp_detect ;
+----------------+-------+---------------------------------------------------------------------------------------------------------------------------------------------------------------------------------------+
; Parameter Name ; Value ; Type                                                                                                                                                                                  ;
+----------------+-------+---------------------------------------------------------------------------------------------------------------------------------------------------------------------------------------+
; nps            ; 256   ; Signed Integer                                                                                                                                                                        ;
; bfp            ; 1     ; Signed Integer                                                                                                                                                                        ;
; nume           ; 1     ; Signed Integer                                                                                                                                                                        ;
; arch           ; 3     ; Signed Integer                                                                                                                                                                        ;
; mpr            ; 16    ; Signed Integer                                                                                                                                                                        ;
; fpr            ; 4     ; Signed Integer                                                                                                                                                                        ;
; rbuspr         ; 64    ; Signed Integer                                                                                                                                                                        ;
+----------------+-------+---------------------------------------------------------------------------------------------------------------------------------------------------------------------------------------+
Note: In order to hide this table in the UI and the text report file, please set the "Show Parameter Settings in Synthesis Report" option in "Analysis and Synthesis Settings -> More Settings" to "Off".


+-----------------------------------------------------------------------------------------------------------------------------------------------------------------------------------------------------------------------------------------------------------------------------------------+
; Parameter Settings for User Entity Instance: fftfilter:u1|fft256:u0|asj_fft_si_sose_so_b_fft_121:asj_fft_si_sose_so_b_fft_121_inst|asj_fft_dft_bfp_sgl_fft_121:\gen_se:bfpdft|asj_fft_bfp_o_fft_121:bfp_detect|asj_fft_tdl_bit_fft_121:\gen_blk_float:gen_1_input_bfp_o:delay_next_pass ;
+----------------+-------+----------------------------------------------------------------------------------------------------------------------------------------------------------------------------------------------------------------------------------------------------------------+
; Parameter Name ; Value ; Type                                                                                                                                                                                                                                                           ;
+----------------+-------+----------------------------------------------------------------------------------------------------------------------------------------------------------------------------------------------------------------------------------------------------------------+
; del            ; 9     ; Signed Integer                                                                                                                                                                                                                                                 ;
+----------------+-------+----------------------------------------------------------------------------------------------------------------------------------------------------------------------------------------------------------------------------------------------------------------+
Note: In order to hide this table in the UI and the text report file, please set the "Show Parameter Settings in Synthesis Report" option in "Analysis and Synthesis Settings -> More Settings" to "Off".


+------------------------------------------------------------------------------------------------------------------------------------------------------------------------------------------------------------------------------------------------------------------------------------------+
; Parameter Settings for User Entity Instance: fftfilter:u1|fft256:u0|asj_fft_si_sose_so_b_fft_121:asj_fft_si_sose_so_b_fft_121_inst|asj_fft_dft_bfp_sgl_fft_121:\gen_se:bfpdft|asj_fft_bfp_o_fft_121:bfp_detect|asj_fft_tdl_bit_fft_121:\gen_blk_float:gen_1_input_bfp_o:delay_next_pass3 ;
+----------------+-------+-----------------------------------------------------------------------------------------------------------------------------------------------------------------------------------------------------------------------------------------------------------------+
; Parameter Name ; Value ; Type                                                                                                                                                                                                                                                            ;
+----------------+-------+-----------------------------------------------------------------------------------------------------------------------------------------------------------------------------------------------------------------------------------------------------------------+
; del            ; 3     ; Signed Integer                                                                                                                                                                                                                                                  ;
+----------------+-------+-----------------------------------------------------------------------------------------------------------------------------------------------------------------------------------------------------------------------------------------------------------------+
Note: In order to hide this table in the UI and the text report file, please set the "Show Parameter Settings in Synthesis Report" option in "Analysis and Synthesis Settings -> More Settings" to "Off".


+---------------------------------------------------------------------------------------------------------------------------------------------------------------------------------------------------------------+
; Parameter Settings for User Entity Instance: fftfilter:u1|fft256:u0|asj_fft_si_sose_so_b_fft_121:asj_fft_si_sose_so_b_fft_121_inst|asj_fft_dft_bfp_sgl_fft_121:\gen_se:bfpdft|asj_fft_bfp_i_fft_121:bfp_scale ;
+----------------+-------+--------------------------------------------------------------------------------------------------------------------------------------------------------------------------------------+
; Parameter Name ; Value ; Type                                                                                                                                                                                 ;
+----------------+-------+--------------------------------------------------------------------------------------------------------------------------------------------------------------------------------------+
; mpr            ; 16    ; Signed Integer                                                                                                                                                                       ;
; fpr            ; 4     ; Signed Integer                                                                                                                                                                       ;
; arch           ; 3     ; Signed Integer                                                                                                                                                                       ;
; rbuspr         ; 64    ; Signed Integer                                                                                                                                                                       ;
+----------------+-------+--------------------------------------------------------------------------------------------------------------------------------------------------------------------------------------+
Note: In order to hide this table in the UI and the text report file, please set the "Show Parameter Settings in Synthesis Report" option in "Analysis and Synthesis Settings -> More Settings" to "Off".


+----------------------------------------------------------------------------------------------------------------------------------------------------------------------------------------------------------------------------------+
; Parameter Settings for User Entity Instance: fftfilter:u1|fft256:u0|asj_fft_si_sose_so_b_fft_121:asj_fft_si_sose_so_b_fft_121_inst|asj_fft_dft_bfp_sgl_fft_121:\gen_se:bfpdft|asj_fft_cmult_can_fft_121:\gen_da0:gen_canonic:cm1 ;
+----------------+-------+---------------------------------------------------------------------------------------------------------------------------------------------------------------------------------------------------------+
; Parameter Name ; Value ; Type                                                                                                                                                                                                    ;
+----------------+-------+---------------------------------------------------------------------------------------------------------------------------------------------------------------------------------------------------------+
; mpr            ; 16    ; Signed Integer                                                                                                                                                                                          ;
; twr            ; 16    ; Signed Integer                                                                                                                                                                                          ;
; opr            ; 32    ; Signed Integer                                                                                                                                                                                          ;
; oprp1          ; 33    ; Signed Integer                                                                                                                                                                                          ;
; oprp2          ; 34    ; Signed Integer                                                                                                                                                                                          ;
; pipe           ; 1     ; Signed Integer                                                                                                                                                                                          ;
; mult_imp       ; 0     ; Signed Integer                                                                                                                                                                                          ;
+----------------+-------+---------------------------------------------------------------------------------------------------------------------------------------------------------------------------------------------------------+
Note: In order to hide this table in the UI and the text report file, please set the "Show Parameter Settings in Synthesis Report" option in "Analysis and Synthesis Settings -> More Settings" to "Off".


+---------------------------------------------------------------------------------------------------------------------------------------------------------------------------------------------------------------------------------------------------------------------------+
; Parameter Settings for User Entity Instance: fftfilter:u1|fft256:u0|asj_fft_si_sose_so_b_fft_121:asj_fft_si_sose_so_b_fft_121_inst|asj_fft_dft_bfp_sgl_fft_121:\gen_se:bfpdft|asj_fft_cmult_can_fft_121:\gen_da0:gen_canonic:cm1|lpm_mult:\gen_ded_m1:gen_unext_m_ac:m_ac ;
+------------------------------------------------+--------------+-----------------------------------------------------------------------------------------------------------------------------------------------------------------------------------------------------------+
; Parameter Name                                 ; Value        ; Type                                                                                                                                                                                                      ;
+------------------------------------------------+--------------+-----------------------------------------------------------------------------------------------------------------------------------------------------------------------------------------------------------+
; AUTO_CARRY_CHAINS                              ; ON           ; AUTO_CARRY                                                                                                                                                                                                ;
; IGNORE_CARRY_BUFFERS                           ; OFF          ; IGNORE_CARRY                                                                                                                                                                                              ;
; AUTO_CASCADE_CHAINS                            ; ON           ; AUTO_CASCADE                                                                                                                                                                                              ;
; IGNORE_CASCADE_BUFFERS                         ; OFF          ; IGNORE_CASCADE                                                                                                                                                                                            ;
; LPM_WIDTHA                                     ; 16           ; Signed Integer                                                                                                                                                                                            ;
; LPM_WIDTHB                                     ; 16           ; Signed Integer                                                                                                                                                                                            ;
; LPM_WIDTHP                                     ; 32           ; Signed Integer                                                                                                                                                                                            ;
; LPM_WIDTHR                                     ; 0            ; Untyped                                                                                                                                                                                                   ;
; LPM_WIDTHS                                     ; 1            ; Signed Integer                                                                                                                                                                                            ;
; LPM_REPRESENTATION                             ; SIGNED       ; Untyped                                                                                                                                                                                                   ;
; LPM_PIPELINE                                   ; 3            ; Signed Integer                                                                                                                                                                                            ;
; LATENCY                                        ; 0            ; Untyped                                                                                                                                                                                                   ;
; INPUT_A_IS_CONSTANT                            ; NO           ; Untyped                                                                                                                                                                                                   ;
; INPUT_B_IS_CONSTANT                            ; NO           ; Untyped                                                                                                                                                                                                   ;
; USE_EAB                                        ; OFF          ; Untyped                                                                                                                                                                                                   ;
; MAXIMIZE_SPEED                                 ; 6            ; Untyped                                                                                                                                                                                                   ;
; DEVICE_FAMILY                                  ; Cyclone IV E ; Untyped                                                                                                                                                                                                   ;
; CARRY_CHAIN                                    ; MANUAL       ; Untyped                                                                                                                                                                                                   ;
; APEX20K_TECHNOLOGY_MAPPER                      ; LUT          ; TECH_MAPPER_APEX20K                                                                                                                                                                                       ;
; DEDICATED_MULTIPLIER_CIRCUITRY                 ; YES          ; Untyped                                                                                                                                                                                                   ;
; DEDICATED_MULTIPLIER_MIN_INPUT_WIDTH_FOR_AUTO  ; 0            ; Untyped                                                                                                                                                                                                   ;
; DEDICATED_MULTIPLIER_MIN_OUTPUT_WIDTH_FOR_AUTO ; 0            ; Untyped                                                                                                                                                                                                   ;
; CBXI_PARAMETER                                 ; mult_5t01    ; Untyped                                                                                                                                                                                                   ;
; INPUT_A_FIXED_VALUE                            ; Bx           ; Untyped                                                                                                                                                                                                   ;
; INPUT_B_FIXED_VALUE                            ; Bx           ; Untyped                                                                                                                                                                                                   ;
; USE_AHDL_IMPLEMENTATION                        ; OFF          ; Untyped                                                                                                                                                                                                   ;
+------------------------------------------------+--------------+-----------------------------------------------------------------------------------------------------------------------------------------------------------------------------------------------------------+
Note: In order to hide this table in the UI and the text report file, please set the "Show Parameter Settings in Synthesis Report" option in "Analysis and Synthesis Settings -> More Settings" to "Off".


+---------------------------------------------------------------------------------------------------------------------------------------------------------------------------------------------------------------------------------------------------------------------------+
; Parameter Settings for User Entity Instance: fftfilter:u1|fft256:u0|asj_fft_si_sose_so_b_fft_121:asj_fft_si_sose_so_b_fft_121_inst|asj_fft_dft_bfp_sgl_fft_121:\gen_se:bfpdft|asj_fft_cmult_can_fft_121:\gen_da0:gen_canonic:cm1|lpm_mult:\gen_ded_m1:gen_unext_m_bd:m_bd ;
+------------------------------------------------+--------------+-----------------------------------------------------------------------------------------------------------------------------------------------------------------------------------------------------------+
; Parameter Name                                 ; Value        ; Type                                                                                                                                                                                                      ;
+------------------------------------------------+--------------+-----------------------------------------------------------------------------------------------------------------------------------------------------------------------------------------------------------+
; AUTO_CARRY_CHAINS                              ; ON           ; AUTO_CARRY                                                                                                                                                                                                ;
; IGNORE_CARRY_BUFFERS                           ; OFF          ; IGNORE_CARRY                                                                                                                                                                                              ;
; AUTO_CASCADE_CHAINS                            ; ON           ; AUTO_CASCADE                                                                                                                                                                                              ;
; IGNORE_CASCADE_BUFFERS                         ; OFF          ; IGNORE_CASCADE                                                                                                                                                                                            ;
; LPM_WIDTHA                                     ; 16           ; Signed Integer                                                                                                                                                                                            ;
; LPM_WIDTHB                                     ; 16           ; Signed Integer                                                                                                                                                                                            ;
; LPM_WIDTHP                                     ; 32           ; Signed Integer                                                                                                                                                                                            ;
; LPM_WIDTHR                                     ; 0            ; Untyped                                                                                                                                                                                                   ;
; LPM_WIDTHS                                     ; 1            ; Signed Integer                                                                                                                                                                                            ;
; LPM_REPRESENTATION                             ; SIGNED       ; Untyped                                                                                                                                                                                                   ;
; LPM_PIPELINE                                   ; 3            ; Signed Integer                                                                                                                                                                                            ;
; LATENCY                                        ; 0            ; Untyped                                                                                                                                                                                                   ;
; INPUT_A_IS_CONSTANT                            ; NO           ; Untyped                                                                                                                                                                                                   ;
; INPUT_B_IS_CONSTANT                            ; NO           ; Untyped                                                                                                                                                                                                   ;
; USE_EAB                                        ; OFF          ; Untyped                                                                                                                                                                                                   ;
; MAXIMIZE_SPEED                                 ; 6            ; Untyped                                                                                                                                                                                                   ;
; DEVICE_FAMILY                                  ; Cyclone IV E ; Untyped                                                                                                                                                                                                   ;
; CARRY_CHAIN                                    ; MANUAL       ; Untyped                                                                                                                                                                                                   ;
; APEX20K_TECHNOLOGY_MAPPER                      ; LUT          ; TECH_MAPPER_APEX20K                                                                                                                                                                                       ;
; DEDICATED_MULTIPLIER_CIRCUITRY                 ; YES          ; Untyped                                                                                                                                                                                                   ;
; DEDICATED_MULTIPLIER_MIN_INPUT_WIDTH_FOR_AUTO  ; 0            ; Untyped                                                                                                                                                                                                   ;
; DEDICATED_MULTIPLIER_MIN_OUTPUT_WIDTH_FOR_AUTO ; 0            ; Untyped                                                                                                                                                                                                   ;
; CBXI_PARAMETER                                 ; mult_5t01    ; Untyped                                                                                                                                                                                                   ;
; INPUT_A_FIXED_VALUE                            ; Bx           ; Untyped                                                                                                                                                                                                   ;
; INPUT_B_FIXED_VALUE                            ; Bx           ; Untyped                                                                                                                                                                                                   ;
; USE_AHDL_IMPLEMENTATION                        ; OFF          ; Untyped                                                                                                                                                                                                   ;
+------------------------------------------------+--------------+-----------------------------------------------------------------------------------------------------------------------------------------------------------------------------------------------------------+
Note: In order to hide this table in the UI and the text report file, please set the "Show Parameter Settings in Synthesis Report" option in "Analysis and Synthesis Settings -> More Settings" to "Off".


+-------------------------------------------------------------------------------------------------------------------------------------------------------------------------------------------------------------------------------------------------------------------------------------+
; Parameter Settings for User Entity Instance: fftfilter:u1|fft256:u0|asj_fft_si_sose_so_b_fft_121:asj_fft_si_sose_so_b_fft_121_inst|asj_fft_dft_bfp_sgl_fft_121:\gen_se:bfpdft|asj_fft_cmult_can_fft_121:\gen_da0:gen_canonic:cm1|lpm_mult:\gen_ded_m1:gen_unext_m_a_b_c_d:m_a_b_c_d ;
+------------------------------------------------+--------------+---------------------------------------------------------------------------------------------------------------------------------------------------------------------------------------------------------------------+
; Parameter Name                                 ; Value        ; Type                                                                                                                                                                                                                ;
+------------------------------------------------+--------------+---------------------------------------------------------------------------------------------------------------------------------------------------------------------------------------------------------------------+
; AUTO_CARRY_CHAINS                              ; ON           ; AUTO_CARRY                                                                                                                                                                                                          ;
; IGNORE_CARRY_BUFFERS                           ; OFF          ; IGNORE_CARRY                                                                                                                                                                                                        ;
; AUTO_CASCADE_CHAINS                            ; ON           ; AUTO_CASCADE                                                                                                                                                                                                        ;
; IGNORE_CASCADE_BUFFERS                         ; OFF          ; IGNORE_CASCADE                                                                                                                                                                                                      ;
; LPM_WIDTHA                                     ; 17           ; Signed Integer                                                                                                                                                                                                      ;
; LPM_WIDTHB                                     ; 17           ; Signed Integer                                                                                                                                                                                                      ;
; LPM_WIDTHP                                     ; 34           ; Signed Integer                                                                                                                                                                                                      ;
; LPM_WIDTHR                                     ; 0            ; Untyped                                                                                                                                                                                                             ;
; LPM_WIDTHS                                     ; 1            ; Signed Integer                                                                                                                                                                                                      ;
; LPM_REPRESENTATION                             ; SIGNED       ; Untyped                                                                                                                                                                                                             ;
; LPM_PIPELINE                                   ; 3            ; Signed Integer                                                                                                                                                                                                      ;
; LATENCY                                        ; 0            ; Untyped                                                                                                                                                                                                             ;
; INPUT_A_IS_CONSTANT                            ; NO           ; Untyped                                                                                                                                                                                                             ;
; INPUT_B_IS_CONSTANT                            ; NO           ; Untyped                                                                                                                                                                                                             ;
; USE_EAB                                        ; OFF          ; Untyped                                                                                                                                                                                                             ;
; MAXIMIZE_SPEED                                 ; 6            ; Untyped                                                                                                                                                                                                             ;
; DEVICE_FAMILY                                  ; Cyclone IV E ; Untyped                                                                                                                                                                                                             ;
; CARRY_CHAIN                                    ; MANUAL       ; Untyped                                                                                                                                                                                                             ;
; APEX20K_TECHNOLOGY_MAPPER                      ; LUT          ; TECH_MAPPER_APEX20K                                                                                                                                                                                                 ;
; DEDICATED_MULTIPLIER_CIRCUITRY                 ; YES          ; Untyped                                                                                                                                                                                                             ;
; DEDICATED_MULTIPLIER_MIN_INPUT_WIDTH_FOR_AUTO  ; 0            ; Untyped                                                                                                                                                                                                             ;
; DEDICATED_MULTIPLIER_MIN_OUTPUT_WIDTH_FOR_AUTO ; 0            ; Untyped                                                                                                                                                                                                             ;
; CBXI_PARAMETER                                 ; mult_9t01    ; Untyped                                                                                                                                                                                                             ;
; INPUT_A_FIXED_VALUE                            ; Bx           ; Untyped                                                                                                                                                                                                             ;
; INPUT_B_FIXED_VALUE                            ; Bx           ; Untyped                                                                                                                                                                                                             ;
; USE_AHDL_IMPLEMENTATION                        ; OFF          ; Untyped                                                                                                                                                                                                             ;
+------------------------------------------------+--------------+---------------------------------------------------------------------------------------------------------------------------------------------------------------------------------------------------------------------+
Note: In order to hide this table in the UI and the text report file, please set the "Show Parameter Settings in Synthesis Report" option in "Analysis and Synthesis Settings -> More Settings" to "Off".


+----------------------------------------------------------------------------------------------------------------------------------------------------------------------------------------------------------------------------------------------------------------------+
; Parameter Settings for User Entity Instance: fftfilter:u1|fft256:u0|asj_fft_si_sose_so_b_fft_121:asj_fft_si_sose_so_b_fft_121_inst|asj_fft_dft_bfp_sgl_fft_121:\gen_se:bfpdft|asj_fft_cmult_can_fft_121:\gen_da0:gen_canonic:cm1|asj_fft_pround_fft_121:\gen_unsc:u0 ;
+----------------+-------+---------------------------------------------------------------------------------------------------------------------------------------------------------------------------------------------------------------------------------------------+
; Parameter Name ; Value ; Type                                                                                                                                                                                                                                        ;
+----------------+-------+---------------------------------------------------------------------------------------------------------------------------------------------------------------------------------------------------------------------------------------------+
; widthin        ; 32    ; Signed Integer                                                                                                                                                                                                                              ;
; widthout       ; 16    ; Signed Integer                                                                                                                                                                                                                              ;
; pipe           ; 1     ; Signed Integer                                                                                                                                                                                                                              ;
+----------------+-------+---------------------------------------------------------------------------------------------------------------------------------------------------------------------------------------------------------------------------------------------+
Note: In order to hide this table in the UI and the text report file, please set the "Show Parameter Settings in Synthesis Report" option in "Analysis and Synthesis Settings -> More Settings" to "Off".


+----------------------------------------------------------------------------------------------------------------------------------------------------------------------------------------------------------------------------------------------------------------------------------------------------------------------+
; Parameter Settings for User Entity Instance: fftfilter:u1|fft256:u0|asj_fft_si_sose_so_b_fft_121:asj_fft_si_sose_so_b_fft_121_inst|asj_fft_dft_bfp_sgl_fft_121:\gen_se:bfpdft|asj_fft_cmult_can_fft_121:\gen_da0:gen_canonic:cm1|asj_fft_pround_fft_121:\gen_unsc:u0|LPM_ADD_SUB:\gbrnd:nev:gp:lpm_add_sub_component ;
+------------------------+--------------+------------------------------------------------------------------------------------------------------------------------------------------------------------------------------------------------------------------------------------------------------------------------------+
; Parameter Name         ; Value        ; Type                                                                                                                                                                                                                                                                         ;
+------------------------+--------------+------------------------------------------------------------------------------------------------------------------------------------------------------------------------------------------------------------------------------------------------------------------------------+
; LPM_WIDTH              ; 33           ; Signed Integer                                                                                                                                                                                                                                                               ;
; LPM_REPRESENTATION     ; SIGNED       ; Untyped                                                                                                                                                                                                                                                                      ;
; LPM_DIRECTION          ; DEFAULT      ; Untyped                                                                                                                                                                                                                                                                      ;
; ONE_INPUT_IS_CONSTANT  ; NO           ; Untyped                                                                                                                                                                                                                                                                      ;
; LPM_PIPELINE           ; 1            ; Signed Integer                                                                                                                                                                                                                                                               ;
; MAXIMIZE_SPEED         ; 5            ; Untyped                                                                                                                                                                                                                                                                      ;
; REGISTERED_AT_END      ; 0            ; Untyped                                                                                                                                                                                                                                                                      ;
; OPTIMIZE_FOR_SPEED     ; 5            ; Untyped                                                                                                                                                                                                                                                                      ;
; USE_CS_BUFFERS         ; 1            ; Untyped                                                                                                                                                                                                                                                                      ;
; CARRY_CHAIN            ; MANUAL       ; Untyped                                                                                                                                                                                                                                                                      ;
; CARRY_CHAIN_LENGTH     ; 48           ; CARRY_CHAIN_LENGTH                                                                                                                                                                                                                                                           ;
; DEVICE_FAMILY          ; Cyclone IV E ; Untyped                                                                                                                                                                                                                                                                      ;
; USE_WYS                ; OFF          ; Untyped                                                                                                                                                                                                                                                                      ;
; STYLE                  ; FAST         ; Untyped                                                                                                                                                                                                                                                                      ;
; CBXI_PARAMETER         ; add_sub_knj  ; Untyped                                                                                                                                                                                                                                                                      ;
; AUTO_CARRY_CHAINS      ; ON           ; AUTO_CARRY                                                                                                                                                                                                                                                                   ;
; IGNORE_CARRY_BUFFERS   ; OFF          ; IGNORE_CARRY                                                                                                                                                                                                                                                                 ;
; AUTO_CASCADE_CHAINS    ; ON           ; AUTO_CASCADE                                                                                                                                                                                                                                                                 ;
; IGNORE_CASCADE_BUFFERS ; OFF          ; IGNORE_CASCADE                                                                                                                                                                                                                                                               ;
+------------------------+--------------+------------------------------------------------------------------------------------------------------------------------------------------------------------------------------------------------------------------------------------------------------------------------------+
Note: In order to hide this table in the UI and the text report file, please set the "Show Parameter Settings in Synthesis Report" option in "Analysis and Synthesis Settings -> More Settings" to "Off".


+----------------------------------------------------------------------------------------------------------------------------------------------------------------------------------------------------------------------------------------------------------------------+
; Parameter Settings for User Entity Instance: fftfilter:u1|fft256:u0|asj_fft_si_sose_so_b_fft_121:asj_fft_si_sose_so_b_fft_121_inst|asj_fft_dft_bfp_sgl_fft_121:\gen_se:bfpdft|asj_fft_cmult_can_fft_121:\gen_da0:gen_canonic:cm1|asj_fft_pround_fft_121:\gen_unsc:u1 ;
+----------------+-------+---------------------------------------------------------------------------------------------------------------------------------------------------------------------------------------------------------------------------------------------+
; Parameter Name ; Value ; Type                                                                                                                                                                                                                                        ;
+----------------+-------+---------------------------------------------------------------------------------------------------------------------------------------------------------------------------------------------------------------------------------------------+
; widthin        ; 32    ; Signed Integer                                                                                                                                                                                                                              ;
; widthout       ; 16    ; Signed Integer                                                                                                                                                                                                                              ;
; pipe           ; 1     ; Signed Integer                                                                                                                                                                                                                              ;
+----------------+-------+---------------------------------------------------------------------------------------------------------------------------------------------------------------------------------------------------------------------------------------------+
Note: In order to hide this table in the UI and the text report file, please set the "Show Parameter Settings in Synthesis Report" option in "Analysis and Synthesis Settings -> More Settings" to "Off".


+----------------------------------------------------------------------------------------------------------------------------------------------------------------------------------------------------------------------------------------------------------------------------------------------------------------------+
; Parameter Settings for User Entity Instance: fftfilter:u1|fft256:u0|asj_fft_si_sose_so_b_fft_121:asj_fft_si_sose_so_b_fft_121_inst|asj_fft_dft_bfp_sgl_fft_121:\gen_se:bfpdft|asj_fft_cmult_can_fft_121:\gen_da0:gen_canonic:cm1|asj_fft_pround_fft_121:\gen_unsc:u1|LPM_ADD_SUB:\gbrnd:nev:gp:lpm_add_sub_component ;
+------------------------+--------------+------------------------------------------------------------------------------------------------------------------------------------------------------------------------------------------------------------------------------------------------------------------------------+
; Parameter Name         ; Value        ; Type                                                                                                                                                                                                                                                                         ;
+------------------------+--------------+------------------------------------------------------------------------------------------------------------------------------------------------------------------------------------------------------------------------------------------------------------------------------+
; LPM_WIDTH              ; 33           ; Signed Integer                                                                                                                                                                                                                                                               ;
; LPM_REPRESENTATION     ; SIGNED       ; Untyped                                                                                                                                                                                                                                                                      ;
; LPM_DIRECTION          ; DEFAULT      ; Untyped                                                                                                                                                                                                                                                                      ;
; ONE_INPUT_IS_CONSTANT  ; NO           ; Untyped                                                                                                                                                                                                                                                                      ;
; LPM_PIPELINE           ; 1            ; Signed Integer                                                                                                                                                                                                                                                               ;
; MAXIMIZE_SPEED         ; 5            ; Untyped                                                                                                                                                                                                                                                                      ;
; REGISTERED_AT_END      ; 0            ; Untyped                                                                                                                                                                                                                                                                      ;
; OPTIMIZE_FOR_SPEED     ; 5            ; Untyped                                                                                                                                                                                                                                                                      ;
; USE_CS_BUFFERS         ; 1            ; Untyped                                                                                                                                                                                                                                                                      ;
; CARRY_CHAIN            ; MANUAL       ; Untyped                                                                                                                                                                                                                                                                      ;
; CARRY_CHAIN_LENGTH     ; 48           ; CARRY_CHAIN_LENGTH                                                                                                                                                                                                                                                           ;
; DEVICE_FAMILY          ; Cyclone IV E ; Untyped                                                                                                                                                                                                                                                                      ;
; USE_WYS                ; OFF          ; Untyped                                                                                                                                                                                                                                                                      ;
; STYLE                  ; FAST         ; Untyped                                                                                                                                                                                                                                                                      ;
; CBXI_PARAMETER         ; add_sub_knj  ; Untyped                                                                                                                                                                                                                                                                      ;
; AUTO_CARRY_CHAINS      ; ON           ; AUTO_CARRY                                                                                                                                                                                                                                                                   ;
; IGNORE_CARRY_BUFFERS   ; OFF          ; IGNORE_CARRY                                                                                                                                                                                                                                                                 ;
; AUTO_CASCADE_CHAINS    ; ON           ; AUTO_CASCADE                                                                                                                                                                                                                                                                 ;
; IGNORE_CASCADE_BUFFERS ; OFF          ; IGNORE_CASCADE                                                                                                                                                                                                                                                               ;
+------------------------+--------------+------------------------------------------------------------------------------------------------------------------------------------------------------------------------------------------------------------------------------------------------------------------------------+
Note: In order to hide this table in the UI and the text report file, please set the "Show Parameter Settings in Synthesis Report" option in "Analysis and Synthesis Settings -> More Settings" to "Off".


+--------------------------------------------------------------------------------------------------------------------------------------------------------------------------+
; Parameter Settings for User Entity Instance: fftfilter:u1|fft256:u0|asj_fft_si_sose_so_b_fft_121:asj_fft_si_sose_so_b_fft_121_inst|asj_fft_bfp_ctrl_fft_121:\gen_se:bfpc ;
+----------------+-------+-------------------------------------------------------------------------------------------------------------------------------------------------+
; Parameter Name ; Value ; Type                                                                                                                                            ;
+----------------+-------+-------------------------------------------------------------------------------------------------------------------------------------------------+
; nps            ; 256   ; Signed Integer                                                                                                                                  ;
; nume           ; 1     ; Signed Integer                                                                                                                                  ;
; fpr            ; 4     ; Signed Integer                                                                                                                                  ;
; cont           ; 0     ; Signed Integer                                                                                                                                  ;
; arch           ; 3     ; Signed Integer                                                                                                                                  ;
+----------------+-------+-------------------------------------------------------------------------------------------------------------------------------------------------+
Note: In order to hide this table in the UI and the text report file, please set the "Show Parameter Settings in Synthesis Report" option in "Analysis and Synthesis Settings -> More Settings" to "Off".


+---------------------------------------------------------------------------------------------------------------------------------------------------------------------------------------------------------------------------------------------+
; Parameter Settings for User Entity Instance: fftfilter:u1|fft256:u0|asj_fft_si_sose_so_b_fft_121:asj_fft_si_sose_so_b_fft_121_inst|asj_fft_bfp_ctrl_fft_121:\gen_se:bfpc|asj_fft_tdl_bit_rst_fft_121:\gen_so_crtl:gen_se_so:delay_next_pass ;
+----------------+-------+--------------------------------------------------------------------------------------------------------------------------------------------------------------------------------------------------------------------+
; Parameter Name ; Value ; Type                                                                                                                                                                                                               ;
+----------------+-------+--------------------------------------------------------------------------------------------------------------------------------------------------------------------------------------------------------------------+
; del            ; 13    ; Signed Integer                                                                                                                                                                                                     ;
+----------------+-------+--------------------------------------------------------------------------------------------------------------------------------------------------------------------------------------------------------------------+
Note: In order to hide this table in the UI and the text report file, please set the "Show Parameter Settings in Synthesis Report" option in "Analysis and Synthesis Settings -> More Settings" to "Off".


+-------------------------------------------------------------------------------------------------------------------------------------------------------------------------------------------------------------------------------------------+
; Parameter Settings for User Entity Instance: fftfilter:u1|fft256:u0|asj_fft_si_sose_so_b_fft_121:asj_fft_si_sose_so_b_fft_121_inst|asj_fft_bfp_ctrl_fft_121:\gen_se:bfpc|asj_fft_tdl_bit_fft_121:\gen_so_crtl:gen_se_so:delay_next_pass_2 ;
+----------------+-------+------------------------------------------------------------------------------------------------------------------------------------------------------------------------------------------------------------------+
; Parameter Name ; Value ; Type                                                                                                                                                                                                             ;
+----------------+-------+------------------------------------------------------------------------------------------------------------------------------------------------------------------------------------------------------------------+
; del            ; 1     ; Signed Integer                                                                                                                                                                                                   ;
+----------------+-------+------------------------------------------------------------------------------------------------------------------------------------------------------------------------------------------------------------------+
Note: In order to hide this table in the UI and the text report file, please set the "Show Parameter Settings in Synthesis Report" option in "Analysis and Synthesis Settings -> More Settings" to "Off".


+---------------------------------------------------------------------------------------------------------------------------------------------------------------------------------------------+
; Parameter Settings for User Entity Instance: fftfilter:u1|fft256:u0|asj_fft_si_sose_so_b_fft_121:asj_fft_si_sose_so_b_fft_121_inst|asj_fft_twadsogen_q_fft_121:\gen_se:gen_new:twid_factors ;
+----------------+-------+--------------------------------------------------------------------------------------------------------------------------------------------------------------------+
; Parameter Name ; Value ; Type                                                                                                                                                               ;
+----------------+-------+--------------------------------------------------------------------------------------------------------------------------------------------------------------------+
; nps            ; 256   ; Signed Integer                                                                                                                                                     ;
; nume           ; 1     ; Signed Integer                                                                                                                                                     ;
; n_passes       ; 3     ; Signed Integer                                                                                                                                                     ;
; log2_n_passes  ; 4     ; Signed Integer                                                                                                                                                     ;
; apr            ; 8     ; Signed Integer                                                                                                                                                     ;
; tw_delay       ; 1     ; Signed Integer                                                                                                                                                     ;
+----------------+-------+--------------------------------------------------------------------------------------------------------------------------------------------------------------------+
Note: In order to hide this table in the UI and the text report file, please set the "Show Parameter Settings in Synthesis Report" option in "Analysis and Synthesis Settings -> More Settings" to "Off".


+-----------------------------------------------------------------------------------------------------------------------------------------------------------------------------------+
; Parameter Settings for User Entity Instance: fftfilter:u1|fft256:u0|asj_fft_si_sose_so_b_fft_121:asj_fft_si_sose_so_b_fft_121_inst|asj_fft_1tdp_rom_fft_121:\gen_se:gen_new:twrom ;
+----------------+---------------------+--------------------------------------------------------------------------------------------------------------------------------------------+
; Parameter Name ; Value               ; Type                                                                                                                                       ;
+----------------+---------------------+--------------------------------------------------------------------------------------------------------------------------------------------+
; twr            ; 16                  ; Signed Integer                                                                                                                             ;
; twa            ; 6                   ; Signed Integer                                                                                                                             ;
; m512           ; 0                   ; Signed Integer                                                                                                                             ;
; rfc1           ; fft256_1n256cos.hex ; String                                                                                                                                     ;
; rfc2           ; fft256_2n256cos.hex ; String                                                                                                                                     ;
; rfc3           ; fft256_3n256cos.hex ; String                                                                                                                                     ;
; rfs1           ; fft256_1n256sin.hex ; String                                                                                                                                     ;
; rfs2           ; fft256_2n256sin.hex ; String                                                                                                                                     ;
; rfs3           ; fft256_3n256sin.hex ; String                                                                                                                                     ;
+----------------+---------------------+--------------------------------------------------------------------------------------------------------------------------------------------+
Note: In order to hide this table in the UI and the text report file, please set the "Show Parameter Settings in Synthesis Report" option in "Analysis and Synthesis Settings -> More Settings" to "Off".


+---------------------------------------------------------------------------------------------------------------------------------------------------------------------------------------------------------------------------------+
; Parameter Settings for User Entity Instance: fftfilter:u1|fft256:u0|asj_fft_si_sose_so_b_fft_121:asj_fft_si_sose_so_b_fft_121_inst|asj_fft_1tdp_rom_fft_121:\gen_se:gen_new:twrom|asj_fft_twid_rom_tdp_fft_121:\gen_auto:sin_1n ;
+----------------+---------------------+------------------------------------------------------------------------------------------------------------------------------------------------------------------------------------------+
; Parameter Name ; Value               ; Type                                                                                                                                                                                     ;
+----------------+---------------------+------------------------------------------------------------------------------------------------------------------------------------------------------------------------------------------+
; twr            ; 16                  ; Signed Integer                                                                                                                                                                           ;
; twa            ; 6                   ; Signed Integer                                                                                                                                                                           ;
; m512           ; 0                   ; Signed Integer                                                                                                                                                                           ;
; rf             ; fft256_1n256sin.hex ; String                                                                                                                                                                                   ;
+----------------+---------------------+------------------------------------------------------------------------------------------------------------------------------------------------------------------------------------------+
Note: In order to hide this table in the UI and the text report file, please set the "Show Parameter Settings in Synthesis Report" option in "Analysis and Synthesis Settings -> More Settings" to "Off".


+-----------------------------------------------------------------------------------------------------------------------------------------------------------------------------------------------------------------------------------------------------------------+
; Parameter Settings for User Entity Instance: fftfilter:u1|fft256:u0|asj_fft_si_sose_so_b_fft_121:asj_fft_si_sose_so_b_fft_121_inst|asj_fft_1tdp_rom_fft_121:\gen_se:gen_new:twrom|asj_fft_twid_rom_tdp_fft_121:\gen_auto:sin_1n|altsyncram:altsyncram_component ;
+------------------------------------+----------------------+-----------------------------------------------------------------------------------------------------------------------------------------------------------------------------------------------------+
; Parameter Name                     ; Value                ; Type                                                                                                                                                                                                ;
+------------------------------------+----------------------+-----------------------------------------------------------------------------------------------------------------------------------------------------------------------------------------------------+
; BYTE_SIZE_BLOCK                    ; 8                    ; Untyped                                                                                                                                                                                             ;
; AUTO_CARRY_CHAINS                  ; ON                   ; AUTO_CARRY                                                                                                                                                                                          ;
; IGNORE_CARRY_BUFFERS               ; OFF                  ; IGNORE_CARRY                                                                                                                                                                                        ;
; AUTO_CASCADE_CHAINS                ; ON                   ; AUTO_CASCADE                                                                                                                                                                                        ;
; IGNORE_CASCADE_BUFFERS             ; OFF                  ; IGNORE_CASCADE                                                                                                                                                                                      ;
; WIDTH_BYTEENA                      ; 1                    ; Untyped                                                                                                                                                                                             ;
; OPERATION_MODE                     ; BIDIR_DUAL_PORT      ; Untyped                                                                                                                                                                                             ;
; WIDTH_A                            ; 16                   ; Signed Integer                                                                                                                                                                                      ;
; WIDTHAD_A                          ; 6                    ; Signed Integer                                                                                                                                                                                      ;
; NUMWORDS_A                         ; 64                   ; Signed Integer                                                                                                                                                                                      ;
; OUTDATA_REG_A                      ; CLOCK0               ; Untyped                                                                                                                                                                                             ;
; ADDRESS_ACLR_A                     ; NONE                 ; Untyped                                                                                                                                                                                             ;
; OUTDATA_ACLR_A                     ; NONE                 ; Untyped                                                                                                                                                                                             ;
; WRCONTROL_ACLR_A                   ; NONE                 ; Untyped                                                                                                                                                                                             ;
; INDATA_ACLR_A                      ; NONE                 ; Untyped                                                                                                                                                                                             ;
; BYTEENA_ACLR_A                     ; NONE                 ; Untyped                                                                                                                                                                                             ;
; WIDTH_B                            ; 16                   ; Signed Integer                                                                                                                                                                                      ;
; WIDTHAD_B                          ; 6                    ; Signed Integer                                                                                                                                                                                      ;
; NUMWORDS_B                         ; 64                   ; Signed Integer                                                                                                                                                                                      ;
; INDATA_REG_B                       ; CLOCK0               ; Untyped                                                                                                                                                                                             ;
; WRCONTROL_WRADDRESS_REG_B          ; CLOCK0               ; Untyped                                                                                                                                                                                             ;
; RDCONTROL_REG_B                    ; CLOCK1               ; Untyped                                                                                                                                                                                             ;
; ADDRESS_REG_B                      ; CLOCK0               ; Untyped                                                                                                                                                                                             ;
; OUTDATA_REG_B                      ; CLOCK0               ; Untyped                                                                                                                                                                                             ;
; BYTEENA_REG_B                      ; CLOCK1               ; Untyped                                                                                                                                                                                             ;
; INDATA_ACLR_B                      ; NONE                 ; Untyped                                                                                                                                                                                             ;
; WRCONTROL_ACLR_B                   ; NONE                 ; Untyped                                                                                                                                                                                             ;
; ADDRESS_ACLR_B                     ; NONE                 ; Untyped                                                                                                                                                                                             ;
; OUTDATA_ACLR_B                     ; NONE                 ; Untyped                                                                                                                                                                                             ;
; RDCONTROL_ACLR_B                   ; NONE                 ; Untyped                                                                                                                                                                                             ;
; BYTEENA_ACLR_B                     ; NONE                 ; Untyped                                                                                                                                                                                             ;
; WIDTH_BYTEENA_A                    ; 1                    ; Signed Integer                                                                                                                                                                                      ;
; WIDTH_BYTEENA_B                    ; 1                    ; Signed Integer                                                                                                                                                                                      ;
; RAM_BLOCK_TYPE                     ; AUTO                 ; Untyped                                                                                                                                                                                             ;
; BYTE_SIZE                          ; 8                    ; Untyped                                                                                                                                                                                             ;
; READ_DURING_WRITE_MODE_MIXED_PORTS ; DONT_CARE            ; Untyped                                                                                                                                                                                             ;
; READ_DURING_WRITE_MODE_PORT_A      ; NEW_DATA_NO_NBE_READ ; Untyped                                                                                                                                                                                             ;
; READ_DURING_WRITE_MODE_PORT_B      ; NEW_DATA_NO_NBE_READ ; Untyped                                                                                                                                                                                             ;
; INIT_FILE                          ; fft256_1n256sin.hex  ; Untyped                                                                                                                                                                                             ;
; INIT_FILE_LAYOUT                   ; PORT_A               ; Untyped                                                                                                                                                                                             ;
; MAXIMUM_DEPTH                      ; 0                    ; Untyped                                                                                                                                                                                             ;
; CLOCK_ENABLE_INPUT_A               ; NORMAL               ; Untyped                                                                                                                                                                                             ;
; CLOCK_ENABLE_INPUT_B               ; NORMAL               ; Untyped                                                                                                                                                                                             ;
; CLOCK_ENABLE_OUTPUT_A              ; NORMAL               ; Untyped                                                                                                                                                                                             ;
; CLOCK_ENABLE_OUTPUT_B              ; NORMAL               ; Untyped                                                                                                                                                                                             ;
; CLOCK_ENABLE_CORE_A                ; USE_INPUT_CLKEN      ; Untyped                                                                                                                                                                                             ;
; CLOCK_ENABLE_CORE_B                ; USE_INPUT_CLKEN      ; Untyped                                                                                                                                                                                             ;
; ENABLE_ECC                         ; FALSE                ; Untyped                                                                                                                                                                                             ;
; DEVICE_FAMILY                      ; Cyclone IV E         ; Untyped                                                                                                                                                                                             ;
; CBXI_PARAMETER                     ; altsyncram_he72      ; Untyped                                                                                                                                                                                             ;
+------------------------------------+----------------------+-----------------------------------------------------------------------------------------------------------------------------------------------------------------------------------------------------+
Note: In order to hide this table in the UI and the text report file, please set the "Show Parameter Settings in Synthesis Report" option in "Analysis and Synthesis Settings -> More Settings" to "Off".


+-----------------------------------------------------------------------------------------------------------------------------------------------------------------------------------------------+
; Parameter Settings for User Entity Instance: fftfilter:u1|fft256:u0|asj_fft_si_sose_so_b_fft_121:asj_fft_si_sose_so_b_fft_121_inst|asj_fft_tdl_bit_fft_121:\no_del_input_blk:delay_next_block ;
+----------------+-------+----------------------------------------------------------------------------------------------------------------------------------------------------------------------+
; Parameter Name ; Value ; Type                                                                                                                                                                 ;
+----------------+-------+----------------------------------------------------------------------------------------------------------------------------------------------------------------------+
; del            ; 1     ; Signed Integer                                                                                                                                                       ;
+----------------+-------+----------------------------------------------------------------------------------------------------------------------------------------------------------------------+
Note: In order to hide this table in the UI and the text report file, please set the "Show Parameter Settings in Synthesis Report" option in "Analysis and Synthesis Settings -> More Settings" to "Off".


+----------------------------------------------------------------------------------------------------+
; Parameter Settings for User Entity Instance: fftfilter:u1|mult12_12:u1|lpm_mult:lpm_mult_component ;
+------------------------------------------------+--------------+------------------------------------+
; Parameter Name                                 ; Value        ; Type                               ;
+------------------------------------------------+--------------+------------------------------------+
; AUTO_CARRY_CHAINS                              ; ON           ; AUTO_CARRY                         ;
; IGNORE_CARRY_BUFFERS                           ; OFF          ; IGNORE_CARRY                       ;
; AUTO_CASCADE_CHAINS                            ; ON           ; AUTO_CASCADE                       ;
; IGNORE_CASCADE_BUFFERS                         ; OFF          ; IGNORE_CASCADE                     ;
; LPM_WIDTHA                                     ; 12           ; Signed Integer                     ;
; LPM_WIDTHB                                     ; 12           ; Signed Integer                     ;
; LPM_WIDTHP                                     ; 24           ; Signed Integer                     ;
; LPM_WIDTHR                                     ; 0            ; Untyped                            ;
; LPM_WIDTHS                                     ; 1            ; Untyped                            ;
; LPM_REPRESENTATION                             ; SIGNED       ; Untyped                            ;
; LPM_PIPELINE                                   ; 2            ; Signed Integer                     ;
; LATENCY                                        ; 0            ; Untyped                            ;
; INPUT_A_IS_CONSTANT                            ; NO           ; Untyped                            ;
; INPUT_B_IS_CONSTANT                            ; NO           ; Untyped                            ;
; USE_EAB                                        ; OFF          ; Untyped                            ;
; MAXIMIZE_SPEED                                 ; 5            ; Untyped                            ;
; DEVICE_FAMILY                                  ; Cyclone IV E ; Untyped                            ;
; CARRY_CHAIN                                    ; MANUAL       ; Untyped                            ;
; APEX20K_TECHNOLOGY_MAPPER                      ; LUT          ; TECH_MAPPER_APEX20K                ;
; DEDICATED_MULTIPLIER_CIRCUITRY                 ; AUTO         ; Untyped                            ;
; DEDICATED_MULTIPLIER_MIN_INPUT_WIDTH_FOR_AUTO  ; 0            ; Untyped                            ;
; DEDICATED_MULTIPLIER_MIN_OUTPUT_WIDTH_FOR_AUTO ; 0            ; Untyped                            ;
; CBXI_PARAMETER                                 ; mult_76p     ; Untyped                            ;
; INPUT_A_FIXED_VALUE                            ; Bx           ; Untyped                            ;
; INPUT_B_FIXED_VALUE                            ; Bx           ; Untyped                            ;
; USE_AHDL_IMPLEMENTATION                        ; OFF          ; Untyped                            ;
+------------------------------------------------+--------------+------------------------------------+
Note: In order to hide this table in the UI and the text report file, please set the "Show Parameter Settings in Synthesis Report" option in "Analysis and Synthesis Settings -> More Settings" to "Off".


+----------------------------------------------------------------------------------------------------+
; Parameter Settings for User Entity Instance: fftfilter:u1|mult12_12:u2|lpm_mult:lpm_mult_component ;
+------------------------------------------------+--------------+------------------------------------+
; Parameter Name                                 ; Value        ; Type                               ;
+------------------------------------------------+--------------+------------------------------------+
; AUTO_CARRY_CHAINS                              ; ON           ; AUTO_CARRY                         ;
; IGNORE_CARRY_BUFFERS                           ; OFF          ; IGNORE_CARRY                       ;
; AUTO_CASCADE_CHAINS                            ; ON           ; AUTO_CASCADE                       ;
; IGNORE_CASCADE_BUFFERS                         ; OFF          ; IGNORE_CASCADE                     ;
; LPM_WIDTHA                                     ; 12           ; Signed Integer                     ;
; LPM_WIDTHB                                     ; 12           ; Signed Integer                     ;
; LPM_WIDTHP                                     ; 24           ; Signed Integer                     ;
; LPM_WIDTHR                                     ; 0            ; Untyped                            ;
; LPM_WIDTHS                                     ; 1            ; Untyped                            ;
; LPM_REPRESENTATION                             ; SIGNED       ; Untyped                            ;
; LPM_PIPELINE                                   ; 2            ; Signed Integer                     ;
; LATENCY                                        ; 0            ; Untyped                            ;
; INPUT_A_IS_CONSTANT                            ; NO           ; Untyped                            ;
; INPUT_B_IS_CONSTANT                            ; NO           ; Untyped                            ;
; USE_EAB                                        ; OFF          ; Untyped                            ;
; MAXIMIZE_SPEED                                 ; 5            ; Untyped                            ;
; DEVICE_FAMILY                                  ; Cyclone IV E ; Untyped                            ;
; CARRY_CHAIN                                    ; MANUAL       ; Untyped                            ;
; APEX20K_TECHNOLOGY_MAPPER                      ; LUT          ; TECH_MAPPER_APEX20K                ;
; DEDICATED_MULTIPLIER_CIRCUITRY                 ; AUTO         ; Untyped                            ;
; DEDICATED_MULTIPLIER_MIN_INPUT_WIDTH_FOR_AUTO  ; 0            ; Untyped                            ;
; DEDICATED_MULTIPLIER_MIN_OUTPUT_WIDTH_FOR_AUTO ; 0            ; Untyped                            ;
; CBXI_PARAMETER                                 ; mult_76p     ; Untyped                            ;
; INPUT_A_FIXED_VALUE                            ; Bx           ; Untyped                            ;
; INPUT_B_FIXED_VALUE                            ; Bx           ; Untyped                            ;
; USE_AHDL_IMPLEMENTATION                        ; OFF          ; Untyped                            ;
+------------------------------------------------+--------------+------------------------------------+
Note: In order to hide this table in the UI and the text report file, please set the "Show Parameter Settings in Synthesis Report" option in "Analysis and Synthesis Settings -> More Settings" to "Off".


+------------------------------------------------------------------------------------------------------------------+
; Parameter Settings for User Entity Instance: fftfilter:u1|shifter16_256:u3|altshift_taps:ALTSHIFT_TAPS_component ;
+----------------+----------------+--------------------------------------------------------------------------------+
; Parameter Name ; Value          ; Type                                                                           ;
+----------------+----------------+--------------------------------------------------------------------------------+
; WIDTH_BYTEENA  ; 1              ; Untyped                                                                        ;
; NUMBER_OF_TAPS ; 1              ; Signed Integer                                                                 ;
; TAP_DISTANCE   ; 256            ; Signed Integer                                                                 ;
; WIDTH          ; 16             ; Signed Integer                                                                 ;
; POWER_UP_STATE ; CLEARED        ; Untyped                                                                        ;
; CBXI_PARAMETER ; shift_taps_bbv ; Untyped                                                                        ;
+----------------+----------------+--------------------------------------------------------------------------------+
Note: In order to hide this table in the UI and the text report file, please set the "Show Parameter Settings in Synthesis Report" option in "Analysis and Synthesis Settings -> More Settings" to "Off".


+------------------------------------------------------------------------------------------------------------------+
; Parameter Settings for User Entity Instance: fftfilter:u1|shifter16_256:u4|altshift_taps:ALTSHIFT_TAPS_component ;
+----------------+----------------+--------------------------------------------------------------------------------+
; Parameter Name ; Value          ; Type                                                                           ;
+----------------+----------------+--------------------------------------------------------------------------------+
; WIDTH_BYTEENA  ; 1              ; Untyped                                                                        ;
; NUMBER_OF_TAPS ; 1              ; Signed Integer                                                                 ;
; TAP_DISTANCE   ; 256            ; Signed Integer                                                                 ;
; WIDTH          ; 16             ; Signed Integer                                                                 ;
; POWER_UP_STATE ; CLEARED        ; Untyped                                                                        ;
; CBXI_PARAMETER ; shift_taps_bbv ; Untyped                                                                        ;
+----------------+----------------+--------------------------------------------------------------------------------+
Note: In order to hide this table in the UI and the text report file, please set the "Show Parameter Settings in Synthesis Report" option in "Analysis and Synthesis Settings -> More Settings" to "Off".


+----------------------------------------------------------------------------------------------------+
; Parameter Settings for User Entity Instance: fftfilter:u1|mult12_12:u5|lpm_mult:lpm_mult_component ;
+------------------------------------------------+--------------+------------------------------------+
; Parameter Name                                 ; Value        ; Type                               ;
+------------------------------------------------+--------------+------------------------------------+
; AUTO_CARRY_CHAINS                              ; ON           ; AUTO_CARRY                         ;
; IGNORE_CARRY_BUFFERS                           ; OFF          ; IGNORE_CARRY                       ;
; AUTO_CASCADE_CHAINS                            ; ON           ; AUTO_CASCADE                       ;
; IGNORE_CASCADE_BUFFERS                         ; OFF          ; IGNORE_CASCADE                     ;
; LPM_WIDTHA                                     ; 12           ; Signed Integer                     ;
; LPM_WIDTHB                                     ; 12           ; Signed Integer                     ;
; LPM_WIDTHP                                     ; 24           ; Signed Integer                     ;
; LPM_WIDTHR                                     ; 0            ; Untyped                            ;
; LPM_WIDTHS                                     ; 1            ; Untyped                            ;
; LPM_REPRESENTATION                             ; SIGNED       ; Untyped                            ;
; LPM_PIPELINE                                   ; 2            ; Signed Integer                     ;
; LATENCY                                        ; 0            ; Untyped                            ;
; INPUT_A_IS_CONSTANT                            ; NO           ; Untyped                            ;
; INPUT_B_IS_CONSTANT                            ; NO           ; Untyped                            ;
; USE_EAB                                        ; OFF          ; Untyped                            ;
; MAXIMIZE_SPEED                                 ; 5            ; Untyped                            ;
; DEVICE_FAMILY                                  ; Cyclone IV E ; Untyped                            ;
; CARRY_CHAIN                                    ; MANUAL       ; Untyped                            ;
; APEX20K_TECHNOLOGY_MAPPER                      ; LUT          ; TECH_MAPPER_APEX20K                ;
; DEDICATED_MULTIPLIER_CIRCUITRY                 ; AUTO         ; Untyped                            ;
; DEDICATED_MULTIPLIER_MIN_INPUT_WIDTH_FOR_AUTO  ; 0            ; Untyped                            ;
; DEDICATED_MULTIPLIER_MIN_OUTPUT_WIDTH_FOR_AUTO ; 0            ; Untyped                            ;
; CBXI_PARAMETER                                 ; mult_76p     ; Untyped                            ;
; INPUT_A_FIXED_VALUE                            ; Bx           ; Untyped                            ;
; INPUT_B_FIXED_VALUE                            ; Bx           ; Untyped                            ;
; USE_AHDL_IMPLEMENTATION                        ; OFF          ; Untyped                            ;
+------------------------------------------------+--------------+------------------------------------+
Note: In order to hide this table in the UI and the text report file, please set the "Show Parameter Settings in Synthesis Report" option in "Analysis and Synthesis Settings -> More Settings" to "Off".


+----------------------------------------------------------------------------------------------------+
; Parameter Settings for User Entity Instance: fftfilter:u1|mult12_12:u6|lpm_mult:lpm_mult_component ;
+------------------------------------------------+--------------+------------------------------------+
; Parameter Name                                 ; Value        ; Type                               ;
+------------------------------------------------+--------------+------------------------------------+
; AUTO_CARRY_CHAINS                              ; ON           ; AUTO_CARRY                         ;
; IGNORE_CARRY_BUFFERS                           ; OFF          ; IGNORE_CARRY                       ;
; AUTO_CASCADE_CHAINS                            ; ON           ; AUTO_CASCADE                       ;
; IGNORE_CASCADE_BUFFERS                         ; OFF          ; IGNORE_CASCADE                     ;
; LPM_WIDTHA                                     ; 12           ; Signed Integer                     ;
; LPM_WIDTHB                                     ; 12           ; Signed Integer                     ;
; LPM_WIDTHP                                     ; 24           ; Signed Integer                     ;
; LPM_WIDTHR                                     ; 0            ; Untyped                            ;
; LPM_WIDTHS                                     ; 1            ; Untyped                            ;
; LPM_REPRESENTATION                             ; SIGNED       ; Untyped                            ;
; LPM_PIPELINE                                   ; 2            ; Signed Integer                     ;
; LATENCY                                        ; 0            ; Untyped                            ;
; INPUT_A_IS_CONSTANT                            ; NO           ; Untyped                            ;
; INPUT_B_IS_CONSTANT                            ; NO           ; Untyped                            ;
; USE_EAB                                        ; OFF          ; Untyped                            ;
; MAXIMIZE_SPEED                                 ; 5            ; Untyped                            ;
; DEVICE_FAMILY                                  ; Cyclone IV E ; Untyped                            ;
; CARRY_CHAIN                                    ; MANUAL       ; Untyped                            ;
; APEX20K_TECHNOLOGY_MAPPER                      ; LUT          ; TECH_MAPPER_APEX20K                ;
; DEDICATED_MULTIPLIER_CIRCUITRY                 ; AUTO         ; Untyped                            ;
; DEDICATED_MULTIPLIER_MIN_INPUT_WIDTH_FOR_AUTO  ; 0            ; Untyped                            ;
; DEDICATED_MULTIPLIER_MIN_OUTPUT_WIDTH_FOR_AUTO ; 0            ; Untyped                            ;
; CBXI_PARAMETER                                 ; mult_76p     ; Untyped                            ;
; INPUT_A_FIXED_VALUE                            ; Bx           ; Untyped                            ;
; INPUT_B_FIXED_VALUE                            ; Bx           ; Untyped                            ;
; USE_AHDL_IMPLEMENTATION                        ; OFF          ; Untyped                            ;
+------------------------------------------------+--------------+------------------------------------+
Note: In order to hide this table in the UI and the text report file, please set the "Show Parameter Settings in Synthesis Report" option in "Analysis and Synthesis Settings -> More Settings" to "Off".


+----------------------------------------------------------------------------------------------------------------------------------+
; Parameter Settings for User Entity Instance: ifftout:u2|fft256:u0|asj_fft_si_sose_so_b_fft_121:asj_fft_si_sose_so_b_fft_121_inst ;
+----------------+-------------------------------------+---------------------------------------------------------------------------+
; Parameter Name ; Value                               ; Type                                                                      ;
+----------------+-------------------------------------+---------------------------------------------------------------------------+
; nps            ; 256                                 ; Signed Integer                                                            ;
; nume           ; 1                                   ; Signed Integer                                                            ;
; bfp            ; 1                                   ; Signed Integer                                                            ;
; mpr            ; 16                                  ; Signed Integer                                                            ;
; twr            ; 16                                  ; Signed Integer                                                            ;
; fpr            ; 4                                   ; Signed Integer                                                            ;
; mram           ; 0                                   ; Signed Integer                                                            ;
; m512           ; 0                                   ; Signed Integer                                                            ;
; bpr            ; 16                                  ; Signed Integer                                                            ;
; bpb            ; 4                                   ; Signed Integer                                                            ;
; mult_type      ; 0                                   ; Signed Integer                                                            ;
; mult_imp       ; 0                                   ; Signed Integer                                                            ;
; dsp_arch       ; 0                                   ; Signed Integer                                                            ;
; rfs1           ; fft256_1n256sin.hex                 ; String                                                                    ;
; rfs2           ; fft256_2n256sin.hex                 ; String                                                                    ;
; rfs3           ; fft256_3n256sin.hex                 ; String                                                                    ;
; rfc1           ; fft256_1n256cos.hex                 ; String                                                                    ;
; rfc2           ; fft256_2n256cos.hex                 ; String                                                                    ;
; rfc3           ; fft256_3n256cos.hex                 ; String                                                                    ;
; srr            ; AUTO_SHIFT_REGISTER_RECOGNITION=OFF ; String                                                                    ;
+----------------+-------------------------------------+---------------------------------------------------------------------------+
Note: In order to hide this table in the UI and the text report file, please set the "Show Parameter Settings in Synthesis Report" option in "Analysis and Synthesis Settings -> More Settings" to "Off".


+--------------------------------------------------------------------------------------------------------------------------------------------------------------------------------------------------+
; Parameter Settings for User Entity Instance: ifftout:u2|fft256:u0|asj_fft_si_sose_so_b_fft_121:asj_fft_si_sose_so_b_fft_121_inst|auk_dspip_avalon_streaming_sink_fft_121:auk_dsp_atlantic_sink_1 ;
+------------------+------------+------------------------------------------------------------------------------------------------------------------------------------------------------------------+
; Parameter Name   ; Value      ; Type                                                                                                                                                             ;
+------------------+------------+------------------------------------------------------------------------------------------------------------------------------------------------------------------+
; width_g          ; 32         ; Signed Integer                                                                                                                                                   ;
; packet_size_g    ; 256        ; Signed Integer                                                                                                                                                   ;
; fifo_depth_g     ; 7          ; Signed Integer                                                                                                                                                   ;
; MIN_DATA_COUNT_g ; 2          ; Signed Integer                                                                                                                                                   ;
; PFC_MODE_g       ; false      ; Enumerated                                                                                                                                                       ;
; sop_eop_calc_g   ; true       ; Enumerated                                                                                                                                                       ;
; family_g         ; Stratix II ; String                                                                                                                                                           ;
; mem_type_g       ; Auto       ; String                                                                                                                                                           ;
+------------------+------------+------------------------------------------------------------------------------------------------------------------------------------------------------------------+
Note: In order to hide this table in the UI and the text report file, please set the "Show Parameter Settings in Synthesis Report" option in "Analysis and Synthesis Settings -> More Settings" to "Off".


+------------------------------------------------------------------------------------------------------------------------------------------------------------------------------------------------------------------------------------------+
; Parameter Settings for User Entity Instance: ifftout:u2|fft256:u0|asj_fft_si_sose_so_b_fft_121:asj_fft_si_sose_so_b_fft_121_inst|auk_dspip_avalon_streaming_sink_fft_121:auk_dsp_atlantic_sink_1|scfifo:\normal_fifo:fifo_eab_on:in_fifo ;
+-------------------------+--------------+-------------------------------------------------------------------------------------------------------------------------------------------------------------------------------------------------+
; Parameter Name          ; Value        ; Type                                                                                                                                                                                            ;
+-------------------------+--------------+-------------------------------------------------------------------------------------------------------------------------------------------------------------------------------------------------+
; AUTO_CARRY_CHAINS       ; ON           ; AUTO_CARRY                                                                                                                                                                                      ;
; IGNORE_CARRY_BUFFERS    ; OFF          ; IGNORE_CARRY                                                                                                                                                                                    ;
; AUTO_CASCADE_CHAINS     ; ON           ; AUTO_CASCADE                                                                                                                                                                                    ;
; IGNORE_CASCADE_BUFFERS  ; OFF          ; IGNORE_CASCADE                                                                                                                                                                                  ;
; lpm_width               ; 34           ; Signed Integer                                                                                                                                                                                  ;
; LPM_NUMWORDS            ; 7            ; Signed Integer                                                                                                                                                                                  ;
; LPM_WIDTHU              ; 3            ; Signed Integer                                                                                                                                                                                  ;
; LPM_SHOWAHEAD           ; OFF          ; Untyped                                                                                                                                                                                         ;
; UNDERFLOW_CHECKING      ; OFF          ; Untyped                                                                                                                                                                                         ;
; OVERFLOW_CHECKING       ; OFF          ; Untyped                                                                                                                                                                                         ;
; ALLOW_RWCYCLE_WHEN_FULL ; OFF          ; Untyped                                                                                                                                                                                         ;
; ADD_RAM_OUTPUT_REGISTER ; ON           ; Untyped                                                                                                                                                                                         ;
; ALMOST_FULL_VALUE       ; 5            ; Signed Integer                                                                                                                                                                                  ;
; ALMOST_EMPTY_VALUE      ; 1            ; Signed Integer                                                                                                                                                                                  ;
; USE_EAB                 ; ON           ; Untyped                                                                                                                                                                                         ;
; MAXIMIZE_SPEED          ; 5            ; Untyped                                                                                                                                                                                         ;
; DEVICE_FAMILY           ; Cyclone IV E ; Untyped                                                                                                                                                                                         ;
; OPTIMIZE_FOR_SPEED      ; 5            ; Untyped                                                                                                                                                                                         ;
; CBXI_PARAMETER          ; scfifo_udh1  ; Untyped                                                                                                                                                                                         ;
+-------------------------+--------------+-------------------------------------------------------------------------------------------------------------------------------------------------------------------------------------------------+
Note: In order to hide this table in the UI and the text report file, please set the "Show Parameter Settings in Synthesis Report" option in "Analysis and Synthesis Settings -> More Settings" to "Off".


+------------------------------------------------------------------------------------------------------------------------------------------------------------------------------------------------------+
; Parameter Settings for User Entity Instance: ifftout:u2|fft256:u0|asj_fft_si_sose_so_b_fft_121:asj_fft_si_sose_so_b_fft_121_inst|auk_dspip_avalon_streaming_source_fft_121:auk_dsp_atlantic_source_1 ;
+-----------------+-------+----------------------------------------------------------------------------------------------------------------------------------------------------------------------------+
; Parameter Name  ; Value ; Type                                                                                                                                                                       ;
+-----------------+-------+----------------------------------------------------------------------------------------------------------------------------------------------------------------------------+
; width_g         ; 38    ; Signed Integer                                                                                                                                                             ;
; packet_size_g   ; 256   ; Signed Integer                                                                                                                                                             ;
; HAVE_COUNTER_g  ; false ; Enumerated                                                                                                                                                                 ;
; COUNTER_LIMIT_g ; 4     ; Signed Integer                                                                                                                                                             ;
; multi_channel_g ; false ; Enumerated                                                                                                                                                                 ;
+-----------------+-------+----------------------------------------------------------------------------------------------------------------------------------------------------------------------------+
Note: In order to hide this table in the UI and the text report file, please set the "Show Parameter Settings in Synthesis Report" option in "Analysis and Synthesis Settings -> More Settings" to "Off".


+-------------------------------------------------------------------------------------------------------------------------------------------------------------------+
; Parameter Settings for User Entity Instance: ifftout:u2|fft256:u0|asj_fft_si_sose_so_b_fft_121:asj_fft_si_sose_so_b_fft_121_inst|asj_fft_m_k_counter_fft_121:ctrl ;
+----------------+-------+------------------------------------------------------------------------------------------------------------------------------------------+
; Parameter Name ; Value ; Type                                                                                                                                     ;
+----------------+-------+------------------------------------------------------------------------------------------------------------------------------------------+
; nps            ; 256   ; Signed Integer                                                                                                                           ;
; arch           ; 3     ; Signed Integer                                                                                                                           ;
; nume           ; 1     ; Signed Integer                                                                                                                           ;
; n_passes       ; 4     ; Signed Integer                                                                                                                           ;
; log2_n_passes  ; 4     ; Signed Integer                                                                                                                           ;
; apr            ; 8     ; Signed Integer                                                                                                                           ;
; cont           ; 0     ; Signed Integer                                                                                                                           ;
+----------------+-------+------------------------------------------------------------------------------------------------------------------------------------------+
Note: In order to hide this table in the UI and the text report file, please set the "Show Parameter Settings in Synthesis Report" option in "Analysis and Synthesis Settings -> More Settings" to "Off".


+------------------------------------------------------------------------------------------------------------------------------------------------------------------------+
; Parameter Settings for User Entity Instance: ifftout:u2|fft256:u0|asj_fft_si_sose_so_b_fft_121:asj_fft_si_sose_so_b_fft_121_inst|asj_fft_tdl_bit_rst_fft_121:delay_swd ;
+----------------+-------+-----------------------------------------------------------------------------------------------------------------------------------------------+
; Parameter Name ; Value ; Type                                                                                                                                          ;
+----------------+-------+-----------------------------------------------------------------------------------------------------------------------------------------------+
; del            ; 10    ; Signed Integer                                                                                                                                ;
+----------------+-------+-----------------------------------------------------------------------------------------------------------------------------------------------+
Note: In order to hide this table in the UI and the text report file, please set the "Show Parameter Settings in Synthesis Report" option in "Analysis and Synthesis Settings -> More Settings" to "Off".


+----------------------------------------------------------------------------------------------------------------------------------------------------------------------+
; Parameter Settings for User Entity Instance: ifftout:u2|fft256:u0|asj_fft_si_sose_so_b_fft_121:asj_fft_si_sose_so_b_fft_121_inst|asj_fft_in_write_sgl_fft_121:writer ;
+----------------+-------+---------------------------------------------------------------------------------------------------------------------------------------------+
; Parameter Name ; Value ; Type                                                                                                                                        ;
+----------------+-------+---------------------------------------------------------------------------------------------------------------------------------------------+
; nps            ; 256   ; Signed Integer                                                                                                                              ;
; mram           ; 0     ; Signed Integer                                                                                                                              ;
; arch           ; 3     ; Signed Integer                                                                                                                              ;
; nume           ; 1     ; Signed Integer                                                                                                                              ;
; mpr            ; 16    ; Signed Integer                                                                                                                              ;
; apr            ; 8     ; Signed Integer                                                                                                                              ;
; bpr            ; 16    ; Signed Integer                                                                                                                              ;
; bpb            ; 4     ; Signed Integer                                                                                                                              ;
+----------------+-------+---------------------------------------------------------------------------------------------------------------------------------------------+
Note: In order to hide this table in the UI and the text report file, please set the "Show Parameter Settings in Synthesis Report" option in "Analysis and Synthesis Settings -> More Settings" to "Off".


+---------------------------------------------------------------------------------------------------------------------------------------------------------------------------------------------------------------------+
; Parameter Settings for User Entity Instance: ifftout:u2|fft256:u0|asj_fft_si_sose_so_b_fft_121:asj_fft_si_sose_so_b_fft_121_inst|asj_fft_in_write_sgl_fft_121:writer|asj_fft_tdl_bit_rst_fft_121:\gen_soe:delay_swd ;
+----------------+-------+--------------------------------------------------------------------------------------------------------------------------------------------------------------------------------------------+
; Parameter Name ; Value ; Type                                                                                                                                                                                       ;
+----------------+-------+--------------------------------------------------------------------------------------------------------------------------------------------------------------------------------------------+
; del            ; 1     ; Signed Integer                                                                                                                                                                             ;
+----------------+-------+--------------------------------------------------------------------------------------------------------------------------------------------------------------------------------------------+
Note: In order to hide this table in the UI and the text report file, please set the "Show Parameter Settings in Synthesis Report" option in "Analysis and Synthesis Settings -> More Settings" to "Off".


+-------------------------------------------------------------------------------------------------------------------------------------------------------------------------+
; Parameter Settings for User Entity Instance: ifftout:u2|fft256:u0|asj_fft_si_sose_so_b_fft_121:asj_fft_si_sose_so_b_fft_121_inst|asj_fft_unbburst_sose_ctrl_fft_121:ccc ;
+----------------+-------+------------------------------------------------------------------------------------------------------------------------------------------------+
; Parameter Name ; Value ; Type                                                                                                                                           ;
+----------------+-------+------------------------------------------------------------------------------------------------------------------------------------------------+
; nps            ; 256   ; Signed Integer                                                                                                                                 ;
; mpr            ; 16    ; Signed Integer                                                                                                                                 ;
; apr            ; 8     ; Signed Integer                                                                                                                                 ;
; nume           ; 1     ; Signed Integer                                                                                                                                 ;
; abuspr         ; 32    ; Signed Integer                                                                                                                                 ;
; rbuspr         ; 64    ; Signed Integer                                                                                                                                 ;
; cbuspr         ; 128   ; Signed Integer                                                                                                                                 ;
+----------------+-------+------------------------------------------------------------------------------------------------------------------------------------------------+
Note: In order to hide this table in the UI and the text report file, please set the "Show Parameter Settings in Synthesis Report" option in "Analysis and Synthesis Settings -> More Settings" to "Off".


+-----------------------------------------------------------------------------------------------------------------------------------------------------------------------------------+
; Parameter Settings for User Entity Instance: ifftout:u2|fft256:u0|asj_fft_si_sose_so_b_fft_121:asj_fft_si_sose_so_b_fft_121_inst|asj_fft_1dp_ram_fft_121:\gen_1_ram:gen_M4K:dat_A ;
+----------------+-------+----------------------------------------------------------------------------------------------------------------------------------------------------------+
; Parameter Name ; Value ; Type                                                                                                                                                     ;
+----------------+-------+----------------------------------------------------------------------------------------------------------------------------------------------------------+
; apr            ; 8     ; Signed Integer                                                                                                                                           ;
; mpr            ; 16    ; Signed Integer                                                                                                                                           ;
; rfd            ; AUTO  ; String                                                                                                                                                   ;
+----------------+-------+----------------------------------------------------------------------------------------------------------------------------------------------------------+
Note: In order to hide this table in the UI and the text report file, please set the "Show Parameter Settings in Synthesis Report" option in "Analysis and Synthesis Settings -> More Settings" to "Off".


+------------------------------------------------------------------------------------------------------------------------------------------------------------------------------------------------------------------+
; Parameter Settings for User Entity Instance: ifftout:u2|fft256:u0|asj_fft_si_sose_so_b_fft_121:asj_fft_si_sose_so_b_fft_121_inst|asj_fft_1dp_ram_fft_121:\gen_1_ram:gen_M4K:dat_A|asj_fft_data_ram_fft_121:dat_A ;
+----------------+-------+-----------------------------------------------------------------------------------------------------------------------------------------------------------------------------------------+
; Parameter Name ; Value ; Type                                                                                                                                                                                    ;
+----------------+-------+-----------------------------------------------------------------------------------------------------------------------------------------------------------------------------------------+
; dpr            ; 32    ; Signed Integer                                                                                                                                                                          ;
; apr            ; 8     ; Signed Integer                                                                                                                                                                          ;
; rfd            ; AUTO  ; String                                                                                                                                                                                  ;
+----------------+-------+-----------------------------------------------------------------------------------------------------------------------------------------------------------------------------------------+
Note: In order to hide this table in the UI and the text report file, please set the "Show Parameter Settings in Synthesis Report" option in "Analysis and Synthesis Settings -> More Settings" to "Off".


+-----------------------------------------------------------------------------------------------------------------------------------------------------------------------------------------------------------------------------------------------------------+
; Parameter Settings for User Entity Instance: ifftout:u2|fft256:u0|asj_fft_si_sose_so_b_fft_121:asj_fft_si_sose_so_b_fft_121_inst|asj_fft_1dp_ram_fft_121:\gen_1_ram:gen_M4K:dat_A|asj_fft_data_ram_fft_121:dat_A|altsyncram:\gen_M4K:altsyncram_component ;
+------------------------------------+----------------------+-----------------------------------------------------------------------------------------------------------------------------------------------------------------------------------------------+
; Parameter Name                     ; Value                ; Type                                                                                                                                                                                          ;
+------------------------------------+----------------------+-----------------------------------------------------------------------------------------------------------------------------------------------------------------------------------------------+
; BYTE_SIZE_BLOCK                    ; 8                    ; Untyped                                                                                                                                                                                       ;
; AUTO_CARRY_CHAINS                  ; ON                   ; AUTO_CARRY                                                                                                                                                                                    ;
; IGNORE_CARRY_BUFFERS               ; OFF                  ; IGNORE_CARRY                                                                                                                                                                                  ;
; AUTO_CASCADE_CHAINS                ; ON                   ; AUTO_CASCADE                                                                                                                                                                                  ;
; IGNORE_CASCADE_BUFFERS             ; OFF                  ; IGNORE_CASCADE                                                                                                                                                                                ;
; WIDTH_BYTEENA                      ; 1                    ; Untyped                                                                                                                                                                                       ;
; OPERATION_MODE                     ; DUAL_PORT            ; Untyped                                                                                                                                                                                       ;
; WIDTH_A                            ; 32                   ; Signed Integer                                                                                                                                                                                ;
; WIDTHAD_A                          ; 8                    ; Signed Integer                                                                                                                                                                                ;
; NUMWORDS_A                         ; 256                  ; Signed Integer                                                                                                                                                                                ;
; OUTDATA_REG_A                      ; UNREGISTERED         ; Untyped                                                                                                                                                                                       ;
; ADDRESS_ACLR_A                     ; NONE                 ; Untyped                                                                                                                                                                                       ;
; OUTDATA_ACLR_A                     ; NONE                 ; Untyped                                                                                                                                                                                       ;
; WRCONTROL_ACLR_A                   ; NONE                 ; Untyped                                                                                                                                                                                       ;
; INDATA_ACLR_A                      ; NONE                 ; Untyped                                                                                                                                                                                       ;
; BYTEENA_ACLR_A                     ; NONE                 ; Untyped                                                                                                                                                                                       ;
; WIDTH_B                            ; 32                   ; Signed Integer                                                                                                                                                                                ;
; WIDTHAD_B                          ; 8                    ; Signed Integer                                                                                                                                                                                ;
; NUMWORDS_B                         ; 256                  ; Signed Integer                                                                                                                                                                                ;
; INDATA_REG_B                       ; CLOCK1               ; Untyped                                                                                                                                                                                       ;
; WRCONTROL_WRADDRESS_REG_B          ; CLOCK1               ; Untyped                                                                                                                                                                                       ;
; RDCONTROL_REG_B                    ; CLOCK0               ; Untyped                                                                                                                                                                                       ;
; ADDRESS_REG_B                      ; CLOCK0               ; Untyped                                                                                                                                                                                       ;
; OUTDATA_REG_B                      ; CLOCK0               ; Untyped                                                                                                                                                                                       ;
; BYTEENA_REG_B                      ; CLOCK1               ; Untyped                                                                                                                                                                                       ;
; INDATA_ACLR_B                      ; NONE                 ; Untyped                                                                                                                                                                                       ;
; WRCONTROL_ACLR_B                   ; NONE                 ; Untyped                                                                                                                                                                                       ;
; ADDRESS_ACLR_B                     ; NONE                 ; Untyped                                                                                                                                                                                       ;
; OUTDATA_ACLR_B                     ; NONE                 ; Untyped                                                                                                                                                                                       ;
; RDCONTROL_ACLR_B                   ; NONE                 ; Untyped                                                                                                                                                                                       ;
; BYTEENA_ACLR_B                     ; NONE                 ; Untyped                                                                                                                                                                                       ;
; WIDTH_BYTEENA_A                    ; 1                    ; Signed Integer                                                                                                                                                                                ;
; WIDTH_BYTEENA_B                    ; 1                    ; Signed Integer                                                                                                                                                                                ;
; RAM_BLOCK_TYPE                     ; AUTO                 ; Untyped                                                                                                                                                                                       ;
; BYTE_SIZE                          ; 8                    ; Signed Integer                                                                                                                                                                                ;
; READ_DURING_WRITE_MODE_MIXED_PORTS ; OLD_DATA             ; Untyped                                                                                                                                                                                       ;
; READ_DURING_WRITE_MODE_PORT_A      ; NEW_DATA_NO_NBE_READ ; Untyped                                                                                                                                                                                       ;
; READ_DURING_WRITE_MODE_PORT_B      ; NEW_DATA_NO_NBE_READ ; Untyped                                                                                                                                                                                       ;
; INIT_FILE                          ; UNUSED               ; Untyped                                                                                                                                                                                       ;
; INIT_FILE_LAYOUT                   ; PORT_A               ; Untyped                                                                                                                                                                                       ;
; MAXIMUM_DEPTH                      ; 0                    ; Signed Integer                                                                                                                                                                                ;
; CLOCK_ENABLE_INPUT_A               ; NORMAL               ; Untyped                                                                                                                                                                                       ;
; CLOCK_ENABLE_INPUT_B               ; NORMAL               ; Untyped                                                                                                                                                                                       ;
; CLOCK_ENABLE_OUTPUT_A              ; NORMAL               ; Untyped                                                                                                                                                                                       ;
; CLOCK_ENABLE_OUTPUT_B              ; NORMAL               ; Untyped                                                                                                                                                                                       ;
; CLOCK_ENABLE_CORE_A                ; USE_INPUT_CLKEN      ; Untyped                                                                                                                                                                                       ;
; CLOCK_ENABLE_CORE_B                ; USE_INPUT_CLKEN      ; Untyped                                                                                                                                                                                       ;
; ENABLE_ECC                         ; FALSE                ; Untyped                                                                                                                                                                                       ;
; DEVICE_FAMILY                      ; Cyclone IV E         ; Untyped                                                                                                                                                                                       ;
; CBXI_PARAMETER                     ; altsyncram_21t3      ; Untyped                                                                                                                                                                                       ;
+------------------------------------+----------------------+-----------------------------------------------------------------------------------------------------------------------------------------------------------------------------------------------+
Note: In order to hide this table in the UI and the text report file, please set the "Show Parameter Settings in Synthesis Report" option in "Analysis and Synthesis Settings -> More Settings" to "Off".


+---------------------------------------------------------------------------------------------------------------------------------------------------------------------+
; Parameter Settings for User Entity Instance: ifftout:u2|fft256:u0|asj_fft_si_sose_so_b_fft_121:asj_fft_si_sose_so_b_fft_121_inst|asj_fft_dataadgen_fft_121:rd_adgen ;
+----------------+-------+--------------------------------------------------------------------------------------------------------------------------------------------+
; Parameter Name ; Value ; Type                                                                                                                                       ;
+----------------+-------+--------------------------------------------------------------------------------------------------------------------------------------------+
; nps            ; 256   ; Signed Integer                                                                                                                             ;
; nume           ; 1     ; Signed Integer                                                                                                                             ;
; arch           ; 3     ; Signed Integer                                                                                                                             ;
; n_passes       ; 3     ; Signed Integer                                                                                                                             ;
; log2_n_passes  ; 4     ; Signed Integer                                                                                                                             ;
; apr            ; 8     ; Signed Integer                                                                                                                             ;
+----------------+-------+--------------------------------------------------------------------------------------------------------------------------------------------+
Note: In order to hide this table in the UI and the text report file, please set the "Show Parameter Settings in Synthesis Report" option in "Analysis and Synthesis Settings -> More Settings" to "Off".


+------------------------------------------------------------------------------------------------------------------------------------------------------------------------------------+
; Parameter Settings for User Entity Instance: ifftout:u2|fft256:u0|asj_fft_si_sose_so_b_fft_121:asj_fft_si_sose_so_b_fft_121_inst|asj_fft_dataadgen_fft_121:\gen_wraddr_se:wr_adgen ;
+----------------+-------+-----------------------------------------------------------------------------------------------------------------------------------------------------------+
; Parameter Name ; Value ; Type                                                                                                                                                      ;
+----------------+-------+-----------------------------------------------------------------------------------------------------------------------------------------------------------+
; nps            ; 256   ; Signed Integer                                                                                                                                            ;
; nume           ; 1     ; Signed Integer                                                                                                                                            ;
; arch           ; 3     ; Signed Integer                                                                                                                                            ;
; n_passes       ; 3     ; Signed Integer                                                                                                                                            ;
; log2_n_passes  ; 4     ; Signed Integer                                                                                                                                            ;
; apr            ; 8     ; Signed Integer                                                                                                                                            ;
+----------------+-------+-----------------------------------------------------------------------------------------------------------------------------------------------------------+
Note: In order to hide this table in the UI and the text report file, please set the "Show Parameter Settings in Synthesis Report" option in "Analysis and Synthesis Settings -> More Settings" to "Off".


+-----------------------------------------------------------------------------------------------------------------------------------------------------------------------------+
; Parameter Settings for User Entity Instance: ifftout:u2|fft256:u0|asj_fft_si_sose_so_b_fft_121:asj_fft_si_sose_so_b_fft_121_inst|asj_fft_dft_bfp_sgl_fft_121:\gen_se:bfpdft ;
+----------------+-------+----------------------------------------------------------------------------------------------------------------------------------------------------+
; Parameter Name ; Value ; Type                                                                                                                                               ;
+----------------+-------+----------------------------------------------------------------------------------------------------------------------------------------------------+
; nps            ; 256   ; Signed Integer                                                                                                                                     ;
; bfp            ; 1     ; Signed Integer                                                                                                                                     ;
; nume           ; 1     ; Signed Integer                                                                                                                                     ;
; mpr            ; 16    ; Signed Integer                                                                                                                                     ;
; fpr            ; 4     ; Signed Integer                                                                                                                                     ;
; mult_type      ; 0     ; Signed Integer                                                                                                                                     ;
; mult_imp       ; 0     ; Signed Integer                                                                                                                                     ;
; dsp_arch       ; 0     ; Signed Integer                                                                                                                                     ;
; rbuspr         ; 64    ; Signed Integer                                                                                                                                     ;
; twr            ; 16    ; Signed Integer                                                                                                                                     ;
; nstages        ; 7     ; Signed Integer                                                                                                                                     ;
; pipe           ; 1     ; Signed Integer                                                                                                                                     ;
; rev            ; 0     ; Signed Integer                                                                                                                                     ;
; cont           ; 0     ; Signed Integer                                                                                                                                     ;
+----------------+-------+----------------------------------------------------------------------------------------------------------------------------------------------------+
Note: In order to hide this table in the UI and the text report file, please set the "Show Parameter Settings in Synthesis Report" option in "Analysis and Synthesis Settings -> More Settings" to "Off".


+---------------------------------------------------------------------------------------------------------------------------------------------------------------------------------------------------------------------+
; Parameter Settings for User Entity Instance: ifftout:u2|fft256:u0|asj_fft_si_sose_so_b_fft_121:asj_fft_si_sose_so_b_fft_121_inst|asj_fft_dft_bfp_sgl_fft_121:\gen_se:bfpdft|asj_fft_pround_fft_121:\gen_full_rnd:u0 ;
+----------------+-------+--------------------------------------------------------------------------------------------------------------------------------------------------------------------------------------------+
; Parameter Name ; Value ; Type                                                                                                                                                                                       ;
+----------------+-------+--------------------------------------------------------------------------------------------------------------------------------------------------------------------------------------------+
; widthin        ; 18    ; Signed Integer                                                                                                                                                                             ;
; widthout       ; 16    ; Signed Integer                                                                                                                                                                             ;
; pipe           ; 1     ; Signed Integer                                                                                                                                                                             ;
+----------------+-------+--------------------------------------------------------------------------------------------------------------------------------------------------------------------------------------------+
Note: In order to hide this table in the UI and the text report file, please set the "Show Parameter Settings in Synthesis Report" option in "Analysis and Synthesis Settings -> More Settings" to "Off".


+---------------------------------------------------------------------------------------------------------------------------------------------------------------------------------------------------------------------------------------------------------------------+
; Parameter Settings for User Entity Instance: ifftout:u2|fft256:u0|asj_fft_si_sose_so_b_fft_121:asj_fft_si_sose_so_b_fft_121_inst|asj_fft_dft_bfp_sgl_fft_121:\gen_se:bfpdft|asj_fft_pround_fft_121:\gen_full_rnd:u0|LPM_ADD_SUB:\gbrnd:nev:gp:lpm_add_sub_component ;
+------------------------+--------------+-----------------------------------------------------------------------------------------------------------------------------------------------------------------------------------------------------------------------------+
; Parameter Name         ; Value        ; Type                                                                                                                                                                                                                        ;
+------------------------+--------------+-----------------------------------------------------------------------------------------------------------------------------------------------------------------------------------------------------------------------------+
; LPM_WIDTH              ; 19           ; Signed Integer                                                                                                                                                                                                              ;
; LPM_REPRESENTATION     ; SIGNED       ; Untyped                                                                                                                                                                                                                     ;
; LPM_DIRECTION          ; DEFAULT      ; Untyped                                                                                                                                                                                                                     ;
; ONE_INPUT_IS_CONSTANT  ; NO           ; Untyped                                                                                                                                                                                                                     ;
; LPM_PIPELINE           ; 1            ; Signed Integer                                                                                                                                                                                                              ;
; MAXIMIZE_SPEED         ; 5            ; Untyped                                                                                                                                                                                                                     ;
; REGISTERED_AT_END      ; 0            ; Untyped                                                                                                                                                                                                                     ;
; OPTIMIZE_FOR_SPEED     ; 5            ; Untyped                                                                                                                                                                                                                     ;
; USE_CS_BUFFERS         ; 1            ; Untyped                                                                                                                                                                                                                     ;
; CARRY_CHAIN            ; MANUAL       ; Untyped                                                                                                                                                                                                                     ;
; CARRY_CHAIN_LENGTH     ; 48           ; CARRY_CHAIN_LENGTH                                                                                                                                                                                                          ;
; DEVICE_FAMILY          ; Cyclone IV E ; Untyped                                                                                                                                                                                                                     ;
; USE_WYS                ; OFF          ; Untyped                                                                                                                                                                                                                     ;
; STYLE                  ; FAST         ; Untyped                                                                                                                                                                                                                     ;
; CBXI_PARAMETER         ; add_sub_onj  ; Untyped                                                                                                                                                                                                                     ;
; AUTO_CARRY_CHAINS      ; ON           ; AUTO_CARRY                                                                                                                                                                                                                  ;
; IGNORE_CARRY_BUFFERS   ; OFF          ; IGNORE_CARRY                                                                                                                                                                                                                ;
; AUTO_CASCADE_CHAINS    ; ON           ; AUTO_CASCADE                                                                                                                                                                                                                ;
; IGNORE_CASCADE_BUFFERS ; OFF          ; IGNORE_CASCADE                                                                                                                                                                                                              ;
+------------------------+--------------+-----------------------------------------------------------------------------------------------------------------------------------------------------------------------------------------------------------------------------+
Note: In order to hide this table in the UI and the text report file, please set the "Show Parameter Settings in Synthesis Report" option in "Analysis and Synthesis Settings -> More Settings" to "Off".


+---------------------------------------------------------------------------------------------------------------------------------------------------------------------------------------------------------------------+
; Parameter Settings for User Entity Instance: ifftout:u2|fft256:u0|asj_fft_si_sose_so_b_fft_121:asj_fft_si_sose_so_b_fft_121_inst|asj_fft_dft_bfp_sgl_fft_121:\gen_se:bfpdft|asj_fft_pround_fft_121:\gen_full_rnd:u1 ;
+----------------+-------+--------------------------------------------------------------------------------------------------------------------------------------------------------------------------------------------+
; Parameter Name ; Value ; Type                                                                                                                                                                                       ;
+----------------+-------+--------------------------------------------------------------------------------------------------------------------------------------------------------------------------------------------+
; widthin        ; 18    ; Signed Integer                                                                                                                                                                             ;
; widthout       ; 16    ; Signed Integer                                                                                                                                                                             ;
; pipe           ; 1     ; Signed Integer                                                                                                                                                                             ;
+----------------+-------+--------------------------------------------------------------------------------------------------------------------------------------------------------------------------------------------+
Note: In order to hide this table in the UI and the text report file, please set the "Show Parameter Settings in Synthesis Report" option in "Analysis and Synthesis Settings -> More Settings" to "Off".


+---------------------------------------------------------------------------------------------------------------------------------------------------------------------------------------------------------------------------------------------------------------------+
; Parameter Settings for User Entity Instance: ifftout:u2|fft256:u0|asj_fft_si_sose_so_b_fft_121:asj_fft_si_sose_so_b_fft_121_inst|asj_fft_dft_bfp_sgl_fft_121:\gen_se:bfpdft|asj_fft_pround_fft_121:\gen_full_rnd:u1|LPM_ADD_SUB:\gbrnd:nev:gp:lpm_add_sub_component ;
+------------------------+--------------+-----------------------------------------------------------------------------------------------------------------------------------------------------------------------------------------------------------------------------+
; Parameter Name         ; Value        ; Type                                                                                                                                                                                                                        ;
+------------------------+--------------+-----------------------------------------------------------------------------------------------------------------------------------------------------------------------------------------------------------------------------+
; LPM_WIDTH              ; 19           ; Signed Integer                                                                                                                                                                                                              ;
; LPM_REPRESENTATION     ; SIGNED       ; Untyped                                                                                                                                                                                                                     ;
; LPM_DIRECTION          ; DEFAULT      ; Untyped                                                                                                                                                                                                                     ;
; ONE_INPUT_IS_CONSTANT  ; NO           ; Untyped                                                                                                                                                                                                                     ;
; LPM_PIPELINE           ; 1            ; Signed Integer                                                                                                                                                                                                              ;
; MAXIMIZE_SPEED         ; 5            ; Untyped                                                                                                                                                                                                                     ;
; REGISTERED_AT_END      ; 0            ; Untyped                                                                                                                                                                                                                     ;
; OPTIMIZE_FOR_SPEED     ; 5            ; Untyped                                                                                                                                                                                                                     ;
; USE_CS_BUFFERS         ; 1            ; Untyped                                                                                                                                                                                                                     ;
; CARRY_CHAIN            ; MANUAL       ; Untyped                                                                                                                                                                                                                     ;
; CARRY_CHAIN_LENGTH     ; 48           ; CARRY_CHAIN_LENGTH                                                                                                                                                                                                          ;
; DEVICE_FAMILY          ; Cyclone IV E ; Untyped                                                                                                                                                                                                                     ;
; USE_WYS                ; OFF          ; Untyped                                                                                                                                                                                                                     ;
; STYLE                  ; FAST         ; Untyped                                                                                                                                                                                                                     ;
; CBXI_PARAMETER         ; add_sub_onj  ; Untyped                                                                                                                                                                                                                     ;
; AUTO_CARRY_CHAINS      ; ON           ; AUTO_CARRY                                                                                                                                                                                                                  ;
; IGNORE_CARRY_BUFFERS   ; OFF          ; IGNORE_CARRY                                                                                                                                                                                                                ;
; AUTO_CASCADE_CHAINS    ; ON           ; AUTO_CASCADE                                                                                                                                                                                                                ;
; IGNORE_CASCADE_BUFFERS ; OFF          ; IGNORE_CASCADE                                                                                                                                                                                                              ;
+------------------------+--------------+-----------------------------------------------------------------------------------------------------------------------------------------------------------------------------------------------------------------------------+
Note: In order to hide this table in the UI and the text report file, please set the "Show Parameter Settings in Synthesis Report" option in "Analysis and Synthesis Settings -> More Settings" to "Off".


+--------------------------------------------------------------------------------------------------------------------------------------------------------------------------------------------------------------+
; Parameter Settings for User Entity Instance: ifftout:u2|fft256:u0|asj_fft_si_sose_so_b_fft_121:asj_fft_si_sose_so_b_fft_121_inst|asj_fft_dft_bfp_sgl_fft_121:\gen_se:bfpdft|asj_fft_bfp_o_fft_121:bfp_detect ;
+----------------+-------+-------------------------------------------------------------------------------------------------------------------------------------------------------------------------------------+
; Parameter Name ; Value ; Type                                                                                                                                                                                ;
+----------------+-------+-------------------------------------------------------------------------------------------------------------------------------------------------------------------------------------+
; nps            ; 256   ; Signed Integer                                                                                                                                                                      ;
; bfp            ; 1     ; Signed Integer                                                                                                                                                                      ;
; nume           ; 1     ; Signed Integer                                                                                                                                                                      ;
; arch           ; 3     ; Signed Integer                                                                                                                                                                      ;
; mpr            ; 16    ; Signed Integer                                                                                                                                                                      ;
; fpr            ; 4     ; Signed Integer                                                                                                                                                                      ;
; rbuspr         ; 64    ; Signed Integer                                                                                                                                                                      ;
+----------------+-------+-------------------------------------------------------------------------------------------------------------------------------------------------------------------------------------+
Note: In order to hide this table in the UI and the text report file, please set the "Show Parameter Settings in Synthesis Report" option in "Analysis and Synthesis Settings -> More Settings" to "Off".


+---------------------------------------------------------------------------------------------------------------------------------------------------------------------------------------------------------------------------------------------------------------------------------------+
; Parameter Settings for User Entity Instance: ifftout:u2|fft256:u0|asj_fft_si_sose_so_b_fft_121:asj_fft_si_sose_so_b_fft_121_inst|asj_fft_dft_bfp_sgl_fft_121:\gen_se:bfpdft|asj_fft_bfp_o_fft_121:bfp_detect|asj_fft_tdl_bit_fft_121:\gen_blk_float:gen_1_input_bfp_o:delay_next_pass ;
+----------------+-------+--------------------------------------------------------------------------------------------------------------------------------------------------------------------------------------------------------------------------------------------------------------+
; Parameter Name ; Value ; Type                                                                                                                                                                                                                                                         ;
+----------------+-------+--------------------------------------------------------------------------------------------------------------------------------------------------------------------------------------------------------------------------------------------------------------+
; del            ; 9     ; Signed Integer                                                                                                                                                                                                                                               ;
+----------------+-------+--------------------------------------------------------------------------------------------------------------------------------------------------------------------------------------------------------------------------------------------------------------+
Note: In order to hide this table in the UI and the text report file, please set the "Show Parameter Settings in Synthesis Report" option in "Analysis and Synthesis Settings -> More Settings" to "Off".


+----------------------------------------------------------------------------------------------------------------------------------------------------------------------------------------------------------------------------------------------------------------------------------------+
; Parameter Settings for User Entity Instance: ifftout:u2|fft256:u0|asj_fft_si_sose_so_b_fft_121:asj_fft_si_sose_so_b_fft_121_inst|asj_fft_dft_bfp_sgl_fft_121:\gen_se:bfpdft|asj_fft_bfp_o_fft_121:bfp_detect|asj_fft_tdl_bit_fft_121:\gen_blk_float:gen_1_input_bfp_o:delay_next_pass3 ;
+----------------+-------+---------------------------------------------------------------------------------------------------------------------------------------------------------------------------------------------------------------------------------------------------------------+
; Parameter Name ; Value ; Type                                                                                                                                                                                                                                                          ;
+----------------+-------+---------------------------------------------------------------------------------------------------------------------------------------------------------------------------------------------------------------------------------------------------------------+
; del            ; 3     ; Signed Integer                                                                                                                                                                                                                                                ;
+----------------+-------+---------------------------------------------------------------------------------------------------------------------------------------------------------------------------------------------------------------------------------------------------------------+
Note: In order to hide this table in the UI and the text report file, please set the "Show Parameter Settings in Synthesis Report" option in "Analysis and Synthesis Settings -> More Settings" to "Off".


+-------------------------------------------------------------------------------------------------------------------------------------------------------------------------------------------------------------+
; Parameter Settings for User Entity Instance: ifftout:u2|fft256:u0|asj_fft_si_sose_so_b_fft_121:asj_fft_si_sose_so_b_fft_121_inst|asj_fft_dft_bfp_sgl_fft_121:\gen_se:bfpdft|asj_fft_bfp_i_fft_121:bfp_scale ;
+----------------+-------+------------------------------------------------------------------------------------------------------------------------------------------------------------------------------------+
; Parameter Name ; Value ; Type                                                                                                                                                                               ;
+----------------+-------+------------------------------------------------------------------------------------------------------------------------------------------------------------------------------------+
; mpr            ; 16    ; Signed Integer                                                                                                                                                                     ;
; fpr            ; 4     ; Signed Integer                                                                                                                                                                     ;
; arch           ; 3     ; Signed Integer                                                                                                                                                                     ;
; rbuspr         ; 64    ; Signed Integer                                                                                                                                                                     ;
+----------------+-------+------------------------------------------------------------------------------------------------------------------------------------------------------------------------------------+
Note: In order to hide this table in the UI and the text report file, please set the "Show Parameter Settings in Synthesis Report" option in "Analysis and Synthesis Settings -> More Settings" to "Off".


+--------------------------------------------------------------------------------------------------------------------------------------------------------------------------------------------------------------------------------+
; Parameter Settings for User Entity Instance: ifftout:u2|fft256:u0|asj_fft_si_sose_so_b_fft_121:asj_fft_si_sose_so_b_fft_121_inst|asj_fft_dft_bfp_sgl_fft_121:\gen_se:bfpdft|asj_fft_cmult_can_fft_121:\gen_da0:gen_canonic:cm1 ;
+----------------+-------+-------------------------------------------------------------------------------------------------------------------------------------------------------------------------------------------------------+
; Parameter Name ; Value ; Type                                                                                                                                                                                                  ;
+----------------+-------+-------------------------------------------------------------------------------------------------------------------------------------------------------------------------------------------------------+
; mpr            ; 16    ; Signed Integer                                                                                                                                                                                        ;
; twr            ; 16    ; Signed Integer                                                                                                                                                                                        ;
; opr            ; 32    ; Signed Integer                                                                                                                                                                                        ;
; oprp1          ; 33    ; Signed Integer                                                                                                                                                                                        ;
; oprp2          ; 34    ; Signed Integer                                                                                                                                                                                        ;
; pipe           ; 1     ; Signed Integer                                                                                                                                                                                        ;
; mult_imp       ; 0     ; Signed Integer                                                                                                                                                                                        ;
+----------------+-------+-------------------------------------------------------------------------------------------------------------------------------------------------------------------------------------------------------+
Note: In order to hide this table in the UI and the text report file, please set the "Show Parameter Settings in Synthesis Report" option in "Analysis and Synthesis Settings -> More Settings" to "Off".


+-------------------------------------------------------------------------------------------------------------------------------------------------------------------------------------------------------------------------------------------------------------------------+
; Parameter Settings for User Entity Instance: ifftout:u2|fft256:u0|asj_fft_si_sose_so_b_fft_121:asj_fft_si_sose_so_b_fft_121_inst|asj_fft_dft_bfp_sgl_fft_121:\gen_se:bfpdft|asj_fft_cmult_can_fft_121:\gen_da0:gen_canonic:cm1|lpm_mult:\gen_ded_m1:gen_unext_m_ac:m_ac ;
+------------------------------------------------+--------------+---------------------------------------------------------------------------------------------------------------------------------------------------------------------------------------------------------+
; Parameter Name                                 ; Value        ; Type                                                                                                                                                                                                    ;
+------------------------------------------------+--------------+---------------------------------------------------------------------------------------------------------------------------------------------------------------------------------------------------------+
; AUTO_CARRY_CHAINS                              ; ON           ; AUTO_CARRY                                                                                                                                                                                              ;
; IGNORE_CARRY_BUFFERS                           ; OFF          ; IGNORE_CARRY                                                                                                                                                                                            ;
; AUTO_CASCADE_CHAINS                            ; ON           ; AUTO_CASCADE                                                                                                                                                                                            ;
; IGNORE_CASCADE_BUFFERS                         ; OFF          ; IGNORE_CASCADE                                                                                                                                                                                          ;
; LPM_WIDTHA                                     ; 16           ; Signed Integer                                                                                                                                                                                          ;
; LPM_WIDTHB                                     ; 16           ; Signed Integer                                                                                                                                                                                          ;
; LPM_WIDTHP                                     ; 32           ; Signed Integer                                                                                                                                                                                          ;
; LPM_WIDTHR                                     ; 0            ; Untyped                                                                                                                                                                                                 ;
; LPM_WIDTHS                                     ; 1            ; Signed Integer                                                                                                                                                                                          ;
; LPM_REPRESENTATION                             ; SIGNED       ; Untyped                                                                                                                                                                                                 ;
; LPM_PIPELINE                                   ; 3            ; Signed Integer                                                                                                                                                                                          ;
; LATENCY                                        ; 0            ; Untyped                                                                                                                                                                                                 ;
; INPUT_A_IS_CONSTANT                            ; NO           ; Untyped                                                                                                                                                                                                 ;
; INPUT_B_IS_CONSTANT                            ; NO           ; Untyped                                                                                                                                                                                                 ;
; USE_EAB                                        ; OFF          ; Untyped                                                                                                                                                                                                 ;
; MAXIMIZE_SPEED                                 ; 6            ; Untyped                                                                                                                                                                                                 ;
; DEVICE_FAMILY                                  ; Cyclone IV E ; Untyped                                                                                                                                                                                                 ;
; CARRY_CHAIN                                    ; MANUAL       ; Untyped                                                                                                                                                                                                 ;
; APEX20K_TECHNOLOGY_MAPPER                      ; LUT          ; TECH_MAPPER_APEX20K                                                                                                                                                                                     ;
; DEDICATED_MULTIPLIER_CIRCUITRY                 ; YES          ; Untyped                                                                                                                                                                                                 ;
; DEDICATED_MULTIPLIER_MIN_INPUT_WIDTH_FOR_AUTO  ; 0            ; Untyped                                                                                                                                                                                                 ;
; DEDICATED_MULTIPLIER_MIN_OUTPUT_WIDTH_FOR_AUTO ; 0            ; Untyped                                                                                                                                                                                                 ;
; CBXI_PARAMETER                                 ; mult_5t01    ; Untyped                                                                                                                                                                                                 ;
; INPUT_A_FIXED_VALUE                            ; Bx           ; Untyped                                                                                                                                                                                                 ;
; INPUT_B_FIXED_VALUE                            ; Bx           ; Untyped                                                                                                                                                                                                 ;
; USE_AHDL_IMPLEMENTATION                        ; OFF          ; Untyped                                                                                                                                                                                                 ;
+------------------------------------------------+--------------+---------------------------------------------------------------------------------------------------------------------------------------------------------------------------------------------------------+
Note: In order to hide this table in the UI and the text report file, please set the "Show Parameter Settings in Synthesis Report" option in "Analysis and Synthesis Settings -> More Settings" to "Off".


+-------------------------------------------------------------------------------------------------------------------------------------------------------------------------------------------------------------------------------------------------------------------------+
; Parameter Settings for User Entity Instance: ifftout:u2|fft256:u0|asj_fft_si_sose_so_b_fft_121:asj_fft_si_sose_so_b_fft_121_inst|asj_fft_dft_bfp_sgl_fft_121:\gen_se:bfpdft|asj_fft_cmult_can_fft_121:\gen_da0:gen_canonic:cm1|lpm_mult:\gen_ded_m1:gen_unext_m_bd:m_bd ;
+------------------------------------------------+--------------+---------------------------------------------------------------------------------------------------------------------------------------------------------------------------------------------------------+
; Parameter Name                                 ; Value        ; Type                                                                                                                                                                                                    ;
+------------------------------------------------+--------------+---------------------------------------------------------------------------------------------------------------------------------------------------------------------------------------------------------+
; AUTO_CARRY_CHAINS                              ; ON           ; AUTO_CARRY                                                                                                                                                                                              ;
; IGNORE_CARRY_BUFFERS                           ; OFF          ; IGNORE_CARRY                                                                                                                                                                                            ;
; AUTO_CASCADE_CHAINS                            ; ON           ; AUTO_CASCADE                                                                                                                                                                                            ;
; IGNORE_CASCADE_BUFFERS                         ; OFF          ; IGNORE_CASCADE                                                                                                                                                                                          ;
; LPM_WIDTHA                                     ; 16           ; Signed Integer                                                                                                                                                                                          ;
; LPM_WIDTHB                                     ; 16           ; Signed Integer                                                                                                                                                                                          ;
; LPM_WIDTHP                                     ; 32           ; Signed Integer                                                                                                                                                                                          ;
; LPM_WIDTHR                                     ; 0            ; Untyped                                                                                                                                                                                                 ;
; LPM_WIDTHS                                     ; 1            ; Signed Integer                                                                                                                                                                                          ;
; LPM_REPRESENTATION                             ; SIGNED       ; Untyped                                                                                                                                                                                                 ;
; LPM_PIPELINE                                   ; 3            ; Signed Integer                                                                                                                                                                                          ;
; LATENCY                                        ; 0            ; Untyped                                                                                                                                                                                                 ;
; INPUT_A_IS_CONSTANT                            ; NO           ; Untyped                                                                                                                                                                                                 ;
; INPUT_B_IS_CONSTANT                            ; NO           ; Untyped                                                                                                                                                                                                 ;
; USE_EAB                                        ; OFF          ; Untyped                                                                                                                                                                                                 ;
; MAXIMIZE_SPEED                                 ; 6            ; Untyped                                                                                                                                                                                                 ;
; DEVICE_FAMILY                                  ; Cyclone IV E ; Untyped                                                                                                                                                                                                 ;
; CARRY_CHAIN                                    ; MANUAL       ; Untyped                                                                                                                                                                                                 ;
; APEX20K_TECHNOLOGY_MAPPER                      ; LUT          ; TECH_MAPPER_APEX20K                                                                                                                                                                                     ;
; DEDICATED_MULTIPLIER_CIRCUITRY                 ; YES          ; Untyped                                                                                                                                                                                                 ;
; DEDICATED_MULTIPLIER_MIN_INPUT_WIDTH_FOR_AUTO  ; 0            ; Untyped                                                                                                                                                                                                 ;
; DEDICATED_MULTIPLIER_MIN_OUTPUT_WIDTH_FOR_AUTO ; 0            ; Untyped                                                                                                                                                                                                 ;
; CBXI_PARAMETER                                 ; mult_5t01    ; Untyped                                                                                                                                                                                                 ;
; INPUT_A_FIXED_VALUE                            ; Bx           ; Untyped                                                                                                                                                                                                 ;
; INPUT_B_FIXED_VALUE                            ; Bx           ; Untyped                                                                                                                                                                                                 ;
; USE_AHDL_IMPLEMENTATION                        ; OFF          ; Untyped                                                                                                                                                                                                 ;
+------------------------------------------------+--------------+---------------------------------------------------------------------------------------------------------------------------------------------------------------------------------------------------------+
Note: In order to hide this table in the UI and the text report file, please set the "Show Parameter Settings in Synthesis Report" option in "Analysis and Synthesis Settings -> More Settings" to "Off".


+-----------------------------------------------------------------------------------------------------------------------------------------------------------------------------------------------------------------------------------------------------------------------------------+
; Parameter Settings for User Entity Instance: ifftout:u2|fft256:u0|asj_fft_si_sose_so_b_fft_121:asj_fft_si_sose_so_b_fft_121_inst|asj_fft_dft_bfp_sgl_fft_121:\gen_se:bfpdft|asj_fft_cmult_can_fft_121:\gen_da0:gen_canonic:cm1|lpm_mult:\gen_ded_m1:gen_unext_m_a_b_c_d:m_a_b_c_d ;
+------------------------------------------------+--------------+-------------------------------------------------------------------------------------------------------------------------------------------------------------------------------------------------------------------+
; Parameter Name                                 ; Value        ; Type                                                                                                                                                                                                              ;
+------------------------------------------------+--------------+-------------------------------------------------------------------------------------------------------------------------------------------------------------------------------------------------------------------+
; AUTO_CARRY_CHAINS                              ; ON           ; AUTO_CARRY                                                                                                                                                                                                        ;
; IGNORE_CARRY_BUFFERS                           ; OFF          ; IGNORE_CARRY                                                                                                                                                                                                      ;
; AUTO_CASCADE_CHAINS                            ; ON           ; AUTO_CASCADE                                                                                                                                                                                                      ;
; IGNORE_CASCADE_BUFFERS                         ; OFF          ; IGNORE_CASCADE                                                                                                                                                                                                    ;
; LPM_WIDTHA                                     ; 17           ; Signed Integer                                                                                                                                                                                                    ;
; LPM_WIDTHB                                     ; 17           ; Signed Integer                                                                                                                                                                                                    ;
; LPM_WIDTHP                                     ; 34           ; Signed Integer                                                                                                                                                                                                    ;
; LPM_WIDTHR                                     ; 0            ; Untyped                                                                                                                                                                                                           ;
; LPM_WIDTHS                                     ; 1            ; Signed Integer                                                                                                                                                                                                    ;
; LPM_REPRESENTATION                             ; SIGNED       ; Untyped                                                                                                                                                                                                           ;
; LPM_PIPELINE                                   ; 3            ; Signed Integer                                                                                                                                                                                                    ;
; LATENCY                                        ; 0            ; Untyped                                                                                                                                                                                                           ;
; INPUT_A_IS_CONSTANT                            ; NO           ; Untyped                                                                                                                                                                                                           ;
; INPUT_B_IS_CONSTANT                            ; NO           ; Untyped                                                                                                                                                                                                           ;
; USE_EAB                                        ; OFF          ; Untyped                                                                                                                                                                                                           ;
; MAXIMIZE_SPEED                                 ; 6            ; Untyped                                                                                                                                                                                                           ;
; DEVICE_FAMILY                                  ; Cyclone IV E ; Untyped                                                                                                                                                                                                           ;
; CARRY_CHAIN                                    ; MANUAL       ; Untyped                                                                                                                                                                                                           ;
; APEX20K_TECHNOLOGY_MAPPER                      ; LUT          ; TECH_MAPPER_APEX20K                                                                                                                                                                                               ;
; DEDICATED_MULTIPLIER_CIRCUITRY                 ; YES          ; Untyped                                                                                                                                                                                                           ;
; DEDICATED_MULTIPLIER_MIN_INPUT_WIDTH_FOR_AUTO  ; 0            ; Untyped                                                                                                                                                                                                           ;
; DEDICATED_MULTIPLIER_MIN_OUTPUT_WIDTH_FOR_AUTO ; 0            ; Untyped                                                                                                                                                                                                           ;
; CBXI_PARAMETER                                 ; mult_9t01    ; Untyped                                                                                                                                                                                                           ;
; INPUT_A_FIXED_VALUE                            ; Bx           ; Untyped                                                                                                                                                                                                           ;
; INPUT_B_FIXED_VALUE                            ; Bx           ; Untyped                                                                                                                                                                                                           ;
; USE_AHDL_IMPLEMENTATION                        ; OFF          ; Untyped                                                                                                                                                                                                           ;
+------------------------------------------------+--------------+-------------------------------------------------------------------------------------------------------------------------------------------------------------------------------------------------------------------+
Note: In order to hide this table in the UI and the text report file, please set the "Show Parameter Settings in Synthesis Report" option in "Analysis and Synthesis Settings -> More Settings" to "Off".


+--------------------------------------------------------------------------------------------------------------------------------------------------------------------------------------------------------------------------------------------------------------------+
; Parameter Settings for User Entity Instance: ifftout:u2|fft256:u0|asj_fft_si_sose_so_b_fft_121:asj_fft_si_sose_so_b_fft_121_inst|asj_fft_dft_bfp_sgl_fft_121:\gen_se:bfpdft|asj_fft_cmult_can_fft_121:\gen_da0:gen_canonic:cm1|asj_fft_pround_fft_121:\gen_unsc:u0 ;
+----------------+-------+-------------------------------------------------------------------------------------------------------------------------------------------------------------------------------------------------------------------------------------------+
; Parameter Name ; Value ; Type                                                                                                                                                                                                                                      ;
+----------------+-------+-------------------------------------------------------------------------------------------------------------------------------------------------------------------------------------------------------------------------------------------+
; widthin        ; 32    ; Signed Integer                                                                                                                                                                                                                            ;
; widthout       ; 16    ; Signed Integer                                                                                                                                                                                                                            ;
; pipe           ; 1     ; Signed Integer                                                                                                                                                                                                                            ;
+----------------+-------+-------------------------------------------------------------------------------------------------------------------------------------------------------------------------------------------------------------------------------------------+
Note: In order to hide this table in the UI and the text report file, please set the "Show Parameter Settings in Synthesis Report" option in "Analysis and Synthesis Settings -> More Settings" to "Off".


+--------------------------------------------------------------------------------------------------------------------------------------------------------------------------------------------------------------------------------------------------------------------------------------------------------------------+
; Parameter Settings for User Entity Instance: ifftout:u2|fft256:u0|asj_fft_si_sose_so_b_fft_121:asj_fft_si_sose_so_b_fft_121_inst|asj_fft_dft_bfp_sgl_fft_121:\gen_se:bfpdft|asj_fft_cmult_can_fft_121:\gen_da0:gen_canonic:cm1|asj_fft_pround_fft_121:\gen_unsc:u0|LPM_ADD_SUB:\gbrnd:nev:gp:lpm_add_sub_component ;
+------------------------+--------------+----------------------------------------------------------------------------------------------------------------------------------------------------------------------------------------------------------------------------------------------------------------------------+
; Parameter Name         ; Value        ; Type                                                                                                                                                                                                                                                                       ;
+------------------------+--------------+----------------------------------------------------------------------------------------------------------------------------------------------------------------------------------------------------------------------------------------------------------------------------+
; LPM_WIDTH              ; 33           ; Signed Integer                                                                                                                                                                                                                                                             ;
; LPM_REPRESENTATION     ; SIGNED       ; Untyped                                                                                                                                                                                                                                                                    ;
; LPM_DIRECTION          ; DEFAULT      ; Untyped                                                                                                                                                                                                                                                                    ;
; ONE_INPUT_IS_CONSTANT  ; NO           ; Untyped                                                                                                                                                                                                                                                                    ;
; LPM_PIPELINE           ; 1            ; Signed Integer                                                                                                                                                                                                                                                             ;
; MAXIMIZE_SPEED         ; 5            ; Untyped                                                                                                                                                                                                                                                                    ;
; REGISTERED_AT_END      ; 0            ; Untyped                                                                                                                                                                                                                                                                    ;
; OPTIMIZE_FOR_SPEED     ; 5            ; Untyped                                                                                                                                                                                                                                                                    ;
; USE_CS_BUFFERS         ; 1            ; Untyped                                                                                                                                                                                                                                                                    ;
; CARRY_CHAIN            ; MANUAL       ; Untyped                                                                                                                                                                                                                                                                    ;
; CARRY_CHAIN_LENGTH     ; 48           ; CARRY_CHAIN_LENGTH                                                                                                                                                                                                                                                         ;
; DEVICE_FAMILY          ; Cyclone IV E ; Untyped                                                                                                                                                                                                                                                                    ;
; USE_WYS                ; OFF          ; Untyped                                                                                                                                                                                                                                                                    ;
; STYLE                  ; FAST         ; Untyped                                                                                                                                                                                                                                                                    ;
; CBXI_PARAMETER         ; add_sub_knj  ; Untyped                                                                                                                                                                                                                                                                    ;
; AUTO_CARRY_CHAINS      ; ON           ; AUTO_CARRY                                                                                                                                                                                                                                                                 ;
; IGNORE_CARRY_BUFFERS   ; OFF          ; IGNORE_CARRY                                                                                                                                                                                                                                                               ;
; AUTO_CASCADE_CHAINS    ; ON           ; AUTO_CASCADE                                                                                                                                                                                                                                                               ;
; IGNORE_CASCADE_BUFFERS ; OFF          ; IGNORE_CASCADE                                                                                                                                                                                                                                                             ;
+------------------------+--------------+----------------------------------------------------------------------------------------------------------------------------------------------------------------------------------------------------------------------------------------------------------------------------+
Note: In order to hide this table in the UI and the text report file, please set the "Show Parameter Settings in Synthesis Report" option in "Analysis and Synthesis Settings -> More Settings" to "Off".


+--------------------------------------------------------------------------------------------------------------------------------------------------------------------------------------------------------------------------------------------------------------------+
; Parameter Settings for User Entity Instance: ifftout:u2|fft256:u0|asj_fft_si_sose_so_b_fft_121:asj_fft_si_sose_so_b_fft_121_inst|asj_fft_dft_bfp_sgl_fft_121:\gen_se:bfpdft|asj_fft_cmult_can_fft_121:\gen_da0:gen_canonic:cm1|asj_fft_pround_fft_121:\gen_unsc:u1 ;
+----------------+-------+-------------------------------------------------------------------------------------------------------------------------------------------------------------------------------------------------------------------------------------------+
; Parameter Name ; Value ; Type                                                                                                                                                                                                                                      ;
+----------------+-------+-------------------------------------------------------------------------------------------------------------------------------------------------------------------------------------------------------------------------------------------+
; widthin        ; 32    ; Signed Integer                                                                                                                                                                                                                            ;
; widthout       ; 16    ; Signed Integer                                                                                                                                                                                                                            ;
; pipe           ; 1     ; Signed Integer                                                                                                                                                                                                                            ;
+----------------+-------+-------------------------------------------------------------------------------------------------------------------------------------------------------------------------------------------------------------------------------------------+
Note: In order to hide this table in the UI and the text report file, please set the "Show Parameter Settings in Synthesis Report" option in "Analysis and Synthesis Settings -> More Settings" to "Off".


+--------------------------------------------------------------------------------------------------------------------------------------------------------------------------------------------------------------------------------------------------------------------------------------------------------------------+
; Parameter Settings for User Entity Instance: ifftout:u2|fft256:u0|asj_fft_si_sose_so_b_fft_121:asj_fft_si_sose_so_b_fft_121_inst|asj_fft_dft_bfp_sgl_fft_121:\gen_se:bfpdft|asj_fft_cmult_can_fft_121:\gen_da0:gen_canonic:cm1|asj_fft_pround_fft_121:\gen_unsc:u1|LPM_ADD_SUB:\gbrnd:nev:gp:lpm_add_sub_component ;
+------------------------+--------------+----------------------------------------------------------------------------------------------------------------------------------------------------------------------------------------------------------------------------------------------------------------------------+
; Parameter Name         ; Value        ; Type                                                                                                                                                                                                                                                                       ;
+------------------------+--------------+----------------------------------------------------------------------------------------------------------------------------------------------------------------------------------------------------------------------------------------------------------------------------+
; LPM_WIDTH              ; 33           ; Signed Integer                                                                                                                                                                                                                                                             ;
; LPM_REPRESENTATION     ; SIGNED       ; Untyped                                                                                                                                                                                                                                                                    ;
; LPM_DIRECTION          ; DEFAULT      ; Untyped                                                                                                                                                                                                                                                                    ;
; ONE_INPUT_IS_CONSTANT  ; NO           ; Untyped                                                                                                                                                                                                                                                                    ;
; LPM_PIPELINE           ; 1            ; Signed Integer                                                                                                                                                                                                                                                             ;
; MAXIMIZE_SPEED         ; 5            ; Untyped                                                                                                                                                                                                                                                                    ;
; REGISTERED_AT_END      ; 0            ; Untyped                                                                                                                                                                                                                                                                    ;
; OPTIMIZE_FOR_SPEED     ; 5            ; Untyped                                                                                                                                                                                                                                                                    ;
; USE_CS_BUFFERS         ; 1            ; Untyped                                                                                                                                                                                                                                                                    ;
; CARRY_CHAIN            ; MANUAL       ; Untyped                                                                                                                                                                                                                                                                    ;
; CARRY_CHAIN_LENGTH     ; 48           ; CARRY_CHAIN_LENGTH                                                                                                                                                                                                                                                         ;
; DEVICE_FAMILY          ; Cyclone IV E ; Untyped                                                                                                                                                                                                                                                                    ;
; USE_WYS                ; OFF          ; Untyped                                                                                                                                                                                                                                                                    ;
; STYLE                  ; FAST         ; Untyped                                                                                                                                                                                                                                                                    ;
; CBXI_PARAMETER         ; add_sub_knj  ; Untyped                                                                                                                                                                                                                                                                    ;
; AUTO_CARRY_CHAINS      ; ON           ; AUTO_CARRY                                                                                                                                                                                                                                                                 ;
; IGNORE_CARRY_BUFFERS   ; OFF          ; IGNORE_CARRY                                                                                                                                                                                                                                                               ;
; AUTO_CASCADE_CHAINS    ; ON           ; AUTO_CASCADE                                                                                                                                                                                                                                                               ;
; IGNORE_CASCADE_BUFFERS ; OFF          ; IGNORE_CASCADE                                                                                                                                                                                                                                                             ;
+------------------------+--------------+----------------------------------------------------------------------------------------------------------------------------------------------------------------------------------------------------------------------------------------------------------------------------+
Note: In order to hide this table in the UI and the text report file, please set the "Show Parameter Settings in Synthesis Report" option in "Analysis and Synthesis Settings -> More Settings" to "Off".


+------------------------------------------------------------------------------------------------------------------------------------------------------------------------+
; Parameter Settings for User Entity Instance: ifftout:u2|fft256:u0|asj_fft_si_sose_so_b_fft_121:asj_fft_si_sose_so_b_fft_121_inst|asj_fft_bfp_ctrl_fft_121:\gen_se:bfpc ;
+----------------+-------+-----------------------------------------------------------------------------------------------------------------------------------------------+
; Parameter Name ; Value ; Type                                                                                                                                          ;
+----------------+-------+-----------------------------------------------------------------------------------------------------------------------------------------------+
; nps            ; 256   ; Signed Integer                                                                                                                                ;
; nume           ; 1     ; Signed Integer                                                                                                                                ;
; fpr            ; 4     ; Signed Integer                                                                                                                                ;
; cont           ; 0     ; Signed Integer                                                                                                                                ;
; arch           ; 3     ; Signed Integer                                                                                                                                ;
+----------------+-------+-----------------------------------------------------------------------------------------------------------------------------------------------+
Note: In order to hide this table in the UI and the text report file, please set the "Show Parameter Settings in Synthesis Report" option in "Analysis and Synthesis Settings -> More Settings" to "Off".


+-------------------------------------------------------------------------------------------------------------------------------------------------------------------------------------------------------------------------------------------+
; Parameter Settings for User Entity Instance: ifftout:u2|fft256:u0|asj_fft_si_sose_so_b_fft_121:asj_fft_si_sose_so_b_fft_121_inst|asj_fft_bfp_ctrl_fft_121:\gen_se:bfpc|asj_fft_tdl_bit_rst_fft_121:\gen_so_crtl:gen_se_so:delay_next_pass ;
+----------------+-------+------------------------------------------------------------------------------------------------------------------------------------------------------------------------------------------------------------------+
; Parameter Name ; Value ; Type                                                                                                                                                                                                             ;
+----------------+-------+------------------------------------------------------------------------------------------------------------------------------------------------------------------------------------------------------------------+
; del            ; 13    ; Signed Integer                                                                                                                                                                                                   ;
+----------------+-------+------------------------------------------------------------------------------------------------------------------------------------------------------------------------------------------------------------------+
Note: In order to hide this table in the UI and the text report file, please set the "Show Parameter Settings in Synthesis Report" option in "Analysis and Synthesis Settings -> More Settings" to "Off".


+-----------------------------------------------------------------------------------------------------------------------------------------------------------------------------------------------------------------------------------------+
; Parameter Settings for User Entity Instance: ifftout:u2|fft256:u0|asj_fft_si_sose_so_b_fft_121:asj_fft_si_sose_so_b_fft_121_inst|asj_fft_bfp_ctrl_fft_121:\gen_se:bfpc|asj_fft_tdl_bit_fft_121:\gen_so_crtl:gen_se_so:delay_next_pass_2 ;
+----------------+-------+----------------------------------------------------------------------------------------------------------------------------------------------------------------------------------------------------------------+
; Parameter Name ; Value ; Type                                                                                                                                                                                                           ;
+----------------+-------+----------------------------------------------------------------------------------------------------------------------------------------------------------------------------------------------------------------+
; del            ; 1     ; Signed Integer                                                                                                                                                                                                 ;
+----------------+-------+----------------------------------------------------------------------------------------------------------------------------------------------------------------------------------------------------------------+
Note: In order to hide this table in the UI and the text report file, please set the "Show Parameter Settings in Synthesis Report" option in "Analysis and Synthesis Settings -> More Settings" to "Off".


+-------------------------------------------------------------------------------------------------------------------------------------------------------------------------------------------+
; Parameter Settings for User Entity Instance: ifftout:u2|fft256:u0|asj_fft_si_sose_so_b_fft_121:asj_fft_si_sose_so_b_fft_121_inst|asj_fft_twadsogen_q_fft_121:\gen_se:gen_new:twid_factors ;
+----------------+-------+------------------------------------------------------------------------------------------------------------------------------------------------------------------+
; Parameter Name ; Value ; Type                                                                                                                                                             ;
+----------------+-------+------------------------------------------------------------------------------------------------------------------------------------------------------------------+
; nps            ; 256   ; Signed Integer                                                                                                                                                   ;
; nume           ; 1     ; Signed Integer                                                                                                                                                   ;
; n_passes       ; 3     ; Signed Integer                                                                                                                                                   ;
; log2_n_passes  ; 4     ; Signed Integer                                                                                                                                                   ;
; apr            ; 8     ; Signed Integer                                                                                                                                                   ;
; tw_delay       ; 1     ; Signed Integer                                                                                                                                                   ;
+----------------+-------+------------------------------------------------------------------------------------------------------------------------------------------------------------------+
Note: In order to hide this table in the UI and the text report file, please set the "Show Parameter Settings in Synthesis Report" option in "Analysis and Synthesis Settings -> More Settings" to "Off".


+---------------------------------------------------------------------------------------------------------------------------------------------------------------------------------+
; Parameter Settings for User Entity Instance: ifftout:u2|fft256:u0|asj_fft_si_sose_so_b_fft_121:asj_fft_si_sose_so_b_fft_121_inst|asj_fft_1tdp_rom_fft_121:\gen_se:gen_new:twrom ;
+----------------+---------------------+------------------------------------------------------------------------------------------------------------------------------------------+
; Parameter Name ; Value               ; Type                                                                                                                                     ;
+----------------+---------------------+------------------------------------------------------------------------------------------------------------------------------------------+
; twr            ; 16                  ; Signed Integer                                                                                                                           ;
; twa            ; 6                   ; Signed Integer                                                                                                                           ;
; m512           ; 0                   ; Signed Integer                                                                                                                           ;
; rfc1           ; fft256_1n256cos.hex ; String                                                                                                                                   ;
; rfc2           ; fft256_2n256cos.hex ; String                                                                                                                                   ;
; rfc3           ; fft256_3n256cos.hex ; String                                                                                                                                   ;
; rfs1           ; fft256_1n256sin.hex ; String                                                                                                                                   ;
; rfs2           ; fft256_2n256sin.hex ; String                                                                                                                                   ;
; rfs3           ; fft256_3n256sin.hex ; String                                                                                                                                   ;
+----------------+---------------------+------------------------------------------------------------------------------------------------------------------------------------------+
Note: In order to hide this table in the UI and the text report file, please set the "Show Parameter Settings in Synthesis Report" option in "Analysis and Synthesis Settings -> More Settings" to "Off".


+-------------------------------------------------------------------------------------------------------------------------------------------------------------------------------------------------------------------------------+
; Parameter Settings for User Entity Instance: ifftout:u2|fft256:u0|asj_fft_si_sose_so_b_fft_121:asj_fft_si_sose_so_b_fft_121_inst|asj_fft_1tdp_rom_fft_121:\gen_se:gen_new:twrom|asj_fft_twid_rom_tdp_fft_121:\gen_auto:sin_1n ;
+----------------+---------------------+----------------------------------------------------------------------------------------------------------------------------------------------------------------------------------------+
; Parameter Name ; Value               ; Type                                                                                                                                                                                   ;
+----------------+---------------------+----------------------------------------------------------------------------------------------------------------------------------------------------------------------------------------+
; twr            ; 16                  ; Signed Integer                                                                                                                                                                         ;
; twa            ; 6                   ; Signed Integer                                                                                                                                                                         ;
; m512           ; 0                   ; Signed Integer                                                                                                                                                                         ;
; rf             ; fft256_1n256sin.hex ; String                                                                                                                                                                                 ;
+----------------+---------------------+----------------------------------------------------------------------------------------------------------------------------------------------------------------------------------------+
Note: In order to hide this table in the UI and the text report file, please set the "Show Parameter Settings in Synthesis Report" option in "Analysis and Synthesis Settings -> More Settings" to "Off".


+---------------------------------------------------------------------------------------------------------------------------------------------------------------------------------------------------------------------------------------------------------------+
; Parameter Settings for User Entity Instance: ifftout:u2|fft256:u0|asj_fft_si_sose_so_b_fft_121:asj_fft_si_sose_so_b_fft_121_inst|asj_fft_1tdp_rom_fft_121:\gen_se:gen_new:twrom|asj_fft_twid_rom_tdp_fft_121:\gen_auto:sin_1n|altsyncram:altsyncram_component ;
+------------------------------------+----------------------+---------------------------------------------------------------------------------------------------------------------------------------------------------------------------------------------------+
; Parameter Name                     ; Value                ; Type                                                                                                                                                                                              ;
+------------------------------------+----------------------+---------------------------------------------------------------------------------------------------------------------------------------------------------------------------------------------------+
; BYTE_SIZE_BLOCK                    ; 8                    ; Untyped                                                                                                                                                                                           ;
; AUTO_CARRY_CHAINS                  ; ON                   ; AUTO_CARRY                                                                                                                                                                                        ;
; IGNORE_CARRY_BUFFERS               ; OFF                  ; IGNORE_CARRY                                                                                                                                                                                      ;
; AUTO_CASCADE_CHAINS                ; ON                   ; AUTO_CASCADE                                                                                                                                                                                      ;
; IGNORE_CASCADE_BUFFERS             ; OFF                  ; IGNORE_CASCADE                                                                                                                                                                                    ;
; WIDTH_BYTEENA                      ; 1                    ; Untyped                                                                                                                                                                                           ;
; OPERATION_MODE                     ; BIDIR_DUAL_PORT      ; Untyped                                                                                                                                                                                           ;
; WIDTH_A                            ; 16                   ; Signed Integer                                                                                                                                                                                    ;
; WIDTHAD_A                          ; 6                    ; Signed Integer                                                                                                                                                                                    ;
; NUMWORDS_A                         ; 64                   ; Signed Integer                                                                                                                                                                                    ;
; OUTDATA_REG_A                      ; CLOCK0               ; Untyped                                                                                                                                                                                           ;
; ADDRESS_ACLR_A                     ; NONE                 ; Untyped                                                                                                                                                                                           ;
; OUTDATA_ACLR_A                     ; NONE                 ; Untyped                                                                                                                                                                                           ;
; WRCONTROL_ACLR_A                   ; NONE                 ; Untyped                                                                                                                                                                                           ;
; INDATA_ACLR_A                      ; NONE                 ; Untyped                                                                                                                                                                                           ;
; BYTEENA_ACLR_A                     ; NONE                 ; Untyped                                                                                                                                                                                           ;
; WIDTH_B                            ; 16                   ; Signed Integer                                                                                                                                                                                    ;
; WIDTHAD_B                          ; 6                    ; Signed Integer                                                                                                                                                                                    ;
; NUMWORDS_B                         ; 64                   ; Signed Integer                                                                                                                                                                                    ;
; INDATA_REG_B                       ; CLOCK0               ; Untyped                                                                                                                                                                                           ;
; WRCONTROL_WRADDRESS_REG_B          ; CLOCK0               ; Untyped                                                                                                                                                                                           ;
; RDCONTROL_REG_B                    ; CLOCK1               ; Untyped                                                                                                                                                                                           ;
; ADDRESS_REG_B                      ; CLOCK0               ; Untyped                                                                                                                                                                                           ;
; OUTDATA_REG_B                      ; CLOCK0               ; Untyped                                                                                                                                                                                           ;
; BYTEENA_REG_B                      ; CLOCK1               ; Untyped                                                                                                                                                                                           ;
; INDATA_ACLR_B                      ; NONE                 ; Untyped                                                                                                                                                                                           ;
; WRCONTROL_ACLR_B                   ; NONE                 ; Untyped                                                                                                                                                                                           ;
; ADDRESS_ACLR_B                     ; NONE                 ; Untyped                                                                                                                                                                                           ;
; OUTDATA_ACLR_B                     ; NONE                 ; Untyped                                                                                                                                                                                           ;
; RDCONTROL_ACLR_B                   ; NONE                 ; Untyped                                                                                                                                                                                           ;
; BYTEENA_ACLR_B                     ; NONE                 ; Untyped                                                                                                                                                                                           ;
; WIDTH_BYTEENA_A                    ; 1                    ; Signed Integer                                                                                                                                                                                    ;
; WIDTH_BYTEENA_B                    ; 1                    ; Signed Integer                                                                                                                                                                                    ;
; RAM_BLOCK_TYPE                     ; AUTO                 ; Untyped                                                                                                                                                                                           ;
; BYTE_SIZE                          ; 8                    ; Untyped                                                                                                                                                                                           ;
; READ_DURING_WRITE_MODE_MIXED_PORTS ; DONT_CARE            ; Untyped                                                                                                                                                                                           ;
; READ_DURING_WRITE_MODE_PORT_A      ; NEW_DATA_NO_NBE_READ ; Untyped                                                                                                                                                                                           ;
; READ_DURING_WRITE_MODE_PORT_B      ; NEW_DATA_NO_NBE_READ ; Untyped                                                                                                                                                                                           ;
; INIT_FILE                          ; fft256_1n256sin.hex  ; Untyped                                                                                                                                                                                           ;
; INIT_FILE_LAYOUT                   ; PORT_A               ; Untyped                                                                                                                                                                                           ;
; MAXIMUM_DEPTH                      ; 0                    ; Untyped                                                                                                                                                                                           ;
; CLOCK_ENABLE_INPUT_A               ; NORMAL               ; Untyped                                                                                                                                                                                           ;
; CLOCK_ENABLE_INPUT_B               ; NORMAL               ; Untyped                                                                                                                                                                                           ;
; CLOCK_ENABLE_OUTPUT_A              ; NORMAL               ; Untyped                                                                                                                                                                                           ;
; CLOCK_ENABLE_OUTPUT_B              ; NORMAL               ; Untyped                                                                                                                                                                                           ;
; CLOCK_ENABLE_CORE_A                ; USE_INPUT_CLKEN      ; Untyped                                                                                                                                                                                           ;
; CLOCK_ENABLE_CORE_B                ; USE_INPUT_CLKEN      ; Untyped                                                                                                                                                                                           ;
; ENABLE_ECC                         ; FALSE                ; Untyped                                                                                                                                                                                           ;
; DEVICE_FAMILY                      ; Cyclone IV E         ; Untyped                                                                                                                                                                                           ;
; CBXI_PARAMETER                     ; altsyncram_he72      ; Untyped                                                                                                                                                                                           ;
+------------------------------------+----------------------+---------------------------------------------------------------------------------------------------------------------------------------------------------------------------------------------------+
Note: In order to hide this table in the UI and the text report file, please set the "Show Parameter Settings in Synthesis Report" option in "Analysis and Synthesis Settings -> More Settings" to "Off".


+---------------------------------------------------------------------------------------------------------------------------------------------------------------------------------------------+
; Parameter Settings for User Entity Instance: ifftout:u2|fft256:u0|asj_fft_si_sose_so_b_fft_121:asj_fft_si_sose_so_b_fft_121_inst|asj_fft_tdl_bit_fft_121:\no_del_input_blk:delay_next_block ;
+----------------+-------+--------------------------------------------------------------------------------------------------------------------------------------------------------------------+
; Parameter Name ; Value ; Type                                                                                                                                                               ;
+----------------+-------+--------------------------------------------------------------------------------------------------------------------------------------------------------------------+
; del            ; 1     ; Signed Integer                                                                                                                                                     ;
+----------------+-------+--------------------------------------------------------------------------------------------------------------------------------------------------------------------+
Note: In order to hide this table in the UI and the text report file, please set the "Show Parameter Settings in Synthesis Report" option in "Analysis and Synthesis Settings -> More Settings" to "Off".


+-------------------------------------------------------------------------------------------------------+
; Parameter Settings for User Entity Instance: ifftout:u2|dram16_256:u1|altsyncram:altsyncram_component ;
+------------------------------------+----------------------+-------------------------------------------+
; Parameter Name                     ; Value                ; Type                                      ;
+------------------------------------+----------------------+-------------------------------------------+
; BYTE_SIZE_BLOCK                    ; 8                    ; Untyped                                   ;
; AUTO_CARRY_CHAINS                  ; ON                   ; AUTO_CARRY                                ;
; IGNORE_CARRY_BUFFERS               ; OFF                  ; IGNORE_CARRY                              ;
; AUTO_CASCADE_CHAINS                ; ON                   ; AUTO_CASCADE                              ;
; IGNORE_CASCADE_BUFFERS             ; OFF                  ; IGNORE_CASCADE                            ;
; WIDTH_BYTEENA                      ; 1                    ; Untyped                                   ;
; OPERATION_MODE                     ; DUAL_PORT            ; Untyped                                   ;
; WIDTH_A                            ; 16                   ; Signed Integer                            ;
; WIDTHAD_A                          ; 8                    ; Signed Integer                            ;
; NUMWORDS_A                         ; 256                  ; Signed Integer                            ;
; OUTDATA_REG_A                      ; UNREGISTERED         ; Untyped                                   ;
; ADDRESS_ACLR_A                     ; NONE                 ; Untyped                                   ;
; OUTDATA_ACLR_A                     ; NONE                 ; Untyped                                   ;
; WRCONTROL_ACLR_A                   ; NONE                 ; Untyped                                   ;
; INDATA_ACLR_A                      ; NONE                 ; Untyped                                   ;
; BYTEENA_ACLR_A                     ; NONE                 ; Untyped                                   ;
; WIDTH_B                            ; 16                   ; Signed Integer                            ;
; WIDTHAD_B                          ; 8                    ; Signed Integer                            ;
; NUMWORDS_B                         ; 256                  ; Signed Integer                            ;
; INDATA_REG_B                       ; CLOCK1               ; Untyped                                   ;
; WRCONTROL_WRADDRESS_REG_B          ; CLOCK1               ; Untyped                                   ;
; RDCONTROL_REG_B                    ; CLOCK1               ; Untyped                                   ;
; ADDRESS_REG_B                      ; CLOCK1               ; Untyped                                   ;
; OUTDATA_REG_B                      ; UNREGISTERED         ; Untyped                                   ;
; BYTEENA_REG_B                      ; CLOCK1               ; Untyped                                   ;
; INDATA_ACLR_B                      ; NONE                 ; Untyped                                   ;
; WRCONTROL_ACLR_B                   ; NONE                 ; Untyped                                   ;
; ADDRESS_ACLR_B                     ; NONE                 ; Untyped                                   ;
; OUTDATA_ACLR_B                     ; NONE                 ; Untyped                                   ;
; RDCONTROL_ACLR_B                   ; NONE                 ; Untyped                                   ;
; BYTEENA_ACLR_B                     ; NONE                 ; Untyped                                   ;
; WIDTH_BYTEENA_A                    ; 1                    ; Signed Integer                            ;
; WIDTH_BYTEENA_B                    ; 1                    ; Untyped                                   ;
; RAM_BLOCK_TYPE                     ; AUTO                 ; Untyped                                   ;
; BYTE_SIZE                          ; 8                    ; Untyped                                   ;
; READ_DURING_WRITE_MODE_MIXED_PORTS ; DONT_CARE            ; Untyped                                   ;
; READ_DURING_WRITE_MODE_PORT_A      ; NEW_DATA_NO_NBE_READ ; Untyped                                   ;
; READ_DURING_WRITE_MODE_PORT_B      ; NEW_DATA_NO_NBE_READ ; Untyped                                   ;
; INIT_FILE                          ; UNUSED               ; Untyped                                   ;
; INIT_FILE_LAYOUT                   ; PORT_A               ; Untyped                                   ;
; MAXIMUM_DEPTH                      ; 0                    ; Untyped                                   ;
; CLOCK_ENABLE_INPUT_A               ; BYPASS               ; Untyped                                   ;
; CLOCK_ENABLE_INPUT_B               ; BYPASS               ; Untyped                                   ;
; CLOCK_ENABLE_OUTPUT_A              ; NORMAL               ; Untyped                                   ;
; CLOCK_ENABLE_OUTPUT_B              ; BYPASS               ; Untyped                                   ;
; CLOCK_ENABLE_CORE_A                ; USE_INPUT_CLKEN      ; Untyped                                   ;
; CLOCK_ENABLE_CORE_B                ; USE_INPUT_CLKEN      ; Untyped                                   ;
; ENABLE_ECC                         ; FALSE                ; Untyped                                   ;
; DEVICE_FAMILY                      ; Cyclone IV E         ; Untyped                                   ;
; CBXI_PARAMETER                     ; altsyncram_09k1      ; Untyped                                   ;
+------------------------------------+----------------------+-------------------------------------------+
Note: In order to hide this table in the UI and the text report file, please set the "Show Parameter Settings in Synthesis Report" option in "Analysis and Synthesis Settings -> More Settings" to "Off".


+-------------------------------------------------------------------------------------------------------+
; Parameter Settings for User Entity Instance: ifftout:u2|dram16_256:u2|altsyncram:altsyncram_component ;
+------------------------------------+----------------------+-------------------------------------------+
; Parameter Name                     ; Value                ; Type                                      ;
+------------------------------------+----------------------+-------------------------------------------+
; BYTE_SIZE_BLOCK                    ; 8                    ; Untyped                                   ;
; AUTO_CARRY_CHAINS                  ; ON                   ; AUTO_CARRY                                ;
; IGNORE_CARRY_BUFFERS               ; OFF                  ; IGNORE_CARRY                              ;
; AUTO_CASCADE_CHAINS                ; ON                   ; AUTO_CASCADE                              ;
; IGNORE_CASCADE_BUFFERS             ; OFF                  ; IGNORE_CASCADE                            ;
; WIDTH_BYTEENA                      ; 1                    ; Untyped                                   ;
; OPERATION_MODE                     ; DUAL_PORT            ; Untyped                                   ;
; WIDTH_A                            ; 16                   ; Signed Integer                            ;
; WIDTHAD_A                          ; 8                    ; Signed Integer                            ;
; NUMWORDS_A                         ; 256                  ; Signed Integer                            ;
; OUTDATA_REG_A                      ; UNREGISTERED         ; Untyped                                   ;
; ADDRESS_ACLR_A                     ; NONE                 ; Untyped                                   ;
; OUTDATA_ACLR_A                     ; NONE                 ; Untyped                                   ;
; WRCONTROL_ACLR_A                   ; NONE                 ; Untyped                                   ;
; INDATA_ACLR_A                      ; NONE                 ; Untyped                                   ;
; BYTEENA_ACLR_A                     ; NONE                 ; Untyped                                   ;
; WIDTH_B                            ; 16                   ; Signed Integer                            ;
; WIDTHAD_B                          ; 8                    ; Signed Integer                            ;
; NUMWORDS_B                         ; 256                  ; Signed Integer                            ;
; INDATA_REG_B                       ; CLOCK1               ; Untyped                                   ;
; WRCONTROL_WRADDRESS_REG_B          ; CLOCK1               ; Untyped                                   ;
; RDCONTROL_REG_B                    ; CLOCK1               ; Untyped                                   ;
; ADDRESS_REG_B                      ; CLOCK1               ; Untyped                                   ;
; OUTDATA_REG_B                      ; UNREGISTERED         ; Untyped                                   ;
; BYTEENA_REG_B                      ; CLOCK1               ; Untyped                                   ;
; INDATA_ACLR_B                      ; NONE                 ; Untyped                                   ;
; WRCONTROL_ACLR_B                   ; NONE                 ; Untyped                                   ;
; ADDRESS_ACLR_B                     ; NONE                 ; Untyped                                   ;
; OUTDATA_ACLR_B                     ; NONE                 ; Untyped                                   ;
; RDCONTROL_ACLR_B                   ; NONE                 ; Untyped                                   ;
; BYTEENA_ACLR_B                     ; NONE                 ; Untyped                                   ;
; WIDTH_BYTEENA_A                    ; 1                    ; Signed Integer                            ;
; WIDTH_BYTEENA_B                    ; 1                    ; Untyped                                   ;
; RAM_BLOCK_TYPE                     ; AUTO                 ; Untyped                                   ;
; BYTE_SIZE                          ; 8                    ; Untyped                                   ;
; READ_DURING_WRITE_MODE_MIXED_PORTS ; DONT_CARE            ; Untyped                                   ;
; READ_DURING_WRITE_MODE_PORT_A      ; NEW_DATA_NO_NBE_READ ; Untyped                                   ;
; READ_DURING_WRITE_MODE_PORT_B      ; NEW_DATA_NO_NBE_READ ; Untyped                                   ;
; INIT_FILE                          ; UNUSED               ; Untyped                                   ;
; INIT_FILE_LAYOUT                   ; PORT_A               ; Untyped                                   ;
; MAXIMUM_DEPTH                      ; 0                    ; Untyped                                   ;
; CLOCK_ENABLE_INPUT_A               ; BYPASS               ; Untyped                                   ;
; CLOCK_ENABLE_INPUT_B               ; BYPASS               ; Untyped                                   ;
; CLOCK_ENABLE_OUTPUT_A              ; NORMAL               ; Untyped                                   ;
; CLOCK_ENABLE_OUTPUT_B              ; BYPASS               ; Untyped                                   ;
; CLOCK_ENABLE_CORE_A                ; USE_INPUT_CLKEN      ; Untyped                                   ;
; CLOCK_ENABLE_CORE_B                ; USE_INPUT_CLKEN      ; Untyped                                   ;
; ENABLE_ECC                         ; FALSE                ; Untyped                                   ;
; DEVICE_FAMILY                      ; Cyclone IV E         ; Untyped                                   ;
; CBXI_PARAMETER                     ; altsyncram_09k1      ; Untyped                                   ;
+------------------------------------+----------------------+-------------------------------------------+
Note: In order to hide this table in the UI and the text report file, please set the "Show Parameter Settings in Synthesis Report" option in "Analysis and Synthesis Settings -> More Settings" to "Off".


+-----------------------------------------------------------------------------------------+
; Parameter Settings for Inferred Entity Instance: fftfilter:u1|altshift_taps:xkre0_rtl_0 ;
+----------------+----------------+-------------------------------------------------------+
; Parameter Name ; Value          ; Type                                                  ;
+----------------+----------------+-------------------------------------------------------+
; WIDTH_BYTEENA  ; 1              ; Untyped                                               ;
; NUMBER_OF_TAPS ; 1              ; Untyped                                               ;
; TAP_DISTANCE   ; 3              ; Untyped                                               ;
; WIDTH          ; 32             ; Untyped                                               ;
; POWER_UP_STATE ; CLEARED        ; Untyped                                               ;
; CBXI_PARAMETER ; shift_taps_ckm ; Untyped                                               ;
+----------------+----------------+-------------------------------------------------------+
Note: In order to hide this table in the UI and the text report file, please set the "Show Parameter Settings in Synthesis Report" option in "Analysis and Synthesis Settings -> More Settings" to "Off".


+--------------------------------------------------------------------------------------------------+
; altshift_taps Parameter Settings by Entity Instance                                              ;
+----------------------------+---------------------------------------------------------------------+
; Name                       ; Value                                                               ;
+----------------------------+---------------------------------------------------------------------+
; Number of entity instances ; 5                                                                   ;
; Entity Instance            ; window:u0|shifter12_128:u0|altshift_taps:ALTSHIFT_TAPS_component    ;
;     -- NUMBER_OF_TAPS      ; 1                                                                   ;
;     -- TAP_DISTANCE        ; 128                                                                 ;
;     -- WIDTH               ; 12                                                                  ;
; Entity Instance            ; window:u0|shifter16_2048:u6|altshift_taps:ALTSHIFT_TAPS_component   ;
;     -- NUMBER_OF_TAPS      ; 8                                                                   ;
;     -- TAP_DISTANCE        ; 256                                                                 ;
;     -- WIDTH               ; 16                                                                  ;
; Entity Instance            ; fftfilter:u1|shifter16_256:u3|altshift_taps:ALTSHIFT_TAPS_component ;
;     -- NUMBER_OF_TAPS      ; 1                                                                   ;
;     -- TAP_DISTANCE        ; 256                                                                 ;
;     -- WIDTH               ; 16                                                                  ;
; Entity Instance            ; fftfilter:u1|shifter16_256:u4|altshift_taps:ALTSHIFT_TAPS_component ;
;     -- NUMBER_OF_TAPS      ; 1                                                                   ;
;     -- TAP_DISTANCE        ; 256                                                                 ;
;     -- WIDTH               ; 16                                                                  ;
; Entity Instance            ; fftfilter:u1|altshift_taps:xkre0_rtl_0                              ;
;     -- NUMBER_OF_TAPS      ; 1                                                                   ;
;     -- TAP_DISTANCE        ; 3                                                                   ;
;     -- WIDTH               ; 32                                                                  ;
+----------------------------+---------------------------------------------------------------------+


+----------------------------------------------------------------------------------------------------------------------------------------------------------------------------------------------------------------------------------------------------------------+
; altsyncram Parameter Settings by Entity Instance                                                                                                                                                                                                               ;
+-------------------------------------------+--------------------------------------------------------------------------------------------------------------------------------------------------------------------------------------------------------------------+
; Name                                      ; Value                                                                                                                                                                                                              ;
+-------------------------------------------+--------------------------------------------------------------------------------------------------------------------------------------------------------------------------------------------------------------------+
; Number of entity instances                ; 9                                                                                                                                                                                                                  ;
; Entity Instance                           ; window:u0|rom12_256:u1|altsyncram:altsyncram_component                                                                                                                                                             ;
;     -- OPERATION_MODE                     ; ROM                                                                                                                                                                                                                ;
;     -- WIDTH_A                            ; 12                                                                                                                                                                                                                 ;
;     -- NUMWORDS_A                         ; 256                                                                                                                                                                                                                ;
;     -- OUTDATA_REG_A                      ; UNREGISTERED                                                                                                                                                                                                       ;
;     -- WIDTH_B                            ; 1                                                                                                                                                                                                                  ;
;     -- NUMWORDS_B                         ; 1                                                                                                                                                                                                                  ;
;     -- ADDRESS_REG_B                      ; CLOCK1                                                                                                                                                                                                             ;
;     -- OUTDATA_REG_B                      ; UNREGISTERED                                                                                                                                                                                                       ;
;     -- RAM_BLOCK_TYPE                     ; AUTO                                                                                                                                                                                                               ;
;     -- READ_DURING_WRITE_MODE_MIXED_PORTS ; DONT_CARE                                                                                                                                                                                                          ;
; Entity Instance                           ; window:u0|dram16_256:u4|altsyncram:altsyncram_component                                                                                                                                                            ;
;     -- OPERATION_MODE                     ; DUAL_PORT                                                                                                                                                                                                          ;
;     -- WIDTH_A                            ; 16                                                                                                                                                                                                                 ;
;     -- NUMWORDS_A                         ; 256                                                                                                                                                                                                                ;
;     -- OUTDATA_REG_A                      ; UNREGISTERED                                                                                                                                                                                                       ;
;     -- WIDTH_B                            ; 16                                                                                                                                                                                                                 ;
;     -- NUMWORDS_B                         ; 256                                                                                                                                                                                                                ;
;     -- ADDRESS_REG_B                      ; CLOCK1                                                                                                                                                                                                             ;
;     -- OUTDATA_REG_B                      ; UNREGISTERED                                                                                                                                                                                                       ;
;     -- RAM_BLOCK_TYPE                     ; AUTO                                                                                                                                                                                                               ;
;     -- READ_DURING_WRITE_MODE_MIXED_PORTS ; DONT_CARE                                                                                                                                                                                                          ;
; Entity Instance                           ; window:u0|dram16_256:u5|altsyncram:altsyncram_component                                                                                                                                                            ;
;     -- OPERATION_MODE                     ; DUAL_PORT                                                                                                                                                                                                          ;
;     -- WIDTH_A                            ; 16                                                                                                                                                                                                                 ;
;     -- NUMWORDS_A                         ; 256                                                                                                                                                                                                                ;
;     -- OUTDATA_REG_A                      ; UNREGISTERED                                                                                                                                                                                                       ;
;     -- WIDTH_B                            ; 16                                                                                                                                                                                                                 ;
;     -- NUMWORDS_B                         ; 256                                                                                                                                                                                                                ;
;     -- ADDRESS_REG_B                      ; CLOCK1                                                                                                                                                                                                             ;
;     -- OUTDATA_REG_B                      ; UNREGISTERED                                                                                                                                                                                                       ;
;     -- RAM_BLOCK_TYPE                     ; AUTO                                                                                                                                                                                                               ;
;     -- READ_DURING_WRITE_MODE_MIXED_PORTS ; DONT_CARE                                                                                                                                                                                                          ;
; Entity Instance                           ; fftfilter:u1|fft256:u0|asj_fft_si_sose_so_b_fft_121:asj_fft_si_sose_so_b_fft_121_inst|asj_fft_1dp_ram_fft_121:\gen_1_ram:gen_M4K:dat_A|asj_fft_data_ram_fft_121:dat_A|altsyncram:\gen_M4K:altsyncram_component     ;
;     -- OPERATION_MODE                     ; DUAL_PORT                                                                                                                                                                                                          ;
;     -- WIDTH_A                            ; 32                                                                                                                                                                                                                 ;
;     -- NUMWORDS_A                         ; 256                                                                                                                                                                                                                ;
;     -- OUTDATA_REG_A                      ; UNREGISTERED                                                                                                                                                                                                       ;
;     -- WIDTH_B                            ; 32                                                                                                                                                                                                                 ;
;     -- NUMWORDS_B                         ; 256                                                                                                                                                                                                                ;
;     -- ADDRESS_REG_B                      ; CLOCK0                                                                                                                                                                                                             ;
;     -- OUTDATA_REG_B                      ; CLOCK0                                                                                                                                                                                                             ;
;     -- RAM_BLOCK_TYPE                     ; AUTO                                                                                                                                                                                                               ;
;     -- READ_DURING_WRITE_MODE_MIXED_PORTS ; OLD_DATA                                                                                                                                                                                                           ;
; Entity Instance                           ; fftfilter:u1|fft256:u0|asj_fft_si_sose_so_b_fft_121:asj_fft_si_sose_so_b_fft_121_inst|asj_fft_1tdp_rom_fft_121:\gen_se:gen_new:twrom|asj_fft_twid_rom_tdp_fft_121:\gen_auto:sin_1n|altsyncram:altsyncram_component ;
;     -- OPERATION_MODE                     ; BIDIR_DUAL_PORT                                                                                                                                                                                                    ;
;     -- WIDTH_A                            ; 16                                                                                                                                                                                                                 ;
;     -- NUMWORDS_A                         ; 64                                                                                                                                                                                                                 ;
;     -- OUTDATA_REG_A                      ; CLOCK0                                                                                                                                                                                                             ;
;     -- WIDTH_B                            ; 16                                                                                                                                                                                                                 ;
;     -- NUMWORDS_B                         ; 64                                                                                                                                                                                                                 ;
;     -- ADDRESS_REG_B                      ; CLOCK0                                                                                                                                                                                                             ;
;     -- OUTDATA_REG_B                      ; CLOCK0                                                                                                                                                                                                             ;
;     -- RAM_BLOCK_TYPE                     ; AUTO                                                                                                                                                                                                               ;
;     -- READ_DURING_WRITE_MODE_MIXED_PORTS ; DONT_CARE                                                                                                                                                                                                          ;
; Entity Instance                           ; ifftout:u2|fft256:u0|asj_fft_si_sose_so_b_fft_121:asj_fft_si_sose_so_b_fft_121_inst|asj_fft_1dp_ram_fft_121:\gen_1_ram:gen_M4K:dat_A|asj_fft_data_ram_fft_121:dat_A|altsyncram:\gen_M4K:altsyncram_component       ;
;     -- OPERATION_MODE                     ; DUAL_PORT                                                                                                                                                                                                          ;
;     -- WIDTH_A                            ; 32                                                                                                                                                                                                                 ;
;     -- NUMWORDS_A                         ; 256                                                                                                                                                                                                                ;
;     -- OUTDATA_REG_A                      ; UNREGISTERED                                                                                                                                                                                                       ;
;     -- WIDTH_B                            ; 32                                                                                                                                                                                                                 ;
;     -- NUMWORDS_B                         ; 256                                                                                                                                                                                                                ;
;     -- ADDRESS_REG_B                      ; CLOCK0                                                                                                                                                                                                             ;
;     -- OUTDATA_REG_B                      ; CLOCK0                                                                                                                                                                                                             ;
;     -- RAM_BLOCK_TYPE                     ; AUTO                                                                                                                                                                                                               ;
;     -- READ_DURING_WRITE_MODE_MIXED_PORTS ; OLD_DATA                                                                                                                                                                                                           ;
; Entity Instance                           ; ifftout:u2|fft256:u0|asj_fft_si_sose_so_b_fft_121:asj_fft_si_sose_so_b_fft_121_inst|asj_fft_1tdp_rom_fft_121:\gen_se:gen_new:twrom|asj_fft_twid_rom_tdp_fft_121:\gen_auto:sin_1n|altsyncram:altsyncram_component   ;
;     -- OPERATION_MODE                     ; BIDIR_DUAL_PORT                                                                                                                                                                                                    ;
;     -- WIDTH_A                            ; 16                                                                                                                                                                                                                 ;
;     -- NUMWORDS_A                         ; 64                                                                                                                                                                                                                 ;
;     -- OUTDATA_REG_A                      ; CLOCK0                                                                                                                                                                                                             ;
;     -- WIDTH_B                            ; 16                                                                                                                                                                                                                 ;
;     -- NUMWORDS_B                         ; 64                                                                                                                                                                                                                 ;
;     -- ADDRESS_REG_B                      ; CLOCK0                                                                                                                                                                                                             ;
;     -- OUTDATA_REG_B                      ; CLOCK0                                                                                                                                                                                                             ;
;     -- RAM_BLOCK_TYPE                     ; AUTO                                                                                                                                                                                                               ;
;     -- READ_DURING_WRITE_MODE_MIXED_PORTS ; DONT_CARE                                                                                                                                                                                                          ;
; Entity Instance                           ; ifftout:u2|dram16_256:u1|altsyncram:altsyncram_component                                                                                                                                                           ;
;     -- OPERATION_MODE                     ; DUAL_PORT                                                                                                                                                                                                          ;
;     -- WIDTH_A                            ; 16                                                                                                                                                                                                                 ;
;     -- NUMWORDS_A                         ; 256                                                                                                                                                                                                                ;
;     -- OUTDATA_REG_A                      ; UNREGISTERED                                                                                                                                                                                                       ;
;     -- WIDTH_B                            ; 16                                                                                                                                                                                                                 ;
;     -- NUMWORDS_B                         ; 256                                                                                                                                                                                                                ;
;     -- ADDRESS_REG_B                      ; CLOCK1                                                                                                                                                                                                             ;
;     -- OUTDATA_REG_B                      ; UNREGISTERED                                                                                                                                                                                                       ;
;     -- RAM_BLOCK_TYPE                     ; AUTO                                                                                                                                                                                                               ;
;     -- READ_DURING_WRITE_MODE_MIXED_PORTS ; DONT_CARE                                                                                                                                                                                                          ;
; Entity Instance                           ; ifftout:u2|dram16_256:u2|altsyncram:altsyncram_component                                                                                                                                                           ;
;     -- OPERATION_MODE                     ; DUAL_PORT                                                                                                                                                                                                          ;
;     -- WIDTH_A                            ; 16                                                                                                                                                                                                                 ;
;     -- NUMWORDS_A                         ; 256                                                                                                                                                                                                                ;
;     -- OUTDATA_REG_A                      ; UNREGISTERED                                                                                                                                                                                                       ;
;     -- WIDTH_B                            ; 16                                                                                                                                                                                                                 ;
;     -- NUMWORDS_B                         ; 256                                                                                                                                                                                                                ;
;     -- ADDRESS_REG_B                      ; CLOCK1                                                                                                                                                                                                             ;
;     -- OUTDATA_REG_B                      ; UNREGISTERED                                                                                                                                                                                                       ;
;     -- RAM_BLOCK_TYPE                     ; AUTO                                                                                                                                                                                                               ;
;     -- READ_DURING_WRITE_MODE_MIXED_PORTS ; DONT_CARE                                                                                                                                                                                                          ;
+-------------------------------------------+--------------------------------------------------------------------------------------------------------------------------------------------------------------------------------------------------------------------+


+--------------------------------------------------------------------------------------------------------------------------------------------------------------------------------------------------------------------------------------------------------------------------------+
; lpm_mult Parameter Settings by Entity Instance                                                                                                                                                                                                                                 ;
+---------------------------------------+----------------------------------------------------------------------------------------------------------------------------------------------------------------------------------------------------------------------------------------+
; Name                                  ; Value                                                                                                                                                                                                                                  ;
+---------------------------------------+----------------------------------------------------------------------------------------------------------------------------------------------------------------------------------------------------------------------------------------+
; Number of entity instances            ; 12                                                                                                                                                                                                                                     ;
; Entity Instance                       ; window:u0|mult12_12:u2|lpm_mult:lpm_mult_component                                                                                                                                                                                     ;
;     -- LPM_WIDTHA                     ; 12                                                                                                                                                                                                                                     ;
;     -- LPM_WIDTHB                     ; 12                                                                                                                                                                                                                                     ;
;     -- LPM_WIDTHP                     ; 24                                                                                                                                                                                                                                     ;
;     -- LPM_REPRESENTATION             ; SIGNED                                                                                                                                                                                                                                 ;
;     -- INPUT_A_IS_CONSTANT            ; NO                                                                                                                                                                                                                                     ;
;     -- INPUT_B_IS_CONSTANT            ; NO                                                                                                                                                                                                                                     ;
;     -- USE_EAB                        ; OFF                                                                                                                                                                                                                                    ;
;     -- DEDICATED_MULTIPLIER_CIRCUITRY ; AUTO                                                                                                                                                                                                                                   ;
;     -- INPUT_A_FIXED_VALUE            ; Bx                                                                                                                                                                                                                                     ;
;     -- INPUT_B_FIXED_VALUE            ; Bx                                                                                                                                                                                                                                     ;
; Entity Instance                       ; window:u0|mult12_12:u3|lpm_mult:lpm_mult_component                                                                                                                                                                                     ;
;     -- LPM_WIDTHA                     ; 12                                                                                                                                                                                                                                     ;
;     -- LPM_WIDTHB                     ; 12                                                                                                                                                                                                                                     ;
;     -- LPM_WIDTHP                     ; 24                                                                                                                                                                                                                                     ;
;     -- LPM_REPRESENTATION             ; SIGNED                                                                                                                                                                                                                                 ;
;     -- INPUT_A_IS_CONSTANT            ; NO                                                                                                                                                                                                                                     ;
;     -- INPUT_B_IS_CONSTANT            ; NO                                                                                                                                                                                                                                     ;
;     -- USE_EAB                        ; OFF                                                                                                                                                                                                                                    ;
;     -- DEDICATED_MULTIPLIER_CIRCUITRY ; AUTO                                                                                                                                                                                                                                   ;
;     -- INPUT_A_FIXED_VALUE            ; Bx                                                                                                                                                                                                                                     ;
;     -- INPUT_B_FIXED_VALUE            ; Bx                                                                                                                                                                                                                                     ;
; Entity Instance                       ; fftfilter:u1|fft256:u0|asj_fft_si_sose_so_b_fft_121:asj_fft_si_sose_so_b_fft_121_inst|asj_fft_dft_bfp_sgl_fft_121:\gen_se:bfpdft|asj_fft_cmult_can_fft_121:\gen_da0:gen_canonic:cm1|lpm_mult:\gen_ded_m1:gen_unext_m_ac:m_ac           ;
;     -- LPM_WIDTHA                     ; 16                                                                                                                                                                                                                                     ;
;     -- LPM_WIDTHB                     ; 16                                                                                                                                                                                                                                     ;
;     -- LPM_WIDTHP                     ; 32                                                                                                                                                                                                                                     ;
;     -- LPM_REPRESENTATION             ; SIGNED                                                                                                                                                                                                                                 ;
;     -- INPUT_A_IS_CONSTANT            ; NO                                                                                                                                                                                                                                     ;
;     -- INPUT_B_IS_CONSTANT            ; NO                                                                                                                                                                                                                                     ;
;     -- USE_EAB                        ; OFF                                                                                                                                                                                                                                    ;
;     -- DEDICATED_MULTIPLIER_CIRCUITRY ; YES                                                                                                                                                                                                                                    ;
;     -- INPUT_A_FIXED_VALUE            ; Bx                                                                                                                                                                                                                                     ;
;     -- INPUT_B_FIXED_VALUE            ; Bx                                                                                                                                                                                                                                     ;
; Entity Instance                       ; fftfilter:u1|fft256:u0|asj_fft_si_sose_so_b_fft_121:asj_fft_si_sose_so_b_fft_121_inst|asj_fft_dft_bfp_sgl_fft_121:\gen_se:bfpdft|asj_fft_cmult_can_fft_121:\gen_da0:gen_canonic:cm1|lpm_mult:\gen_ded_m1:gen_unext_m_bd:m_bd           ;
;     -- LPM_WIDTHA                     ; 16                                                                                                                                                                                                                                     ;
;     -- LPM_WIDTHB                     ; 16                                                                                                                                                                                                                                     ;
;     -- LPM_WIDTHP                     ; 32                                                                                                                                                                                                                                     ;
;     -- LPM_REPRESENTATION             ; SIGNED                                                                                                                                                                                                                                 ;
;     -- INPUT_A_IS_CONSTANT            ; NO                                                                                                                                                                                                                                     ;
;     -- INPUT_B_IS_CONSTANT            ; NO                                                                                                                                                                                                                                     ;
;     -- USE_EAB                        ; OFF                                                                                                                                                                                                                                    ;
;     -- DEDICATED_MULTIPLIER_CIRCUITRY ; YES                                                                                                                                                                                                                                    ;
;     -- INPUT_A_FIXED_VALUE            ; Bx                                                                                                                                                                                                                                     ;
;     -- INPUT_B_FIXED_VALUE            ; Bx                                                                                                                                                                                                                                     ;
; Entity Instance                       ; fftfilter:u1|fft256:u0|asj_fft_si_sose_so_b_fft_121:asj_fft_si_sose_so_b_fft_121_inst|asj_fft_dft_bfp_sgl_fft_121:\gen_se:bfpdft|asj_fft_cmult_can_fft_121:\gen_da0:gen_canonic:cm1|lpm_mult:\gen_ded_m1:gen_unext_m_a_b_c_d:m_a_b_c_d ;
;     -- LPM_WIDTHA                     ; 17                                                                                                                                                                                                                                     ;
;     -- LPM_WIDTHB                     ; 17                                                                                                                                                                                                                                     ;
;     -- LPM_WIDTHP                     ; 34                                                                                                                                                                                                                                     ;
;     -- LPM_REPRESENTATION             ; SIGNED                                                                                                                                                                                                                                 ;
;     -- INPUT_A_IS_CONSTANT            ; NO                                                                                                                                                                                                                                     ;
;     -- INPUT_B_IS_CONSTANT            ; NO                                                                                                                                                                                                                                     ;
;     -- USE_EAB                        ; OFF                                                                                                                                                                                                                                    ;
;     -- DEDICATED_MULTIPLIER_CIRCUITRY ; YES                                                                                                                                                                                                                                    ;
;     -- INPUT_A_FIXED_VALUE            ; Bx                                                                                                                                                                                                                                     ;
;     -- INPUT_B_FIXED_VALUE            ; Bx                                                                                                                                                                                                                                     ;
; Entity Instance                       ; fftfilter:u1|mult12_12:u1|lpm_mult:lpm_mult_component                                                                                                                                                                                  ;
;     -- LPM_WIDTHA                     ; 12                                                                                                                                                                                                                                     ;
;     -- LPM_WIDTHB                     ; 12                                                                                                                                                                                                                                     ;
;     -- LPM_WIDTHP                     ; 24                                                                                                                                                                                                                                     ;
;     -- LPM_REPRESENTATION             ; SIGNED                                                                                                                                                                                                                                 ;
;     -- INPUT_A_IS_CONSTANT            ; NO                                                                                                                                                                                                                                     ;
;     -- INPUT_B_IS_CONSTANT            ; NO                                                                                                                                                                                                                                     ;
;     -- USE_EAB                        ; OFF                                                                                                                                                                                                                                    ;
;     -- DEDICATED_MULTIPLIER_CIRCUITRY ; AUTO                                                                                                                                                                                                                                   ;
;     -- INPUT_A_FIXED_VALUE            ; Bx                                                                                                                                                                                                                                     ;
;     -- INPUT_B_FIXED_VALUE            ; Bx                                                                                                                                                                                                                                     ;
; Entity Instance                       ; fftfilter:u1|mult12_12:u2|lpm_mult:lpm_mult_component                                                                                                                                                                                  ;
;     -- LPM_WIDTHA                     ; 12                                                                                                                                                                                                                                     ;
;     -- LPM_WIDTHB                     ; 12                                                                                                                                                                                                                                     ;
;     -- LPM_WIDTHP                     ; 24                                                                                                                                                                                                                                     ;
;     -- LPM_REPRESENTATION             ; SIGNED                                                                                                                                                                                                                                 ;
;     -- INPUT_A_IS_CONSTANT            ; NO                                                                                                                                                                                                                                     ;
;     -- INPUT_B_IS_CONSTANT            ; NO                                                                                                                                                                                                                                     ;
;     -- USE_EAB                        ; OFF                                                                                                                                                                                                                                    ;
;     -- DEDICATED_MULTIPLIER_CIRCUITRY ; AUTO                                                                                                                                                                                                                                   ;
;     -- INPUT_A_FIXED_VALUE            ; Bx                                                                                                                                                                                                                                     ;
;     -- INPUT_B_FIXED_VALUE            ; Bx                                                                                                                                                                                                                                     ;
; Entity Instance                       ; fftfilter:u1|mult12_12:u5|lpm_mult:lpm_mult_component                                                                                                                                                                                  ;
;     -- LPM_WIDTHA                     ; 12                                                                                                                                                                                                                                     ;
;     -- LPM_WIDTHB                     ; 12                                                                                                                                                                                                                                     ;
;     -- LPM_WIDTHP                     ; 24                                                                                                                                                                                                                                     ;
;     -- LPM_REPRESENTATION             ; SIGNED                                                                                                                                                                                                                                 ;
;     -- INPUT_A_IS_CONSTANT            ; NO                                                                                                                                                                                                                                     ;
;     -- INPUT_B_IS_CONSTANT            ; NO                                                                                                                                                                                                                                     ;
;     -- USE_EAB                        ; OFF                                                                                                                                                                                                                                    ;
;     -- DEDICATED_MULTIPLIER_CIRCUITRY ; AUTO                                                                                                                                                                                                                                   ;
;     -- INPUT_A_FIXED_VALUE            ; Bx                                                                                                                                                                                                                                     ;
;     -- INPUT_B_FIXED_VALUE            ; Bx                                                                                                                                                                                                                                     ;
; Entity Instance                       ; fftfilter:u1|mult12_12:u6|lpm_mult:lpm_mult_component                                                                                                                                                                                  ;
;     -- LPM_WIDTHA                     ; 12                                                                                                                                                                                                                                     ;
;     -- LPM_WIDTHB                     ; 12                                                                                                                                                                                                                                     ;
;     -- LPM_WIDTHP                     ; 24                                                                                                                                                                                                                                     ;
;     -- LPM_REPRESENTATION             ; SIGNED                                                                                                                                                                                                                                 ;
;     -- INPUT_A_IS_CONSTANT            ; NO                                                                                                                                                                                                                                     ;
;     -- INPUT_B_IS_CONSTANT            ; NO                                                                                                                                                                                                                                     ;
;     -- USE_EAB                        ; OFF                                                                                                                                                                                                                                    ;
;     -- DEDICATED_MULTIPLIER_CIRCUITRY ; AUTO                                                                                                                                                                                                                                   ;
;     -- INPUT_A_FIXED_VALUE            ; Bx                                                                                                                                                                                                                                     ;
;     -- INPUT_B_FIXED_VALUE            ; Bx                                                                                                                                                                                                                                     ;
; Entity Instance                       ; ifftout:u2|fft256:u0|asj_fft_si_sose_so_b_fft_121:asj_fft_si_sose_so_b_fft_121_inst|asj_fft_dft_bfp_sgl_fft_121:\gen_se:bfpdft|asj_fft_cmult_can_fft_121:\gen_da0:gen_canonic:cm1|lpm_mult:\gen_ded_m1:gen_unext_m_ac:m_ac             ;
;     -- LPM_WIDTHA                     ; 16                                                                                                                                                                                                                                     ;
;     -- LPM_WIDTHB                     ; 16                                                                                                                                                                                                                                     ;
;     -- LPM_WIDTHP                     ; 32                                                                                                                                                                                                                                     ;
;     -- LPM_REPRESENTATION             ; SIGNED                                                                                                                                                                                                                                 ;
;     -- INPUT_A_IS_CONSTANT            ; NO                                                                                                                                                                                                                                     ;
;     -- INPUT_B_IS_CONSTANT            ; NO                                                                                                                                                                                                                                     ;
;     -- USE_EAB                        ; OFF                                                                                                                                                                                                                                    ;
;     -- DEDICATED_MULTIPLIER_CIRCUITRY ; YES                                                                                                                                                                                                                                    ;
;     -- INPUT_A_FIXED_VALUE            ; Bx                                                                                                                                                                                                                                     ;
;     -- INPUT_B_FIXED_VALUE            ; Bx                                                                                                                                                                                                                                     ;
; Entity Instance                       ; ifftout:u2|fft256:u0|asj_fft_si_sose_so_b_fft_121:asj_fft_si_sose_so_b_fft_121_inst|asj_fft_dft_bfp_sgl_fft_121:\gen_se:bfpdft|asj_fft_cmult_can_fft_121:\gen_da0:gen_canonic:cm1|lpm_mult:\gen_ded_m1:gen_unext_m_bd:m_bd             ;
;     -- LPM_WIDTHA                     ; 16                                                                                                                                                                                                                                     ;
;     -- LPM_WIDTHB                     ; 16                                                                                                                                                                                                                                     ;
;     -- LPM_WIDTHP                     ; 32                                                                                                                                                                                                                                     ;
;     -- LPM_REPRESENTATION             ; SIGNED                                                                                                                                                                                                                                 ;
;     -- INPUT_A_IS_CONSTANT            ; NO                                                                                                                                                                                                                                     ;
;     -- INPUT_B_IS_CONSTANT            ; NO                                                                                                                                                                                                                                     ;
;     -- USE_EAB                        ; OFF                                                                                                                                                                                                                                    ;
;     -- DEDICATED_MULTIPLIER_CIRCUITRY ; YES                                                                                                                                                                                                                                    ;
;     -- INPUT_A_FIXED_VALUE            ; Bx                                                                                                                                                                                                                                     ;
;     -- INPUT_B_FIXED_VALUE            ; Bx                                                                                                                                                                                                                                     ;
; Entity Instance                       ; ifftout:u2|fft256:u0|asj_fft_si_sose_so_b_fft_121:asj_fft_si_sose_so_b_fft_121_inst|asj_fft_dft_bfp_sgl_fft_121:\gen_se:bfpdft|asj_fft_cmult_can_fft_121:\gen_da0:gen_canonic:cm1|lpm_mult:\gen_ded_m1:gen_unext_m_a_b_c_d:m_a_b_c_d   ;
;     -- LPM_WIDTHA                     ; 17                                                                                                                                                                                                                                     ;
;     -- LPM_WIDTHB                     ; 17                                                                                                                                                                                                                                     ;
;     -- LPM_WIDTHP                     ; 34                                                                                                                                                                                                                                     ;
;     -- LPM_REPRESENTATION             ; SIGNED                                                                                                                                                                                                                                 ;
;     -- INPUT_A_IS_CONSTANT            ; NO                                                                                                                                                                                                                                     ;
;     -- INPUT_B_IS_CONSTANT            ; NO                                                                                                                                                                                                                                     ;
;     -- USE_EAB                        ; OFF                                                                                                                                                                                                                                    ;
;     -- DEDICATED_MULTIPLIER_CIRCUITRY ; YES                                                                                                                                                                                                                                    ;
;     -- INPUT_A_FIXED_VALUE            ; Bx                                                                                                                                                                                                                                     ;
;     -- INPUT_B_FIXED_VALUE            ; Bx                                                                                                                                                                                                                                     ;
+---------------------------------------+----------------------------------------------------------------------------------------------------------------------------------------------------------------------------------------------------------------------------------------+


+----------------------------------------------------------------------------------------------------------------------------------------------------------------------------------------------------------------------------+
; scfifo Parameter Settings by Entity Instance                                                                                                                                                                               ;
+----------------------------+-----------------------------------------------------------------------------------------------------------------------------------------------------------------------------------------------+
; Name                       ; Value                                                                                                                                                                                         ;
+----------------------------+-----------------------------------------------------------------------------------------------------------------------------------------------------------------------------------------------+
; Number of entity instances ; 2                                                                                                                                                                                             ;
; Entity Instance            ; fftfilter:u1|fft256:u0|asj_fft_si_sose_so_b_fft_121:asj_fft_si_sose_so_b_fft_121_inst|auk_dspip_avalon_streaming_sink_fft_121:auk_dsp_atlantic_sink_1|scfifo:\normal_fifo:fifo_eab_on:in_fifo ;
;     -- FIFO Type           ; Single Clock                                                                                                                                                                                  ;
;     -- lpm_width           ; 34                                                                                                                                                                                            ;
;     -- LPM_NUMWORDS        ; 7                                                                                                                                                                                             ;
;     -- LPM_SHOWAHEAD       ; OFF                                                                                                                                                                                           ;
;     -- USE_EAB             ; ON                                                                                                                                                                                            ;
; Entity Instance            ; ifftout:u2|fft256:u0|asj_fft_si_sose_so_b_fft_121:asj_fft_si_sose_so_b_fft_121_inst|auk_dspip_avalon_streaming_sink_fft_121:auk_dsp_atlantic_sink_1|scfifo:\normal_fifo:fifo_eab_on:in_fifo   ;
;     -- FIFO Type           ; Single Clock                                                                                                                                                                                  ;
;     -- lpm_width           ; 34                                                                                                                                                                                            ;
;     -- LPM_NUMWORDS        ; 7                                                                                                                                                                                             ;
;     -- LPM_SHOWAHEAD       ; OFF                                                                                                                                                                                           ;
;     -- USE_EAB             ; ON                                                                                                                                                                                            ;
+----------------------------+-----------------------------------------------------------------------------------------------------------------------------------------------------------------------------------------------+


+------------------------------------------------------------------------------------------------------------------------+
; Port Connectivity Checks: "ifftout:u2|fft256:u0"                                                                       ;
+--------------+--------+----------+-------------------------------------------------------------------------------------+
; Port         ; Type   ; Severity ; Details                                                                             ;
+--------------+--------+----------+-------------------------------------------------------------------------------------+
; inverse      ; Input  ; Info     ; Stuck at VCC                                                                        ;
; sink_error   ; Input  ; Info     ; Stuck at GND                                                                        ;
; source_ready ; Input  ; Info     ; Stuck at VCC                                                                        ;
; sink_ready   ; Output ; Info     ; Connected to dangling logic. Logic that only feeds a dangling port will be removed. ;
; source_error ; Output ; Info     ; Connected to dangling logic. Logic that only feeds a dangling port will be removed. ;
; source_sop   ; Output ; Info     ; Connected to dangling logic. Logic that only feeds a dangling port will be removed. ;
; source_eop   ; Output ; Info     ; Connected to dangling logic. Logic that only feeds a dangling port will be removed. ;
; source_valid ; Output ; Info     ; Connected to dangling logic. Logic that only feeds a dangling port will be removed. ;
; source_exp   ; Output ; Info     ; Connected to dangling logic. Logic that only feeds a dangling port will be removed. ;
; source_imag  ; Output ; Info     ; Connected to dangling logic. Logic that only feeds a dangling port will be removed. ;
+--------------+--------+----------+-------------------------------------------------------------------------------------+


+----------------------------------------------------------------------------------------------------------------+
; Port Connectivity Checks: "fftfilter:u1|shifter16_256:u4"                                                      ;
+------+--------+----------+-------------------------------------------------------------------------------------+
; Port ; Type   ; Severity ; Details                                                                             ;
+------+--------+----------+-------------------------------------------------------------------------------------+
; taps ; Output ; Info     ; Connected to dangling logic. Logic that only feeds a dangling port will be removed. ;
+------+--------+----------+-------------------------------------------------------------------------------------+


+----------------------------------------------------------------------------------------------------------------+
; Port Connectivity Checks: "fftfilter:u1|shifter16_256:u3"                                                      ;
+------+--------+----------+-------------------------------------------------------------------------------------+
; Port ; Type   ; Severity ; Details                                                                             ;
+------+--------+----------+-------------------------------------------------------------------------------------+
; taps ; Output ; Info     ; Connected to dangling logic. Logic that only feeds a dangling port will be removed. ;
+------+--------+----------+-------------------------------------------------------------------------------------+


+------------------------------------------------------------------------------------------------------------------------+
; Port Connectivity Checks: "fftfilter:u1|fft256:u0"                                                                     ;
+--------------+--------+----------+-------------------------------------------------------------------------------------+
; Port         ; Type   ; Severity ; Details                                                                             ;
+--------------+--------+----------+-------------------------------------------------------------------------------------+
; inverse      ; Input  ; Info     ; Stuck at GND                                                                        ;
; sink_imag    ; Input  ; Info     ; Stuck at GND                                                                        ;
; sink_error   ; Input  ; Info     ; Stuck at GND                                                                        ;
; source_ready ; Input  ; Info     ; Stuck at VCC                                                                        ;
; sink_ready   ; Output ; Info     ; Connected to dangling logic. Logic that only feeds a dangling port will be removed. ;
; source_error ; Output ; Info     ; Connected to dangling logic. Logic that only feeds a dangling port will be removed. ;
; source_sop   ; Output ; Info     ; Connected to dangling logic. Logic that only feeds a dangling port will be removed. ;
; source_eop   ; Output ; Info     ; Connected to dangling logic. Logic that only feeds a dangling port will be removed. ;
; source_valid ; Output ; Info     ; Connected to dangling logic. Logic that only feeds a dangling port will be removed. ;
; source_exp   ; Output ; Info     ; Connected to dangling logic. Logic that only feeds a dangling port will be removed. ;
+--------------+--------+----------+-------------------------------------------------------------------------------------+


+----------------------------------------------------------------------------------------------------------------+
; Port Connectivity Checks: "window:u0|shifter16_2048:u6"                                                        ;
+------+--------+----------+-------------------------------------------------------------------------------------+
; Port ; Type   ; Severity ; Details                                                                             ;
+------+--------+----------+-------------------------------------------------------------------------------------+
; taps ; Output ; Info     ; Connected to dangling logic. Logic that only feeds a dangling port will be removed. ;
+------+--------+----------+-------------------------------------------------------------------------------------+


+------------------------------------------------------------------------------------------------------------------------+
; Port Connectivity Checks: "window:u0|mult12_12:u3"                                                                     ;
+--------------+--------+----------+-------------------------------------------------------------------------------------+
; Port         ; Type   ; Severity ; Details                                                                             ;
+--------------+--------+----------+-------------------------------------------------------------------------------------+
; result[6..0] ; Output ; Info     ; Connected to dangling logic. Logic that only feeds a dangling port will be removed. ;
; result[23]   ; Output ; Info     ; Connected to dangling logic. Logic that only feeds a dangling port will be removed. ;
+--------------+--------+----------+-------------------------------------------------------------------------------------+


+------------------------------------------------------------------------------------------------------------------------+
; Port Connectivity Checks: "window:u0|mult12_12:u2"                                                                     ;
+--------------+--------+----------+-------------------------------------------------------------------------------------+
; Port         ; Type   ; Severity ; Details                                                                             ;
+--------------+--------+----------+-------------------------------------------------------------------------------------+
; result[6..0] ; Output ; Info     ; Connected to dangling logic. Logic that only feeds a dangling port will be removed. ;
; result[23]   ; Output ; Info     ; Connected to dangling logic. Logic that only feeds a dangling port will be removed. ;
+--------------+--------+----------+-------------------------------------------------------------------------------------+


+----------------------------------------------------------------------------------------------------------------+
; Port Connectivity Checks: "window:u0|shifter12_128:u0"                                                         ;
+------+--------+----------+-------------------------------------------------------------------------------------+
; Port ; Type   ; Severity ; Details                                                                             ;
+------+--------+----------+-------------------------------------------------------------------------------------+
; taps ; Output ; Info     ; Connected to dangling logic. Logic that only feeds a dangling port will be removed. ;
+------+--------+----------+-------------------------------------------------------------------------------------+


+-------------------------------+
; Analysis & Synthesis Messages ;
+-------------------------------+
Info: *******************************************************************
Info: Running Quartus II Analysis & Synthesis
    Info: Version 10.0 Build 262 08/18/2010 Service Pack 1 SJ Full Version
    Info: Processing started: Thu Mar 31 08:32:15 2016
Info: Command: quartus_map --read_settings_files=on --write_settings_files=off TransformFilter -c TransformFilter
Info: Parallel compilation is enabled and will use 2 of the 2 processors detected
Info: Found 1 design units, including 1 entities, in source file fft256.v
    Info: Found entity 1: fft256
Info: Found 1 design units, including 1 entities, in source file source/transformfilter.v
    Info: Found entity 1: TransformFilter
Info: Found 1 design units, including 1 entities, in source file shifter12_128.v
    Info: Found entity 1: shifter12_128
Info: Found 1 design units, including 1 entities, in source file source/window.v
    Info: Found entity 1: window
Info: Found 1 design units, including 1 entities, in source file shifter16_2048.v
    Info: Found entity 1: shifter16_2048
Info: Found 1 design units, including 1 entities, in source file rom12_256.v
    Info: Found entity 1: rom12_256
Info: Found 1 design units, including 1 entities, in source file mult12_12.v
    Info: Found entity 1: mult12_12
Info: Found 1 design units, including 1 entities, in source file dram16_256.v
    Info: Found entity 1: dram16_256
Info: Found 2 design units, including 0 entities, in source file fft-library/fft_pack_fft_121.vhd
    Info: Found design unit 1: fft_pack_fft_121
    Info: Found design unit 2: fft_pack_fft_121-body
Info: Found 2 design units, including 0 entities, in source file fft-library/auk_dspip_math_pkg_fft_121.vhd
    Info: Found design unit 1: auk_dspip_math_pkg_fft_121
    Info: Found design unit 2: auk_dspip_math_pkg_fft_121-body
Info: Found 1 design units, including 0 entities, in source file fft-library/auk_dspip_lib_pkg_fft_121.vhd
    Info: Found design unit 1: auk_dspip_lib_pkg_fft_121
Info: Found 2 design units, including 0 entities, in source file fft-library/auk_dspip_text_pkg_fft_121.vhd
    Info: Found design unit 1: auk_dspip_text_pkg_fft_121
    Info: Found design unit 2: auk_dspip_text_pkg_fft_121-body
Info: Found 2 design units, including 1 entities, in source file fft-library/auk_dspip_roundsat_fft_121.vhd
    Info: Found design unit 1: auk_dspip_roundsat_fft_121-beh
    Info: Found entity 1: auk_dspip_roundsat_fft_121
Info: Found 2 design units, including 1 entities, in source file fft-library/auk_dspip_avalon_streaming_source_fft_121.vhd
    Info: Found design unit 1: auk_dspip_avalon_streaming_source_fft_121-rtl
    Info: Found entity 1: auk_dspip_avalon_streaming_source_fft_121
Info: Found 2 design units, including 1 entities, in source file fft-library/auk_dspip_avalon_streaming_sink_fft_121.vhd
    Info: Found design unit 1: auk_dspip_avalon_streaming_sink_fft_121-rtl
    Info: Found entity 1: auk_dspip_avalon_streaming_sink_fft_121
Info: Found 2 design units, including 1 entities, in source file fft-library/auk_dspip_avalon_streaming_controller_fft_121.vhd
    Info: Found design unit 1: auk_dspip_avalon_streaming_controller_fft_121-struct
    Info: Found entity 1: auk_dspip_avalon_streaming_controller_fft_121
Info: Found 2 design units, including 1 entities, in source file fft-library/auk_dspip_fpcompiler_alufp_fft_121.vhd
    Info: Found design unit 1: auk_dspip_fpcompiler_alufp_fft_121-rtl
    Info: Found entity 1: auk_dspip_fpcompiler_alufp_fft_121
Info: Found 2 design units, including 1 entities, in source file fft-library/auk_dspip_fpcompiler_aslf_fft_121.vhd
    Info: Found design unit 1: auk_dspip_fpcompiler_aslf_fft_121-rtl
    Info: Found entity 1: auk_dspip_fpcompiler_aslf_fft_121
Info: Found 2 design units, including 1 entities, in source file fft-library/auk_dspip_fpcompiler_castftox_fft_121.vhd
    Info: Found design unit 1: auk_dspip_fpcompiler_castftox_fft_121-rtl
    Info: Found entity 1: auk_dspip_fpcompiler_castftox_fft_121
Info: Found 2 design units, including 1 entities, in source file fft-library/auk_dspip_fpcompiler_castxtof_fft_121.vhd
    Info: Found design unit 1: auk_dspip_fpcompiler_castxtof_fft_121-rtl
    Info: Found entity 1: auk_dspip_fpcompiler_castxtof_fft_121
Info: Found 2 design units, including 1 entities, in source file fft-library/auk_dspip_fpcompiler_clzf_fft_121.vhd
    Info: Found design unit 1: auk_dspip_fpcompiler_clzf_fft_121-rtl
    Info: Found entity 1: auk_dspip_fpcompiler_clzf_fft_121
Info: Found 2 design units, including 1 entities, in source file fft-library/auk_dspip_fpcompiler_mulfp_fft_121.vhd
    Info: Found design unit 1: auk_dspip_fpcompiler_mulfp_fft_121-rtl
    Info: Found entity 1: auk_dspip_fpcompiler_mulfp_fft_121
Info: Found 1 design units, including 1 entities, in source file source/fftfilter.v
    Info: Found entity 1: fftfilter
Warning: Can't analyze file -- file shifter16_258.v is missing
Info: Found 1 design units, including 1 entities, in source file shifter16_256.v
    Info: Found entity 1: shifter16_256
Info: Found 1 design units, including 1 entities, in source file source/ifftout.v
    Info: Found entity 1: ifftout
Info: Elaborating entity "TransformFilter" for the top level hierarchy
Info: Elaborating entity "window" for hierarchy "window:u0"
Warning (10230): Verilog HDL assignment warning at window.v(24): truncated value with size 32 to match size of target (4)
Warning (10230): Verilog HDL assignment warning at window.v(72): truncated value with size 32 to match size of target (8)
Warning (10230): Verilog HDL assignment warning at window.v(89): truncated value with size 32 to match size of target (12)
Warning (10230): Verilog HDL assignment warning at window.v(91): truncated value with size 32 to match size of target (8)
Info: Elaborating entity "shifter12_128" for hierarchy "window:u0|shifter12_128:u0"
Info: Elaborating entity "altshift_taps" for hierarchy "window:u0|shifter12_128:u0|altshift_taps:ALTSHIFT_TAPS_component"
Info: Elaborated megafunction instantiation "window:u0|shifter12_128:u0|altshift_taps:ALTSHIFT_TAPS_component"
Info: Instantiated megafunction "window:u0|shifter12_128:u0|altshift_taps:ALTSHIFT_TAPS_component" with the following parameter:
    Info: Parameter "intended_device_family" = "Cyclone IV E"
    Info: Parameter "lpm_hint" = "RAM_BLOCK_TYPE=AUTO"
    Info: Parameter "lpm_type" = "altshift_taps"
    Info: Parameter "number_of_taps" = "1"
    Info: Parameter "tap_distance" = "128"
    Info: Parameter "width" = "12"
Info: Found 1 design units, including 1 entities, in source file db/shift_taps_llv.tdf
    Info: Found entity 1: shift_taps_llv
Info: Elaborating entity "shift_taps_llv" for hierarchy "window:u0|shifter12_128:u0|altshift_taps:ALTSHIFT_TAPS_component|shift_taps_llv:auto_generated"
Info: Found 1 design units, including 1 entities, in source file db/altsyncram_lla1.tdf
    Info: Found entity 1: altsyncram_lla1
Info: Elaborating entity "altsyncram_lla1" for hierarchy "window:u0|shifter12_128:u0|altshift_taps:ALTSHIFT_TAPS_component|shift_taps_llv:auto_generated|altsyncram_lla1:altsyncram2"
Info: Found 1 design units, including 1 entities, in source file db/cntr_hsf.tdf
    Info: Found entity 1: cntr_hsf
Info: Elaborating entity "cntr_hsf" for hierarchy "window:u0|shifter12_128:u0|altshift_taps:ALTSHIFT_TAPS_component|shift_taps_llv:auto_generated|cntr_hsf:cntr1"
Info: Found 1 design units, including 1 entities, in source file db/cmpr_tgc.tdf
    Info: Found entity 1: cmpr_tgc
Info: Elaborating entity "cmpr_tgc" for hierarchy "window:u0|shifter12_128:u0|altshift_taps:ALTSHIFT_TAPS_component|shift_taps_llv:auto_generated|cntr_hsf:cntr1|cmpr_tgc:cmpr4"
Info: Elaborating entity "rom12_256" for hierarchy "window:u0|rom12_256:u1"
Info: Elaborating entity "altsyncram" for hierarchy "window:u0|rom12_256:u1|altsyncram:altsyncram_component"
Info: Elaborated megafunction instantiation "window:u0|rom12_256:u1|altsyncram:altsyncram_component"
Info: Instantiated megafunction "window:u0|rom12_256:u1|altsyncram:altsyncram_component" with the following parameter:
    Info: Parameter "address_aclr_a" = "NONE"
    Info: Parameter "clock_enable_input_a" = "BYPASS"
    Info: Parameter "clock_enable_output_a" = "BYPASS"
    Info: Parameter "init_file" = "E8_2_window.mif"
    Info: Parameter "intended_device_family" = "Cyclone IV E"
    Info: Parameter "lpm_hint" = "ENABLE_RUNTIME_MOD=NO"
    Info: Parameter "lpm_type" = "altsyncram"
    Info: Parameter "numwords_a" = "256"
    Info: Parameter "operation_mode" = "ROM"
    Info: Parameter "outdata_aclr_a" = "NONE"
    Info: Parameter "outdata_reg_a" = "UNREGISTERED"
    Info: Parameter "widthad_a" = "8"
    Info: Parameter "width_a" = "12"
    Info: Parameter "width_byteena_a" = "1"
Info: Found 1 design units, including 1 entities, in source file db/altsyncram_5da1.tdf
    Info: Found entity 1: altsyncram_5da1
Info: Elaborating entity "altsyncram_5da1" for hierarchy "window:u0|rom12_256:u1|altsyncram:altsyncram_component|altsyncram_5da1:auto_generated"
Info: Elaborating entity "mult12_12" for hierarchy "window:u0|mult12_12:u2"
Info: Elaborating entity "lpm_mult" for hierarchy "window:u0|mult12_12:u2|lpm_mult:lpm_mult_component"
Info: Elaborated megafunction instantiation "window:u0|mult12_12:u2|lpm_mult:lpm_mult_component"
Info: Instantiated megafunction "window:u0|mult12_12:u2|lpm_mult:lpm_mult_component" with the following parameter:
    Info: Parameter "lpm_hint" = "MAXIMIZE_SPEED=5"
    Info: Parameter "lpm_pipeline" = "2"
    Info: Parameter "lpm_representation" = "SIGNED"
    Info: Parameter "lpm_type" = "LPM_MULT"
    Info: Parameter "lpm_widtha" = "12"
    Info: Parameter "lpm_widthb" = "12"
    Info: Parameter "lpm_widthp" = "24"
Info: Found 1 design units, including 1 entities, in source file db/mult_76p.tdf
    Info: Found entity 1: mult_76p
Info: Elaborating entity "mult_76p" for hierarchy "window:u0|mult12_12:u2|lpm_mult:lpm_mult_component|mult_76p:auto_generated"
Info: Elaborating entity "dram16_256" for hierarchy "window:u0|dram16_256:u4"
Info: Elaborating entity "altsyncram" for hierarchy "window:u0|dram16_256:u4|altsyncram:altsyncram_component"
Info: Elaborated megafunction instantiation "window:u0|dram16_256:u4|altsyncram:altsyncram_component"
Info: Instantiated megafunction "window:u0|dram16_256:u4|altsyncram:altsyncram_component" with the following parameter:
    Info: Parameter "address_aclr_b" = "NONE"
    Info: Parameter "address_reg_b" = "CLOCK1"
    Info: Parameter "clock_enable_input_a" = "BYPASS"
    Info: Parameter "clock_enable_input_b" = "BYPASS"
    Info: Parameter "clock_enable_output_b" = "BYPASS"
    Info: Parameter "intended_device_family" = "Cyclone IV E"
    Info: Parameter "lpm_type" = "altsyncram"
    Info: Parameter "numwords_a" = "256"
    Info: Parameter "numwords_b" = "256"
    Info: Parameter "operation_mode" = "DUAL_PORT"
    Info: Parameter "outdata_aclr_b" = "NONE"
    Info: Parameter "outdata_reg_b" = "UNREGISTERED"
    Info: Parameter "power_up_uninitialized" = "FALSE"
    Info: Parameter "widthad_a" = "8"
    Info: Parameter "widthad_b" = "8"
    Info: Parameter "width_a" = "16"
    Info: Parameter "width_b" = "16"
    Info: Parameter "width_byteena_a" = "1"
Info: Found 1 design units, including 1 entities, in source file db/altsyncram_09k1.tdf
    Info: Found entity 1: altsyncram_09k1
Info: Elaborating entity "altsyncram_09k1" for hierarchy "window:u0|dram16_256:u4|altsyncram:altsyncram_component|altsyncram_09k1:auto_generated"
Info: Elaborating entity "shifter16_2048" for hierarchy "window:u0|shifter16_2048:u6"
Info: Elaborating entity "altshift_taps" for hierarchy "window:u0|shifter16_2048:u6|altshift_taps:ALTSHIFT_TAPS_component"
Info: Elaborated megafunction instantiation "window:u0|shifter16_2048:u6|altshift_taps:ALTSHIFT_TAPS_component"
Info: Instantiated megafunction "window:u0|shifter16_2048:u6|altshift_taps:ALTSHIFT_TAPS_component" with the following parameter:
    Info: Parameter "intended_device_family" = "Cyclone IV E"
    Info: Parameter "lpm_hint" = "RAM_BLOCK_TYPE=AUTO"
    Info: Parameter "lpm_type" = "altshift_taps"
    Info: Parameter "number_of_taps" = "8"
    Info: Parameter "tap_distance" = "256"
    Info: Parameter "width" = "16"
Info: Found 1 design units, including 1 entities, in source file db/shift_taps_2mv.tdf
    Info: Found entity 1: shift_taps_2mv
Info: Elaborating entity "shift_taps_2mv" for hierarchy "window:u0|shifter16_2048:u6|altshift_taps:ALTSHIFT_TAPS_component|shift_taps_2mv:auto_generated"
Info: Found 1 design units, including 1 entities, in source file db/altsyncram_bpa1.tdf
    Info: Found entity 1: altsyncram_bpa1
Info: Elaborating entity "altsyncram_bpa1" for hierarchy "window:u0|shifter16_2048:u6|altshift_taps:ALTSHIFT_TAPS_component|shift_taps_2mv:auto_generated|altsyncram_bpa1:altsyncram2"
Info: Found 1 design units, including 1 entities, in source file db/cntr_ksf.tdf
    Info: Found entity 1: cntr_ksf
Info: Elaborating entity "cntr_ksf" for hierarchy "window:u0|shifter16_2048:u6|altshift_taps:ALTSHIFT_TAPS_component|shift_taps_2mv:auto_generated|cntr_ksf:cntr1"
Info: Found 1 design units, including 1 entities, in source file db/cmpr_ugc.tdf
    Info: Found entity 1: cmpr_ugc
Info: Elaborating entity "cmpr_ugc" for hierarchy "window:u0|shifter16_2048:u6|altshift_taps:ALTSHIFT_TAPS_component|shift_taps_2mv:auto_generated|cntr_ksf:cntr1|cmpr_ugc:cmpr4"
Info: Elaborating entity "fftfilter" for hierarchy "fftfilter:u1"
Info: Elaborating entity "fft256" for hierarchy "fftfilter:u1|fft256:u0"
Info: Found 2 design units, including 1 entities, in source file fft-library/asj_fft_si_sose_so_b_fft_121.vhd
    Info: Found design unit 1: asj_fft_si_sose_so_b_fft_121-transform
    Info: Found entity 1: asj_fft_si_sose_so_b_fft_121
Info: Elaborating entity "asj_fft_si_sose_so_b_fft_121" for hierarchy "fftfilter:u1|fft256:u0|asj_fft_si_sose_so_b_fft_121:asj_fft_si_sose_so_b_fft_121_inst"
Info: Elaborating entity "auk_dspip_avalon_streaming_sink_fft_121" for hierarchy "fftfilter:u1|fft256:u0|asj_fft_si_sose_so_b_fft_121:asj_fft_si_sose_so_b_fft_121_inst|auk_dspip_avalon_streaming_sink_fft_121:auk_dsp_atlantic_sink_1"
Info: Elaborating entity "scfifo" for hierarchy "fftfilter:u1|fft256:u0|asj_fft_si_sose_so_b_fft_121:asj_fft_si_sose_so_b_fft_121_inst|auk_dspip_avalon_streaming_sink_fft_121:auk_dsp_atlantic_sink_1|scfifo:\normal_fifo:fifo_eab_on:in_fifo"
Info: Elaborated megafunction instantiation "fftfilter:u1|fft256:u0|asj_fft_si_sose_so_b_fft_121:asj_fft_si_sose_so_b_fft_121_inst|auk_dspip_avalon_streaming_sink_fft_121:auk_dsp_atlantic_sink_1|scfifo:\normal_fifo:fifo_eab_on:in_fifo"
Info: Instantiated megafunction "fftfilter:u1|fft256:u0|asj_fft_si_sose_so_b_fft_121:asj_fft_si_sose_so_b_fft_121_inst|auk_dspip_avalon_streaming_sink_fft_121:auk_dsp_atlantic_sink_1|scfifo:\normal_fifo:fifo_eab_on:in_fifo" with the following parameter:
    Info: Parameter "add_ram_output_register" = "ON"
    Info: Parameter "allow_rwcycle_when_full" = "OFF"
    Info: Parameter "almost_empty_value" = "1"
    Info: Parameter "almost_full_value" = "5"
    Info: Parameter "intended_device_family" = "Stratix II"
    Info: Parameter "lpm_numwords" = "7"
    Info: Parameter "lpm_showahead" = "OFF"
    Info: Parameter "lpm_width" = "34"
    Info: Parameter "lpm_widthu" = "3"
    Info: Parameter "overflow_checking" = "OFF"
    Info: Parameter "underflow_checking" = "OFF"
    Info: Parameter "use_eab" = "ON"
    Info: Parameter "lpm_hint" = "RAM_BLOCK_TYPE=Auto"
    Info: Parameter "lpm_type" = "scfifo"
Info: Found 1 design units, including 1 entities, in source file db/scfifo_udh1.tdf
    Info: Found entity 1: scfifo_udh1
Info: Elaborating entity "scfifo_udh1" for hierarchy "fftfilter:u1|fft256:u0|asj_fft_si_sose_so_b_fft_121:asj_fft_si_sose_so_b_fft_121_inst|auk_dspip_avalon_streaming_sink_fft_121:auk_dsp_atlantic_sink_1|scfifo:\normal_fifo:fifo_eab_on:in_fifo|scfifo_udh1:auto_generated"
Info: Found 1 design units, including 1 entities, in source file db/a_dpfifo_no81.tdf
    Info: Found entity 1: a_dpfifo_no81
Info: Elaborating entity "a_dpfifo_no81" for hierarchy "fftfilter:u1|fft256:u0|asj_fft_si_sose_so_b_fft_121:asj_fft_si_sose_so_b_fft_121_inst|auk_dspip_avalon_streaming_sink_fft_121:auk_dsp_atlantic_sink_1|scfifo:\normal_fifo:fifo_eab_on:in_fifo|scfifo_udh1:auto_generated|a_dpfifo_no81:dpfifo"
Info: Found 1 design units, including 1 entities, in source file db/altsyncram_ssf1.tdf
    Info: Found entity 1: altsyncram_ssf1
Info: Elaborating entity "altsyncram_ssf1" for hierarchy "fftfilter:u1|fft256:u0|asj_fft_si_sose_so_b_fft_121:asj_fft_si_sose_so_b_fft_121_inst|auk_dspip_avalon_streaming_sink_fft_121:auk_dsp_atlantic_sink_1|scfifo:\normal_fifo:fifo_eab_on:in_fifo|scfifo_udh1:auto_generated|a_dpfifo_no81:dpfifo|altsyncram_ssf1:FIFOram"
Info: Found 1 design units, including 1 entities, in source file db/cmpr_gs8.tdf
    Info: Found entity 1: cmpr_gs8
Info: Elaborating entity "cmpr_gs8" for hierarchy "fftfilter:u1|fft256:u0|asj_fft_si_sose_so_b_fft_121:asj_fft_si_sose_so_b_fft_121_inst|auk_dspip_avalon_streaming_sink_fft_121:auk_dsp_atlantic_sink_1|scfifo:\normal_fifo:fifo_eab_on:in_fifo|scfifo_udh1:auto_generated|a_dpfifo_no81:dpfifo|cmpr_gs8:almost_full_comparer"
Info: Elaborating entity "cmpr_gs8" for hierarchy "fftfilter:u1|fft256:u0|asj_fft_si_sose_so_b_fft_121:asj_fft_si_sose_so_b_fft_121_inst|auk_dspip_avalon_streaming_sink_fft_121:auk_dsp_atlantic_sink_1|scfifo:\normal_fifo:fifo_eab_on:in_fifo|scfifo_udh1:auto_generated|a_dpfifo_no81:dpfifo|cmpr_gs8:two_comparison"
Info: Found 1 design units, including 1 entities, in source file db/cntr_tnb.tdf
    Info: Found entity 1: cntr_tnb
Info: Elaborating entity "cntr_tnb" for hierarchy "fftfilter:u1|fft256:u0|asj_fft_si_sose_so_b_fft_121:asj_fft_si_sose_so_b_fft_121_inst|auk_dspip_avalon_streaming_sink_fft_121:auk_dsp_atlantic_sink_1|scfifo:\normal_fifo:fifo_eab_on:in_fifo|scfifo_udh1:auto_generated|a_dpfifo_no81:dpfifo|cntr_tnb:rd_ptr_msb"
Info: Found 1 design units, including 1 entities, in source file db/cntr_ao7.tdf
    Info: Found entity 1: cntr_ao7
Info: Elaborating entity "cntr_ao7" for hierarchy "fftfilter:u1|fft256:u0|asj_fft_si_sose_so_b_fft_121:asj_fft_si_sose_so_b_fft_121_inst|auk_dspip_avalon_streaming_sink_fft_121:auk_dsp_atlantic_sink_1|scfifo:\normal_fifo:fifo_eab_on:in_fifo|scfifo_udh1:auto_generated|a_dpfifo_no81:dpfifo|cntr_ao7:usedw_counter"
Info: Found 1 design units, including 1 entities, in source file db/cntr_unb.tdf
    Info: Found entity 1: cntr_unb
Info: Elaborating entity "cntr_unb" for hierarchy "fftfilter:u1|fft256:u0|asj_fft_si_sose_so_b_fft_121:asj_fft_si_sose_so_b_fft_121_inst|auk_dspip_avalon_streaming_sink_fft_121:auk_dsp_atlantic_sink_1|scfifo:\normal_fifo:fifo_eab_on:in_fifo|scfifo_udh1:auto_generated|a_dpfifo_no81:dpfifo|cntr_unb:wr_ptr"
Info: Elaborating entity "auk_dspip_avalon_streaming_source_fft_121" for hierarchy "fftfilter:u1|fft256:u0|asj_fft_si_sose_so_b_fft_121:asj_fft_si_sose_so_b_fft_121_inst|auk_dspip_avalon_streaming_source_fft_121:auk_dsp_atlantic_source_1"
Info: Elaborating entity "auk_dspip_avalon_streaming_controller_fft_121" for hierarchy "fftfilter:u1|fft256:u0|asj_fft_si_sose_so_b_fft_121:asj_fft_si_sose_so_b_fft_121_inst|auk_dspip_avalon_streaming_controller_fft_121:auk_dsp_interface_controller_1"
Info: Found 2 design units, including 1 entities, in source file fft-library/asj_fft_m_k_counter_fft_121.vhd
    Info: Found design unit 1: asj_fft_m_k_counter_fft_121-gen_all
    Info: Found entity 1: asj_fft_m_k_counter_fft_121
Info: Elaborating entity "asj_fft_m_k_counter_fft_121" for hierarchy "fftfilter:u1|fft256:u0|asj_fft_si_sose_so_b_fft_121:asj_fft_si_sose_so_b_fft_121_inst|asj_fft_m_k_counter_fft_121:ctrl"
Info: Found 2 design units, including 1 entities, in source file fft-library/asj_fft_tdl_bit_rst_fft_121.vhd
    Info: Found design unit 1: asj_fft_tdl_bit_rst_fft_121-syn
    Info: Found entity 1: asj_fft_tdl_bit_rst_fft_121
Info: Elaborating entity "asj_fft_tdl_bit_rst_fft_121" for hierarchy "fftfilter:u1|fft256:u0|asj_fft_si_sose_so_b_fft_121:asj_fft_si_sose_so_b_fft_121_inst|asj_fft_tdl_bit_rst_fft_121:delay_swd"
Info: Found 2 design units, including 1 entities, in source file fft-library/asj_fft_in_write_sgl_fft_121.vhd
    Info: Found design unit 1: asj_fft_in_write_sgl_fft_121-writer
    Info: Found entity 1: asj_fft_in_write_sgl_fft_121
Info: Elaborating entity "asj_fft_in_write_sgl_fft_121" for hierarchy "fftfilter:u1|fft256:u0|asj_fft_si_sose_so_b_fft_121:asj_fft_si_sose_so_b_fft_121_inst|asj_fft_in_write_sgl_fft_121:writer"
Info: Elaborating entity "asj_fft_tdl_bit_rst_fft_121" for hierarchy "fftfilter:u1|fft256:u0|asj_fft_si_sose_so_b_fft_121:asj_fft_si_sose_so_b_fft_121_inst|asj_fft_in_write_sgl_fft_121:writer|asj_fft_tdl_bit_rst_fft_121:\gen_soe:delay_swd"
Info: Found 2 design units, including 1 entities, in source file fft-library/asj_fft_unbburst_sose_ctrl_fft_121.vhd
    Info: Found design unit 1: asj_fft_unbburst_sose_ctrl_fft_121-burst_sw
    Info: Found entity 1: asj_fft_unbburst_sose_ctrl_fft_121
Info: Elaborating entity "asj_fft_unbburst_sose_ctrl_fft_121" for hierarchy "fftfilter:u1|fft256:u0|asj_fft_si_sose_so_b_fft_121:asj_fft_si_sose_so_b_fft_121_inst|asj_fft_unbburst_sose_ctrl_fft_121:ccc"
Info: Found 2 design units, including 1 entities, in source file fft-library/asj_fft_1dp_ram_fft_121.vhd
    Info: Found design unit 1: asj_fft_1dp_ram_fft_121-syn
    Info: Found entity 1: asj_fft_1dp_ram_fft_121
Info: Elaborating entity "asj_fft_1dp_ram_fft_121" for hierarchy "fftfilter:u1|fft256:u0|asj_fft_si_sose_so_b_fft_121:asj_fft_si_sose_so_b_fft_121_inst|asj_fft_1dp_ram_fft_121:\gen_1_ram:gen_M4K:dat_A"
Info: Found 2 design units, including 1 entities, in source file fft-library/asj_fft_data_ram_fft_121.vhd
    Info: Found design unit 1: asj_fft_data_ram_fft_121-SYN
    Info: Found entity 1: asj_fft_data_ram_fft_121
Info: Elaborating entity "asj_fft_data_ram_fft_121" for hierarchy "fftfilter:u1|fft256:u0|asj_fft_si_sose_so_b_fft_121:asj_fft_si_sose_so_b_fft_121_inst|asj_fft_1dp_ram_fft_121:\gen_1_ram:gen_M4K:dat_A|asj_fft_data_ram_fft_121:dat_A"
Info: Elaborating entity "altsyncram" for hierarchy "fftfilter:u1|fft256:u0|asj_fft_si_sose_so_b_fft_121:asj_fft_si_sose_so_b_fft_121_inst|asj_fft_1dp_ram_fft_121:\gen_1_ram:gen_M4K:dat_A|asj_fft_data_ram_fft_121:dat_A|altsyncram:\gen_M4K:altsyncram_component"
Info: Elaborated megafunction instantiation "fftfilter:u1|fft256:u0|asj_fft_si_sose_so_b_fft_121:asj_fft_si_sose_so_b_fft_121_inst|asj_fft_1dp_ram_fft_121:\gen_1_ram:gen_M4K:dat_A|asj_fft_data_ram_fft_121:dat_A|altsyncram:\gen_M4K:altsyncram_component"
Info: Instantiated megafunction "fftfilter:u1|fft256:u0|asj_fft_si_sose_so_b_fft_121:asj_fft_si_sose_so_b_fft_121_inst|asj_fft_1dp_ram_fft_121:\gen_1_ram:gen_M4K:dat_A|asj_fft_data_ram_fft_121:dat_A|altsyncram:\gen_M4K:altsyncram_component" with the following parameter:
    Info: Parameter "address_aclr_a" = "NONE"
    Info: Parameter "address_aclr_b" = "NONE"
    Info: Parameter "address_reg_b" = "CLOCK0"
    Info: Parameter "byte_size" = "8"
    Info: Parameter "byteena_aclr_a" = "UNUSED"
    Info: Parameter "byteena_aclr_b" = "NONE"
    Info: Parameter "byteena_reg_b" = "CLOCK1"
    Info: Parameter "clock_enable_core_a" = "USE_INPUT_CLKEN"
    Info: Parameter "clock_enable_core_b" = "USE_INPUT_CLKEN"
    Info: Parameter "clock_enable_input_a" = "NORMAL"
    Info: Parameter "clock_enable_input_b" = "NORMAL"
    Info: Parameter "clock_enable_output_a" = "NORMAL"
    Info: Parameter "clock_enable_output_b" = "NORMAL"
    Info: Parameter "intended_device_family" = "Stratix"
    Info: Parameter "ecc_pipeline_stage_enabled" = "FALSE"
    Info: Parameter "enable_ecc" = "FALSE"
    Info: Parameter "implement_in_les" = "OFF"
    Info: Parameter "indata_aclr_a" = "NONE"
    Info: Parameter "indata_aclr_b" = "NONE"
    Info: Parameter "indata_reg_b" = "CLOCK1"
    Info: Parameter "init_file" = "UNUSED"
    Info: Parameter "init_file_layout" = "PORT_A"
    Info: Parameter "maximum_depth" = "0"
    Info: Parameter "numwords_a" = "256"
    Info: Parameter "numwords_b" = "256"
    Info: Parameter "operation_mode" = "DUAL_PORT"
    Info: Parameter "outdata_aclr_a" = "NONE"
    Info: Parameter "outdata_aclr_b" = "NONE"
    Info: Parameter "outdata_reg_a" = "UNREGISTERED"
    Info: Parameter "outdata_reg_b" = "CLOCK0"
    Info: Parameter "power_up_uninitialized" = "FALSE"
    Info: Parameter "ram_block_type" = "AUTO"
    Info: Parameter "rdcontrol_aclr_b" = "NONE"
    Info: Parameter "rdcontrol_reg_b" = "CLOCK0"
    Info: Parameter "read_during_write_mode_mixed_ports" = "OLD_DATA"
    Info: Parameter "read_during_write_mode_port_a" = "NEW_DATA_NO_NBE_READ"
    Info: Parameter "read_during_write_mode_port_b" = "NEW_DATA_NO_NBE_READ"
    Info: Parameter "stratixiv_m144k_allow_dual_clocks" = "ON"
    Info: Parameter "width_a" = "32"
    Info: Parameter "width_b" = "32"
    Info: Parameter "width_byteena_a" = "1"
    Info: Parameter "width_byteena_b" = "1"
    Info: Parameter "widthad_a" = "8"
    Info: Parameter "widthad_b" = "8"
    Info: Parameter "wrcontrol_aclr_a" = "NONE"
    Info: Parameter "wrcontrol_aclr_b" = "NONE"
    Info: Parameter "wrcontrol_wraddress_reg_b" = "CLOCK1"
    Info: Parameter "lpm_hint" = "UNUSED"
    Info: Parameter "lpm_type" = "altsyncram"
Info: Found 1 design units, including 1 entities, in source file db/altsyncram_21t3.tdf
    Info: Found entity 1: altsyncram_21t3
Info: Elaborating entity "altsyncram_21t3" for hierarchy "fftfilter:u1|fft256:u0|asj_fft_si_sose_so_b_fft_121:asj_fft_si_sose_so_b_fft_121_inst|asj_fft_1dp_ram_fft_121:\gen_1_ram:gen_M4K:dat_A|asj_fft_data_ram_fft_121:dat_A|altsyncram:\gen_M4K:altsyncram_component|altsyncram_21t3:auto_generated"
Info: Found 2 design units, including 1 entities, in source file fft-library/asj_fft_dataadgen_fft_121.vhd
    Info: Found design unit 1: asj_fft_dataadgen_fft_121-gen_all
    Info: Found entity 1: asj_fft_dataadgen_fft_121
Info: Elaborating entity "asj_fft_dataadgen_fft_121" for hierarchy "fftfilter:u1|fft256:u0|asj_fft_si_sose_so_b_fft_121:asj_fft_si_sose_so_b_fft_121_inst|asj_fft_dataadgen_fft_121:rd_adgen"
Info: Found 2 design units, including 1 entities, in source file fft-library/asj_fft_dft_bfp_sgl_fft_121.vhd
    Info: Found design unit 1: asj_fft_dft_bfp_sgl_fft_121-dft_r4
    Info: Found entity 1: asj_fft_dft_bfp_sgl_fft_121
Info: Elaborating entity "asj_fft_dft_bfp_sgl_fft_121" for hierarchy "fftfilter:u1|fft256:u0|asj_fft_si_sose_so_b_fft_121:asj_fft_si_sose_so_b_fft_121_inst|asj_fft_dft_bfp_sgl_fft_121:\gen_se:bfpdft"
Info (10008): Verilog HDL or VHDL information: EDA Netlist Writer cannot regroup multidimensional array "butterfly_st1" into its bus
Info: Found 2 design units, including 1 entities, in source file fft-library/asj_fft_pround_fft_121.vhd
    Info: Found design unit 1: asj_fft_pround_fft_121-AROUNDPIPE_SYNTH
    Info: Found entity 1: asj_fft_pround_fft_121
Info: Elaborating entity "asj_fft_pround_fft_121" for hierarchy "fftfilter:u1|fft256:u0|asj_fft_si_sose_so_b_fft_121:asj_fft_si_sose_so_b_fft_121_inst|asj_fft_dft_bfp_sgl_fft_121:\gen_se:bfpdft|asj_fft_pround_fft_121:\gen_full_rnd:u0"
Info: Elaborating entity "LPM_ADD_SUB" for hierarchy "fftfilter:u1|fft256:u0|asj_fft_si_sose_so_b_fft_121:asj_fft_si_sose_so_b_fft_121_inst|asj_fft_dft_bfp_sgl_fft_121:\gen_se:bfpdft|asj_fft_pround_fft_121:\gen_full_rnd:u0|LPM_ADD_SUB:\gbrnd:nev:gp:lpm_add_sub_component"
Info: Elaborated megafunction instantiation "fftfilter:u1|fft256:u0|asj_fft_si_sose_so_b_fft_121:asj_fft_si_sose_so_b_fft_121_inst|asj_fft_dft_bfp_sgl_fft_121:\gen_se:bfpdft|asj_fft_pround_fft_121:\gen_full_rnd:u0|LPM_ADD_SUB:\gbrnd:nev:gp:lpm_add_sub_component"
Info: Instantiated megafunction "fftfilter:u1|fft256:u0|asj_fft_si_sose_so_b_fft_121:asj_fft_si_sose_so_b_fft_121_inst|asj_fft_dft_bfp_sgl_fft_121:\gen_se:bfpdft|asj_fft_pround_fft_121:\gen_full_rnd:u0|LPM_ADD_SUB:\gbrnd:nev:gp:lpm_add_sub_component" with the following parameter:
    Info: Parameter "LPM_WIDTH" = "19"
    Info: Parameter "LPM_DIRECTION" = "UNUSED"
    Info: Parameter "LPM_REPRESENTATION" = "SIGNED"
    Info: Parameter "LPM_PIPELINE" = "1"
    Info: Parameter "LPM_TYPE" = "LPM_ADD_SUB"
    Info: Parameter "LPM_HINT" = "ONE_INPUT_IS_CONSTANT=NO"
Info: Found 1 design units, including 1 entities, in source file db/add_sub_onj.tdf
    Info: Found entity 1: add_sub_onj
Info: Elaborating entity "add_sub_onj" for hierarchy "fftfilter:u1|fft256:u0|asj_fft_si_sose_so_b_fft_121:asj_fft_si_sose_so_b_fft_121_inst|asj_fft_dft_bfp_sgl_fft_121:\gen_se:bfpdft|asj_fft_pround_fft_121:\gen_full_rnd:u0|LPM_ADD_SUB:\gbrnd:nev:gp:lpm_add_sub_component|add_sub_onj:auto_generated"
Info: Found 2 design units, including 1 entities, in source file fft-library/asj_fft_bfp_o_fft_121.vhd
    Info: Found design unit 1: asj_fft_bfp_o_fft_121-output_bfp
    Info: Found entity 1: asj_fft_bfp_o_fft_121
Info: Elaborating entity "asj_fft_bfp_o_fft_121" for hierarchy "fftfilter:u1|fft256:u0|asj_fft_si_sose_so_b_fft_121:asj_fft_si_sose_so_b_fft_121_inst|asj_fft_dft_bfp_sgl_fft_121:\gen_se:bfpdft|asj_fft_bfp_o_fft_121:bfp_detect"
Info: Found 2 design units, including 1 entities, in source file fft-library/asj_fft_tdl_bit_fft_121.vhd
    Info: Found design unit 1: asj_fft_tdl_bit_fft_121-syn
    Info: Found entity 1: asj_fft_tdl_bit_fft_121
Info: Elaborating entity "asj_fft_tdl_bit_fft_121" for hierarchy "fftfilter:u1|fft256:u0|asj_fft_si_sose_so_b_fft_121:asj_fft_si_sose_so_b_fft_121_inst|asj_fft_dft_bfp_sgl_fft_121:\gen_se:bfpdft|asj_fft_bfp_o_fft_121:bfp_detect|asj_fft_tdl_bit_fft_121:\gen_blk_float:gen_1_input_bfp_o:delay_next_pass"
Info: Elaborating entity "asj_fft_tdl_bit_fft_121" for hierarchy "fftfilter:u1|fft256:u0|asj_fft_si_sose_so_b_fft_121:asj_fft_si_sose_so_b_fft_121_inst|asj_fft_dft_bfp_sgl_fft_121:\gen_se:bfpdft|asj_fft_bfp_o_fft_121:bfp_detect|asj_fft_tdl_bit_fft_121:\gen_blk_float:gen_1_input_bfp_o:delay_next_pass3"
Info: Found 2 design units, including 1 entities, in source file fft-library/asj_fft_bfp_i_fft_121.vhd
    Info: Found design unit 1: asj_fft_bfp_i_fft_121-input_bfp
    Info: Found entity 1: asj_fft_bfp_i_fft_121
Info: Elaborating entity "asj_fft_bfp_i_fft_121" for hierarchy "fftfilter:u1|fft256:u0|asj_fft_si_sose_so_b_fft_121:asj_fft_si_sose_so_b_fft_121_inst|asj_fft_dft_bfp_sgl_fft_121:\gen_se:bfpdft|asj_fft_bfp_i_fft_121:bfp_scale"
Info: Found 2 design units, including 1 entities, in source file fft-library/asj_fft_cmult_can_fft_121.vhd
    Info: Found design unit 1: asj_fft_cmult_can_fft_121-model
    Info: Found entity 1: asj_fft_cmult_can_fft_121
Info: Elaborating entity "asj_fft_cmult_can_fft_121" for hierarchy "fftfilter:u1|fft256:u0|asj_fft_si_sose_so_b_fft_121:asj_fft_si_sose_so_b_fft_121_inst|asj_fft_dft_bfp_sgl_fft_121:\gen_se:bfpdft|asj_fft_cmult_can_fft_121:\gen_da0:gen_canonic:cm1"
Info: Elaborating entity "lpm_mult" for hierarchy "fftfilter:u1|fft256:u0|asj_fft_si_sose_so_b_fft_121:asj_fft_si_sose_so_b_fft_121_inst|asj_fft_dft_bfp_sgl_fft_121:\gen_se:bfpdft|asj_fft_cmult_can_fft_121:\gen_da0:gen_canonic:cm1|lpm_mult:\gen_ded_m1:gen_unext_m_ac:m_ac"
Info: Elaborated megafunction instantiation "fftfilter:u1|fft256:u0|asj_fft_si_sose_so_b_fft_121:asj_fft_si_sose_so_b_fft_121_inst|asj_fft_dft_bfp_sgl_fft_121:\gen_se:bfpdft|asj_fft_cmult_can_fft_121:\gen_da0:gen_canonic:cm1|lpm_mult:\gen_ded_m1:gen_unext_m_ac:m_ac"
Info: Instantiated megafunction "fftfilter:u1|fft256:u0|asj_fft_si_sose_so_b_fft_121:asj_fft_si_sose_so_b_fft_121_inst|asj_fft_dft_bfp_sgl_fft_121:\gen_se:bfpdft|asj_fft_cmult_can_fft_121:\gen_da0:gen_canonic:cm1|lpm_mult:\gen_ded_m1:gen_unext_m_ac:m_ac" with the following parameter:
    Info: Parameter "LPM_WIDTHA" = "16"
    Info: Parameter "LPM_WIDTHB" = "16"
    Info: Parameter "LPM_WIDTHS" = "1"
    Info: Parameter "LPM_WIDTHP" = "32"
    Info: Parameter "LPM_REPRESENTATION" = "SIGNED"
    Info: Parameter "LPM_PIPELINE" = "3"
    Info: Parameter "LPM_TYPE" = "LPM_MULT"
    Info: Parameter "LPM_HINT" = "INPUT_B_IS_CONSTANT=NO,DEDICATED_MULTIPLIER_CIRCUITRY=YES,MAXIMIZE_SPEED=6"
Info: Found 1 design units, including 1 entities, in source file db/mult_5t01.tdf
    Info: Found entity 1: mult_5t01
Info: Elaborating entity "mult_5t01" for hierarchy "fftfilter:u1|fft256:u0|asj_fft_si_sose_so_b_fft_121:asj_fft_si_sose_so_b_fft_121_inst|asj_fft_dft_bfp_sgl_fft_121:\gen_se:bfpdft|asj_fft_cmult_can_fft_121:\gen_da0:gen_canonic:cm1|lpm_mult:\gen_ded_m1:gen_unext_m_ac:m_ac|mult_5t01:auto_generated"
Info: Elaborating entity "lpm_mult" for hierarchy "fftfilter:u1|fft256:u0|asj_fft_si_sose_so_b_fft_121:asj_fft_si_sose_so_b_fft_121_inst|asj_fft_dft_bfp_sgl_fft_121:\gen_se:bfpdft|asj_fft_cmult_can_fft_121:\gen_da0:gen_canonic:cm1|lpm_mult:\gen_ded_m1:gen_unext_m_a_b_c_d:m_a_b_c_d"
Info: Elaborated megafunction instantiation "fftfilter:u1|fft256:u0|asj_fft_si_sose_so_b_fft_121:asj_fft_si_sose_so_b_fft_121_inst|asj_fft_dft_bfp_sgl_fft_121:\gen_se:bfpdft|asj_fft_cmult_can_fft_121:\gen_da0:gen_canonic:cm1|lpm_mult:\gen_ded_m1:gen_unext_m_a_b_c_d:m_a_b_c_d"
Info: Instantiated megafunction "fftfilter:u1|fft256:u0|asj_fft_si_sose_so_b_fft_121:asj_fft_si_sose_so_b_fft_121_inst|asj_fft_dft_bfp_sgl_fft_121:\gen_se:bfpdft|asj_fft_cmult_can_fft_121:\gen_da0:gen_canonic:cm1|lpm_mult:\gen_ded_m1:gen_unext_m_a_b_c_d:m_a_b_c_d" with the following parameter:
    Info: Parameter "LPM_WIDTHA" = "17"
    Info: Parameter "LPM_WIDTHB" = "17"
    Info: Parameter "LPM_WIDTHS" = "1"
    Info: Parameter "LPM_WIDTHP" = "34"
    Info: Parameter "LPM_REPRESENTATION" = "SIGNED"
    Info: Parameter "LPM_PIPELINE" = "3"
    Info: Parameter "LPM_TYPE" = "LPM_MULT"
    Info: Parameter "LPM_HINT" = "INPUT_B_IS_CONSTANT=NO,DEDICATED_MULTIPLIER_CIRCUITRY=YES,MAXIMIZE_SPEED=6"
Info: Found 1 design units, including 1 entities, in source file db/mult_9t01.tdf
    Info: Found entity 1: mult_9t01
Info: Elaborating entity "mult_9t01" for hierarchy "fftfilter:u1|fft256:u0|asj_fft_si_sose_so_b_fft_121:asj_fft_si_sose_so_b_fft_121_inst|asj_fft_dft_bfp_sgl_fft_121:\gen_se:bfpdft|asj_fft_cmult_can_fft_121:\gen_da0:gen_canonic:cm1|lpm_mult:\gen_ded_m1:gen_unext_m_a_b_c_d:m_a_b_c_d|mult_9t01:auto_generated"
Info: Elaborating entity "asj_fft_pround_fft_121" for hierarchy "fftfilter:u1|fft256:u0|asj_fft_si_sose_so_b_fft_121:asj_fft_si_sose_so_b_fft_121_inst|asj_fft_dft_bfp_sgl_fft_121:\gen_se:bfpdft|asj_fft_cmult_can_fft_121:\gen_da0:gen_canonic:cm1|asj_fft_pround_fft_121:\gen_unsc:u0"
Info: Elaborating entity "LPM_ADD_SUB" for hierarchy "fftfilter:u1|fft256:u0|asj_fft_si_sose_so_b_fft_121:asj_fft_si_sose_so_b_fft_121_inst|asj_fft_dft_bfp_sgl_fft_121:\gen_se:bfpdft|asj_fft_cmult_can_fft_121:\gen_da0:gen_canonic:cm1|asj_fft_pround_fft_121:\gen_unsc:u0|LPM_ADD_SUB:\gbrnd:nev:gp:lpm_add_sub_component"
Info: Elaborated megafunction instantiation "fftfilter:u1|fft256:u0|asj_fft_si_sose_so_b_fft_121:asj_fft_si_sose_so_b_fft_121_inst|asj_fft_dft_bfp_sgl_fft_121:\gen_se:bfpdft|asj_fft_cmult_can_fft_121:\gen_da0:gen_canonic:cm1|asj_fft_pround_fft_121:\gen_unsc:u0|LPM_ADD_SUB:\gbrnd:nev:gp:lpm_add_sub_component"
Info: Instantiated megafunction "fftfilter:u1|fft256:u0|asj_fft_si_sose_so_b_fft_121:asj_fft_si_sose_so_b_fft_121_inst|asj_fft_dft_bfp_sgl_fft_121:\gen_se:bfpdft|asj_fft_cmult_can_fft_121:\gen_da0:gen_canonic:cm1|asj_fft_pround_fft_121:\gen_unsc:u0|LPM_ADD_SUB:\gbrnd:nev:gp:lpm_add_sub_component" with the following parameter:
    Info: Parameter "LPM_WIDTH" = "33"
    Info: Parameter "LPM_DIRECTION" = "UNUSED"
    Info: Parameter "LPM_REPRESENTATION" = "SIGNED"
    Info: Parameter "LPM_PIPELINE" = "1"
    Info: Parameter "LPM_TYPE" = "LPM_ADD_SUB"
    Info: Parameter "LPM_HINT" = "ONE_INPUT_IS_CONSTANT=NO"
Info: Found 1 design units, including 1 entities, in source file db/add_sub_knj.tdf
    Info: Found entity 1: add_sub_knj
Info: Elaborating entity "add_sub_knj" for hierarchy "fftfilter:u1|fft256:u0|asj_fft_si_sose_so_b_fft_121:asj_fft_si_sose_so_b_fft_121_inst|asj_fft_dft_bfp_sgl_fft_121:\gen_se:bfpdft|asj_fft_cmult_can_fft_121:\gen_da0:gen_canonic:cm1|asj_fft_pround_fft_121:\gen_unsc:u0|LPM_ADD_SUB:\gbrnd:nev:gp:lpm_add_sub_component|add_sub_knj:auto_generated"
Info: Found 2 design units, including 1 entities, in source file fft-library/asj_fft_bfp_ctrl_fft_121.vhd
    Info: Found design unit 1: asj_fft_bfp_ctrl_fft_121-syn
    Info: Found entity 1: asj_fft_bfp_ctrl_fft_121
Info: Elaborating entity "asj_fft_bfp_ctrl_fft_121" for hierarchy "fftfilter:u1|fft256:u0|asj_fft_si_sose_so_b_fft_121:asj_fft_si_sose_so_b_fft_121_inst|asj_fft_bfp_ctrl_fft_121:\gen_se:bfpc"
Info: Elaborating entity "asj_fft_tdl_bit_rst_fft_121" for hierarchy "fftfilter:u1|fft256:u0|asj_fft_si_sose_so_b_fft_121:asj_fft_si_sose_so_b_fft_121_inst|asj_fft_bfp_ctrl_fft_121:\gen_se:bfpc|asj_fft_tdl_bit_rst_fft_121:\gen_so_crtl:gen_se_so:delay_next_pass"
Info: Elaborating entity "asj_fft_tdl_bit_fft_121" for hierarchy "fftfilter:u1|fft256:u0|asj_fft_si_sose_so_b_fft_121:asj_fft_si_sose_so_b_fft_121_inst|asj_fft_bfp_ctrl_fft_121:\gen_se:bfpc|asj_fft_tdl_bit_fft_121:\gen_so_crtl:gen_se_so:delay_next_pass_2"
Info: Found 2 design units, including 1 entities, in source file fft-library/asj_fft_twadsogen_q_fft_121.vhd
    Info: Found design unit 1: asj_fft_twadsogen_q_fft_121-gen_all
    Info: Found entity 1: asj_fft_twadsogen_q_fft_121
Info: Elaborating entity "asj_fft_twadsogen_q_fft_121" for hierarchy "fftfilter:u1|fft256:u0|asj_fft_si_sose_so_b_fft_121:asj_fft_si_sose_so_b_fft_121_inst|asj_fft_twadsogen_q_fft_121:\gen_se:gen_new:twid_factors"
Info: Found 2 design units, including 1 entities, in source file fft-library/asj_fft_1tdp_rom_fft_121.vhd
    Info: Found design unit 1: asj_fft_1tdp_rom_fft_121-syn
    Info: Found entity 1: asj_fft_1tdp_rom_fft_121
Info: Elaborating entity "asj_fft_1tdp_rom_fft_121" for hierarchy "fftfilter:u1|fft256:u0|asj_fft_si_sose_so_b_fft_121:asj_fft_si_sose_so_b_fft_121_inst|asj_fft_1tdp_rom_fft_121:\gen_se:gen_new:twrom"
Info: Found 2 design units, including 1 entities, in source file fft-library/asj_fft_twid_rom_tdp_fft_121.vhd
    Info: Found design unit 1: asj_fft_twid_rom_tdp_fft_121-SYN
    Info: Found entity 1: asj_fft_twid_rom_tdp_fft_121
Info: Elaborating entity "asj_fft_twid_rom_tdp_fft_121" for hierarchy "fftfilter:u1|fft256:u0|asj_fft_si_sose_so_b_fft_121:asj_fft_si_sose_so_b_fft_121_inst|asj_fft_1tdp_rom_fft_121:\gen_se:gen_new:twrom|asj_fft_twid_rom_tdp_fft_121:\gen_auto:sin_1n"
Info: Elaborating entity "altsyncram" for hierarchy "fftfilter:u1|fft256:u0|asj_fft_si_sose_so_b_fft_121:asj_fft_si_sose_so_b_fft_121_inst|asj_fft_1tdp_rom_fft_121:\gen_se:gen_new:twrom|asj_fft_twid_rom_tdp_fft_121:\gen_auto:sin_1n|altsyncram:altsyncram_component"
Info: Elaborated megafunction instantiation "fftfilter:u1|fft256:u0|asj_fft_si_sose_so_b_fft_121:asj_fft_si_sose_so_b_fft_121_inst|asj_fft_1tdp_rom_fft_121:\gen_se:gen_new:twrom|asj_fft_twid_rom_tdp_fft_121:\gen_auto:sin_1n|altsyncram:altsyncram_component"
Info: Instantiated megafunction "fftfilter:u1|fft256:u0|asj_fft_si_sose_so_b_fft_121:asj_fft_si_sose_so_b_fft_121_inst|asj_fft_1tdp_rom_fft_121:\gen_se:gen_new:twrom|asj_fft_twid_rom_tdp_fft_121:\gen_auto:sin_1n|altsyncram:altsyncram_component" with the following parameter:
    Info: Parameter "width_byteena_a" = "1"
    Info: Parameter "width_byteena_b" = "1"
    Info: Parameter "outdata_reg_a" = "CLOCK0"
    Info: Parameter "outdata_aclr_a" = "NONE"
    Info: Parameter "outdata_reg_b" = "CLOCK0"
    Info: Parameter "indata_aclr_a" = "NONE"
    Info: Parameter "wrcontrol_aclr_a" = "NONE"
    Info: Parameter "address_aclr_a" = "NONE"
    Info: Parameter "indata_reg_b" = "CLOCK0"
    Info: Parameter "address_reg_b" = "CLOCK0"
    Info: Parameter "wrcontrol_wraddress_reg_b" = "CLOCK0"
    Info: Parameter "indata_aclr_b" = "NONE"
    Info: Parameter "wrcontrol_aclr_b" = "NONE"
    Info: Parameter "address_aclr_b" = "NONE"
    Info: Parameter "outdata_aclr_b" = "NONE"
    Info: Parameter "read_during_write_mode_mixed_ports" = "DONT_CARE"
    Info: Parameter "ram_block_type" = "AUTO"
    Info: Parameter "init_file" = "fft256_1n256sin.hex"
    Info: Parameter "intended_device_family" = "Stratix"
    Info: Parameter "operation_mode" = "BIDIR_DUAL_PORT"
    Info: Parameter "width_a" = "16"
    Info: Parameter "widthad_a" = "6"
    Info: Parameter "numwords_a" = "64"
    Info: Parameter "width_b" = "16"
    Info: Parameter "widthad_b" = "6"
    Info: Parameter "numwords_b" = "64"
    Info: Parameter "lpm_type" = "altsyncram"
Info: Found 1 design units, including 1 entities, in source file db/altsyncram_he72.tdf
    Info: Found entity 1: altsyncram_he72
Info: Elaborating entity "altsyncram_he72" for hierarchy "fftfilter:u1|fft256:u0|asj_fft_si_sose_so_b_fft_121:asj_fft_si_sose_so_b_fft_121_inst|asj_fft_1tdp_rom_fft_121:\gen_se:gen_new:twrom|asj_fft_twid_rom_tdp_fft_121:\gen_auto:sin_1n|altsyncram:altsyncram_component|altsyncram_he72:auto_generated"
Info: Elaborating entity "asj_fft_tdl_bit_fft_121" for hierarchy "fftfilter:u1|fft256:u0|asj_fft_si_sose_so_b_fft_121:asj_fft_si_sose_so_b_fft_121_inst|asj_fft_tdl_bit_fft_121:\no_del_input_blk:delay_next_block"
Info: Elaborating entity "shifter16_256" for hierarchy "fftfilter:u1|shifter16_256:u3"
Info: Elaborating entity "altshift_taps" for hierarchy "fftfilter:u1|shifter16_256:u3|altshift_taps:ALTSHIFT_TAPS_component"
Info: Elaborated megafunction instantiation "fftfilter:u1|shifter16_256:u3|altshift_taps:ALTSHIFT_TAPS_component"
Info: Instantiated megafunction "fftfilter:u1|shifter16_256:u3|altshift_taps:ALTSHIFT_TAPS_component" with the following parameter:
    Info: Parameter "intended_device_family" = "Cyclone IV E"
    Info: Parameter "lpm_hint" = "RAM_BLOCK_TYPE=M9K"
    Info: Parameter "lpm_type" = "altshift_taps"
    Info: Parameter "number_of_taps" = "1"
    Info: Parameter "tap_distance" = "256"
    Info: Parameter "width" = "16"
Info: Found 1 design units, including 1 entities, in source file db/shift_taps_bbv.tdf
    Info: Found entity 1: shift_taps_bbv
Info: Elaborating entity "shift_taps_bbv" for hierarchy "fftfilter:u1|shifter16_256:u3|altshift_taps:ALTSHIFT_TAPS_component|shift_taps_bbv:auto_generated"
Info: Found 1 design units, including 1 entities, in source file db/altsyncram_rga1.tdf
    Info: Found entity 1: altsyncram_rga1
Info: Elaborating entity "altsyncram_rga1" for hierarchy "fftfilter:u1|shifter16_256:u3|altshift_taps:ALTSHIFT_TAPS_component|shift_taps_bbv:auto_generated|altsyncram_rga1:altsyncram2"
Info: Elaborating entity "ifftout" for hierarchy "ifftout:u2"
Warning (10230): Verilog HDL assignment warning at ifftout.v(85): truncated value with size 32 to match size of target (12)
Warning (10230): Verilog HDL assignment warning at ifftout.v(86): truncated value with size 32 to match size of target (12)
Warning (10230): Verilog HDL assignment warning at ifftout.v(115): truncated value with size 32 to match size of target (8)
Warning (10230): Verilog HDL assignment warning at ifftout.v(117): truncated value with size 32 to match size of target (8)
Warning: Synthesized away the following node(s):
    Warning: Synthesized away the following RAM node(s):
        Warning (14320): Synthesized away node "ifftout:u2|fft256:u0|asj_fft_si_sose_so_b_fft_121:asj_fft_si_sose_so_b_fft_121_inst|auk_dspip_avalon_streaming_sink_fft_121:auk_dsp_atlantic_sink_1|scfifo:\normal_fifo:fifo_eab_on:in_fifo|scfifo_udh1:auto_generated|a_dpfifo_no81:dpfifo|altsyncram_ssf1:FIFOram|q_b[32]"
        Warning (14320): Synthesized away node "ifftout:u2|fft256:u0|asj_fft_si_sose_so_b_fft_121:asj_fft_si_sose_so_b_fft_121_inst|auk_dspip_avalon_streaming_sink_fft_121:auk_dsp_atlantic_sink_1|scfifo:\normal_fifo:fifo_eab_on:in_fifo|scfifo_udh1:auto_generated|a_dpfifo_no81:dpfifo|altsyncram_ssf1:FIFOram|q_b[33]"
        Warning (14320): Synthesized away node "fftfilter:u1|fft256:u0|asj_fft_si_sose_so_b_fft_121:asj_fft_si_sose_so_b_fft_121_inst|auk_dspip_avalon_streaming_sink_fft_121:auk_dsp_atlantic_sink_1|scfifo:\normal_fifo:fifo_eab_on:in_fifo|scfifo_udh1:auto_generated|a_dpfifo_no81:dpfifo|altsyncram_ssf1:FIFOram|q_b[32]"
        Warning (14320): Synthesized away node "fftfilter:u1|fft256:u0|asj_fft_si_sose_so_b_fft_121:asj_fft_si_sose_so_b_fft_121_inst|auk_dspip_avalon_streaming_sink_fft_121:auk_dsp_atlantic_sink_1|scfifo:\normal_fifo:fifo_eab_on:in_fifo|scfifo_udh1:auto_generated|a_dpfifo_no81:dpfifo|altsyncram_ssf1:FIFOram|q_b[33]"
Info: Inferred 1 megafunctions from design logic
    Info: Inferred altshift_taps megafunction from the following design logic: "fftfilter:u1|xkre0[15]~0"
        Info: Parameter NUMBER_OF_TAPS set to 1
        Info: Parameter TAP_DISTANCE set to 3
        Info: Parameter WIDTH set to 32
Info: Elaborated megafunction instantiation "fftfilter:u1|altshift_taps:xkre0_rtl_0"
Info: Instantiated megafunction "fftfilter:u1|altshift_taps:xkre0_rtl_0" with the following parameter:
    Info: Parameter "NUMBER_OF_TAPS" = "1"
    Info: Parameter "TAP_DISTANCE" = "3"
    Info: Parameter "WIDTH" = "32"
Info: Found 1 design units, including 1 entities, in source file db/shift_taps_ckm.tdf
    Info: Found entity 1: shift_taps_ckm
Info: Found 1 design units, including 1 entities, in source file db/altsyncram_t861.tdf
    Info: Found entity 1: altsyncram_t861
Info: Found 1 design units, including 1 entities, in source file db/add_sub_24e.tdf
    Info: Found entity 1: add_sub_24e
Info: Found 1 design units, including 1 entities, in source file db/cntr_6pf.tdf
    Info: Found entity 1: cntr_6pf
Info: Found 1 design units, including 1 entities, in source file db/cmpr_ogc.tdf
    Info: Found entity 1: cmpr_ogc
Info: Found 1 design units, including 1 entities, in source file db/cntr_p8h.tdf
    Info: Found entity 1: cntr_p8h
Info: Registers with preset signals will power-up high
Info: DEV_CLRn pin will set, and not reset, register with preset signal due to NOT Gate Push-Back
Info: Timing-Driven Synthesis is running
Info: 22 registers lost all their fanouts during netlist optimizations. The first 22 are displayed below.
    Info: Register "ifftout:u2|fft256:u0|asj_fft_si_sose_so_b_fft_121:asj_fft_si_sose_so_b_fft_121_inst|auk_dspip_avalon_streaming_sink_fft_121:auk_dsp_atlantic_sink_1|at_sink_sop_int" lost all its fanouts during netlist optimizations.
    Info: Register "ifftout:u2|fft256:u0|asj_fft_si_sose_so_b_fft_121:asj_fft_si_sose_so_b_fft_121_inst|auk_dspip_avalon_streaming_sink_fft_121:auk_dsp_atlantic_sink_1|at_sink_eop_int" lost all its fanouts during netlist optimizations.
    Info: Register "fftfilter:u1|fft256:u0|asj_fft_si_sose_so_b_fft_121:asj_fft_si_sose_so_b_fft_121_inst|auk_dspip_avalon_streaming_sink_fft_121:auk_dsp_atlantic_sink_1|at_sink_sop_int" lost all its fanouts during netlist optimizations.
    Info: Register "fftfilter:u1|fft256:u0|asj_fft_si_sose_so_b_fft_121:asj_fft_si_sose_so_b_fft_121_inst|auk_dspip_avalon_streaming_sink_fft_121:auk_dsp_atlantic_sink_1|at_sink_eop_int" lost all its fanouts during netlist optimizations.
    Info: Register "ifftout:u2|fft256:u0|asj_fft_si_sose_so_b_fft_121:asj_fft_si_sose_so_b_fft_121_inst|asj_fft_dft_bfp_sgl_fft_121:\gen_se:bfpdft|asj_fft_cmult_can_fft_121:\gen_da0:gen_canonic:cm1|result_a_b_c_d_se[32]" lost all its fanouts during netlist optimizations.
    Info: Register "ifftout:u2|fft256:u0|asj_fft_si_sose_so_b_fft_121:asj_fft_si_sose_so_b_fft_121_inst|asj_fft_dft_bfp_sgl_fft_121:\gen_se:bfpdft|asj_fft_cmult_can_fft_121:\gen_da0:gen_canonic:cm1|result_a_b_c_d_se[33]" lost all its fanouts during netlist optimizations.
    Info: Register "ifftout:u2|fft256:u0|asj_fft_si_sose_so_b_fft_121:asj_fft_si_sose_so_b_fft_121_inst|asj_fft_dft_bfp_sgl_fft_121:\gen_se:bfpdft|asj_fft_cmult_can_fft_121:\gen_da0:gen_canonic:cm1|lpm_mult:\gen_ded_m1:gen_unext_m_a_b_c_d:m_a_b_c_d|mult_9t01:auto_generated|dffe3a[32]" lost all its fanouts during netlist optimizations.
    Info: Register "ifftout:u2|fft256:u0|asj_fft_si_sose_so_b_fft_121:asj_fft_si_sose_so_b_fft_121_inst|asj_fft_dft_bfp_sgl_fft_121:\gen_se:bfpdft|asj_fft_cmult_can_fft_121:\gen_da0:gen_canonic:cm1|addresult_ac_bd[32]" lost all its fanouts during netlist optimizations.
    Info: Register "fftfilter:u1|fft256:u0|asj_fft_si_sose_so_b_fft_121:asj_fft_si_sose_so_b_fft_121_inst|asj_fft_dft_bfp_sgl_fft_121:\gen_se:bfpdft|asj_fft_cmult_can_fft_121:\gen_da0:gen_canonic:cm1|result_a_b_c_d_se[32]" lost all its fanouts during netlist optimizations.
    Info: Register "fftfilter:u1|fft256:u0|asj_fft_si_sose_so_b_fft_121:asj_fft_si_sose_so_b_fft_121_inst|asj_fft_dft_bfp_sgl_fft_121:\gen_se:bfpdft|asj_fft_cmult_can_fft_121:\gen_da0:gen_canonic:cm1|result_a_b_c_d_se[33]" lost all its fanouts during netlist optimizations.
    Info: Register "fftfilter:u1|fft256:u0|asj_fft_si_sose_so_b_fft_121:asj_fft_si_sose_so_b_fft_121_inst|asj_fft_dft_bfp_sgl_fft_121:\gen_se:bfpdft|asj_fft_cmult_can_fft_121:\gen_da0:gen_canonic:cm1|lpm_mult:\gen_ded_m1:gen_unext_m_a_b_c_d:m_a_b_c_d|mult_9t01:auto_generated|dffe3a[32]" lost all its fanouts during netlist optimizations.
    Info: Register "fftfilter:u1|fft256:u0|asj_fft_si_sose_so_b_fft_121:asj_fft_si_sose_so_b_fft_121_inst|asj_fft_dft_bfp_sgl_fft_121:\gen_se:bfpdft|asj_fft_cmult_can_fft_121:\gen_da0:gen_canonic:cm1|addresult_ac_bd[32]" lost all its fanouts during netlist optimizations.
    Info: Register "ifftout:u2|fft256:u0|asj_fft_si_sose_so_b_fft_121:asj_fft_si_sose_so_b_fft_121_inst|asj_fft_dft_bfp_sgl_fft_121:\gen_se:bfpdft|asj_fft_cmult_can_fft_121:\gen_da0:gen_canonic:cm1|result_b_d_se[32]" lost all its fanouts during netlist optimizations.
    Info: Register "ifftout:u2|fft256:u0|asj_fft_si_sose_so_b_fft_121:asj_fft_si_sose_so_b_fft_121_inst|asj_fft_dft_bfp_sgl_fft_121:\gen_se:bfpdft|asj_fft_cmult_can_fft_121:\gen_da0:gen_canonic:cm1|result_a_c_se[32]" lost all its fanouts during netlist optimizations.
    Info: Register "fftfilter:u1|fft256:u0|asj_fft_si_sose_so_b_fft_121:asj_fft_si_sose_so_b_fft_121_inst|asj_fft_dft_bfp_sgl_fft_121:\gen_se:bfpdft|asj_fft_cmult_can_fft_121:\gen_da0:gen_canonic:cm1|result_b_d_se[32]" lost all its fanouts during netlist optimizations.
    Info: Register "fftfilter:u1|fft256:u0|asj_fft_si_sose_so_b_fft_121:asj_fft_si_sose_so_b_fft_121_inst|asj_fft_dft_bfp_sgl_fft_121:\gen_se:bfpdft|asj_fft_cmult_can_fft_121:\gen_da0:gen_canonic:cm1|result_a_c_se[32]" lost all its fanouts during netlist optimizations.
    Info: Register "ifftout:u2|fft256:u0|asj_fft_si_sose_so_b_fft_121:asj_fft_si_sose_so_b_fft_121_inst|auk_dspip_avalon_streaming_sink_fft_121:auk_dsp_atlantic_sink_1|sink_out_state.empty_and_not_ready" lost all its fanouts during netlist optimizations.
    Info: Register "fftfilter:u1|fft256:u0|asj_fft_si_sose_so_b_fft_121:asj_fft_si_sose_so_b_fft_121_inst|auk_dspip_avalon_streaming_sink_fft_121:auk_dsp_atlantic_sink_1|sink_out_state.empty_and_not_ready" lost all its fanouts during netlist optimizations.
    Info: Register "fftfilter:u1|fft256:u0|asj_fft_si_sose_so_b_fft_121:asj_fft_si_sose_so_b_fft_121_inst|asj_fft_m_k_counter_fft_121:ctrl|k[8]" lost all its fanouts during netlist optimizations.
    Info: Register "fftfilter:u1|fft256:u0|asj_fft_si_sose_so_b_fft_121:asj_fft_si_sose_so_b_fft_121_inst|asj_fft_m_k_counter_fft_121:ctrl|k[9]" lost all its fanouts during netlist optimizations.
    Info: Register "ifftout:u2|fft256:u0|asj_fft_si_sose_so_b_fft_121:asj_fft_si_sose_so_b_fft_121_inst|asj_fft_m_k_counter_fft_121:ctrl|k[8]" lost all its fanouts during netlist optimizations.
    Info: Register "ifftout:u2|fft256:u0|asj_fft_si_sose_so_b_fft_121:asj_fft_si_sose_so_b_fft_121_inst|asj_fft_m_k_counter_fft_121:ctrl|k[9]" lost all its fanouts during netlist optimizations.
Info: Generating hard_block partition "hard_block:auto_generated_inst"
Info: Implemented 4816 device resources after synthesis - the final resource count might be different
    Info: Implemented 14 input pins
    Info: Implemented 17 output pins
    Info: Implemented 4321 logic cells
    Info: Implemented 440 RAM segments
    Info: Implemented 24 DSP elements
Info: Quartus II Analysis & Synthesis was successful. 0 errors, 15 warnings
    Info: Peak virtual memory: 343 megabytes
    Info: Processing ended: Thu Mar 31 08:33:31 2016
    Info: Elapsed time: 00:01:16
    Info: Total CPU time (on all processors): 00:00:42


