TimeQuest Timing Analyzer report for TransformFilter
Thu Mar 31 08:34:43 2016
Quartus II Version 10.0 Build 262 08/18/2010 Service Pack 1 SJ Full Version


---------------------
; Table of Contents ;
---------------------
  1. Legal Notice
  2. TimeQuest Timing Analyzer Summary
  3. Parallel Compilation
  4. SDC File List
  5. Clocks
  6. Slow 1200mV 85C Model Fmax Summary
  7. Slow 1200mV 85C Model Setup Summary
  8. Slow 1200mV 85C Model Hold Summary
  9. Slow 1200mV 85C Model Recovery Summary
 10. Slow 1200mV 85C Model Removal Summary
 11. Slow 1200mV 85C Model Minimum Pulse Width Summary
 12. Slow 1200mV 85C Model Setup: 'Ts_clk'
 13. Slow 1200mV 85C Model Hold: 'Ts_clk'
 14. Slow 1200mV 85C Model Recovery: 'Ts_clk'
 15. Slow 1200mV 85C Model Removal: 'Ts_clk'
 16. Slow 1200mV 85C Model Minimum Pulse Width: 'Ts_clk'
 17. Setup Times
 18. Hold Times
 19. Clock to Output Times
 20. Minimum Clock to Output Times
 21. Slow 1200mV 85C Model Metastability Report
 22. Slow 1200mV 0C Model Fmax Summary
 23. Slow 1200mV 0C Model Setup Summary
 24. Slow 1200mV 0C Model Hold Summary
 25. Slow 1200mV 0C Model Recovery Summary
 26. Slow 1200mV 0C Model Removal Summary
 27. Slow 1200mV 0C Model Minimum Pulse Width Summary
 28. Slow 1200mV 0C Model Setup: 'Ts_clk'
 29. Slow 1200mV 0C Model Hold: 'Ts_clk'
 30. Slow 1200mV 0C Model Recovery: 'Ts_clk'
 31. Slow 1200mV 0C Model Removal: 'Ts_clk'
 32. Slow 1200mV 0C Model Minimum Pulse Width: 'Ts_clk'
 33. Setup Times
 34. Hold Times
 35. Clock to Output Times
 36. Minimum Clock to Output Times
 37. Slow 1200mV 0C Model Metastability Report
 38. Fast 1200mV 0C Model Setup Summary
 39. Fast 1200mV 0C Model Hold Summary
 40. Fast 1200mV 0C Model Recovery Summary
 41. Fast 1200mV 0C Model Removal Summary
 42. Fast 1200mV 0C Model Minimum Pulse Width Summary
 43. Fast 1200mV 0C Model Setup: 'Ts_clk'
 44. Fast 1200mV 0C Model Hold: 'Ts_clk'
 45. Fast 1200mV 0C Model Recovery: 'Ts_clk'
 46. Fast 1200mV 0C Model Removal: 'Ts_clk'
 47. Fast 1200mV 0C Model Minimum Pulse Width: 'Ts_clk'
 48. Setup Times
 49. Hold Times
 50. Clock to Output Times
 51. Minimum Clock to Output Times
 52. Fast 1200mV 0C Model Metastability Report
 53. Multicorner Timing Analysis Summary
 54. Setup Times
 55. Hold Times
 56. Clock to Output Times
 57. Minimum Clock to Output Times
 58. Board Trace Model Assignments
 59. Input Transition Times
 60. Signal Integrity Metrics (Slow 1200mv 0c Model)
 61. Signal Integrity Metrics (Slow 1200mv 85c Model)
 62. Signal Integrity Metrics (Fast 1200mv 0c Model)
 63. Setup Transfers
 64. Hold Transfers
 65. Recovery Transfers
 66. Removal Transfers
 67. Report TCCS
 68. Report RSKM
 69. Unconstrained Paths
 70. TimeQuest Timing Analyzer Messages



----------------
; Legal Notice ;
----------------
Copyright (C) 1991-2010 Altera Corporation
Your use of Altera Corporation's design tools, logic functions 
and other software and tools, and its AMPP partner logic 
functions, and any output files from any of the foregoing 
(including device programming or simulation files), and any 
associated documentation or information are expressly subject 
to the terms and conditions of the Altera Program License 
Subscription Agreement, Altera MegaCore Function License 
Agreement, or other applicable license agreement, including, 
without limitation, that your use is for the sole purpose of 
programming logic devices manufactured by Altera and sold by 
Altera or its authorized distributors.  Please refer to the 
applicable agreement for further details.



+---------------------------------------------------------------------------------------+
; TimeQuest Timing Analyzer Summary                                                     ;
+--------------------+------------------------------------------------------------------+
; Quartus II Version ; Version 10.0 Build 262 08/18/2010 Service Pack 1 SJ Full Version ;
; Revision Name      ; TransformFilter                                                  ;
; Device Family      ; Cyclone IV E                                                     ;
; Device Name        ; EP4CE15F17C8                                                     ;
; Timing Models      ; Final                                                            ;
; Delay Model        ; Combined                                                         ;
; Rise/Fall Delays   ; Enabled                                                          ;
+--------------------+------------------------------------------------------------------+


+------------------------------------------+
; Parallel Compilation                     ;
+----------------------------+-------------+
; Processors                 ; Number      ;
+----------------------------+-------------+
; Number detected on machine ; 2           ;
; Maximum allowed            ; 2           ;
;                            ;             ;
; Average used               ; 1.35        ;
; Maximum used               ; 2           ;
;                            ;             ;
; Usage by Processor         ; % Time Used ;
;     1 processor            ; 100.0%      ;
;     2 processors           ;  21.4%      ;
+----------------------------+-------------+


+---------------------------------------------------------+
; SDC File List                                           ;
+---------------------+--------+--------------------------+
; SDC File Path       ; Status ; Read at                  ;
+---------------------+--------+--------------------------+
; TransformFilter.sdc ; OK     ; Thu Mar 31 08:34:31 2016 ;
+---------------------+--------+--------------------------+


+---------------------------------------------------------------------------------------------------------------------------------------------------------------------------------+
; Clocks                                                                                                                                                                          ;
+------------+------+--------+-----------+-------+--------+------------+-----------+-------------+-------+--------+-----------+------------+----------+--------+--------+---------+
; Clock Name ; Type ; Period ; Frequency ; Rise  ; Fall   ; Duty Cycle ; Divide by ; Multiply by ; Phase ; Offset ; Edge List ; Edge Shift ; Inverted ; Master ; Source ; Targets ;
+------------+------+--------+-----------+-------+--------+------------+-----------+-------------+-------+--------+-----------+------------+----------+--------+--------+---------+
; Ts_clk     ; Base ; 20.000 ; 50.0 MHz  ; 0.000 ; 10.000 ;            ;           ;             ;       ;        ;           ;            ;          ;        ;        ; { clk } ;
+------------+------+--------+-----------+-------+--------+------------+-----------+-------------+-------+--------+-----------+------------+----------+--------+--------+---------+


+--------------------------------------------------+
; Slow 1200mV 85C Model Fmax Summary               ;
+------------+-----------------+------------+------+
; Fmax       ; Restricted Fmax ; Clock Name ; Note ;
+------------+-----------------+------------+------+
; 108.65 MHz ; 108.65 MHz      ; Ts_clk     ;      ;
+------------+-----------------+------------+------+
This panel reports FMAX for every clock in the design, regardless of the user-specified clock periods.  FMAX is only computed for paths where the source and destination registers or ports are driven by the same clock.  Paths of different clocks, including generated clocks, are ignored.  For paths between a clock and its inversion, FMAX is computed as if the rising and falling edges are scaled along with FMAX, such that the duty cycle (in terms of a percentage) is maintained. Altera recommends that you always use clock constraints and other slack reports for sign-off analysis.


+-------------------------------------+
; Slow 1200mV 85C Model Setup Summary ;
+--------+--------+-------------------+
; Clock  ; Slack  ; End Point TNS     ;
+--------+--------+-------------------+
; Ts_clk ; 10.796 ; 0.000             ;
+--------+--------+-------------------+


+------------------------------------+
; Slow 1200mV 85C Model Hold Summary ;
+--------+-------+-------------------+
; Clock  ; Slack ; End Point TNS     ;
+--------+-------+-------------------+
; Ts_clk ; 0.382 ; 0.000             ;
+--------+-------+-------------------+


+----------------------------------------+
; Slow 1200mV 85C Model Recovery Summary ;
+--------+--------+----------------------+
; Clock  ; Slack  ; End Point TNS        ;
+--------+--------+----------------------+
; Ts_clk ; 17.384 ; 0.000                ;
+--------+--------+----------------------+


+---------------------------------------+
; Slow 1200mV 85C Model Removal Summary ;
+--------+-------+----------------------+
; Clock  ; Slack ; End Point TNS        ;
+--------+-------+----------------------+
; Ts_clk ; 1.911 ; 0.000                ;
+--------+-------+----------------------+


+---------------------------------------------------+
; Slow 1200mV 85C Model Minimum Pulse Width Summary ;
+--------+-------+----------------------------------+
; Clock  ; Slack ; End Point TNS                    ;
+--------+-------+----------------------------------+
; Ts_clk ; 9.483 ; 0.000                            ;
+--------+-------+----------------------------------+


+-------------------------------------------------------------------------------------------------------------------------------+
; Slow 1200mV 85C Model Setup: 'Ts_clk'                                                                                         ;
+--------+----------------------+-------------------------+--------------+-------------+--------------+------------+------------+
; Slack  ; From Node            ; To Node                 ; Launch Clock ; Latch Clock ; Relationship ; Clock Skew ; Data Delay ;
+--------+----------------------+-------------------------+--------------+-------------+--------------+------------+------------+
; 10.796 ; fftfilter:u1|sum[4]  ; fftfilter:u1|xk_imt[9]  ; Ts_clk       ; Ts_clk      ; 20.000       ; -0.065     ; 9.140      ;
; 10.811 ; fftfilter:u1|sum[7]  ; fftfilter:u1|xk_imt[9]  ; Ts_clk       ; Ts_clk      ; 20.000       ; -0.065     ; 9.125      ;
; 10.812 ; fftfilter:u1|sum[4]  ; fftfilter:u1|xk_ret[9]  ; Ts_clk       ; Ts_clk      ; 20.000       ; -0.064     ; 9.125      ;
; 10.813 ; fftfilter:u1|sum[4]  ; fftfilter:u1|xk_ret[7]  ; Ts_clk       ; Ts_clk      ; 20.000       ; -0.064     ; 9.124      ;
; 10.827 ; fftfilter:u1|sum[6]  ; fftfilter:u1|xk_imt[9]  ; Ts_clk       ; Ts_clk      ; 20.000       ; -0.065     ; 9.109      ;
; 10.827 ; fftfilter:u1|sum[7]  ; fftfilter:u1|xk_ret[9]  ; Ts_clk       ; Ts_clk      ; 20.000       ; -0.064     ; 9.110      ;
; 10.828 ; fftfilter:u1|sum[7]  ; fftfilter:u1|xk_ret[7]  ; Ts_clk       ; Ts_clk      ; 20.000       ; -0.064     ; 9.109      ;
; 10.843 ; fftfilter:u1|sum[6]  ; fftfilter:u1|xk_ret[9]  ; Ts_clk       ; Ts_clk      ; 20.000       ; -0.064     ; 9.094      ;
; 10.844 ; fftfilter:u1|sum[6]  ; fftfilter:u1|xk_ret[7]  ; Ts_clk       ; Ts_clk      ; 20.000       ; -0.064     ; 9.093      ;
; 10.855 ; fftfilter:u1|sum[5]  ; fftfilter:u1|xk_imt[9]  ; Ts_clk       ; Ts_clk      ; 20.000       ; -0.065     ; 9.081      ;
; 10.871 ; fftfilter:u1|sum[5]  ; fftfilter:u1|xk_ret[9]  ; Ts_clk       ; Ts_clk      ; 20.000       ; -0.064     ; 9.066      ;
; 10.872 ; fftfilter:u1|sum[5]  ; fftfilter:u1|xk_ret[7]  ; Ts_clk       ; Ts_clk      ; 20.000       ; -0.064     ; 9.065      ;
; 10.949 ; fftfilter:u1|sum[9]  ; fftfilter:u1|xk_imt[9]  ; Ts_clk       ; Ts_clk      ; 20.000       ; -0.065     ; 8.987      ;
; 10.965 ; fftfilter:u1|sum[9]  ; fftfilter:u1|xk_ret[9]  ; Ts_clk       ; Ts_clk      ; 20.000       ; -0.064     ; 8.972      ;
; 10.966 ; fftfilter:u1|sum[9]  ; fftfilter:u1|xk_ret[7]  ; Ts_clk       ; Ts_clk      ; 20.000       ; -0.064     ; 8.971      ;
; 11.019 ; fftfilter:u1|sum[8]  ; fftfilter:u1|xk_imt[9]  ; Ts_clk       ; Ts_clk      ; 20.000       ; -0.065     ; 8.917      ;
; 11.035 ; fftfilter:u1|sum[8]  ; fftfilter:u1|xk_ret[9]  ; Ts_clk       ; Ts_clk      ; 20.000       ; -0.064     ; 8.902      ;
; 11.036 ; fftfilter:u1|sum[8]  ; fftfilter:u1|xk_ret[7]  ; Ts_clk       ; Ts_clk      ; 20.000       ; -0.064     ; 8.901      ;
; 11.089 ; fftfilter:u1|sum[11] ; fftfilter:u1|xk_imt[9]  ; Ts_clk       ; Ts_clk      ; 20.000       ; -0.065     ; 8.847      ;
; 11.103 ; fftfilter:u1|sum[17] ; fftfilter:u1|xk_imt[9]  ; Ts_clk       ; Ts_clk      ; 20.000       ; -0.067     ; 8.831      ;
; 11.105 ; fftfilter:u1|sum[11] ; fftfilter:u1|xk_ret[9]  ; Ts_clk       ; Ts_clk      ; 20.000       ; -0.064     ; 8.832      ;
; 11.106 ; fftfilter:u1|sum[4]  ; fftfilter:u1|xk_ret[11] ; Ts_clk       ; Ts_clk      ; 20.000       ; -0.064     ; 8.831      ;
; 11.106 ; fftfilter:u1|sum[11] ; fftfilter:u1|xk_ret[7]  ; Ts_clk       ; Ts_clk      ; 20.000       ; -0.064     ; 8.831      ;
; 11.107 ; fftfilter:u1|sum[4]  ; fftfilter:u1|xk_ret[8]  ; Ts_clk       ; Ts_clk      ; 20.000       ; -0.064     ; 8.830      ;
; 11.107 ; fftfilter:u1|sum[4]  ; fftfilter:u1|xk_imt[1]  ; Ts_clk       ; Ts_clk      ; 20.000       ; -0.064     ; 8.830      ;
; 11.108 ; fftfilter:u1|sum[4]  ; fftfilter:u1|xk_ret[6]  ; Ts_clk       ; Ts_clk      ; 20.000       ; -0.064     ; 8.829      ;
; 11.109 ; fftfilter:u1|sum[4]  ; fftfilter:u1|xk_ret[4]  ; Ts_clk       ; Ts_clk      ; 20.000       ; -0.064     ; 8.828      ;
; 11.109 ; fftfilter:u1|sum[4]  ; fftfilter:u1|xk_ret[15] ; Ts_clk       ; Ts_clk      ; 20.000       ; -0.064     ; 8.828      ;
; 11.110 ; fftfilter:u1|sum[4]  ; fftfilter:u1|xk_ret[5]  ; Ts_clk       ; Ts_clk      ; 20.000       ; -0.064     ; 8.827      ;
; 11.111 ; fftfilter:u1|sum[4]  ; fftfilter:u1|xk_ret[10] ; Ts_clk       ; Ts_clk      ; 20.000       ; -0.064     ; 8.826      ;
; 11.112 ; fftfilter:u1|sum[4]  ; fftfilter:u1|xk_ret[3]  ; Ts_clk       ; Ts_clk      ; 20.000       ; -0.064     ; 8.825      ;
; 11.113 ; fftfilter:u1|sum[4]  ; fftfilter:u1|xk_imt[4]  ; Ts_clk       ; Ts_clk      ; 20.000       ; -0.065     ; 8.823      ;
; 11.113 ; fftfilter:u1|sum[4]  ; fftfilter:u1|xk_imt[5]  ; Ts_clk       ; Ts_clk      ; 20.000       ; -0.065     ; 8.823      ;
; 11.113 ; fftfilter:u1|sum[4]  ; fftfilter:u1|xk_imt[10] ; Ts_clk       ; Ts_clk      ; 20.000       ; -0.065     ; 8.823      ;
; 11.113 ; fftfilter:u1|sum[4]  ; fftfilter:u1|xk_ret[12] ; Ts_clk       ; Ts_clk      ; 20.000       ; -0.064     ; 8.824      ;
; 11.114 ; fftfilter:u1|sum[4]  ; fftfilter:u1|xk_imt[2]  ; Ts_clk       ; Ts_clk      ; 20.000       ; -0.064     ; 8.823      ;
; 11.114 ; fftfilter:u1|sum[4]  ; fftfilter:u1|xk_imt[3]  ; Ts_clk       ; Ts_clk      ; 20.000       ; -0.065     ; 8.822      ;
; 11.115 ; fftfilter:u1|sum[4]  ; fftfilter:u1|xk_imt[11] ; Ts_clk       ; Ts_clk      ; 20.000       ; -0.065     ; 8.821      ;
; 11.115 ; fftfilter:u1|sum[17] ; fftfilter:u1|xk_ret[9]  ; Ts_clk       ; Ts_clk      ; 20.000       ; -0.066     ; 8.820      ;
; 11.116 ; fftfilter:u1|sum[4]  ; fftfilter:u1|xk_imt[0]  ; Ts_clk       ; Ts_clk      ; 20.000       ; -0.064     ; 8.821      ;
; 11.116 ; fftfilter:u1|sum[4]  ; fftfilter:u1|xk_imt[6]  ; Ts_clk       ; Ts_clk      ; 20.000       ; -0.065     ; 8.820      ;
; 11.116 ; fftfilter:u1|sum[4]  ; fftfilter:u1|xk_imt[7]  ; Ts_clk       ; Ts_clk      ; 20.000       ; -0.065     ; 8.820      ;
; 11.116 ; fftfilter:u1|sum[4]  ; fftfilter:u1|xk_imt[12] ; Ts_clk       ; Ts_clk      ; 20.000       ; -0.065     ; 8.820      ;
; 11.116 ; fftfilter:u1|sum[4]  ; fftfilter:u1|xk_ret[13] ; Ts_clk       ; Ts_clk      ; 20.000       ; -0.064     ; 8.821      ;
; 11.116 ; fftfilter:u1|sum[17] ; fftfilter:u1|xk_ret[7]  ; Ts_clk       ; Ts_clk      ; 20.000       ; -0.066     ; 8.819      ;
; 11.117 ; fftfilter:u1|sum[4]  ; fftfilter:u1|xk_ret[14] ; Ts_clk       ; Ts_clk      ; 20.000       ; -0.064     ; 8.820      ;
; 11.117 ; fftfilter:u1|sum[4]  ; fftfilter:u1|xk_imt[8]  ; Ts_clk       ; Ts_clk      ; 20.000       ; -0.065     ; 8.819      ;
; 11.117 ; fftfilter:u1|sum[4]  ; fftfilter:u1|xk_imt[14] ; Ts_clk       ; Ts_clk      ; 20.000       ; -0.065     ; 8.819      ;
; 11.117 ; fftfilter:u1|sum[4]  ; fftfilter:u1|xk_imt[15] ; Ts_clk       ; Ts_clk      ; 20.000       ; -0.065     ; 8.819      ;
; 11.118 ; fftfilter:u1|sum[4]  ; fftfilter:u1|xk_imt[13] ; Ts_clk       ; Ts_clk      ; 20.000       ; -0.065     ; 8.818      ;
; 11.128 ; fftfilter:u1|sum[7]  ; fftfilter:u1|xk_imt[4]  ; Ts_clk       ; Ts_clk      ; 20.000       ; -0.065     ; 8.808      ;
; 11.128 ; fftfilter:u1|sum[7]  ; fftfilter:u1|xk_imt[5]  ; Ts_clk       ; Ts_clk      ; 20.000       ; -0.065     ; 8.808      ;
; 11.128 ; fftfilter:u1|sum[7]  ; fftfilter:u1|xk_imt[10] ; Ts_clk       ; Ts_clk      ; 20.000       ; -0.065     ; 8.808      ;
; 11.129 ; fftfilter:u1|sum[7]  ; fftfilter:u1|xk_imt[3]  ; Ts_clk       ; Ts_clk      ; 20.000       ; -0.065     ; 8.807      ;
; 11.130 ; fftfilter:u1|sum[7]  ; fftfilter:u1|xk_imt[11] ; Ts_clk       ; Ts_clk      ; 20.000       ; -0.065     ; 8.806      ;
; 11.131 ; fftfilter:u1|sum[7]  ; fftfilter:u1|xk_imt[6]  ; Ts_clk       ; Ts_clk      ; 20.000       ; -0.065     ; 8.805      ;
; 11.131 ; fftfilter:u1|sum[7]  ; fftfilter:u1|xk_imt[7]  ; Ts_clk       ; Ts_clk      ; 20.000       ; -0.065     ; 8.805      ;
; 11.131 ; fftfilter:u1|sum[7]  ; fftfilter:u1|xk_imt[12] ; Ts_clk       ; Ts_clk      ; 20.000       ; -0.065     ; 8.805      ;
; 11.132 ; fftfilter:u1|sum[7]  ; fftfilter:u1|xk_imt[8]  ; Ts_clk       ; Ts_clk      ; 20.000       ; -0.065     ; 8.804      ;
; 11.132 ; fftfilter:u1|sum[7]  ; fftfilter:u1|xk_imt[14] ; Ts_clk       ; Ts_clk      ; 20.000       ; -0.065     ; 8.804      ;
; 11.132 ; fftfilter:u1|sum[7]  ; fftfilter:u1|xk_imt[15] ; Ts_clk       ; Ts_clk      ; 20.000       ; -0.065     ; 8.804      ;
; 11.133 ; fftfilter:u1|sum[7]  ; fftfilter:u1|xk_imt[13] ; Ts_clk       ; Ts_clk      ; 20.000       ; -0.065     ; 8.803      ;
; 11.137 ; fftfilter:u1|sum[6]  ; fftfilter:u1|xk_ret[11] ; Ts_clk       ; Ts_clk      ; 20.000       ; -0.064     ; 8.800      ;
; 11.138 ; fftfilter:u1|sum[6]  ; fftfilter:u1|xk_ret[8]  ; Ts_clk       ; Ts_clk      ; 20.000       ; -0.064     ; 8.799      ;
; 11.138 ; fftfilter:u1|sum[6]  ; fftfilter:u1|xk_imt[1]  ; Ts_clk       ; Ts_clk      ; 20.000       ; -0.064     ; 8.799      ;
; 11.139 ; fftfilter:u1|sum[6]  ; fftfilter:u1|xk_ret[6]  ; Ts_clk       ; Ts_clk      ; 20.000       ; -0.064     ; 8.798      ;
; 11.140 ; fftfilter:u1|sum[6]  ; fftfilter:u1|xk_ret[4]  ; Ts_clk       ; Ts_clk      ; 20.000       ; -0.064     ; 8.797      ;
; 11.140 ; fftfilter:u1|sum[6]  ; fftfilter:u1|xk_ret[15] ; Ts_clk       ; Ts_clk      ; 20.000       ; -0.064     ; 8.797      ;
; 11.141 ; fftfilter:u1|sum[6]  ; fftfilter:u1|xk_ret[5]  ; Ts_clk       ; Ts_clk      ; 20.000       ; -0.064     ; 8.796      ;
; 11.141 ; fftfilter:u1|sum[7]  ; fftfilter:u1|xk_ret[8]  ; Ts_clk       ; Ts_clk      ; 20.000       ; -0.064     ; 8.796      ;
; 11.141 ; fftfilter:u1|sum[7]  ; fftfilter:u1|xk_ret[11] ; Ts_clk       ; Ts_clk      ; 20.000       ; -0.064     ; 8.796      ;
; 11.142 ; fftfilter:u1|sum[6]  ; fftfilter:u1|xk_ret[10] ; Ts_clk       ; Ts_clk      ; 20.000       ; -0.064     ; 8.795      ;
; 11.142 ; fftfilter:u1|sum[7]  ; fftfilter:u1|xk_imt[1]  ; Ts_clk       ; Ts_clk      ; 20.000       ; -0.064     ; 8.795      ;
; 11.142 ; fftfilter:u1|sum[7]  ; fftfilter:u1|xk_ret[6]  ; Ts_clk       ; Ts_clk      ; 20.000       ; -0.064     ; 8.795      ;
; 11.143 ; fftfilter:u1|sum[6]  ; fftfilter:u1|xk_ret[3]  ; Ts_clk       ; Ts_clk      ; 20.000       ; -0.064     ; 8.794      ;
; 11.143 ; fftfilter:u1|sum[7]  ; fftfilter:u1|xk_ret[4]  ; Ts_clk       ; Ts_clk      ; 20.000       ; -0.064     ; 8.794      ;
; 11.143 ; fftfilter:u1|sum[7]  ; fftfilter:u1|xk_ret[15] ; Ts_clk       ; Ts_clk      ; 20.000       ; -0.064     ; 8.794      ;
; 11.144 ; fftfilter:u1|sum[6]  ; fftfilter:u1|xk_imt[4]  ; Ts_clk       ; Ts_clk      ; 20.000       ; -0.065     ; 8.792      ;
; 11.144 ; fftfilter:u1|sum[6]  ; fftfilter:u1|xk_imt[5]  ; Ts_clk       ; Ts_clk      ; 20.000       ; -0.065     ; 8.792      ;
; 11.144 ; fftfilter:u1|sum[6]  ; fftfilter:u1|xk_imt[10] ; Ts_clk       ; Ts_clk      ; 20.000       ; -0.065     ; 8.792      ;
; 11.144 ; fftfilter:u1|sum[6]  ; fftfilter:u1|xk_ret[12] ; Ts_clk       ; Ts_clk      ; 20.000       ; -0.064     ; 8.793      ;
; 11.144 ; fftfilter:u1|sum[7]  ; fftfilter:u1|xk_ret[5]  ; Ts_clk       ; Ts_clk      ; 20.000       ; -0.064     ; 8.793      ;
; 11.145 ; fftfilter:u1|sum[6]  ; fftfilter:u1|xk_imt[2]  ; Ts_clk       ; Ts_clk      ; 20.000       ; -0.064     ; 8.792      ;
; 11.145 ; fftfilter:u1|sum[6]  ; fftfilter:u1|xk_imt[3]  ; Ts_clk       ; Ts_clk      ; 20.000       ; -0.065     ; 8.791      ;
; 11.145 ; fftfilter:u1|sum[7]  ; fftfilter:u1|xk_ret[10] ; Ts_clk       ; Ts_clk      ; 20.000       ; -0.064     ; 8.792      ;
; 11.146 ; fftfilter:u1|sum[6]  ; fftfilter:u1|xk_imt[11] ; Ts_clk       ; Ts_clk      ; 20.000       ; -0.065     ; 8.790      ;
; 11.146 ; fftfilter:u1|sum[7]  ; fftfilter:u1|xk_ret[3]  ; Ts_clk       ; Ts_clk      ; 20.000       ; -0.064     ; 8.791      ;
; 11.146 ; fftfilter:u1|sum[7]  ; fftfilter:u1|xk_ret[12] ; Ts_clk       ; Ts_clk      ; 20.000       ; -0.064     ; 8.791      ;
; 11.147 ; fftfilter:u1|sum[6]  ; fftfilter:u1|xk_imt[0]  ; Ts_clk       ; Ts_clk      ; 20.000       ; -0.064     ; 8.790      ;
; 11.147 ; fftfilter:u1|sum[6]  ; fftfilter:u1|xk_imt[6]  ; Ts_clk       ; Ts_clk      ; 20.000       ; -0.065     ; 8.789      ;
; 11.147 ; fftfilter:u1|sum[6]  ; fftfilter:u1|xk_imt[7]  ; Ts_clk       ; Ts_clk      ; 20.000       ; -0.065     ; 8.789      ;
; 11.147 ; fftfilter:u1|sum[6]  ; fftfilter:u1|xk_imt[12] ; Ts_clk       ; Ts_clk      ; 20.000       ; -0.065     ; 8.789      ;
; 11.147 ; fftfilter:u1|sum[6]  ; fftfilter:u1|xk_ret[13] ; Ts_clk       ; Ts_clk      ; 20.000       ; -0.064     ; 8.790      ;
; 11.147 ; fftfilter:u1|sum[7]  ; fftfilter:u1|xk_imt[2]  ; Ts_clk       ; Ts_clk      ; 20.000       ; -0.064     ; 8.790      ;
; 11.148 ; fftfilter:u1|sum[6]  ; fftfilter:u1|xk_ret[14] ; Ts_clk       ; Ts_clk      ; 20.000       ; -0.064     ; 8.789      ;
; 11.148 ; fftfilter:u1|sum[6]  ; fftfilter:u1|xk_imt[8]  ; Ts_clk       ; Ts_clk      ; 20.000       ; -0.065     ; 8.788      ;
; 11.148 ; fftfilter:u1|sum[6]  ; fftfilter:u1|xk_imt[14] ; Ts_clk       ; Ts_clk      ; 20.000       ; -0.065     ; 8.788      ;
; 11.148 ; fftfilter:u1|sum[6]  ; fftfilter:u1|xk_imt[15] ; Ts_clk       ; Ts_clk      ; 20.000       ; -0.065     ; 8.788      ;
; 11.149 ; fftfilter:u1|sum[6]  ; fftfilter:u1|xk_imt[13] ; Ts_clk       ; Ts_clk      ; 20.000       ; -0.065     ; 8.787      ;
; 11.149 ; fftfilter:u1|sum[7]  ; fftfilter:u1|xk_imt[0]  ; Ts_clk       ; Ts_clk      ; 20.000       ; -0.064     ; 8.788      ;
+--------+----------------------+-------------------------+--------------+-------------+--------------+------------+------------+


+--------------------------------------------------------------------------------------------------------------------------------------------------------------------------------------------------------------------------------------------------------------------------------------------------------------------------------------------------------------------------------------------------------------------------------------------------------------------------------------------------------------------------------------------------------------------------------------------------------------------------------------------------+
; Slow 1200mV 85C Model Hold: 'Ts_clk'                                                                                                                                                                                                                                                                                                                                                                                                                                                                                                                                                                                                             ;
+-------+---------------------------------------------------------------------------------------------------------------------------------------------------------------------------------------------------------------------------------------------------------------+----------------------------------------------------------------------------------------------------------------------------------------------------------------------------------------------------------------------------------------------------------------------------------------------------+--------------+-------------+--------------+------------+------------+
; Slack ; From Node                                                                                                                                                                                                                                                     ; To Node                                                                                                                                                                                                                                                                                            ; Launch Clock ; Latch Clock ; Relationship ; Clock Skew ; Data Delay ;
+-------+---------------------------------------------------------------------------------------------------------------------------------------------------------------------------------------------------------------------------------------------------------------+----------------------------------------------------------------------------------------------------------------------------------------------------------------------------------------------------------------------------------------------------------------------------------------------------+--------------+-------------+--------------+------------+------------+
; 0.382 ; ifftout:u2|fft256:u0|asj_fft_si_sose_so_b_fft_121:asj_fft_si_sose_so_b_fft_121_inst|auk_dspip_avalon_streaming_sink_fft_121:auk_dsp_atlantic_sink_1|at_sink_data_int[16]                                                                                      ; ifftout:u2|fft256:u0|asj_fft_si_sose_so_b_fft_121:asj_fft_si_sose_so_b_fft_121_inst|auk_dspip_avalon_streaming_sink_fft_121:auk_dsp_atlantic_sink_1|scfifo:\normal_fifo:fifo_eab_on:in_fifo|scfifo_udh1:auto_generated|a_dpfifo_no81:dpfifo|altsyncram_ssf1:FIFOram|ram_block1a0~porta_datain_reg0 ; Ts_clk       ; Ts_clk      ; 0.000        ; 0.483      ; 1.139      ;
; 0.383 ; ifftout:u2|fft256:u0|asj_fft_si_sose_so_b_fft_121:asj_fft_si_sose_so_b_fft_121_inst|auk_dspip_avalon_streaming_sink_fft_121:auk_dsp_atlantic_sink_1|at_sink_data_int[18]                                                                                      ; ifftout:u2|fft256:u0|asj_fft_si_sose_so_b_fft_121:asj_fft_si_sose_so_b_fft_121_inst|auk_dspip_avalon_streaming_sink_fft_121:auk_dsp_atlantic_sink_1|scfifo:\normal_fifo:fifo_eab_on:in_fifo|scfifo_udh1:auto_generated|a_dpfifo_no81:dpfifo|altsyncram_ssf1:FIFOram|ram_block1a0~porta_datain_reg0 ; Ts_clk       ; Ts_clk      ; 0.000        ; 0.483      ; 1.140      ;
; 0.389 ; ifftout:u2|fft256:u0|asj_fft_si_sose_so_b_fft_121:asj_fft_si_sose_so_b_fft_121_inst|auk_dspip_avalon_streaming_sink_fft_121:auk_dsp_atlantic_sink_1|at_sink_data_int[19]                                                                                      ; ifftout:u2|fft256:u0|asj_fft_si_sose_so_b_fft_121:asj_fft_si_sose_so_b_fft_121_inst|auk_dspip_avalon_streaming_sink_fft_121:auk_dsp_atlantic_sink_1|scfifo:\normal_fifo:fifo_eab_on:in_fifo|scfifo_udh1:auto_generated|a_dpfifo_no81:dpfifo|altsyncram_ssf1:FIFOram|ram_block1a0~porta_datain_reg0 ; Ts_clk       ; Ts_clk      ; 0.000        ; 0.483      ; 1.146      ;
; 0.392 ; ifftout:u2|fft256:u0|asj_fft_si_sose_so_b_fft_121:asj_fft_si_sose_so_b_fft_121_inst|auk_dspip_avalon_streaming_sink_fft_121:auk_dsp_atlantic_sink_1|at_sink_data_int[30]                                                                                      ; ifftout:u2|fft256:u0|asj_fft_si_sose_so_b_fft_121:asj_fft_si_sose_so_b_fft_121_inst|auk_dspip_avalon_streaming_sink_fft_121:auk_dsp_atlantic_sink_1|scfifo:\normal_fifo:fifo_eab_on:in_fifo|scfifo_udh1:auto_generated|a_dpfifo_no81:dpfifo|altsyncram_ssf1:FIFOram|ram_block1a0~porta_datain_reg0 ; Ts_clk       ; Ts_clk      ; 0.000        ; 0.483      ; 1.149      ;
; 0.393 ; ifftout:u2|fft256:u0|asj_fft_si_sose_so_b_fft_121:asj_fft_si_sose_so_b_fft_121_inst|auk_dspip_avalon_streaming_sink_fft_121:auk_dsp_atlantic_sink_1|at_sink_data_int[4]                                                                                       ; ifftout:u2|fft256:u0|asj_fft_si_sose_so_b_fft_121:asj_fft_si_sose_so_b_fft_121_inst|auk_dspip_avalon_streaming_sink_fft_121:auk_dsp_atlantic_sink_1|scfifo:\normal_fifo:fifo_eab_on:in_fifo|scfifo_udh1:auto_generated|a_dpfifo_no81:dpfifo|altsyncram_ssf1:FIFOram|ram_block1a0~porta_datain_reg0 ; Ts_clk       ; Ts_clk      ; 0.000        ; 0.483      ; 1.150      ;
; 0.393 ; ifftout:u2|fft256:u0|asj_fft_si_sose_so_b_fft_121:asj_fft_si_sose_so_b_fft_121_inst|auk_dspip_avalon_streaming_sink_fft_121:auk_dsp_atlantic_sink_1|at_sink_data_int[9]                                                                                       ; ifftout:u2|fft256:u0|asj_fft_si_sose_so_b_fft_121:asj_fft_si_sose_so_b_fft_121_inst|auk_dspip_avalon_streaming_sink_fft_121:auk_dsp_atlantic_sink_1|scfifo:\normal_fifo:fifo_eab_on:in_fifo|scfifo_udh1:auto_generated|a_dpfifo_no81:dpfifo|altsyncram_ssf1:FIFOram|ram_block1a0~porta_datain_reg0 ; Ts_clk       ; Ts_clk      ; 0.000        ; 0.483      ; 1.150      ;
; 0.393 ; ifftout:u2|fft256:u0|asj_fft_si_sose_so_b_fft_121:asj_fft_si_sose_so_b_fft_121_inst|auk_dspip_avalon_streaming_sink_fft_121:auk_dsp_atlantic_sink_1|at_sink_data_int[20]                                                                                      ; ifftout:u2|fft256:u0|asj_fft_si_sose_so_b_fft_121:asj_fft_si_sose_so_b_fft_121_inst|auk_dspip_avalon_streaming_sink_fft_121:auk_dsp_atlantic_sink_1|scfifo:\normal_fifo:fifo_eab_on:in_fifo|scfifo_udh1:auto_generated|a_dpfifo_no81:dpfifo|altsyncram_ssf1:FIFOram|ram_block1a0~porta_datain_reg0 ; Ts_clk       ; Ts_clk      ; 0.000        ; 0.483      ; 1.150      ;
; 0.393 ; ifftout:u2|fft256:u0|asj_fft_si_sose_so_b_fft_121:asj_fft_si_sose_so_b_fft_121_inst|asj_fft_unbburst_sose_ctrl_fft_121:ccc|rdaddress_a_bus[3]                                                                                                                 ; ifftout:u2|fft256:u0|asj_fft_si_sose_so_b_fft_121:asj_fft_si_sose_so_b_fft_121_inst|asj_fft_1dp_ram_fft_121:\gen_1_ram:gen_M4K:dat_A|asj_fft_data_ram_fft_121:dat_A|altsyncram:\gen_M4K:altsyncram_component|altsyncram_21t3:auto_generated|ram_block1a0~portb_address_reg0                        ; Ts_clk       ; Ts_clk      ; 0.000        ; 0.479      ; 1.146      ;
; 0.394 ; ifftout:u2|fft256:u0|asj_fft_si_sose_so_b_fft_121:asj_fft_si_sose_so_b_fft_121_inst|asj_fft_unbburst_sose_ctrl_fft_121:ccc|wraddress_a_bus[6]                                                                                                                 ; ifftout:u2|fft256:u0|asj_fft_si_sose_so_b_fft_121:asj_fft_si_sose_so_b_fft_121_inst|asj_fft_1dp_ram_fft_121:\gen_1_ram:gen_M4K:dat_A|asj_fft_data_ram_fft_121:dat_A|altsyncram:\gen_M4K:altsyncram_component|altsyncram_21t3:auto_generated|ram_block1a0~porta_address_reg0                        ; Ts_clk       ; Ts_clk      ; 0.000        ; 0.478      ; 1.146      ;
; 0.395 ; ifftout:u2|fft256:u0|asj_fft_si_sose_so_b_fft_121:asj_fft_si_sose_so_b_fft_121_inst|auk_dspip_avalon_streaming_sink_fft_121:auk_dsp_atlantic_sink_1|at_sink_data_int[22]                                                                                      ; ifftout:u2|fft256:u0|asj_fft_si_sose_so_b_fft_121:asj_fft_si_sose_so_b_fft_121_inst|auk_dspip_avalon_streaming_sink_fft_121:auk_dsp_atlantic_sink_1|scfifo:\normal_fifo:fifo_eab_on:in_fifo|scfifo_udh1:auto_generated|a_dpfifo_no81:dpfifo|altsyncram_ssf1:FIFOram|ram_block1a0~porta_datain_reg0 ; Ts_clk       ; Ts_clk      ; 0.000        ; 0.483      ; 1.152      ;
; 0.395 ; ifftout:u2|fft256:u0|asj_fft_si_sose_so_b_fft_121:asj_fft_si_sose_so_b_fft_121_inst|asj_fft_unbburst_sose_ctrl_fft_121:ccc|rdaddress_a_bus[7]                                                                                                                 ; ifftout:u2|fft256:u0|asj_fft_si_sose_so_b_fft_121:asj_fft_si_sose_so_b_fft_121_inst|asj_fft_1dp_ram_fft_121:\gen_1_ram:gen_M4K:dat_A|asj_fft_data_ram_fft_121:dat_A|altsyncram:\gen_M4K:altsyncram_component|altsyncram_21t3:auto_generated|ram_block1a0~portb_address_reg0                        ; Ts_clk       ; Ts_clk      ; 0.000        ; 0.479      ; 1.148      ;
; 0.396 ; ifftout:u2|fft256:u0|asj_fft_si_sose_so_b_fft_121:asj_fft_si_sose_so_b_fft_121_inst|auk_dspip_avalon_streaming_sink_fft_121:auk_dsp_atlantic_sink_1|at_sink_data_int[15]                                                                                      ; ifftout:u2|fft256:u0|asj_fft_si_sose_so_b_fft_121:asj_fft_si_sose_so_b_fft_121_inst|auk_dspip_avalon_streaming_sink_fft_121:auk_dsp_atlantic_sink_1|scfifo:\normal_fifo:fifo_eab_on:in_fifo|scfifo_udh1:auto_generated|a_dpfifo_no81:dpfifo|altsyncram_ssf1:FIFOram|ram_block1a0~porta_datain_reg0 ; Ts_clk       ; Ts_clk      ; 0.000        ; 0.483      ; 1.153      ;
; 0.397 ; ifftout:u2|fft256:u0|asj_fft_si_sose_so_b_fft_121:asj_fft_si_sose_so_b_fft_121_inst|auk_dspip_avalon_streaming_sink_fft_121:auk_dsp_atlantic_sink_1|at_sink_data_int[21]                                                                                      ; ifftout:u2|fft256:u0|asj_fft_si_sose_so_b_fft_121:asj_fft_si_sose_so_b_fft_121_inst|auk_dspip_avalon_streaming_sink_fft_121:auk_dsp_atlantic_sink_1|scfifo:\normal_fifo:fifo_eab_on:in_fifo|scfifo_udh1:auto_generated|a_dpfifo_no81:dpfifo|altsyncram_ssf1:FIFOram|ram_block1a0~porta_datain_reg0 ; Ts_clk       ; Ts_clk      ; 0.000        ; 0.483      ; 1.154      ;
; 0.399 ; ifftout:u2|fft256:u0|asj_fft_si_sose_so_b_fft_121:asj_fft_si_sose_so_b_fft_121_inst|auk_dspip_avalon_streaming_sink_fft_121:auk_dsp_atlantic_sink_1|at_sink_data_int[0]                                                                                       ; ifftout:u2|fft256:u0|asj_fft_si_sose_so_b_fft_121:asj_fft_si_sose_so_b_fft_121_inst|auk_dspip_avalon_streaming_sink_fft_121:auk_dsp_atlantic_sink_1|scfifo:\normal_fifo:fifo_eab_on:in_fifo|scfifo_udh1:auto_generated|a_dpfifo_no81:dpfifo|altsyncram_ssf1:FIFOram|ram_block1a0~porta_datain_reg0 ; Ts_clk       ; Ts_clk      ; 0.000        ; 0.483      ; 1.156      ;
; 0.399 ; ifftout:u2|fft256:u0|asj_fft_si_sose_so_b_fft_121:asj_fft_si_sose_so_b_fft_121_inst|asj_fft_unbburst_sose_ctrl_fft_121:ccc|a_ram_data_in_bus[11]                                                                                                              ; ifftout:u2|fft256:u0|asj_fft_si_sose_so_b_fft_121:asj_fft_si_sose_so_b_fft_121_inst|asj_fft_1dp_ram_fft_121:\gen_1_ram:gen_M4K:dat_A|asj_fft_data_ram_fft_121:dat_A|altsyncram:\gen_M4K:altsyncram_component|altsyncram_21t3:auto_generated|ram_block1a0~porta_datain_reg0                         ; Ts_clk       ; Ts_clk      ; 0.000        ; 0.483      ; 1.156      ;
; 0.399 ; ifftout:u2|fft256:u0|asj_fft_si_sose_so_b_fft_121:asj_fft_si_sose_so_b_fft_121_inst|asj_fft_unbburst_sose_ctrl_fft_121:ccc|rdaddress_a_bus[6]                                                                                                                 ; ifftout:u2|fft256:u0|asj_fft_si_sose_so_b_fft_121:asj_fft_si_sose_so_b_fft_121_inst|asj_fft_1dp_ram_fft_121:\gen_1_ram:gen_M4K:dat_A|asj_fft_data_ram_fft_121:dat_A|altsyncram:\gen_M4K:altsyncram_component|altsyncram_21t3:auto_generated|ram_block1a0~portb_address_reg0                        ; Ts_clk       ; Ts_clk      ; 0.000        ; 0.479      ; 1.152      ;
; 0.400 ; ifftout:u2|fft256:u0|asj_fft_si_sose_so_b_fft_121:asj_fft_si_sose_so_b_fft_121_inst|auk_dspip_avalon_streaming_sink_fft_121:auk_dsp_atlantic_sink_1|at_sink_data_int[6]                                                                                       ; ifftout:u2|fft256:u0|asj_fft_si_sose_so_b_fft_121:asj_fft_si_sose_so_b_fft_121_inst|auk_dspip_avalon_streaming_sink_fft_121:auk_dsp_atlantic_sink_1|scfifo:\normal_fifo:fifo_eab_on:in_fifo|scfifo_udh1:auto_generated|a_dpfifo_no81:dpfifo|altsyncram_ssf1:FIFOram|ram_block1a0~porta_datain_reg0 ; Ts_clk       ; Ts_clk      ; 0.000        ; 0.483      ; 1.157      ;
; 0.400 ; ifftout:u2|fft256:u0|asj_fft_si_sose_so_b_fft_121:asj_fft_si_sose_so_b_fft_121_inst|asj_fft_unbburst_sose_ctrl_fft_121:ccc|rdaddress_a_bus[0]                                                                                                                 ; ifftout:u2|fft256:u0|asj_fft_si_sose_so_b_fft_121:asj_fft_si_sose_so_b_fft_121_inst|asj_fft_1dp_ram_fft_121:\gen_1_ram:gen_M4K:dat_A|asj_fft_data_ram_fft_121:dat_A|altsyncram:\gen_M4K:altsyncram_component|altsyncram_21t3:auto_generated|ram_block1a0~portb_address_reg0                        ; Ts_clk       ; Ts_clk      ; 0.000        ; 0.473      ; 1.147      ;
; 0.401 ; ifftout:u2|fft256:u0|asj_fft_si_sose_so_b_fft_121:asj_fft_si_sose_so_b_fft_121_inst|auk_dspip_avalon_streaming_sink_fft_121:auk_dsp_atlantic_sink_1|at_sink_data_int[5]                                                                                       ; ifftout:u2|fft256:u0|asj_fft_si_sose_so_b_fft_121:asj_fft_si_sose_so_b_fft_121_inst|auk_dspip_avalon_streaming_sink_fft_121:auk_dsp_atlantic_sink_1|scfifo:\normal_fifo:fifo_eab_on:in_fifo|scfifo_udh1:auto_generated|a_dpfifo_no81:dpfifo|altsyncram_ssf1:FIFOram|ram_block1a0~porta_datain_reg0 ; Ts_clk       ; Ts_clk      ; 0.000        ; 0.483      ; 1.158      ;
; 0.402 ; ifftout:u2|fft256:u0|asj_fft_si_sose_so_b_fft_121:asj_fft_si_sose_so_b_fft_121_inst|auk_dspip_avalon_streaming_source_fft_121:auk_dsp_atlantic_source_1|at_source_data[26]                                                                                    ; ifftout:u2|dram16_256:u2|altsyncram:altsyncram_component|altsyncram_09k1:auto_generated|ram_block1a0~porta_datain_reg0                                                                                                                                                                             ; Ts_clk       ; Ts_clk      ; 0.000        ; 0.479      ; 1.155      ;
; 0.403 ; fftfilter:u1|fft256:u0|asj_fft_si_sose_so_b_fft_121:asj_fft_si_sose_so_b_fft_121_inst|asj_fft_unbburst_sose_ctrl_fft_121:ccc|a_ram_data_in_bus[27]                                                                                                            ; fftfilter:u1|fft256:u0|asj_fft_si_sose_so_b_fft_121:asj_fft_si_sose_so_b_fft_121_inst|asj_fft_1dp_ram_fft_121:\gen_1_ram:gen_M4K:dat_A|asj_fft_data_ram_fft_121:dat_A|altsyncram:\gen_M4K:altsyncram_component|altsyncram_21t3:auto_generated|ram_block1a0~porta_datain_reg0                       ; Ts_clk       ; Ts_clk      ; 0.000        ; 0.478      ; 1.155      ;
; 0.403 ; fftfilter:u1|fft256:u0|asj_fft_si_sose_so_b_fft_121:asj_fft_si_sose_so_b_fft_121_inst|asj_fft_unbburst_sose_ctrl_fft_121:ccc|a_ram_data_in_bus[30]                                                                                                            ; fftfilter:u1|fft256:u0|asj_fft_si_sose_so_b_fft_121:asj_fft_si_sose_so_b_fft_121_inst|asj_fft_1dp_ram_fft_121:\gen_1_ram:gen_M4K:dat_A|asj_fft_data_ram_fft_121:dat_A|altsyncram:\gen_M4K:altsyncram_component|altsyncram_21t3:auto_generated|ram_block1a0~porta_datain_reg0                       ; Ts_clk       ; Ts_clk      ; 0.000        ; 0.478      ; 1.155      ;
; 0.404 ; ifftout:u2|fft256:u0|asj_fft_si_sose_so_b_fft_121:asj_fft_si_sose_so_b_fft_121_inst|asj_fft_unbburst_sose_ctrl_fft_121:ccc|wraddress_a_bus[7]                                                                                                                 ; ifftout:u2|fft256:u0|asj_fft_si_sose_so_b_fft_121:asj_fft_si_sose_so_b_fft_121_inst|asj_fft_1dp_ram_fft_121:\gen_1_ram:gen_M4K:dat_A|asj_fft_data_ram_fft_121:dat_A|altsyncram:\gen_M4K:altsyncram_component|altsyncram_21t3:auto_generated|ram_block1a0~porta_address_reg0                        ; Ts_clk       ; Ts_clk      ; 0.000        ; 0.478      ; 1.156      ;
; 0.405 ; fftfilter:u1|fft256:u0|asj_fft_si_sose_so_b_fft_121:asj_fft_si_sose_so_b_fft_121_inst|asj_fft_unbburst_sose_ctrl_fft_121:ccc|a_ram_data_in_bus[16]                                                                                                            ; fftfilter:u1|fft256:u0|asj_fft_si_sose_so_b_fft_121:asj_fft_si_sose_so_b_fft_121_inst|asj_fft_1dp_ram_fft_121:\gen_1_ram:gen_M4K:dat_A|asj_fft_data_ram_fft_121:dat_A|altsyncram:\gen_M4K:altsyncram_component|altsyncram_21t3:auto_generated|ram_block1a0~porta_datain_reg0                       ; Ts_clk       ; Ts_clk      ; 0.000        ; 0.478      ; 1.157      ;
; 0.406 ; ifftout:u2|fft256:u0|asj_fft_si_sose_so_b_fft_121:asj_fft_si_sose_so_b_fft_121_inst|auk_dspip_avalon_streaming_sink_fft_121:auk_dsp_atlantic_sink_1|at_sink_data_int[27]                                                                                      ; ifftout:u2|fft256:u0|asj_fft_si_sose_so_b_fft_121:asj_fft_si_sose_so_b_fft_121_inst|auk_dspip_avalon_streaming_sink_fft_121:auk_dsp_atlantic_sink_1|scfifo:\normal_fifo:fifo_eab_on:in_fifo|scfifo_udh1:auto_generated|a_dpfifo_no81:dpfifo|altsyncram_ssf1:FIFOram|ram_block1a0~porta_datain_reg0 ; Ts_clk       ; Ts_clk      ; 0.000        ; 0.483      ; 1.163      ;
; 0.407 ; ifftout:u2|fft256:u0|asj_fft_si_sose_so_b_fft_121:asj_fft_si_sose_so_b_fft_121_inst|auk_dspip_avalon_streaming_sink_fft_121:auk_dsp_atlantic_sink_1|at_sink_data_int[11]                                                                                      ; ifftout:u2|fft256:u0|asj_fft_si_sose_so_b_fft_121:asj_fft_si_sose_so_b_fft_121_inst|auk_dspip_avalon_streaming_sink_fft_121:auk_dsp_atlantic_sink_1|scfifo:\normal_fifo:fifo_eab_on:in_fifo|scfifo_udh1:auto_generated|a_dpfifo_no81:dpfifo|altsyncram_ssf1:FIFOram|ram_block1a0~porta_datain_reg0 ; Ts_clk       ; Ts_clk      ; 0.000        ; 0.483      ; 1.164      ;
; 0.408 ; fftfilter:u1|fft256:u0|asj_fft_si_sose_so_b_fft_121:asj_fft_si_sose_so_b_fft_121_inst|asj_fft_unbburst_sose_ctrl_fft_121:ccc|a_ram_data_in_bus[21]                                                                                                            ; fftfilter:u1|fft256:u0|asj_fft_si_sose_so_b_fft_121:asj_fft_si_sose_so_b_fft_121_inst|asj_fft_1dp_ram_fft_121:\gen_1_ram:gen_M4K:dat_A|asj_fft_data_ram_fft_121:dat_A|altsyncram:\gen_M4K:altsyncram_component|altsyncram_21t3:auto_generated|ram_block1a0~porta_datain_reg0                       ; Ts_clk       ; Ts_clk      ; 0.000        ; 0.478      ; 1.160      ;
; 0.410 ; ifftout:u2|fft256:u0|asj_fft_si_sose_so_b_fft_121:asj_fft_si_sose_so_b_fft_121_inst|asj_fft_unbburst_sose_ctrl_fft_121:ccc|a_ram_data_in_bus[5]                                                                                                               ; ifftout:u2|fft256:u0|asj_fft_si_sose_so_b_fft_121:asj_fft_si_sose_so_b_fft_121_inst|asj_fft_1dp_ram_fft_121:\gen_1_ram:gen_M4K:dat_A|asj_fft_data_ram_fft_121:dat_A|altsyncram:\gen_M4K:altsyncram_component|altsyncram_21t3:auto_generated|ram_block1a0~porta_datain_reg0                         ; Ts_clk       ; Ts_clk      ; 0.000        ; 0.480      ; 1.164      ;
; 0.411 ; ifftout:u2|fft256:u0|asj_fft_si_sose_so_b_fft_121:asj_fft_si_sose_so_b_fft_121_inst|auk_dspip_avalon_streaming_sink_fft_121:auk_dsp_atlantic_sink_1|at_sink_data_int[13]                                                                                      ; ifftout:u2|fft256:u0|asj_fft_si_sose_so_b_fft_121:asj_fft_si_sose_so_b_fft_121_inst|auk_dspip_avalon_streaming_sink_fft_121:auk_dsp_atlantic_sink_1|scfifo:\normal_fifo:fifo_eab_on:in_fifo|scfifo_udh1:auto_generated|a_dpfifo_no81:dpfifo|altsyncram_ssf1:FIFOram|ram_block1a0~porta_datain_reg0 ; Ts_clk       ; Ts_clk      ; 0.000        ; 0.483      ; 1.168      ;
; 0.411 ; ifftout:u2|fft256:u0|asj_fft_si_sose_so_b_fft_121:asj_fft_si_sose_so_b_fft_121_inst|auk_dspip_avalon_streaming_sink_fft_121:auk_dsp_atlantic_sink_1|at_sink_data_int[28]                                                                                      ; ifftout:u2|fft256:u0|asj_fft_si_sose_so_b_fft_121:asj_fft_si_sose_so_b_fft_121_inst|auk_dspip_avalon_streaming_sink_fft_121:auk_dsp_atlantic_sink_1|scfifo:\normal_fifo:fifo_eab_on:in_fifo|scfifo_udh1:auto_generated|a_dpfifo_no81:dpfifo|altsyncram_ssf1:FIFOram|ram_block1a0~porta_datain_reg0 ; Ts_clk       ; Ts_clk      ; 0.000        ; 0.483      ; 1.168      ;
; 0.413 ; ifftout:u2|fft256:u0|asj_fft_si_sose_so_b_fft_121:asj_fft_si_sose_so_b_fft_121_inst|auk_dspip_avalon_streaming_sink_fft_121:auk_dsp_atlantic_sink_1|at_sink_data_int[17]                                                                                      ; ifftout:u2|fft256:u0|asj_fft_si_sose_so_b_fft_121:asj_fft_si_sose_so_b_fft_121_inst|auk_dspip_avalon_streaming_sink_fft_121:auk_dsp_atlantic_sink_1|scfifo:\normal_fifo:fifo_eab_on:in_fifo|scfifo_udh1:auto_generated|a_dpfifo_no81:dpfifo|altsyncram_ssf1:FIFOram|ram_block1a0~porta_datain_reg0 ; Ts_clk       ; Ts_clk      ; 0.000        ; 0.483      ; 1.170      ;
; 0.415 ; fftfilter:u1|fft256:u0|asj_fft_si_sose_so_b_fft_121:asj_fft_si_sose_so_b_fft_121_inst|asj_fft_unbburst_sose_ctrl_fft_121:ccc|a_ram_data_in_bus[19]                                                                                                            ; fftfilter:u1|fft256:u0|asj_fft_si_sose_so_b_fft_121:asj_fft_si_sose_so_b_fft_121_inst|asj_fft_1dp_ram_fft_121:\gen_1_ram:gen_M4K:dat_A|asj_fft_data_ram_fft_121:dat_A|altsyncram:\gen_M4K:altsyncram_component|altsyncram_21t3:auto_generated|ram_block1a0~porta_datain_reg0                       ; Ts_clk       ; Ts_clk      ; 0.000        ; 0.478      ; 1.167      ;
; 0.415 ; fftfilter:u1|fft256:u0|asj_fft_si_sose_so_b_fft_121:asj_fft_si_sose_so_b_fft_121_inst|asj_fft_twadsogen_q_fft_121:\gen_se:gen_new:twid_factors|twad_tempo[2]                                                                                                  ; fftfilter:u1|fft256:u0|asj_fft_si_sose_so_b_fft_121:asj_fft_si_sose_so_b_fft_121_inst|asj_fft_1tdp_rom_fft_121:\gen_se:gen_new:twrom|asj_fft_twid_rom_tdp_fft_121:\gen_auto:sin_1n|altsyncram:altsyncram_component|altsyncram_he72:auto_generated|ram_block1a0~portb_address_reg0                  ; Ts_clk       ; Ts_clk      ; 0.000        ; 0.478      ; 1.167      ;
; 0.418 ; ifftout:u2|fft256:u0|asj_fft_si_sose_so_b_fft_121:asj_fft_si_sose_so_b_fft_121_inst|auk_dspip_avalon_streaming_sink_fft_121:auk_dsp_atlantic_sink_1|at_sink_data_int[29]                                                                                      ; ifftout:u2|fft256:u0|asj_fft_si_sose_so_b_fft_121:asj_fft_si_sose_so_b_fft_121_inst|auk_dspip_avalon_streaming_sink_fft_121:auk_dsp_atlantic_sink_1|scfifo:\normal_fifo:fifo_eab_on:in_fifo|scfifo_udh1:auto_generated|a_dpfifo_no81:dpfifo|altsyncram_ssf1:FIFOram|ram_block1a0~porta_datain_reg0 ; Ts_clk       ; Ts_clk      ; 0.000        ; 0.483      ; 1.175      ;
; 0.418 ; fftfilter:u1|fft256:u0|asj_fft_si_sose_so_b_fft_121:asj_fft_si_sose_so_b_fft_121_inst|asj_fft_twadsogen_q_fft_121:\gen_se:gen_new:twid_factors|twad_tempo[5]                                                                                                  ; fftfilter:u1|fft256:u0|asj_fft_si_sose_so_b_fft_121:asj_fft_si_sose_so_b_fft_121_inst|asj_fft_1tdp_rom_fft_121:\gen_se:gen_new:twrom|asj_fft_twid_rom_tdp_fft_121:\gen_auto:sin_1n|altsyncram:altsyncram_component|altsyncram_he72:auto_generated|ram_block1a0~portb_address_reg0                  ; Ts_clk       ; Ts_clk      ; 0.000        ; 0.478      ; 1.170      ;
; 0.420 ; ifftout:u2|fft256:u0|asj_fft_si_sose_so_b_fft_121:asj_fft_si_sose_so_b_fft_121_inst|auk_dspip_avalon_streaming_source_fft_121:auk_dsp_atlantic_source_1|at_source_data[30]                                                                                    ; ifftout:u2|dram16_256:u2|altsyncram:altsyncram_component|altsyncram_09k1:auto_generated|ram_block1a0~porta_datain_reg0                                                                                                                                                                             ; Ts_clk       ; Ts_clk      ; 0.000        ; 0.479      ; 1.173      ;
; 0.420 ; fftfilter:u1|fft256:u0|asj_fft_si_sose_so_b_fft_121:asj_fft_si_sose_so_b_fft_121_inst|asj_fft_twadsogen_q_fft_121:\gen_se:gen_new:twid_factors|twad_tempo[3]                                                                                                  ; fftfilter:u1|fft256:u0|asj_fft_si_sose_so_b_fft_121:asj_fft_si_sose_so_b_fft_121_inst|asj_fft_1tdp_rom_fft_121:\gen_se:gen_new:twrom|asj_fft_twid_rom_tdp_fft_121:\gen_auto:sin_1n|altsyncram:altsyncram_component|altsyncram_he72:auto_generated|ram_block1a0~portb_address_reg0                  ; Ts_clk       ; Ts_clk      ; 0.000        ; 0.478      ; 1.172      ;
; 0.423 ; ifftout:u2|fft256:u0|asj_fft_si_sose_so_b_fft_121:asj_fft_si_sose_so_b_fft_121_inst|auk_dspip_avalon_streaming_sink_fft_121:auk_dsp_atlantic_sink_1|at_sink_data_int[26]                                                                                      ; ifftout:u2|fft256:u0|asj_fft_si_sose_so_b_fft_121:asj_fft_si_sose_so_b_fft_121_inst|auk_dspip_avalon_streaming_sink_fft_121:auk_dsp_atlantic_sink_1|scfifo:\normal_fifo:fifo_eab_on:in_fifo|scfifo_udh1:auto_generated|a_dpfifo_no81:dpfifo|altsyncram_ssf1:FIFOram|ram_block1a0~porta_datain_reg0 ; Ts_clk       ; Ts_clk      ; 0.000        ; 0.483      ; 1.180      ;
; 0.424 ; ifftout:u2|fft256:u0|asj_fft_si_sose_so_b_fft_121:asj_fft_si_sose_so_b_fft_121_inst|auk_dspip_avalon_streaming_source_fft_121:auk_dsp_atlantic_source_1|at_source_data[28]                                                                                    ; ifftout:u2|dram16_256:u2|altsyncram:altsyncram_component|altsyncram_09k1:auto_generated|ram_block1a0~porta_datain_reg0                                                                                                                                                                             ; Ts_clk       ; Ts_clk      ; 0.000        ; 0.479      ; 1.177      ;
; 0.424 ; ifftout:u2|fft256:u0|asj_fft_si_sose_so_b_fft_121:asj_fft_si_sose_so_b_fft_121_inst|asj_fft_unbburst_sose_ctrl_fft_121:ccc|rdaddress_a_bus[5]                                                                                                                 ; ifftout:u2|fft256:u0|asj_fft_si_sose_so_b_fft_121:asj_fft_si_sose_so_b_fft_121_inst|asj_fft_1dp_ram_fft_121:\gen_1_ram:gen_M4K:dat_A|asj_fft_data_ram_fft_121:dat_A|altsyncram:\gen_M4K:altsyncram_component|altsyncram_21t3:auto_generated|ram_block1a0~portb_address_reg0                        ; Ts_clk       ; Ts_clk      ; 0.000        ; 0.479      ; 1.177      ;
; 0.425 ; ifftout:u2|fft256:u0|asj_fft_si_sose_so_b_fft_121:asj_fft_si_sose_so_b_fft_121_inst|auk_dspip_avalon_streaming_source_fft_121:auk_dsp_atlantic_source_1|at_source_data[25]                                                                                    ; ifftout:u2|dram16_256:u2|altsyncram:altsyncram_component|altsyncram_09k1:auto_generated|ram_block1a0~porta_datain_reg0                                                                                                                                                                             ; Ts_clk       ; Ts_clk      ; 0.000        ; 0.479      ; 1.178      ;
; 0.425 ; ifftout:u2|fft256:u0|asj_fft_si_sose_so_b_fft_121:asj_fft_si_sose_so_b_fft_121_inst|auk_dspip_avalon_streaming_source_fft_121:auk_dsp_atlantic_source_1|at_source_data[27]                                                                                    ; ifftout:u2|dram16_256:u2|altsyncram:altsyncram_component|altsyncram_09k1:auto_generated|ram_block1a0~porta_datain_reg0                                                                                                                                                                             ; Ts_clk       ; Ts_clk      ; 0.000        ; 0.479      ; 1.178      ;
; 0.425 ; fftfilter:u1|fft256:u0|asj_fft_si_sose_so_b_fft_121:asj_fft_si_sose_so_b_fft_121_inst|asj_fft_twadsogen_q_fft_121:\gen_se:gen_new:twid_factors|twad_tempe[3]                                                                                                  ; fftfilter:u1|fft256:u0|asj_fft_si_sose_so_b_fft_121:asj_fft_si_sose_so_b_fft_121_inst|asj_fft_1tdp_rom_fft_121:\gen_se:gen_new:twrom|asj_fft_twid_rom_tdp_fft_121:\gen_auto:sin_1n|altsyncram:altsyncram_component|altsyncram_he72:auto_generated|ram_block1a0~porta_address_reg0                  ; Ts_clk       ; Ts_clk      ; 0.000        ; 0.477      ; 1.176      ;
; 0.427 ; fftfilter:u1|fft256:u0|asj_fft_si_sose_so_b_fft_121:asj_fft_si_sose_so_b_fft_121_inst|asj_fft_unbburst_sose_ctrl_fft_121:ccc|a_ram_data_in_bus[23]                                                                                                            ; fftfilter:u1|fft256:u0|asj_fft_si_sose_so_b_fft_121:asj_fft_si_sose_so_b_fft_121_inst|asj_fft_1dp_ram_fft_121:\gen_1_ram:gen_M4K:dat_A|asj_fft_data_ram_fft_121:dat_A|altsyncram:\gen_M4K:altsyncram_component|altsyncram_21t3:auto_generated|ram_block1a0~porta_datain_reg0                       ; Ts_clk       ; Ts_clk      ; 0.000        ; 0.479      ; 1.180      ;
; 0.427 ; ifftout:u2|fft256:u0|asj_fft_si_sose_so_b_fft_121:asj_fft_si_sose_so_b_fft_121_inst|auk_dspip_avalon_streaming_sink_fft_121:auk_dsp_atlantic_sink_1|at_sink_data_int[24]                                                                                      ; ifftout:u2|fft256:u0|asj_fft_si_sose_so_b_fft_121:asj_fft_si_sose_so_b_fft_121_inst|auk_dspip_avalon_streaming_sink_fft_121:auk_dsp_atlantic_sink_1|scfifo:\normal_fifo:fifo_eab_on:in_fifo|scfifo_udh1:auto_generated|a_dpfifo_no81:dpfifo|altsyncram_ssf1:FIFOram|ram_block1a0~porta_datain_reg0 ; Ts_clk       ; Ts_clk      ; 0.000        ; 0.483      ; 1.184      ;
; 0.428 ; fftfilter:u1|fft256:u0|asj_fft_si_sose_so_b_fft_121:asj_fft_si_sose_so_b_fft_121_inst|asj_fft_unbburst_sose_ctrl_fft_121:ccc|a_ram_data_in_bus[0]                                                                                                             ; fftfilter:u1|fft256:u0|asj_fft_si_sose_so_b_fft_121:asj_fft_si_sose_so_b_fft_121_inst|asj_fft_1dp_ram_fft_121:\gen_1_ram:gen_M4K:dat_A|asj_fft_data_ram_fft_121:dat_A|altsyncram:\gen_M4K:altsyncram_component|altsyncram_21t3:auto_generated|ram_block1a0~porta_datain_reg0                       ; Ts_clk       ; Ts_clk      ; 0.000        ; 0.480      ; 1.182      ;
; 0.428 ; fftfilter:u1|fft256:u0|asj_fft_si_sose_so_b_fft_121:asj_fft_si_sose_so_b_fft_121_inst|asj_fft_unbburst_sose_ctrl_fft_121:ccc|a_ram_data_in_bus[8]                                                                                                             ; fftfilter:u1|fft256:u0|asj_fft_si_sose_so_b_fft_121:asj_fft_si_sose_so_b_fft_121_inst|asj_fft_1dp_ram_fft_121:\gen_1_ram:gen_M4K:dat_A|asj_fft_data_ram_fft_121:dat_A|altsyncram:\gen_M4K:altsyncram_component|altsyncram_21t3:auto_generated|ram_block1a0~porta_datain_reg0                       ; Ts_clk       ; Ts_clk      ; 0.000        ; 0.478      ; 1.180      ;
; 0.428 ; ifftout:u2|fft256:u0|asj_fft_si_sose_so_b_fft_121:asj_fft_si_sose_so_b_fft_121_inst|asj_fft_unbburst_sose_ctrl_fft_121:ccc|a_ram_data_in_bus[13]                                                                                                              ; ifftout:u2|fft256:u0|asj_fft_si_sose_so_b_fft_121:asj_fft_si_sose_so_b_fft_121_inst|asj_fft_1dp_ram_fft_121:\gen_1_ram:gen_M4K:dat_A|asj_fft_data_ram_fft_121:dat_A|altsyncram:\gen_M4K:altsyncram_component|altsyncram_21t3:auto_generated|ram_block1a0~porta_datain_reg0                         ; Ts_clk       ; Ts_clk      ; 0.000        ; 0.483      ; 1.185      ;
; 0.429 ; ifftout:u2|fft256:u0|asj_fft_si_sose_so_b_fft_121:asj_fft_si_sose_so_b_fft_121_inst|auk_dspip_avalon_streaming_sink_fft_121:auk_dsp_atlantic_sink_1|at_sink_data_int[25]                                                                                      ; ifftout:u2|fft256:u0|asj_fft_si_sose_so_b_fft_121:asj_fft_si_sose_so_b_fft_121_inst|auk_dspip_avalon_streaming_sink_fft_121:auk_dsp_atlantic_sink_1|scfifo:\normal_fifo:fifo_eab_on:in_fifo|scfifo_udh1:auto_generated|a_dpfifo_no81:dpfifo|altsyncram_ssf1:FIFOram|ram_block1a0~porta_datain_reg0 ; Ts_clk       ; Ts_clk      ; 0.000        ; 0.483      ; 1.186      ;
; 0.429 ; fftfilter:u1|shifter16_256:u4|altshift_taps:ALTSHIFT_TAPS_component|shift_taps_bbv:auto_generated|cntr_ksf:cntr1|counter_reg_bit[0]                                                                                                                           ; fftfilter:u1|shifter16_256:u4|altshift_taps:ALTSHIFT_TAPS_component|shift_taps_bbv:auto_generated|altsyncram_rga1:altsyncram2|ram_block3a0~porta_address_reg0                                                                                                                                      ; Ts_clk       ; Ts_clk      ; 0.000        ; 0.473      ; 1.176      ;
; 0.429 ; fftfilter:u1|shifter16_256:u4|altshift_taps:ALTSHIFT_TAPS_component|shift_taps_bbv:auto_generated|cntr_ksf:cntr1|counter_reg_bit[0]                                                                                                                           ; fftfilter:u1|shifter16_256:u4|altshift_taps:ALTSHIFT_TAPS_component|shift_taps_bbv:auto_generated|altsyncram_rga1:altsyncram2|ram_block3a0~portb_address_reg0                                                                                                                                      ; Ts_clk       ; Ts_clk      ; 0.000        ; 0.474      ; 1.177      ;
; 0.430 ; ifftout:u2|fft256:u0|asj_fft_si_sose_so_b_fft_121:asj_fft_si_sose_so_b_fft_121_inst|auk_dspip_avalon_streaming_source_fft_121:auk_dsp_atlantic_source_1|at_source_data[31]                                                                                    ; ifftout:u2|dram16_256:u2|altsyncram:altsyncram_component|altsyncram_09k1:auto_generated|ram_block1a0~porta_datain_reg0                                                                                                                                                                             ; Ts_clk       ; Ts_clk      ; 0.000        ; 0.479      ; 1.183      ;
; 0.431 ; fftfilter:u1|fft256:u0|asj_fft_si_sose_so_b_fft_121:asj_fft_si_sose_so_b_fft_121_inst|asj_fft_unbburst_sose_ctrl_fft_121:ccc|a_ram_data_in_bus[18]                                                                                                            ; fftfilter:u1|fft256:u0|asj_fft_si_sose_so_b_fft_121:asj_fft_si_sose_so_b_fft_121_inst|asj_fft_1dp_ram_fft_121:\gen_1_ram:gen_M4K:dat_A|asj_fft_data_ram_fft_121:dat_A|altsyncram:\gen_M4K:altsyncram_component|altsyncram_21t3:auto_generated|ram_block1a0~porta_datain_reg0                       ; Ts_clk       ; Ts_clk      ; 0.000        ; 0.478      ; 1.183      ;
; 0.431 ; ifftout:u2|fft256:u0|asj_fft_si_sose_so_b_fft_121:asj_fft_si_sose_so_b_fft_121_inst|auk_dspip_avalon_streaming_source_fft_121:auk_dsp_atlantic_source_1|at_source_data[29]                                                                                    ; ifftout:u2|dram16_256:u2|altsyncram:altsyncram_component|altsyncram_09k1:auto_generated|ram_block1a0~porta_datain_reg0                                                                                                                                                                             ; Ts_clk       ; Ts_clk      ; 0.000        ; 0.479      ; 1.184      ;
; 0.432 ; fftfilter:u1|fft256:u0|asj_fft_si_sose_so_b_fft_121:asj_fft_si_sose_so_b_fft_121_inst|asj_fft_unbburst_sose_ctrl_fft_121:ccc|a_ram_data_in_bus[1]                                                                                                             ; fftfilter:u1|fft256:u0|asj_fft_si_sose_so_b_fft_121:asj_fft_si_sose_so_b_fft_121_inst|asj_fft_1dp_ram_fft_121:\gen_1_ram:gen_M4K:dat_A|asj_fft_data_ram_fft_121:dat_A|altsyncram:\gen_M4K:altsyncram_component|altsyncram_21t3:auto_generated|ram_block1a0~porta_datain_reg0                       ; Ts_clk       ; Ts_clk      ; 0.000        ; 0.480      ; 1.186      ;
; 0.432 ; fftfilter:u1|fft256:u0|asj_fft_si_sose_so_b_fft_121:asj_fft_si_sose_so_b_fft_121_inst|asj_fft_unbburst_sose_ctrl_fft_121:ccc|a_ram_data_in_bus[22]                                                                                                            ; fftfilter:u1|fft256:u0|asj_fft_si_sose_so_b_fft_121:asj_fft_si_sose_so_b_fft_121_inst|asj_fft_1dp_ram_fft_121:\gen_1_ram:gen_M4K:dat_A|asj_fft_data_ram_fft_121:dat_A|altsyncram:\gen_M4K:altsyncram_component|altsyncram_21t3:auto_generated|ram_block1a0~porta_datain_reg0                       ; Ts_clk       ; Ts_clk      ; 0.000        ; 0.478      ; 1.184      ;
; 0.432 ; ifftout:u2|fft256:u0|asj_fft_si_sose_so_b_fft_121:asj_fft_si_sose_so_b_fft_121_inst|auk_dspip_avalon_streaming_source_fft_121:auk_dsp_atlantic_source_1|at_source_data[23]                                                                                    ; ifftout:u2|dram16_256:u2|altsyncram:altsyncram_component|altsyncram_09k1:auto_generated|ram_block1a0~porta_datain_reg0                                                                                                                                                                             ; Ts_clk       ; Ts_clk      ; 0.000        ; 0.479      ; 1.185      ;
; 0.433 ; ifftout:u2|fft256:u0|asj_fft_si_sose_so_b_fft_121:asj_fft_si_sose_so_b_fft_121_inst|auk_dspip_avalon_streaming_sink_fft_121:auk_dsp_atlantic_sink_1|at_sink_data_int[2]                                                                                       ; ifftout:u2|fft256:u0|asj_fft_si_sose_so_b_fft_121:asj_fft_si_sose_so_b_fft_121_inst|auk_dspip_avalon_streaming_sink_fft_121:auk_dsp_atlantic_sink_1|scfifo:\normal_fifo:fifo_eab_on:in_fifo|scfifo_udh1:auto_generated|a_dpfifo_no81:dpfifo|altsyncram_ssf1:FIFOram|ram_block1a0~porta_datain_reg0 ; Ts_clk       ; Ts_clk      ; 0.000        ; 0.483      ; 1.190      ;
; 0.433 ; ifftout:u2|fft256:u0|asj_fft_si_sose_so_b_fft_121:asj_fft_si_sose_so_b_fft_121_inst|asj_fft_unbburst_sose_ctrl_fft_121:ccc|a_ram_data_in_bus[7]                                                                                                               ; ifftout:u2|fft256:u0|asj_fft_si_sose_so_b_fft_121:asj_fft_si_sose_so_b_fft_121_inst|asj_fft_1dp_ram_fft_121:\gen_1_ram:gen_M4K:dat_A|asj_fft_data_ram_fft_121:dat_A|altsyncram:\gen_M4K:altsyncram_component|altsyncram_21t3:auto_generated|ram_block1a0~porta_datain_reg0                         ; Ts_clk       ; Ts_clk      ; 0.000        ; 0.480      ; 1.187      ;
; 0.434 ; window:u0|count[3]                                                                                                                                                                                                                                            ; window:u0|count[3]                                                                                                                                                                                                                                                                                 ; Ts_clk       ; Ts_clk      ; 0.000        ; 0.080      ; 0.746      ;
; 0.434 ; window:u0|count[2]                                                                                                                                                                                                                                            ; window:u0|count[2]                                                                                                                                                                                                                                                                                 ; Ts_clk       ; Ts_clk      ; 0.000        ; 0.080      ; 0.746      ;
; 0.434 ; fftfilter:u1|fft256:u0|asj_fft_si_sose_so_b_fft_121:asj_fft_si_sose_so_b_fft_121_inst|auk_dspip_avalon_streaming_sink_fft_121:auk_dsp_atlantic_sink_1|sink_out_state.normal                                                                                   ; fftfilter:u1|fft256:u0|asj_fft_si_sose_so_b_fft_121:asj_fft_si_sose_so_b_fft_121_inst|auk_dspip_avalon_streaming_sink_fft_121:auk_dsp_atlantic_sink_1|sink_out_state.normal                                                                                                                        ; Ts_clk       ; Ts_clk      ; 0.000        ; 0.080      ; 0.746      ;
; 0.434 ; fftfilter:u1|fft256:u0|asj_fft_si_sose_so_b_fft_121:asj_fft_si_sose_so_b_fft_121_inst|auk_dspip_avalon_streaming_sink_fft_121:auk_dsp_atlantic_sink_1|sink_start                                                                                              ; fftfilter:u1|fft256:u0|asj_fft_si_sose_so_b_fft_121:asj_fft_si_sose_so_b_fft_121_inst|auk_dspip_avalon_streaming_sink_fft_121:auk_dsp_atlantic_sink_1|sink_start                                                                                                                                   ; Ts_clk       ; Ts_clk      ; 0.000        ; 0.080      ; 0.746      ;
; 0.434 ; fftfilter:u1|fft256:u0|asj_fft_si_sose_so_b_fft_121:asj_fft_si_sose_so_b_fft_121_inst|auk_dspip_avalon_streaming_sink_fft_121:auk_dsp_atlantic_sink_1|scfifo:\normal_fifo:fifo_eab_on:in_fifo|scfifo_udh1:auto_generated|a_dpfifo_no81:dpfifo|usedw_is_0_dff  ; fftfilter:u1|fft256:u0|asj_fft_si_sose_so_b_fft_121:asj_fft_si_sose_so_b_fft_121_inst|auk_dspip_avalon_streaming_sink_fft_121:auk_dsp_atlantic_sink_1|scfifo:\normal_fifo:fifo_eab_on:in_fifo|scfifo_udh1:auto_generated|a_dpfifo_no81:dpfifo|usedw_is_0_dff                                       ; Ts_clk       ; Ts_clk      ; 0.000        ; 0.080      ; 0.746      ;
; 0.434 ; fftfilter:u1|fft256:u0|asj_fft_si_sose_so_b_fft_121:asj_fft_si_sose_so_b_fft_121_inst|asj_fft_unbburst_sose_ctrl_fft_121:ccc|a_ram_data_in_bus[24]                                                                                                            ; fftfilter:u1|fft256:u0|asj_fft_si_sose_so_b_fft_121:asj_fft_si_sose_so_b_fft_121_inst|asj_fft_1dp_ram_fft_121:\gen_1_ram:gen_M4K:dat_A|asj_fft_data_ram_fft_121:dat_A|altsyncram:\gen_M4K:altsyncram_component|altsyncram_21t3:auto_generated|ram_block1a0~porta_datain_reg0                       ; Ts_clk       ; Ts_clk      ; 0.000        ; 0.479      ; 1.187      ;
; 0.434 ; ifftout:u2|fft256:u0|asj_fft_si_sose_so_b_fft_121:asj_fft_si_sose_so_b_fft_121_inst|auk_dspip_avalon_streaming_sink_fft_121:auk_dsp_atlantic_sink_1|max_reached                                                                                               ; ifftout:u2|fft256:u0|asj_fft_si_sose_so_b_fft_121:asj_fft_si_sose_so_b_fft_121_inst|auk_dspip_avalon_streaming_sink_fft_121:auk_dsp_atlantic_sink_1|max_reached                                                                                                                                    ; Ts_clk       ; Ts_clk      ; 0.000        ; 0.080      ; 0.746      ;
; 0.434 ; fftfilter:u1|fft256:u0|asj_fft_si_sose_so_b_fft_121:asj_fft_si_sose_so_b_fft_121_inst|auk_dspip_avalon_streaming_sink_fft_121:auk_dsp_atlantic_sink_1|scfifo:\normal_fifo:fifo_eab_on:in_fifo|scfifo_udh1:auto_generated|dffe_af                              ; fftfilter:u1|fft256:u0|asj_fft_si_sose_so_b_fft_121:asj_fft_si_sose_so_b_fft_121_inst|auk_dspip_avalon_streaming_sink_fft_121:auk_dsp_atlantic_sink_1|scfifo:\normal_fifo:fifo_eab_on:in_fifo|scfifo_udh1:auto_generated|dffe_af                                                                   ; Ts_clk       ; Ts_clk      ; 0.000        ; 0.080      ; 0.746      ;
; 0.434 ; ifftout:u2|fft256:u0|asj_fft_si_sose_so_b_fft_121:asj_fft_si_sose_so_b_fft_121_inst|auk_dspip_avalon_streaming_sink_fft_121:auk_dsp_atlantic_sink_1|sink_state.start                                                                                          ; ifftout:u2|fft256:u0|asj_fft_si_sose_so_b_fft_121:asj_fft_si_sose_so_b_fft_121_inst|auk_dspip_avalon_streaming_sink_fft_121:auk_dsp_atlantic_sink_1|sink_state.start                                                                                                                               ; Ts_clk       ; Ts_clk      ; 0.000        ; 0.080      ; 0.746      ;
; 0.434 ; ifftout:u2|fft256:u0|asj_fft_si_sose_so_b_fft_121:asj_fft_si_sose_so_b_fft_121_inst|auk_dspip_avalon_streaming_sink_fft_121:auk_dsp_atlantic_sink_1|scfifo:\normal_fifo:fifo_eab_on:in_fifo|scfifo_udh1:auto_generated|a_dpfifo_no81:dpfifo|usedw_is_0_dff    ; ifftout:u2|fft256:u0|asj_fft_si_sose_so_b_fft_121:asj_fft_si_sose_so_b_fft_121_inst|auk_dspip_avalon_streaming_sink_fft_121:auk_dsp_atlantic_sink_1|scfifo:\normal_fifo:fifo_eab_on:in_fifo|scfifo_udh1:auto_generated|a_dpfifo_no81:dpfifo|usedw_is_0_dff                                         ; Ts_clk       ; Ts_clk      ; 0.000        ; 0.080      ; 0.746      ;
; 0.435 ; ifftout:u2|rdce_aft                                                                                                                                                                                                                                           ; ifftout:u2|rdce_aft                                                                                                                                                                                                                                                                                ; Ts_clk       ; Ts_clk      ; 0.000        ; 0.079      ; 0.746      ;
; 0.435 ; ifftout:u2|rdce_pre                                                                                                                                                                                                                                           ; ifftout:u2|rdce_pre                                                                                                                                                                                                                                                                                ; Ts_clk       ; Ts_clk      ; 0.000        ; 0.079      ; 0.746      ;
; 0.435 ; fftfilter:u1|altshift_taps:xkre0_rtl_0|shift_taps_ckm:auto_generated|cntr_6pf:cntr1|counter_reg_bit[0]                                                                                                                                                        ; fftfilter:u1|altshift_taps:xkre0_rtl_0|shift_taps_ckm:auto_generated|cntr_6pf:cntr1|counter_reg_bit[0]                                                                                                                                                                                             ; Ts_clk       ; Ts_clk      ; 0.000        ; 0.079      ; 0.746      ;
; 0.435 ; fftfilter:u1|fft256:u0|asj_fft_si_sose_so_b_fft_121:asj_fft_si_sose_so_b_fft_121_inst|auk_dspip_avalon_streaming_source_fft_121:auk_dsp_atlantic_source_1|was_stalled                                                                                         ; fftfilter:u1|fft256:u0|asj_fft_si_sose_so_b_fft_121:asj_fft_si_sose_so_b_fft_121_inst|auk_dspip_avalon_streaming_source_fft_121:auk_dsp_atlantic_source_1|was_stalled                                                                                                                              ; Ts_clk       ; Ts_clk      ; 0.000        ; 0.079      ; 0.746      ;
; 0.435 ; fftfilter:u1|fft256:u0|asj_fft_si_sose_so_b_fft_121:asj_fft_si_sose_so_b_fft_121_inst|asj_fft_unbburst_sose_ctrl_fft_121:ccc|a_ram_data_in_bus[4]                                                                                                             ; fftfilter:u1|fft256:u0|asj_fft_si_sose_so_b_fft_121:asj_fft_si_sose_so_b_fft_121_inst|asj_fft_1dp_ram_fft_121:\gen_1_ram:gen_M4K:dat_A|asj_fft_data_ram_fft_121:dat_A|altsyncram:\gen_M4K:altsyncram_component|altsyncram_21t3:auto_generated|ram_block1a0~porta_datain_reg0                       ; Ts_clk       ; Ts_clk      ; 0.000        ; 0.478      ; 1.187      ;
; 0.435 ; fftfilter:u1|fft256:u0|asj_fft_si_sose_so_b_fft_121:asj_fft_si_sose_so_b_fft_121_inst|sop                                                                                                                                                                     ; fftfilter:u1|fft256:u0|asj_fft_si_sose_so_b_fft_121:asj_fft_si_sose_so_b_fft_121_inst|sop                                                                                                                                                                                                          ; Ts_clk       ; Ts_clk      ; 0.000        ; 0.079      ; 0.746      ;
; 0.435 ; fftfilter:u1|fft256:u0|asj_fft_si_sose_so_b_fft_121:asj_fft_si_sose_so_b_fft_121_inst|fft_s2_cur.START_LPP                                                                                                                                                    ; fftfilter:u1|fft256:u0|asj_fft_si_sose_so_b_fft_121:asj_fft_si_sose_so_b_fft_121_inst|fft_s2_cur.START_LPP                                                                                                                                                                                         ; Ts_clk       ; Ts_clk      ; 0.000        ; 0.079      ; 0.746      ;
; 0.435 ; fftfilter:u1|fft256:u0|asj_fft_si_sose_so_b_fft_121:asj_fft_si_sose_so_b_fft_121_inst|fft_s2_cur.WAIT_FOR_LPP_INPUT                                                                                                                                           ; fftfilter:u1|fft256:u0|asj_fft_si_sose_so_b_fft_121:asj_fft_si_sose_so_b_fft_121_inst|fft_s2_cur.WAIT_FOR_LPP_INPUT                                                                                                                                                                                ; Ts_clk       ; Ts_clk      ; 0.000        ; 0.079      ; 0.746      ;
; 0.435 ; fftfilter:u1|fft256:u0|asj_fft_si_sose_so_b_fft_121:asj_fft_si_sose_so_b_fft_121_inst|fft_s2_cur.LPP_OUTPUT_RDY                                                                                                                                               ; fftfilter:u1|fft256:u0|asj_fft_si_sose_so_b_fft_121:asj_fft_si_sose_so_b_fft_121_inst|fft_s2_cur.LPP_OUTPUT_RDY                                                                                                                                                                                    ; Ts_clk       ; Ts_clk      ; 0.000        ; 0.079      ; 0.746      ;
; 0.435 ; fftfilter:u1|fft256:u0|asj_fft_si_sose_so_b_fft_121:asj_fft_si_sose_so_b_fft_121_inst|fft_s1_cur.NO_WRITE                                                                                                                                                     ; fftfilter:u1|fft256:u0|asj_fft_si_sose_so_b_fft_121:asj_fft_si_sose_so_b_fft_121_inst|fft_s1_cur.NO_WRITE                                                                                                                                                                                          ; Ts_clk       ; Ts_clk      ; 0.000        ; 0.079      ; 0.746      ;
; 0.435 ; fftfilter:u1|fft256:u0|asj_fft_si_sose_so_b_fft_121:asj_fft_si_sose_so_b_fft_121_inst|fft_s1_cur.WRITE_INPUT                                                                                                                                                  ; fftfilter:u1|fft256:u0|asj_fft_si_sose_so_b_fft_121:asj_fft_si_sose_so_b_fft_121_inst|fft_s1_cur.WRITE_INPUT                                                                                                                                                                                       ; Ts_clk       ; Ts_clk      ; 0.000        ; 0.079      ; 0.746      ;
; 0.435 ; fftfilter:u1|fft256:u0|asj_fft_si_sose_so_b_fft_121:asj_fft_si_sose_so_b_fft_121_inst|fft_s1_cur.EARLY_DONE                                                                                                                                                   ; fftfilter:u1|fft256:u0|asj_fft_si_sose_so_b_fft_121:asj_fft_si_sose_so_b_fft_121_inst|fft_s1_cur.EARLY_DONE                                                                                                                                                                                        ; Ts_clk       ; Ts_clk      ; 0.000        ; 0.079      ; 0.746      ;
; 0.435 ; fftfilter:u1|fft256:u0|asj_fft_si_sose_so_b_fft_121:asj_fft_si_sose_so_b_fft_121_inst|fft_s1_cur.DONE_WRITING                                                                                                                                                 ; fftfilter:u1|fft256:u0|asj_fft_si_sose_so_b_fft_121:asj_fft_si_sose_so_b_fft_121_inst|fft_s1_cur.DONE_WRITING                                                                                                                                                                                      ; Ts_clk       ; Ts_clk      ; 0.000        ; 0.079      ; 0.746      ;
; 0.435 ; fftfilter:u1|fft256:u0|asj_fft_si_sose_so_b_fft_121:asj_fft_si_sose_so_b_fft_121_inst|fft_s1_cur.WAIT_FOR_INPUT                                                                                                                                               ; fftfilter:u1|fft256:u0|asj_fft_si_sose_so_b_fft_121:asj_fft_si_sose_so_b_fft_121_inst|fft_s1_cur.WAIT_FOR_INPUT                                                                                                                                                                                    ; Ts_clk       ; Ts_clk      ; 0.000        ; 0.079      ; 0.746      ;
; 0.435 ; fftfilter:u1|fft256:u0|asj_fft_si_sose_so_b_fft_121:asj_fft_si_sose_so_b_fft_121_inst|fft_s1_cur.FFT_PROCESS_A                                                                                                                                                ; fftfilter:u1|fft256:u0|asj_fft_si_sose_so_b_fft_121:asj_fft_si_sose_so_b_fft_121_inst|fft_s1_cur.FFT_PROCESS_A                                                                                                                                                                                     ; Ts_clk       ; Ts_clk      ; 0.000        ; 0.079      ; 0.746      ;
; 0.435 ; fftfilter:u1|fft256:u0|asj_fft_si_sose_so_b_fft_121:asj_fft_si_sose_so_b_fft_121_inst|asj_fft_in_write_sgl_fft_121:writer|burst_count_en                                                                                                                      ; fftfilter:u1|fft256:u0|asj_fft_si_sose_so_b_fft_121:asj_fft_si_sose_so_b_fft_121_inst|asj_fft_in_write_sgl_fft_121:writer|burst_count_en                                                                                                                                                           ; Ts_clk       ; Ts_clk      ; 0.000        ; 0.079      ; 0.746      ;
; 0.435 ; fftfilter:u1|fft256:u0|asj_fft_si_sose_so_b_fft_121:asj_fft_si_sose_so_b_fft_121_inst|auk_dspip_avalon_streaming_sink_fft_121:auk_dsp_atlantic_sink_1|scfifo:\normal_fifo:fifo_eab_on:in_fifo|scfifo_udh1:auto_generated|a_dpfifo_no81:dpfifo|low_addressa[0] ; fftfilter:u1|fft256:u0|asj_fft_si_sose_so_b_fft_121:asj_fft_si_sose_so_b_fft_121_inst|auk_dspip_avalon_streaming_sink_fft_121:auk_dsp_atlantic_sink_1|scfifo:\normal_fifo:fifo_eab_on:in_fifo|scfifo_udh1:auto_generated|a_dpfifo_no81:dpfifo|low_addressa[0]                                      ; Ts_clk       ; Ts_clk      ; 0.000        ; 0.079      ; 0.746      ;
; 0.435 ; fftfilter:u1|fft256:u0|asj_fft_si_sose_so_b_fft_121:asj_fft_si_sose_so_b_fft_121_inst|auk_dspip_avalon_streaming_sink_fft_121:auk_dsp_atlantic_sink_1|scfifo:\normal_fifo:fifo_eab_on:in_fifo|scfifo_udh1:auto_generated|a_dpfifo_no81:dpfifo|low_addressa[1] ; fftfilter:u1|fft256:u0|asj_fft_si_sose_so_b_fft_121:asj_fft_si_sose_so_b_fft_121_inst|auk_dspip_avalon_streaming_sink_fft_121:auk_dsp_atlantic_sink_1|scfifo:\normal_fifo:fifo_eab_on:in_fifo|scfifo_udh1:auto_generated|a_dpfifo_no81:dpfifo|low_addressa[1]                                      ; Ts_clk       ; Ts_clk      ; 0.000        ; 0.079      ; 0.746      ;
; 0.435 ; fftfilter:u1|fft256:u0|asj_fft_si_sose_so_b_fft_121:asj_fft_si_sose_so_b_fft_121_inst|auk_dspip_avalon_streaming_sink_fft_121:auk_dsp_atlantic_sink_1|scfifo:\normal_fifo:fifo_eab_on:in_fifo|scfifo_udh1:auto_generated|a_dpfifo_no81:dpfifo|low_addressa[2] ; fftfilter:u1|fft256:u0|asj_fft_si_sose_so_b_fft_121:asj_fft_si_sose_so_b_fft_121_inst|auk_dspip_avalon_streaming_sink_fft_121:auk_dsp_atlantic_sink_1|scfifo:\normal_fifo:fifo_eab_on:in_fifo|scfifo_udh1:auto_generated|a_dpfifo_no81:dpfifo|low_addressa[2]                                      ; Ts_clk       ; Ts_clk      ; 0.000        ; 0.079      ; 0.746      ;
; 0.435 ; fftfilter:u1|fft256:u0|asj_fft_si_sose_so_b_fft_121:asj_fft_si_sose_so_b_fft_121_inst|asj_fft_dft_bfp_sgl_fft_121:\gen_se:bfpdft|asj_fft_bfp_o_fft_121:bfp_detect|sdet.BLOCK_READY                                                                            ; fftfilter:u1|fft256:u0|asj_fft_si_sose_so_b_fft_121:asj_fft_si_sose_so_b_fft_121_inst|asj_fft_dft_bfp_sgl_fft_121:\gen_se:bfpdft|asj_fft_bfp_o_fft_121:bfp_detect|sdet.BLOCK_READY                                                                                                                 ; Ts_clk       ; Ts_clk      ; 0.000        ; 0.079      ; 0.746      ;
; 0.435 ; fftfilter:u1|fft256:u0|asj_fft_si_sose_so_b_fft_121:asj_fft_si_sose_so_b_fft_121_inst|asj_fft_dft_bfp_sgl_fft_121:\gen_se:bfpdft|asj_fft_bfp_o_fft_121:bfp_detect|gain_lut_blk[0]                                                                             ; fftfilter:u1|fft256:u0|asj_fft_si_sose_so_b_fft_121:asj_fft_si_sose_so_b_fft_121_inst|asj_fft_dft_bfp_sgl_fft_121:\gen_se:bfpdft|asj_fft_bfp_o_fft_121:bfp_detect|gain_lut_blk[0]                                                                                                                  ; Ts_clk       ; Ts_clk      ; 0.000        ; 0.079      ; 0.746      ;
; 0.435 ; fftfilter:u1|fft256:u0|asj_fft_si_sose_so_b_fft_121:asj_fft_si_sose_so_b_fft_121_inst|asj_fft_dft_bfp_sgl_fft_121:\gen_se:bfpdft|asj_fft_bfp_o_fft_121:bfp_detect|gain_lut_blk[1]                                                                             ; fftfilter:u1|fft256:u0|asj_fft_si_sose_so_b_fft_121:asj_fft_si_sose_so_b_fft_121_inst|asj_fft_dft_bfp_sgl_fft_121:\gen_se:bfpdft|asj_fft_bfp_o_fft_121:bfp_detect|gain_lut_blk[1]                                                                                                                  ; Ts_clk       ; Ts_clk      ; 0.000        ; 0.079      ; 0.746      ;
; 0.435 ; fftfilter:u1|fft256:u0|asj_fft_si_sose_so_b_fft_121:asj_fft_si_sose_so_b_fft_121_inst|asj_fft_dft_bfp_sgl_fft_121:\gen_se:bfpdft|asj_fft_bfp_o_fft_121:bfp_detect|gain_lut_blk[2]                                                                             ; fftfilter:u1|fft256:u0|asj_fft_si_sose_so_b_fft_121:asj_fft_si_sose_so_b_fft_121_inst|asj_fft_dft_bfp_sgl_fft_121:\gen_se:bfpdft|asj_fft_bfp_o_fft_121:bfp_detect|gain_lut_blk[2]                                                                                                                  ; Ts_clk       ; Ts_clk      ; 0.000        ; 0.079      ; 0.746      ;
; 0.435 ; fftfilter:u1|fft256:u0|asj_fft_si_sose_so_b_fft_121:asj_fft_si_sose_so_b_fft_121_inst|asj_fft_dft_bfp_sgl_fft_121:\gen_se:bfpdft|asj_fft_bfp_o_fft_121:bfp_detect|gain_lut_blk[3]                                                                             ; fftfilter:u1|fft256:u0|asj_fft_si_sose_so_b_fft_121:asj_fft_si_sose_so_b_fft_121_inst|asj_fft_dft_bfp_sgl_fft_121:\gen_se:bfpdft|asj_fft_bfp_o_fft_121:bfp_detect|gain_lut_blk[3]                                                                                                                  ; Ts_clk       ; Ts_clk      ; 0.000        ; 0.079      ; 0.746      ;
; 0.435 ; fftfilter:u1|fft256:u0|asj_fft_si_sose_so_b_fft_121:asj_fft_si_sose_so_b_fft_121_inst|asj_fft_dft_bfp_sgl_fft_121:\gen_se:bfpdft|asj_fft_bfp_o_fft_121:bfp_detect|sdet.ENABLE                                                                                 ; fftfilter:u1|fft256:u0|asj_fft_si_sose_so_b_fft_121:asj_fft_si_sose_so_b_fft_121_inst|asj_fft_dft_bfp_sgl_fft_121:\gen_se:bfpdft|asj_fft_bfp_o_fft_121:bfp_detect|sdet.ENABLE                                                                                                                      ; Ts_clk       ; Ts_clk      ; 0.000        ; 0.079      ; 0.746      ;
; 0.435 ; fftfilter:u1|fft256:u0|asj_fft_si_sose_so_b_fft_121:asj_fft_si_sose_so_b_fft_121_inst|asj_fft_dft_bfp_sgl_fft_121:\gen_se:bfpdft|asj_fft_bfp_o_fft_121:bfp_detect|sdet.DISABLE                                                                                ; fftfilter:u1|fft256:u0|asj_fft_si_sose_so_b_fft_121:asj_fft_si_sose_so_b_fft_121_inst|asj_fft_dft_bfp_sgl_fft_121:\gen_se:bfpdft|asj_fft_bfp_o_fft_121:bfp_detect|sdet.DISABLE                                                                                                                     ; Ts_clk       ; Ts_clk      ; 0.000        ; 0.079      ; 0.746      ;
; 0.435 ; ifftout:u2|fft256:u0|asj_fft_si_sose_so_b_fft_121:asj_fft_si_sose_so_b_fft_121_inst|auk_dspip_avalon_streaming_sink_fft_121:auk_dsp_atlantic_sink_1|scfifo:\normal_fifo:fifo_eab_on:in_fifo|scfifo_udh1:auto_generated|a_dpfifo_no81:dpfifo|low_addressa[0]   ; ifftout:u2|fft256:u0|asj_fft_si_sose_so_b_fft_121:asj_fft_si_sose_so_b_fft_121_inst|auk_dspip_avalon_streaming_sink_fft_121:auk_dsp_atlantic_sink_1|scfifo:\normal_fifo:fifo_eab_on:in_fifo|scfifo_udh1:auto_generated|a_dpfifo_no81:dpfifo|low_addressa[0]                                        ; Ts_clk       ; Ts_clk      ; 0.000        ; 0.079      ; 0.746      ;
; 0.435 ; ifftout:u2|fft256:u0|asj_fft_si_sose_so_b_fft_121:asj_fft_si_sose_so_b_fft_121_inst|auk_dspip_avalon_streaming_sink_fft_121:auk_dsp_atlantic_sink_1|scfifo:\normal_fifo:fifo_eab_on:in_fifo|scfifo_udh1:auto_generated|a_dpfifo_no81:dpfifo|low_addressa[1]   ; ifftout:u2|fft256:u0|asj_fft_si_sose_so_b_fft_121:asj_fft_si_sose_so_b_fft_121_inst|auk_dspip_avalon_streaming_sink_fft_121:auk_dsp_atlantic_sink_1|scfifo:\normal_fifo:fifo_eab_on:in_fifo|scfifo_udh1:auto_generated|a_dpfifo_no81:dpfifo|low_addressa[1]                                        ; Ts_clk       ; Ts_clk      ; 0.000        ; 0.079      ; 0.746      ;
; 0.435 ; ifftout:u2|fft256:u0|asj_fft_si_sose_so_b_fft_121:asj_fft_si_sose_so_b_fft_121_inst|auk_dspip_avalon_streaming_sink_fft_121:auk_dsp_atlantic_sink_1|scfifo:\normal_fifo:fifo_eab_on:in_fifo|scfifo_udh1:auto_generated|a_dpfifo_no81:dpfifo|low_addressa[2]   ; ifftout:u2|fft256:u0|asj_fft_si_sose_so_b_fft_121:asj_fft_si_sose_so_b_fft_121_inst|auk_dspip_avalon_streaming_sink_fft_121:auk_dsp_atlantic_sink_1|scfifo:\normal_fifo:fifo_eab_on:in_fifo|scfifo_udh1:auto_generated|a_dpfifo_no81:dpfifo|low_addressa[2]                                        ; Ts_clk       ; Ts_clk      ; 0.000        ; 0.079      ; 0.746      ;
; 0.435 ; fftfilter:u1|fft256:u0|asj_fft_si_sose_so_b_fft_121:asj_fft_si_sose_so_b_fft_121_inst|auk_dspip_avalon_streaming_sink_fft_121:auk_dsp_atlantic_sink_1|max_reached                                                                                             ; fftfilter:u1|fft256:u0|asj_fft_si_sose_so_b_fft_121:asj_fft_si_sose_so_b_fft_121_inst|auk_dspip_avalon_streaming_sink_fft_121:auk_dsp_atlantic_sink_1|max_reached                                                                                                                                  ; Ts_clk       ; Ts_clk      ; 0.000        ; 0.079      ; 0.746      ;
; 0.435 ; fftfilter:u1|fft256:u0|asj_fft_si_sose_so_b_fft_121:asj_fft_si_sose_so_b_fft_121_inst|auk_dspip_avalon_streaming_sink_fft_121:auk_dsp_atlantic_sink_1|sink_state.start                                                                                        ; fftfilter:u1|fft256:u0|asj_fft_si_sose_so_b_fft_121:asj_fft_si_sose_so_b_fft_121_inst|auk_dspip_avalon_streaming_sink_fft_121:auk_dsp_atlantic_sink_1|sink_state.start                                                                                                                             ; Ts_clk       ; Ts_clk      ; 0.000        ; 0.079      ; 0.746      ;
+-------+---------------------------------------------------------------------------------------------------------------------------------------------------------------------------------------------------------------------------------------------------------------+----------------------------------------------------------------------------------------------------------------------------------------------------------------------------------------------------------------------------------------------------------------------------------------------------+--------------+-------------+--------------+------------+------------+


+----------------------------------------------------------------------------------------------------------------------------------------------------------------------------------------------------------------------------------------------------------------------------+
; Slow 1200mV 85C Model Recovery: 'Ts_clk'                                                                                                                                                                                                                                   ;
+--------+----------------------------------------------------------------------------+----------------------------------------------------------------------------------------------------------------+--------------+-------------+--------------+------------+------------+
; Slack  ; From Node                                                                  ; To Node                                                                                                        ; Launch Clock ; Latch Clock ; Relationship ; Clock Skew ; Data Delay ;
+--------+----------------------------------------------------------------------------+----------------------------------------------------------------------------------------------------------------+--------------+-------------+--------------+------------+------------+
; 17.384 ; fftfilter:u1|altshift_taps:xkre0_rtl_0|shift_taps_ckm:auto_generated|dffe6 ; fftfilter:u1|altshift_taps:xkre0_rtl_0|shift_taps_ckm:auto_generated|altsyncram_t861:altsyncram4|ram_block7a0  ; Ts_clk       ; Ts_clk      ; 20.000       ; 0.293      ; 2.825      ;
; 17.384 ; fftfilter:u1|altshift_taps:xkre0_rtl_0|shift_taps_ckm:auto_generated|dffe6 ; fftfilter:u1|altshift_taps:xkre0_rtl_0|shift_taps_ckm:auto_generated|altsyncram_t861:altsyncram4|ram_block7a1  ; Ts_clk       ; Ts_clk      ; 20.000       ; 0.293      ; 2.825      ;
; 17.384 ; fftfilter:u1|altshift_taps:xkre0_rtl_0|shift_taps_ckm:auto_generated|dffe6 ; fftfilter:u1|altshift_taps:xkre0_rtl_0|shift_taps_ckm:auto_generated|altsyncram_t861:altsyncram4|ram_block7a2  ; Ts_clk       ; Ts_clk      ; 20.000       ; 0.293      ; 2.825      ;
; 17.384 ; fftfilter:u1|altshift_taps:xkre0_rtl_0|shift_taps_ckm:auto_generated|dffe6 ; fftfilter:u1|altshift_taps:xkre0_rtl_0|shift_taps_ckm:auto_generated|altsyncram_t861:altsyncram4|ram_block7a3  ; Ts_clk       ; Ts_clk      ; 20.000       ; 0.293      ; 2.825      ;
; 17.384 ; fftfilter:u1|altshift_taps:xkre0_rtl_0|shift_taps_ckm:auto_generated|dffe6 ; fftfilter:u1|altshift_taps:xkre0_rtl_0|shift_taps_ckm:auto_generated|altsyncram_t861:altsyncram4|ram_block7a4  ; Ts_clk       ; Ts_clk      ; 20.000       ; 0.293      ; 2.825      ;
; 17.384 ; fftfilter:u1|altshift_taps:xkre0_rtl_0|shift_taps_ckm:auto_generated|dffe6 ; fftfilter:u1|altshift_taps:xkre0_rtl_0|shift_taps_ckm:auto_generated|altsyncram_t861:altsyncram4|ram_block7a5  ; Ts_clk       ; Ts_clk      ; 20.000       ; 0.293      ; 2.825      ;
; 17.384 ; fftfilter:u1|altshift_taps:xkre0_rtl_0|shift_taps_ckm:auto_generated|dffe6 ; fftfilter:u1|altshift_taps:xkre0_rtl_0|shift_taps_ckm:auto_generated|altsyncram_t861:altsyncram4|ram_block7a6  ; Ts_clk       ; Ts_clk      ; 20.000       ; 0.293      ; 2.825      ;
; 17.384 ; fftfilter:u1|altshift_taps:xkre0_rtl_0|shift_taps_ckm:auto_generated|dffe6 ; fftfilter:u1|altshift_taps:xkre0_rtl_0|shift_taps_ckm:auto_generated|altsyncram_t861:altsyncram4|ram_block7a7  ; Ts_clk       ; Ts_clk      ; 20.000       ; 0.293      ; 2.825      ;
; 17.384 ; fftfilter:u1|altshift_taps:xkre0_rtl_0|shift_taps_ckm:auto_generated|dffe6 ; fftfilter:u1|altshift_taps:xkre0_rtl_0|shift_taps_ckm:auto_generated|altsyncram_t861:altsyncram4|ram_block7a8  ; Ts_clk       ; Ts_clk      ; 20.000       ; 0.293      ; 2.825      ;
; 17.384 ; fftfilter:u1|altshift_taps:xkre0_rtl_0|shift_taps_ckm:auto_generated|dffe6 ; fftfilter:u1|altshift_taps:xkre0_rtl_0|shift_taps_ckm:auto_generated|altsyncram_t861:altsyncram4|ram_block7a9  ; Ts_clk       ; Ts_clk      ; 20.000       ; 0.293      ; 2.825      ;
; 17.384 ; fftfilter:u1|altshift_taps:xkre0_rtl_0|shift_taps_ckm:auto_generated|dffe6 ; fftfilter:u1|altshift_taps:xkre0_rtl_0|shift_taps_ckm:auto_generated|altsyncram_t861:altsyncram4|ram_block7a10 ; Ts_clk       ; Ts_clk      ; 20.000       ; 0.293      ; 2.825      ;
; 17.384 ; fftfilter:u1|altshift_taps:xkre0_rtl_0|shift_taps_ckm:auto_generated|dffe6 ; fftfilter:u1|altshift_taps:xkre0_rtl_0|shift_taps_ckm:auto_generated|altsyncram_t861:altsyncram4|ram_block7a11 ; Ts_clk       ; Ts_clk      ; 20.000       ; 0.293      ; 2.825      ;
; 17.384 ; fftfilter:u1|altshift_taps:xkre0_rtl_0|shift_taps_ckm:auto_generated|dffe6 ; fftfilter:u1|altshift_taps:xkre0_rtl_0|shift_taps_ckm:auto_generated|altsyncram_t861:altsyncram4|ram_block7a12 ; Ts_clk       ; Ts_clk      ; 20.000       ; 0.293      ; 2.825      ;
; 17.384 ; fftfilter:u1|altshift_taps:xkre0_rtl_0|shift_taps_ckm:auto_generated|dffe6 ; fftfilter:u1|altshift_taps:xkre0_rtl_0|shift_taps_ckm:auto_generated|altsyncram_t861:altsyncram4|ram_block7a13 ; Ts_clk       ; Ts_clk      ; 20.000       ; 0.293      ; 2.825      ;
; 17.384 ; fftfilter:u1|altshift_taps:xkre0_rtl_0|shift_taps_ckm:auto_generated|dffe6 ; fftfilter:u1|altshift_taps:xkre0_rtl_0|shift_taps_ckm:auto_generated|altsyncram_t861:altsyncram4|ram_block7a14 ; Ts_clk       ; Ts_clk      ; 20.000       ; 0.293      ; 2.825      ;
; 17.384 ; fftfilter:u1|altshift_taps:xkre0_rtl_0|shift_taps_ckm:auto_generated|dffe6 ; fftfilter:u1|altshift_taps:xkre0_rtl_0|shift_taps_ckm:auto_generated|altsyncram_t861:altsyncram4|ram_block7a15 ; Ts_clk       ; Ts_clk      ; 20.000       ; 0.293      ; 2.825      ;
; 17.384 ; fftfilter:u1|altshift_taps:xkre0_rtl_0|shift_taps_ckm:auto_generated|dffe6 ; fftfilter:u1|altshift_taps:xkre0_rtl_0|shift_taps_ckm:auto_generated|altsyncram_t861:altsyncram4|ram_block7a16 ; Ts_clk       ; Ts_clk      ; 20.000       ; 0.293      ; 2.825      ;
; 17.384 ; fftfilter:u1|altshift_taps:xkre0_rtl_0|shift_taps_ckm:auto_generated|dffe6 ; fftfilter:u1|altshift_taps:xkre0_rtl_0|shift_taps_ckm:auto_generated|altsyncram_t861:altsyncram4|ram_block7a17 ; Ts_clk       ; Ts_clk      ; 20.000       ; 0.293      ; 2.825      ;
; 17.384 ; fftfilter:u1|altshift_taps:xkre0_rtl_0|shift_taps_ckm:auto_generated|dffe6 ; fftfilter:u1|altshift_taps:xkre0_rtl_0|shift_taps_ckm:auto_generated|altsyncram_t861:altsyncram4|ram_block7a18 ; Ts_clk       ; Ts_clk      ; 20.000       ; 0.293      ; 2.825      ;
; 17.384 ; fftfilter:u1|altshift_taps:xkre0_rtl_0|shift_taps_ckm:auto_generated|dffe6 ; fftfilter:u1|altshift_taps:xkre0_rtl_0|shift_taps_ckm:auto_generated|altsyncram_t861:altsyncram4|ram_block7a19 ; Ts_clk       ; Ts_clk      ; 20.000       ; 0.293      ; 2.825      ;
; 17.384 ; fftfilter:u1|altshift_taps:xkre0_rtl_0|shift_taps_ckm:auto_generated|dffe6 ; fftfilter:u1|altshift_taps:xkre0_rtl_0|shift_taps_ckm:auto_generated|altsyncram_t861:altsyncram4|ram_block7a20 ; Ts_clk       ; Ts_clk      ; 20.000       ; 0.293      ; 2.825      ;
; 17.384 ; fftfilter:u1|altshift_taps:xkre0_rtl_0|shift_taps_ckm:auto_generated|dffe6 ; fftfilter:u1|altshift_taps:xkre0_rtl_0|shift_taps_ckm:auto_generated|altsyncram_t861:altsyncram4|ram_block7a21 ; Ts_clk       ; Ts_clk      ; 20.000       ; 0.293      ; 2.825      ;
; 17.384 ; fftfilter:u1|altshift_taps:xkre0_rtl_0|shift_taps_ckm:auto_generated|dffe6 ; fftfilter:u1|altshift_taps:xkre0_rtl_0|shift_taps_ckm:auto_generated|altsyncram_t861:altsyncram4|ram_block7a22 ; Ts_clk       ; Ts_clk      ; 20.000       ; 0.293      ; 2.825      ;
; 17.384 ; fftfilter:u1|altshift_taps:xkre0_rtl_0|shift_taps_ckm:auto_generated|dffe6 ; fftfilter:u1|altshift_taps:xkre0_rtl_0|shift_taps_ckm:auto_generated|altsyncram_t861:altsyncram4|ram_block7a23 ; Ts_clk       ; Ts_clk      ; 20.000       ; 0.293      ; 2.825      ;
; 17.384 ; fftfilter:u1|altshift_taps:xkre0_rtl_0|shift_taps_ckm:auto_generated|dffe6 ; fftfilter:u1|altshift_taps:xkre0_rtl_0|shift_taps_ckm:auto_generated|altsyncram_t861:altsyncram4|ram_block7a24 ; Ts_clk       ; Ts_clk      ; 20.000       ; 0.293      ; 2.825      ;
; 17.384 ; fftfilter:u1|altshift_taps:xkre0_rtl_0|shift_taps_ckm:auto_generated|dffe6 ; fftfilter:u1|altshift_taps:xkre0_rtl_0|shift_taps_ckm:auto_generated|altsyncram_t861:altsyncram4|ram_block7a25 ; Ts_clk       ; Ts_clk      ; 20.000       ; 0.293      ; 2.825      ;
; 17.384 ; fftfilter:u1|altshift_taps:xkre0_rtl_0|shift_taps_ckm:auto_generated|dffe6 ; fftfilter:u1|altshift_taps:xkre0_rtl_0|shift_taps_ckm:auto_generated|altsyncram_t861:altsyncram4|ram_block7a26 ; Ts_clk       ; Ts_clk      ; 20.000       ; 0.293      ; 2.825      ;
; 17.384 ; fftfilter:u1|altshift_taps:xkre0_rtl_0|shift_taps_ckm:auto_generated|dffe6 ; fftfilter:u1|altshift_taps:xkre0_rtl_0|shift_taps_ckm:auto_generated|altsyncram_t861:altsyncram4|ram_block7a27 ; Ts_clk       ; Ts_clk      ; 20.000       ; 0.293      ; 2.825      ;
; 17.384 ; fftfilter:u1|altshift_taps:xkre0_rtl_0|shift_taps_ckm:auto_generated|dffe6 ; fftfilter:u1|altshift_taps:xkre0_rtl_0|shift_taps_ckm:auto_generated|altsyncram_t861:altsyncram4|ram_block7a28 ; Ts_clk       ; Ts_clk      ; 20.000       ; 0.293      ; 2.825      ;
; 17.384 ; fftfilter:u1|altshift_taps:xkre0_rtl_0|shift_taps_ckm:auto_generated|dffe6 ; fftfilter:u1|altshift_taps:xkre0_rtl_0|shift_taps_ckm:auto_generated|altsyncram_t861:altsyncram4|ram_block7a29 ; Ts_clk       ; Ts_clk      ; 20.000       ; 0.293      ; 2.825      ;
; 17.384 ; fftfilter:u1|altshift_taps:xkre0_rtl_0|shift_taps_ckm:auto_generated|dffe6 ; fftfilter:u1|altshift_taps:xkre0_rtl_0|shift_taps_ckm:auto_generated|altsyncram_t861:altsyncram4|ram_block7a30 ; Ts_clk       ; Ts_clk      ; 20.000       ; 0.293      ; 2.825      ;
; 17.384 ; fftfilter:u1|altshift_taps:xkre0_rtl_0|shift_taps_ckm:auto_generated|dffe6 ; fftfilter:u1|altshift_taps:xkre0_rtl_0|shift_taps_ckm:auto_generated|altsyncram_t861:altsyncram4|ram_block7a31 ; Ts_clk       ; Ts_clk      ; 20.000       ; 0.293      ; 2.825      ;
+--------+----------------------------------------------------------------------------+----------------------------------------------------------------------------------------------------------------+--------------+-------------+--------------+------------+------------+


+---------------------------------------------------------------------------------------------------------------------------------------------------------------------------------------------------------------------------------------------------------------------------+
; Slow 1200mV 85C Model Removal: 'Ts_clk'                                                                                                                                                                                                                                   ;
+-------+----------------------------------------------------------------------------+----------------------------------------------------------------------------------------------------------------+--------------+-------------+--------------+------------+------------+
; Slack ; From Node                                                                  ; To Node                                                                                                        ; Launch Clock ; Latch Clock ; Relationship ; Clock Skew ; Data Delay ;
+-------+----------------------------------------------------------------------------+----------------------------------------------------------------------------------------------------------------+--------------+-------------+--------------+------------+------------+
; 1.911 ; fftfilter:u1|altshift_taps:xkre0_rtl_0|shift_taps_ckm:auto_generated|dffe6 ; fftfilter:u1|altshift_taps:xkre0_rtl_0|shift_taps_ckm:auto_generated|altsyncram_t861:altsyncram4|ram_block7a0  ; Ts_clk       ; Ts_clk      ; 0.000        ; 0.447      ; 2.589      ;
; 1.911 ; fftfilter:u1|altshift_taps:xkre0_rtl_0|shift_taps_ckm:auto_generated|dffe6 ; fftfilter:u1|altshift_taps:xkre0_rtl_0|shift_taps_ckm:auto_generated|altsyncram_t861:altsyncram4|ram_block7a1  ; Ts_clk       ; Ts_clk      ; 0.000        ; 0.447      ; 2.589      ;
; 1.911 ; fftfilter:u1|altshift_taps:xkre0_rtl_0|shift_taps_ckm:auto_generated|dffe6 ; fftfilter:u1|altshift_taps:xkre0_rtl_0|shift_taps_ckm:auto_generated|altsyncram_t861:altsyncram4|ram_block7a2  ; Ts_clk       ; Ts_clk      ; 0.000        ; 0.447      ; 2.589      ;
; 1.911 ; fftfilter:u1|altshift_taps:xkre0_rtl_0|shift_taps_ckm:auto_generated|dffe6 ; fftfilter:u1|altshift_taps:xkre0_rtl_0|shift_taps_ckm:auto_generated|altsyncram_t861:altsyncram4|ram_block7a3  ; Ts_clk       ; Ts_clk      ; 0.000        ; 0.447      ; 2.589      ;
; 1.911 ; fftfilter:u1|altshift_taps:xkre0_rtl_0|shift_taps_ckm:auto_generated|dffe6 ; fftfilter:u1|altshift_taps:xkre0_rtl_0|shift_taps_ckm:auto_generated|altsyncram_t861:altsyncram4|ram_block7a4  ; Ts_clk       ; Ts_clk      ; 0.000        ; 0.447      ; 2.589      ;
; 1.911 ; fftfilter:u1|altshift_taps:xkre0_rtl_0|shift_taps_ckm:auto_generated|dffe6 ; fftfilter:u1|altshift_taps:xkre0_rtl_0|shift_taps_ckm:auto_generated|altsyncram_t861:altsyncram4|ram_block7a5  ; Ts_clk       ; Ts_clk      ; 0.000        ; 0.447      ; 2.589      ;
; 1.911 ; fftfilter:u1|altshift_taps:xkre0_rtl_0|shift_taps_ckm:auto_generated|dffe6 ; fftfilter:u1|altshift_taps:xkre0_rtl_0|shift_taps_ckm:auto_generated|altsyncram_t861:altsyncram4|ram_block7a6  ; Ts_clk       ; Ts_clk      ; 0.000        ; 0.447      ; 2.589      ;
; 1.911 ; fftfilter:u1|altshift_taps:xkre0_rtl_0|shift_taps_ckm:auto_generated|dffe6 ; fftfilter:u1|altshift_taps:xkre0_rtl_0|shift_taps_ckm:auto_generated|altsyncram_t861:altsyncram4|ram_block7a7  ; Ts_clk       ; Ts_clk      ; 0.000        ; 0.447      ; 2.589      ;
; 1.911 ; fftfilter:u1|altshift_taps:xkre0_rtl_0|shift_taps_ckm:auto_generated|dffe6 ; fftfilter:u1|altshift_taps:xkre0_rtl_0|shift_taps_ckm:auto_generated|altsyncram_t861:altsyncram4|ram_block7a8  ; Ts_clk       ; Ts_clk      ; 0.000        ; 0.447      ; 2.589      ;
; 1.911 ; fftfilter:u1|altshift_taps:xkre0_rtl_0|shift_taps_ckm:auto_generated|dffe6 ; fftfilter:u1|altshift_taps:xkre0_rtl_0|shift_taps_ckm:auto_generated|altsyncram_t861:altsyncram4|ram_block7a9  ; Ts_clk       ; Ts_clk      ; 0.000        ; 0.447      ; 2.589      ;
; 1.911 ; fftfilter:u1|altshift_taps:xkre0_rtl_0|shift_taps_ckm:auto_generated|dffe6 ; fftfilter:u1|altshift_taps:xkre0_rtl_0|shift_taps_ckm:auto_generated|altsyncram_t861:altsyncram4|ram_block7a10 ; Ts_clk       ; Ts_clk      ; 0.000        ; 0.447      ; 2.589      ;
; 1.911 ; fftfilter:u1|altshift_taps:xkre0_rtl_0|shift_taps_ckm:auto_generated|dffe6 ; fftfilter:u1|altshift_taps:xkre0_rtl_0|shift_taps_ckm:auto_generated|altsyncram_t861:altsyncram4|ram_block7a11 ; Ts_clk       ; Ts_clk      ; 0.000        ; 0.447      ; 2.589      ;
; 1.911 ; fftfilter:u1|altshift_taps:xkre0_rtl_0|shift_taps_ckm:auto_generated|dffe6 ; fftfilter:u1|altshift_taps:xkre0_rtl_0|shift_taps_ckm:auto_generated|altsyncram_t861:altsyncram4|ram_block7a12 ; Ts_clk       ; Ts_clk      ; 0.000        ; 0.447      ; 2.589      ;
; 1.911 ; fftfilter:u1|altshift_taps:xkre0_rtl_0|shift_taps_ckm:auto_generated|dffe6 ; fftfilter:u1|altshift_taps:xkre0_rtl_0|shift_taps_ckm:auto_generated|altsyncram_t861:altsyncram4|ram_block7a13 ; Ts_clk       ; Ts_clk      ; 0.000        ; 0.447      ; 2.589      ;
; 1.911 ; fftfilter:u1|altshift_taps:xkre0_rtl_0|shift_taps_ckm:auto_generated|dffe6 ; fftfilter:u1|altshift_taps:xkre0_rtl_0|shift_taps_ckm:auto_generated|altsyncram_t861:altsyncram4|ram_block7a14 ; Ts_clk       ; Ts_clk      ; 0.000        ; 0.447      ; 2.589      ;
; 1.911 ; fftfilter:u1|altshift_taps:xkre0_rtl_0|shift_taps_ckm:auto_generated|dffe6 ; fftfilter:u1|altshift_taps:xkre0_rtl_0|shift_taps_ckm:auto_generated|altsyncram_t861:altsyncram4|ram_block7a15 ; Ts_clk       ; Ts_clk      ; 0.000        ; 0.447      ; 2.589      ;
; 1.911 ; fftfilter:u1|altshift_taps:xkre0_rtl_0|shift_taps_ckm:auto_generated|dffe6 ; fftfilter:u1|altshift_taps:xkre0_rtl_0|shift_taps_ckm:auto_generated|altsyncram_t861:altsyncram4|ram_block7a16 ; Ts_clk       ; Ts_clk      ; 0.000        ; 0.447      ; 2.589      ;
; 1.911 ; fftfilter:u1|altshift_taps:xkre0_rtl_0|shift_taps_ckm:auto_generated|dffe6 ; fftfilter:u1|altshift_taps:xkre0_rtl_0|shift_taps_ckm:auto_generated|altsyncram_t861:altsyncram4|ram_block7a17 ; Ts_clk       ; Ts_clk      ; 0.000        ; 0.447      ; 2.589      ;
; 1.911 ; fftfilter:u1|altshift_taps:xkre0_rtl_0|shift_taps_ckm:auto_generated|dffe6 ; fftfilter:u1|altshift_taps:xkre0_rtl_0|shift_taps_ckm:auto_generated|altsyncram_t861:altsyncram4|ram_block7a18 ; Ts_clk       ; Ts_clk      ; 0.000        ; 0.447      ; 2.589      ;
; 1.911 ; fftfilter:u1|altshift_taps:xkre0_rtl_0|shift_taps_ckm:auto_generated|dffe6 ; fftfilter:u1|altshift_taps:xkre0_rtl_0|shift_taps_ckm:auto_generated|altsyncram_t861:altsyncram4|ram_block7a19 ; Ts_clk       ; Ts_clk      ; 0.000        ; 0.447      ; 2.589      ;
; 1.911 ; fftfilter:u1|altshift_taps:xkre0_rtl_0|shift_taps_ckm:auto_generated|dffe6 ; fftfilter:u1|altshift_taps:xkre0_rtl_0|shift_taps_ckm:auto_generated|altsyncram_t861:altsyncram4|ram_block7a20 ; Ts_clk       ; Ts_clk      ; 0.000        ; 0.447      ; 2.589      ;
; 1.911 ; fftfilter:u1|altshift_taps:xkre0_rtl_0|shift_taps_ckm:auto_generated|dffe6 ; fftfilter:u1|altshift_taps:xkre0_rtl_0|shift_taps_ckm:auto_generated|altsyncram_t861:altsyncram4|ram_block7a21 ; Ts_clk       ; Ts_clk      ; 0.000        ; 0.447      ; 2.589      ;
; 1.911 ; fftfilter:u1|altshift_taps:xkre0_rtl_0|shift_taps_ckm:auto_generated|dffe6 ; fftfilter:u1|altshift_taps:xkre0_rtl_0|shift_taps_ckm:auto_generated|altsyncram_t861:altsyncram4|ram_block7a22 ; Ts_clk       ; Ts_clk      ; 0.000        ; 0.447      ; 2.589      ;
; 1.911 ; fftfilter:u1|altshift_taps:xkre0_rtl_0|shift_taps_ckm:auto_generated|dffe6 ; fftfilter:u1|altshift_taps:xkre0_rtl_0|shift_taps_ckm:auto_generated|altsyncram_t861:altsyncram4|ram_block7a23 ; Ts_clk       ; Ts_clk      ; 0.000        ; 0.447      ; 2.589      ;
; 1.911 ; fftfilter:u1|altshift_taps:xkre0_rtl_0|shift_taps_ckm:auto_generated|dffe6 ; fftfilter:u1|altshift_taps:xkre0_rtl_0|shift_taps_ckm:auto_generated|altsyncram_t861:altsyncram4|ram_block7a24 ; Ts_clk       ; Ts_clk      ; 0.000        ; 0.447      ; 2.589      ;
; 1.911 ; fftfilter:u1|altshift_taps:xkre0_rtl_0|shift_taps_ckm:auto_generated|dffe6 ; fftfilter:u1|altshift_taps:xkre0_rtl_0|shift_taps_ckm:auto_generated|altsyncram_t861:altsyncram4|ram_block7a25 ; Ts_clk       ; Ts_clk      ; 0.000        ; 0.447      ; 2.589      ;
; 1.911 ; fftfilter:u1|altshift_taps:xkre0_rtl_0|shift_taps_ckm:auto_generated|dffe6 ; fftfilter:u1|altshift_taps:xkre0_rtl_0|shift_taps_ckm:auto_generated|altsyncram_t861:altsyncram4|ram_block7a26 ; Ts_clk       ; Ts_clk      ; 0.000        ; 0.447      ; 2.589      ;
; 1.911 ; fftfilter:u1|altshift_taps:xkre0_rtl_0|shift_taps_ckm:auto_generated|dffe6 ; fftfilter:u1|altshift_taps:xkre0_rtl_0|shift_taps_ckm:auto_generated|altsyncram_t861:altsyncram4|ram_block7a27 ; Ts_clk       ; Ts_clk      ; 0.000        ; 0.447      ; 2.589      ;
; 1.911 ; fftfilter:u1|altshift_taps:xkre0_rtl_0|shift_taps_ckm:auto_generated|dffe6 ; fftfilter:u1|altshift_taps:xkre0_rtl_0|shift_taps_ckm:auto_generated|altsyncram_t861:altsyncram4|ram_block7a28 ; Ts_clk       ; Ts_clk      ; 0.000        ; 0.447      ; 2.589      ;
; 1.911 ; fftfilter:u1|altshift_taps:xkre0_rtl_0|shift_taps_ckm:auto_generated|dffe6 ; fftfilter:u1|altshift_taps:xkre0_rtl_0|shift_taps_ckm:auto_generated|altsyncram_t861:altsyncram4|ram_block7a29 ; Ts_clk       ; Ts_clk      ; 0.000        ; 0.447      ; 2.589      ;
; 1.911 ; fftfilter:u1|altshift_taps:xkre0_rtl_0|shift_taps_ckm:auto_generated|dffe6 ; fftfilter:u1|altshift_taps:xkre0_rtl_0|shift_taps_ckm:auto_generated|altsyncram_t861:altsyncram4|ram_block7a30 ; Ts_clk       ; Ts_clk      ; 0.000        ; 0.447      ; 2.589      ;
; 1.911 ; fftfilter:u1|altshift_taps:xkre0_rtl_0|shift_taps_ckm:auto_generated|dffe6 ; fftfilter:u1|altshift_taps:xkre0_rtl_0|shift_taps_ckm:auto_generated|altsyncram_t861:altsyncram4|ram_block7a31 ; Ts_clk       ; Ts_clk      ; 0.000        ; 0.447      ; 2.589      ;
+-------+----------------------------------------------------------------------------+----------------------------------------------------------------------------------------------------------------+--------------+-------------+--------------+------------+------------+


+----------------------------------------------------------------------------------------------------------------------------------------------------------------------------------------------------------------------------------------------------------------------------------------------------------------------------------------------------------------------------------+
; Slow 1200mV 85C Model Minimum Pulse Width: 'Ts_clk'                                                                                                                                                                                                                                                                                                                              ;
+-------+--------------+----------------+-----------------+--------+------------+--------------------------------------------------------------------------------------------------------------------------------------------------------------------------------------------------------------------------------------------------------------------------------------------------+
; Slack ; Actual Width ; Required Width ; Type            ; Clock  ; Clock Edge ; Target                                                                                                                                                                                                                                                                                           ;
+-------+--------------+----------------+-----------------+--------+------------+--------------------------------------------------------------------------------------------------------------------------------------------------------------------------------------------------------------------------------------------------------------------------------------------------+
; 9.483 ; 9.884        ; 0.401          ; Low Pulse Width ; Ts_clk ; Rise       ; ifftout:u2|fft256:u0|asj_fft_si_sose_so_b_fft_121:asj_fft_si_sose_so_b_fft_121_inst|asj_fft_dft_bfp_sgl_fft_121:\gen_se:bfpdft|asj_fft_cmult_can_fft_121:\gen_da0:gen_canonic:cm1|lpm_mult:\gen_ded_m1:gen_unext_m_a_b_c_d:m_a_b_c_d|mult_9t01:auto_generated|mac_mult1~OBSERVABLEDATAA_REGOUT0  ;
; 9.483 ; 9.884        ; 0.401          ; Low Pulse Width ; Ts_clk ; Rise       ; ifftout:u2|fft256:u0|asj_fft_si_sose_so_b_fft_121:asj_fft_si_sose_so_b_fft_121_inst|asj_fft_dft_bfp_sgl_fft_121:\gen_se:bfpdft|asj_fft_cmult_can_fft_121:\gen_da0:gen_canonic:cm1|lpm_mult:\gen_ded_m1:gen_unext_m_a_b_c_d:m_a_b_c_d|mult_9t01:auto_generated|mac_mult1~OBSERVABLEDATAA_REGOUT1  ;
; 9.483 ; 9.884        ; 0.401          ; Low Pulse Width ; Ts_clk ; Rise       ; ifftout:u2|fft256:u0|asj_fft_si_sose_so_b_fft_121:asj_fft_si_sose_so_b_fft_121_inst|asj_fft_dft_bfp_sgl_fft_121:\gen_se:bfpdft|asj_fft_cmult_can_fft_121:\gen_da0:gen_canonic:cm1|lpm_mult:\gen_ded_m1:gen_unext_m_a_b_c_d:m_a_b_c_d|mult_9t01:auto_generated|mac_mult1~OBSERVABLEDATAA_REGOUT10 ;
; 9.483 ; 9.884        ; 0.401          ; Low Pulse Width ; Ts_clk ; Rise       ; ifftout:u2|fft256:u0|asj_fft_si_sose_so_b_fft_121:asj_fft_si_sose_so_b_fft_121_inst|asj_fft_dft_bfp_sgl_fft_121:\gen_se:bfpdft|asj_fft_cmult_can_fft_121:\gen_da0:gen_canonic:cm1|lpm_mult:\gen_ded_m1:gen_unext_m_a_b_c_d:m_a_b_c_d|mult_9t01:auto_generated|mac_mult1~OBSERVABLEDATAA_REGOUT11 ;
; 9.483 ; 9.884        ; 0.401          ; Low Pulse Width ; Ts_clk ; Rise       ; ifftout:u2|fft256:u0|asj_fft_si_sose_so_b_fft_121:asj_fft_si_sose_so_b_fft_121_inst|asj_fft_dft_bfp_sgl_fft_121:\gen_se:bfpdft|asj_fft_cmult_can_fft_121:\gen_da0:gen_canonic:cm1|lpm_mult:\gen_ded_m1:gen_unext_m_a_b_c_d:m_a_b_c_d|mult_9t01:auto_generated|mac_mult1~OBSERVABLEDATAA_REGOUT12 ;
; 9.483 ; 9.884        ; 0.401          ; Low Pulse Width ; Ts_clk ; Rise       ; ifftout:u2|fft256:u0|asj_fft_si_sose_so_b_fft_121:asj_fft_si_sose_so_b_fft_121_inst|asj_fft_dft_bfp_sgl_fft_121:\gen_se:bfpdft|asj_fft_cmult_can_fft_121:\gen_da0:gen_canonic:cm1|lpm_mult:\gen_ded_m1:gen_unext_m_a_b_c_d:m_a_b_c_d|mult_9t01:auto_generated|mac_mult1~OBSERVABLEDATAA_REGOUT13 ;
; 9.483 ; 9.884        ; 0.401          ; Low Pulse Width ; Ts_clk ; Rise       ; ifftout:u2|fft256:u0|asj_fft_si_sose_so_b_fft_121:asj_fft_si_sose_so_b_fft_121_inst|asj_fft_dft_bfp_sgl_fft_121:\gen_se:bfpdft|asj_fft_cmult_can_fft_121:\gen_da0:gen_canonic:cm1|lpm_mult:\gen_ded_m1:gen_unext_m_a_b_c_d:m_a_b_c_d|mult_9t01:auto_generated|mac_mult1~OBSERVABLEDATAA_REGOUT14 ;
; 9.483 ; 9.884        ; 0.401          ; Low Pulse Width ; Ts_clk ; Rise       ; ifftout:u2|fft256:u0|asj_fft_si_sose_so_b_fft_121:asj_fft_si_sose_so_b_fft_121_inst|asj_fft_dft_bfp_sgl_fft_121:\gen_se:bfpdft|asj_fft_cmult_can_fft_121:\gen_da0:gen_canonic:cm1|lpm_mult:\gen_ded_m1:gen_unext_m_a_b_c_d:m_a_b_c_d|mult_9t01:auto_generated|mac_mult1~OBSERVABLEDATAA_REGOUT15 ;
; 9.483 ; 9.884        ; 0.401          ; Low Pulse Width ; Ts_clk ; Rise       ; ifftout:u2|fft256:u0|asj_fft_si_sose_so_b_fft_121:asj_fft_si_sose_so_b_fft_121_inst|asj_fft_dft_bfp_sgl_fft_121:\gen_se:bfpdft|asj_fft_cmult_can_fft_121:\gen_da0:gen_canonic:cm1|lpm_mult:\gen_ded_m1:gen_unext_m_a_b_c_d:m_a_b_c_d|mult_9t01:auto_generated|mac_mult1~OBSERVABLEDATAA_REGOUT16 ;
; 9.483 ; 9.884        ; 0.401          ; Low Pulse Width ; Ts_clk ; Rise       ; ifftout:u2|fft256:u0|asj_fft_si_sose_so_b_fft_121:asj_fft_si_sose_so_b_fft_121_inst|asj_fft_dft_bfp_sgl_fft_121:\gen_se:bfpdft|asj_fft_cmult_can_fft_121:\gen_da0:gen_canonic:cm1|lpm_mult:\gen_ded_m1:gen_unext_m_a_b_c_d:m_a_b_c_d|mult_9t01:auto_generated|mac_mult1~OBSERVABLEDATAA_REGOUT2  ;
; 9.483 ; 9.884        ; 0.401          ; Low Pulse Width ; Ts_clk ; Rise       ; ifftout:u2|fft256:u0|asj_fft_si_sose_so_b_fft_121:asj_fft_si_sose_so_b_fft_121_inst|asj_fft_dft_bfp_sgl_fft_121:\gen_se:bfpdft|asj_fft_cmult_can_fft_121:\gen_da0:gen_canonic:cm1|lpm_mult:\gen_ded_m1:gen_unext_m_a_b_c_d:m_a_b_c_d|mult_9t01:auto_generated|mac_mult1~OBSERVABLEDATAA_REGOUT3  ;
; 9.483 ; 9.884        ; 0.401          ; Low Pulse Width ; Ts_clk ; Rise       ; ifftout:u2|fft256:u0|asj_fft_si_sose_so_b_fft_121:asj_fft_si_sose_so_b_fft_121_inst|asj_fft_dft_bfp_sgl_fft_121:\gen_se:bfpdft|asj_fft_cmult_can_fft_121:\gen_da0:gen_canonic:cm1|lpm_mult:\gen_ded_m1:gen_unext_m_a_b_c_d:m_a_b_c_d|mult_9t01:auto_generated|mac_mult1~OBSERVABLEDATAA_REGOUT4  ;
; 9.483 ; 9.884        ; 0.401          ; Low Pulse Width ; Ts_clk ; Rise       ; ifftout:u2|fft256:u0|asj_fft_si_sose_so_b_fft_121:asj_fft_si_sose_so_b_fft_121_inst|asj_fft_dft_bfp_sgl_fft_121:\gen_se:bfpdft|asj_fft_cmult_can_fft_121:\gen_da0:gen_canonic:cm1|lpm_mult:\gen_ded_m1:gen_unext_m_a_b_c_d:m_a_b_c_d|mult_9t01:auto_generated|mac_mult1~OBSERVABLEDATAA_REGOUT5  ;
; 9.483 ; 9.884        ; 0.401          ; Low Pulse Width ; Ts_clk ; Rise       ; ifftout:u2|fft256:u0|asj_fft_si_sose_so_b_fft_121:asj_fft_si_sose_so_b_fft_121_inst|asj_fft_dft_bfp_sgl_fft_121:\gen_se:bfpdft|asj_fft_cmult_can_fft_121:\gen_da0:gen_canonic:cm1|lpm_mult:\gen_ded_m1:gen_unext_m_a_b_c_d:m_a_b_c_d|mult_9t01:auto_generated|mac_mult1~OBSERVABLEDATAA_REGOUT6  ;
; 9.483 ; 9.884        ; 0.401          ; Low Pulse Width ; Ts_clk ; Rise       ; ifftout:u2|fft256:u0|asj_fft_si_sose_so_b_fft_121:asj_fft_si_sose_so_b_fft_121_inst|asj_fft_dft_bfp_sgl_fft_121:\gen_se:bfpdft|asj_fft_cmult_can_fft_121:\gen_da0:gen_canonic:cm1|lpm_mult:\gen_ded_m1:gen_unext_m_a_b_c_d:m_a_b_c_d|mult_9t01:auto_generated|mac_mult1~OBSERVABLEDATAA_REGOUT7  ;
; 9.483 ; 9.884        ; 0.401          ; Low Pulse Width ; Ts_clk ; Rise       ; ifftout:u2|fft256:u0|asj_fft_si_sose_so_b_fft_121:asj_fft_si_sose_so_b_fft_121_inst|asj_fft_dft_bfp_sgl_fft_121:\gen_se:bfpdft|asj_fft_cmult_can_fft_121:\gen_da0:gen_canonic:cm1|lpm_mult:\gen_ded_m1:gen_unext_m_a_b_c_d:m_a_b_c_d|mult_9t01:auto_generated|mac_mult1~OBSERVABLEDATAA_REGOUT8  ;
; 9.483 ; 9.884        ; 0.401          ; Low Pulse Width ; Ts_clk ; Rise       ; ifftout:u2|fft256:u0|asj_fft_si_sose_so_b_fft_121:asj_fft_si_sose_so_b_fft_121_inst|asj_fft_dft_bfp_sgl_fft_121:\gen_se:bfpdft|asj_fft_cmult_can_fft_121:\gen_da0:gen_canonic:cm1|lpm_mult:\gen_ded_m1:gen_unext_m_a_b_c_d:m_a_b_c_d|mult_9t01:auto_generated|mac_mult1~OBSERVABLEDATAA_REGOUT9  ;
; 9.483 ; 9.884        ; 0.401          ; Low Pulse Width ; Ts_clk ; Rise       ; ifftout:u2|fft256:u0|asj_fft_si_sose_so_b_fft_121:asj_fft_si_sose_so_b_fft_121_inst|asj_fft_dft_bfp_sgl_fft_121:\gen_se:bfpdft|asj_fft_cmult_can_fft_121:\gen_da0:gen_canonic:cm1|lpm_mult:\gen_ded_m1:gen_unext_m_a_b_c_d:m_a_b_c_d|mult_9t01:auto_generated|mac_mult1~OBSERVABLEDATAB_REGOUT0  ;
; 9.483 ; 9.884        ; 0.401          ; Low Pulse Width ; Ts_clk ; Rise       ; ifftout:u2|fft256:u0|asj_fft_si_sose_so_b_fft_121:asj_fft_si_sose_so_b_fft_121_inst|asj_fft_dft_bfp_sgl_fft_121:\gen_se:bfpdft|asj_fft_cmult_can_fft_121:\gen_da0:gen_canonic:cm1|lpm_mult:\gen_ded_m1:gen_unext_m_a_b_c_d:m_a_b_c_d|mult_9t01:auto_generated|mac_mult1~OBSERVABLEDATAB_REGOUT1  ;
; 9.483 ; 9.884        ; 0.401          ; Low Pulse Width ; Ts_clk ; Rise       ; ifftout:u2|fft256:u0|asj_fft_si_sose_so_b_fft_121:asj_fft_si_sose_so_b_fft_121_inst|asj_fft_dft_bfp_sgl_fft_121:\gen_se:bfpdft|asj_fft_cmult_can_fft_121:\gen_da0:gen_canonic:cm1|lpm_mult:\gen_ded_m1:gen_unext_m_a_b_c_d:m_a_b_c_d|mult_9t01:auto_generated|mac_mult1~OBSERVABLEDATAB_REGOUT10 ;
; 9.483 ; 9.884        ; 0.401          ; Low Pulse Width ; Ts_clk ; Rise       ; ifftout:u2|fft256:u0|asj_fft_si_sose_so_b_fft_121:asj_fft_si_sose_so_b_fft_121_inst|asj_fft_dft_bfp_sgl_fft_121:\gen_se:bfpdft|asj_fft_cmult_can_fft_121:\gen_da0:gen_canonic:cm1|lpm_mult:\gen_ded_m1:gen_unext_m_a_b_c_d:m_a_b_c_d|mult_9t01:auto_generated|mac_mult1~OBSERVABLEDATAB_REGOUT11 ;
; 9.483 ; 9.884        ; 0.401          ; Low Pulse Width ; Ts_clk ; Rise       ; ifftout:u2|fft256:u0|asj_fft_si_sose_so_b_fft_121:asj_fft_si_sose_so_b_fft_121_inst|asj_fft_dft_bfp_sgl_fft_121:\gen_se:bfpdft|asj_fft_cmult_can_fft_121:\gen_da0:gen_canonic:cm1|lpm_mult:\gen_ded_m1:gen_unext_m_a_b_c_d:m_a_b_c_d|mult_9t01:auto_generated|mac_mult1~OBSERVABLEDATAB_REGOUT12 ;
; 9.483 ; 9.884        ; 0.401          ; Low Pulse Width ; Ts_clk ; Rise       ; ifftout:u2|fft256:u0|asj_fft_si_sose_so_b_fft_121:asj_fft_si_sose_so_b_fft_121_inst|asj_fft_dft_bfp_sgl_fft_121:\gen_se:bfpdft|asj_fft_cmult_can_fft_121:\gen_da0:gen_canonic:cm1|lpm_mult:\gen_ded_m1:gen_unext_m_a_b_c_d:m_a_b_c_d|mult_9t01:auto_generated|mac_mult1~OBSERVABLEDATAB_REGOUT13 ;
; 9.483 ; 9.884        ; 0.401          ; Low Pulse Width ; Ts_clk ; Rise       ; ifftout:u2|fft256:u0|asj_fft_si_sose_so_b_fft_121:asj_fft_si_sose_so_b_fft_121_inst|asj_fft_dft_bfp_sgl_fft_121:\gen_se:bfpdft|asj_fft_cmult_can_fft_121:\gen_da0:gen_canonic:cm1|lpm_mult:\gen_ded_m1:gen_unext_m_a_b_c_d:m_a_b_c_d|mult_9t01:auto_generated|mac_mult1~OBSERVABLEDATAB_REGOUT14 ;
; 9.483 ; 9.884        ; 0.401          ; Low Pulse Width ; Ts_clk ; Rise       ; ifftout:u2|fft256:u0|asj_fft_si_sose_so_b_fft_121:asj_fft_si_sose_so_b_fft_121_inst|asj_fft_dft_bfp_sgl_fft_121:\gen_se:bfpdft|asj_fft_cmult_can_fft_121:\gen_da0:gen_canonic:cm1|lpm_mult:\gen_ded_m1:gen_unext_m_a_b_c_d:m_a_b_c_d|mult_9t01:auto_generated|mac_mult1~OBSERVABLEDATAB_REGOUT15 ;
; 9.483 ; 9.884        ; 0.401          ; Low Pulse Width ; Ts_clk ; Rise       ; ifftout:u2|fft256:u0|asj_fft_si_sose_so_b_fft_121:asj_fft_si_sose_so_b_fft_121_inst|asj_fft_dft_bfp_sgl_fft_121:\gen_se:bfpdft|asj_fft_cmult_can_fft_121:\gen_da0:gen_canonic:cm1|lpm_mult:\gen_ded_m1:gen_unext_m_a_b_c_d:m_a_b_c_d|mult_9t01:auto_generated|mac_mult1~OBSERVABLEDATAB_REGOUT16 ;
; 9.483 ; 9.884        ; 0.401          ; Low Pulse Width ; Ts_clk ; Rise       ; ifftout:u2|fft256:u0|asj_fft_si_sose_so_b_fft_121:asj_fft_si_sose_so_b_fft_121_inst|asj_fft_dft_bfp_sgl_fft_121:\gen_se:bfpdft|asj_fft_cmult_can_fft_121:\gen_da0:gen_canonic:cm1|lpm_mult:\gen_ded_m1:gen_unext_m_a_b_c_d:m_a_b_c_d|mult_9t01:auto_generated|mac_mult1~OBSERVABLEDATAB_REGOUT2  ;
; 9.483 ; 9.884        ; 0.401          ; Low Pulse Width ; Ts_clk ; Rise       ; ifftout:u2|fft256:u0|asj_fft_si_sose_so_b_fft_121:asj_fft_si_sose_so_b_fft_121_inst|asj_fft_dft_bfp_sgl_fft_121:\gen_se:bfpdft|asj_fft_cmult_can_fft_121:\gen_da0:gen_canonic:cm1|lpm_mult:\gen_ded_m1:gen_unext_m_a_b_c_d:m_a_b_c_d|mult_9t01:auto_generated|mac_mult1~OBSERVABLEDATAB_REGOUT3  ;
; 9.483 ; 9.884        ; 0.401          ; Low Pulse Width ; Ts_clk ; Rise       ; ifftout:u2|fft256:u0|asj_fft_si_sose_so_b_fft_121:asj_fft_si_sose_so_b_fft_121_inst|asj_fft_dft_bfp_sgl_fft_121:\gen_se:bfpdft|asj_fft_cmult_can_fft_121:\gen_da0:gen_canonic:cm1|lpm_mult:\gen_ded_m1:gen_unext_m_a_b_c_d:m_a_b_c_d|mult_9t01:auto_generated|mac_mult1~OBSERVABLEDATAB_REGOUT4  ;
; 9.483 ; 9.884        ; 0.401          ; Low Pulse Width ; Ts_clk ; Rise       ; ifftout:u2|fft256:u0|asj_fft_si_sose_so_b_fft_121:asj_fft_si_sose_so_b_fft_121_inst|asj_fft_dft_bfp_sgl_fft_121:\gen_se:bfpdft|asj_fft_cmult_can_fft_121:\gen_da0:gen_canonic:cm1|lpm_mult:\gen_ded_m1:gen_unext_m_a_b_c_d:m_a_b_c_d|mult_9t01:auto_generated|mac_mult1~OBSERVABLEDATAB_REGOUT5  ;
; 9.483 ; 9.884        ; 0.401          ; Low Pulse Width ; Ts_clk ; Rise       ; ifftout:u2|fft256:u0|asj_fft_si_sose_so_b_fft_121:asj_fft_si_sose_so_b_fft_121_inst|asj_fft_dft_bfp_sgl_fft_121:\gen_se:bfpdft|asj_fft_cmult_can_fft_121:\gen_da0:gen_canonic:cm1|lpm_mult:\gen_ded_m1:gen_unext_m_a_b_c_d:m_a_b_c_d|mult_9t01:auto_generated|mac_mult1~OBSERVABLEDATAB_REGOUT6  ;
; 9.483 ; 9.884        ; 0.401          ; Low Pulse Width ; Ts_clk ; Rise       ; ifftout:u2|fft256:u0|asj_fft_si_sose_so_b_fft_121:asj_fft_si_sose_so_b_fft_121_inst|asj_fft_dft_bfp_sgl_fft_121:\gen_se:bfpdft|asj_fft_cmult_can_fft_121:\gen_da0:gen_canonic:cm1|lpm_mult:\gen_ded_m1:gen_unext_m_a_b_c_d:m_a_b_c_d|mult_9t01:auto_generated|mac_mult1~OBSERVABLEDATAB_REGOUT7  ;
; 9.483 ; 9.884        ; 0.401          ; Low Pulse Width ; Ts_clk ; Rise       ; ifftout:u2|fft256:u0|asj_fft_si_sose_so_b_fft_121:asj_fft_si_sose_so_b_fft_121_inst|asj_fft_dft_bfp_sgl_fft_121:\gen_se:bfpdft|asj_fft_cmult_can_fft_121:\gen_da0:gen_canonic:cm1|lpm_mult:\gen_ded_m1:gen_unext_m_a_b_c_d:m_a_b_c_d|mult_9t01:auto_generated|mac_mult1~OBSERVABLEDATAB_REGOUT8  ;
; 9.483 ; 9.884        ; 0.401          ; Low Pulse Width ; Ts_clk ; Rise       ; ifftout:u2|fft256:u0|asj_fft_si_sose_so_b_fft_121:asj_fft_si_sose_so_b_fft_121_inst|asj_fft_dft_bfp_sgl_fft_121:\gen_se:bfpdft|asj_fft_cmult_can_fft_121:\gen_da0:gen_canonic:cm1|lpm_mult:\gen_ded_m1:gen_unext_m_a_b_c_d:m_a_b_c_d|mult_9t01:auto_generated|mac_mult1~OBSERVABLEDATAB_REGOUT9  ;
; 9.483 ; 9.884        ; 0.401          ; Low Pulse Width ; Ts_clk ; Rise       ; ifftout:u2|fft256:u0|asj_fft_si_sose_so_b_fft_121:asj_fft_si_sose_so_b_fft_121_inst|asj_fft_dft_bfp_sgl_fft_121:\gen_se:bfpdft|asj_fft_cmult_can_fft_121:\gen_da0:gen_canonic:cm1|lpm_mult:\gen_ded_m1:gen_unext_m_a_b_c_d:m_a_b_c_d|mult_9t01:auto_generated|mac_out2                           ;
; 9.483 ; 9.884        ; 0.401          ; Low Pulse Width ; Ts_clk ; Rise       ; ifftout:u2|fft256:u0|asj_fft_si_sose_so_b_fft_121:asj_fft_si_sose_so_b_fft_121_inst|asj_fft_dft_bfp_sgl_fft_121:\gen_se:bfpdft|asj_fft_cmult_can_fft_121:\gen_da0:gen_canonic:cm1|lpm_mult:\gen_ded_m1:gen_unext_m_a_b_c_d:m_a_b_c_d|mult_9t01:auto_generated|mac_out2~DATAOUT1                  ;
; 9.483 ; 9.884        ; 0.401          ; Low Pulse Width ; Ts_clk ; Rise       ; ifftout:u2|fft256:u0|asj_fft_si_sose_so_b_fft_121:asj_fft_si_sose_so_b_fft_121_inst|asj_fft_dft_bfp_sgl_fft_121:\gen_se:bfpdft|asj_fft_cmult_can_fft_121:\gen_da0:gen_canonic:cm1|lpm_mult:\gen_ded_m1:gen_unext_m_a_b_c_d:m_a_b_c_d|mult_9t01:auto_generated|mac_out2~DATAOUT10                 ;
; 9.483 ; 9.884        ; 0.401          ; Low Pulse Width ; Ts_clk ; Rise       ; ifftout:u2|fft256:u0|asj_fft_si_sose_so_b_fft_121:asj_fft_si_sose_so_b_fft_121_inst|asj_fft_dft_bfp_sgl_fft_121:\gen_se:bfpdft|asj_fft_cmult_can_fft_121:\gen_da0:gen_canonic:cm1|lpm_mult:\gen_ded_m1:gen_unext_m_a_b_c_d:m_a_b_c_d|mult_9t01:auto_generated|mac_out2~DATAOUT11                 ;
; 9.483 ; 9.884        ; 0.401          ; Low Pulse Width ; Ts_clk ; Rise       ; ifftout:u2|fft256:u0|asj_fft_si_sose_so_b_fft_121:asj_fft_si_sose_so_b_fft_121_inst|asj_fft_dft_bfp_sgl_fft_121:\gen_se:bfpdft|asj_fft_cmult_can_fft_121:\gen_da0:gen_canonic:cm1|lpm_mult:\gen_ded_m1:gen_unext_m_a_b_c_d:m_a_b_c_d|mult_9t01:auto_generated|mac_out2~DATAOUT12                 ;
; 9.483 ; 9.884        ; 0.401          ; Low Pulse Width ; Ts_clk ; Rise       ; ifftout:u2|fft256:u0|asj_fft_si_sose_so_b_fft_121:asj_fft_si_sose_so_b_fft_121_inst|asj_fft_dft_bfp_sgl_fft_121:\gen_se:bfpdft|asj_fft_cmult_can_fft_121:\gen_da0:gen_canonic:cm1|lpm_mult:\gen_ded_m1:gen_unext_m_a_b_c_d:m_a_b_c_d|mult_9t01:auto_generated|mac_out2~DATAOUT13                 ;
; 9.483 ; 9.884        ; 0.401          ; Low Pulse Width ; Ts_clk ; Rise       ; ifftout:u2|fft256:u0|asj_fft_si_sose_so_b_fft_121:asj_fft_si_sose_so_b_fft_121_inst|asj_fft_dft_bfp_sgl_fft_121:\gen_se:bfpdft|asj_fft_cmult_can_fft_121:\gen_da0:gen_canonic:cm1|lpm_mult:\gen_ded_m1:gen_unext_m_a_b_c_d:m_a_b_c_d|mult_9t01:auto_generated|mac_out2~DATAOUT14                 ;
; 9.483 ; 9.884        ; 0.401          ; Low Pulse Width ; Ts_clk ; Rise       ; ifftout:u2|fft256:u0|asj_fft_si_sose_so_b_fft_121:asj_fft_si_sose_so_b_fft_121_inst|asj_fft_dft_bfp_sgl_fft_121:\gen_se:bfpdft|asj_fft_cmult_can_fft_121:\gen_da0:gen_canonic:cm1|lpm_mult:\gen_ded_m1:gen_unext_m_a_b_c_d:m_a_b_c_d|mult_9t01:auto_generated|mac_out2~DATAOUT15                 ;
; 9.483 ; 9.884        ; 0.401          ; Low Pulse Width ; Ts_clk ; Rise       ; ifftout:u2|fft256:u0|asj_fft_si_sose_so_b_fft_121:asj_fft_si_sose_so_b_fft_121_inst|asj_fft_dft_bfp_sgl_fft_121:\gen_se:bfpdft|asj_fft_cmult_can_fft_121:\gen_da0:gen_canonic:cm1|lpm_mult:\gen_ded_m1:gen_unext_m_a_b_c_d:m_a_b_c_d|mult_9t01:auto_generated|mac_out2~DATAOUT16                 ;
; 9.483 ; 9.884        ; 0.401          ; Low Pulse Width ; Ts_clk ; Rise       ; ifftout:u2|fft256:u0|asj_fft_si_sose_so_b_fft_121:asj_fft_si_sose_so_b_fft_121_inst|asj_fft_dft_bfp_sgl_fft_121:\gen_se:bfpdft|asj_fft_cmult_can_fft_121:\gen_da0:gen_canonic:cm1|lpm_mult:\gen_ded_m1:gen_unext_m_a_b_c_d:m_a_b_c_d|mult_9t01:auto_generated|mac_out2~DATAOUT17                 ;
; 9.483 ; 9.884        ; 0.401          ; Low Pulse Width ; Ts_clk ; Rise       ; ifftout:u2|fft256:u0|asj_fft_si_sose_so_b_fft_121:asj_fft_si_sose_so_b_fft_121_inst|asj_fft_dft_bfp_sgl_fft_121:\gen_se:bfpdft|asj_fft_cmult_can_fft_121:\gen_da0:gen_canonic:cm1|lpm_mult:\gen_ded_m1:gen_unext_m_a_b_c_d:m_a_b_c_d|mult_9t01:auto_generated|mac_out2~DATAOUT18                 ;
; 9.483 ; 9.884        ; 0.401          ; Low Pulse Width ; Ts_clk ; Rise       ; ifftout:u2|fft256:u0|asj_fft_si_sose_so_b_fft_121:asj_fft_si_sose_so_b_fft_121_inst|asj_fft_dft_bfp_sgl_fft_121:\gen_se:bfpdft|asj_fft_cmult_can_fft_121:\gen_da0:gen_canonic:cm1|lpm_mult:\gen_ded_m1:gen_unext_m_a_b_c_d:m_a_b_c_d|mult_9t01:auto_generated|mac_out2~DATAOUT19                 ;
; 9.483 ; 9.884        ; 0.401          ; Low Pulse Width ; Ts_clk ; Rise       ; ifftout:u2|fft256:u0|asj_fft_si_sose_so_b_fft_121:asj_fft_si_sose_so_b_fft_121_inst|asj_fft_dft_bfp_sgl_fft_121:\gen_se:bfpdft|asj_fft_cmult_can_fft_121:\gen_da0:gen_canonic:cm1|lpm_mult:\gen_ded_m1:gen_unext_m_a_b_c_d:m_a_b_c_d|mult_9t01:auto_generated|mac_out2~DATAOUT2                  ;
; 9.483 ; 9.884        ; 0.401          ; Low Pulse Width ; Ts_clk ; Rise       ; ifftout:u2|fft256:u0|asj_fft_si_sose_so_b_fft_121:asj_fft_si_sose_so_b_fft_121_inst|asj_fft_dft_bfp_sgl_fft_121:\gen_se:bfpdft|asj_fft_cmult_can_fft_121:\gen_da0:gen_canonic:cm1|lpm_mult:\gen_ded_m1:gen_unext_m_a_b_c_d:m_a_b_c_d|mult_9t01:auto_generated|mac_out2~DATAOUT20                 ;
; 9.483 ; 9.884        ; 0.401          ; Low Pulse Width ; Ts_clk ; Rise       ; ifftout:u2|fft256:u0|asj_fft_si_sose_so_b_fft_121:asj_fft_si_sose_so_b_fft_121_inst|asj_fft_dft_bfp_sgl_fft_121:\gen_se:bfpdft|asj_fft_cmult_can_fft_121:\gen_da0:gen_canonic:cm1|lpm_mult:\gen_ded_m1:gen_unext_m_a_b_c_d:m_a_b_c_d|mult_9t01:auto_generated|mac_out2~DATAOUT21                 ;
; 9.483 ; 9.884        ; 0.401          ; Low Pulse Width ; Ts_clk ; Rise       ; ifftout:u2|fft256:u0|asj_fft_si_sose_so_b_fft_121:asj_fft_si_sose_so_b_fft_121_inst|asj_fft_dft_bfp_sgl_fft_121:\gen_se:bfpdft|asj_fft_cmult_can_fft_121:\gen_da0:gen_canonic:cm1|lpm_mult:\gen_ded_m1:gen_unext_m_a_b_c_d:m_a_b_c_d|mult_9t01:auto_generated|mac_out2~DATAOUT22                 ;
; 9.483 ; 9.884        ; 0.401          ; Low Pulse Width ; Ts_clk ; Rise       ; ifftout:u2|fft256:u0|asj_fft_si_sose_so_b_fft_121:asj_fft_si_sose_so_b_fft_121_inst|asj_fft_dft_bfp_sgl_fft_121:\gen_se:bfpdft|asj_fft_cmult_can_fft_121:\gen_da0:gen_canonic:cm1|lpm_mult:\gen_ded_m1:gen_unext_m_a_b_c_d:m_a_b_c_d|mult_9t01:auto_generated|mac_out2~DATAOUT23                 ;
; 9.483 ; 9.884        ; 0.401          ; Low Pulse Width ; Ts_clk ; Rise       ; ifftout:u2|fft256:u0|asj_fft_si_sose_so_b_fft_121:asj_fft_si_sose_so_b_fft_121_inst|asj_fft_dft_bfp_sgl_fft_121:\gen_se:bfpdft|asj_fft_cmult_can_fft_121:\gen_da0:gen_canonic:cm1|lpm_mult:\gen_ded_m1:gen_unext_m_a_b_c_d:m_a_b_c_d|mult_9t01:auto_generated|mac_out2~DATAOUT24                 ;
; 9.483 ; 9.884        ; 0.401          ; Low Pulse Width ; Ts_clk ; Rise       ; ifftout:u2|fft256:u0|asj_fft_si_sose_so_b_fft_121:asj_fft_si_sose_so_b_fft_121_inst|asj_fft_dft_bfp_sgl_fft_121:\gen_se:bfpdft|asj_fft_cmult_can_fft_121:\gen_da0:gen_canonic:cm1|lpm_mult:\gen_ded_m1:gen_unext_m_a_b_c_d:m_a_b_c_d|mult_9t01:auto_generated|mac_out2~DATAOUT25                 ;
; 9.483 ; 9.884        ; 0.401          ; Low Pulse Width ; Ts_clk ; Rise       ; ifftout:u2|fft256:u0|asj_fft_si_sose_so_b_fft_121:asj_fft_si_sose_so_b_fft_121_inst|asj_fft_dft_bfp_sgl_fft_121:\gen_se:bfpdft|asj_fft_cmult_can_fft_121:\gen_da0:gen_canonic:cm1|lpm_mult:\gen_ded_m1:gen_unext_m_a_b_c_d:m_a_b_c_d|mult_9t01:auto_generated|mac_out2~DATAOUT26                 ;
; 9.483 ; 9.884        ; 0.401          ; Low Pulse Width ; Ts_clk ; Rise       ; ifftout:u2|fft256:u0|asj_fft_si_sose_so_b_fft_121:asj_fft_si_sose_so_b_fft_121_inst|asj_fft_dft_bfp_sgl_fft_121:\gen_se:bfpdft|asj_fft_cmult_can_fft_121:\gen_da0:gen_canonic:cm1|lpm_mult:\gen_ded_m1:gen_unext_m_a_b_c_d:m_a_b_c_d|mult_9t01:auto_generated|mac_out2~DATAOUT27                 ;
; 9.483 ; 9.884        ; 0.401          ; Low Pulse Width ; Ts_clk ; Rise       ; ifftout:u2|fft256:u0|asj_fft_si_sose_so_b_fft_121:asj_fft_si_sose_so_b_fft_121_inst|asj_fft_dft_bfp_sgl_fft_121:\gen_se:bfpdft|asj_fft_cmult_can_fft_121:\gen_da0:gen_canonic:cm1|lpm_mult:\gen_ded_m1:gen_unext_m_a_b_c_d:m_a_b_c_d|mult_9t01:auto_generated|mac_out2~DATAOUT28                 ;
; 9.483 ; 9.884        ; 0.401          ; Low Pulse Width ; Ts_clk ; Rise       ; ifftout:u2|fft256:u0|asj_fft_si_sose_so_b_fft_121:asj_fft_si_sose_so_b_fft_121_inst|asj_fft_dft_bfp_sgl_fft_121:\gen_se:bfpdft|asj_fft_cmult_can_fft_121:\gen_da0:gen_canonic:cm1|lpm_mult:\gen_ded_m1:gen_unext_m_a_b_c_d:m_a_b_c_d|mult_9t01:auto_generated|mac_out2~DATAOUT29                 ;
; 9.483 ; 9.884        ; 0.401          ; Low Pulse Width ; Ts_clk ; Rise       ; ifftout:u2|fft256:u0|asj_fft_si_sose_so_b_fft_121:asj_fft_si_sose_so_b_fft_121_inst|asj_fft_dft_bfp_sgl_fft_121:\gen_se:bfpdft|asj_fft_cmult_can_fft_121:\gen_da0:gen_canonic:cm1|lpm_mult:\gen_ded_m1:gen_unext_m_a_b_c_d:m_a_b_c_d|mult_9t01:auto_generated|mac_out2~DATAOUT3                  ;
; 9.483 ; 9.884        ; 0.401          ; Low Pulse Width ; Ts_clk ; Rise       ; ifftout:u2|fft256:u0|asj_fft_si_sose_so_b_fft_121:asj_fft_si_sose_so_b_fft_121_inst|asj_fft_dft_bfp_sgl_fft_121:\gen_se:bfpdft|asj_fft_cmult_can_fft_121:\gen_da0:gen_canonic:cm1|lpm_mult:\gen_ded_m1:gen_unext_m_a_b_c_d:m_a_b_c_d|mult_9t01:auto_generated|mac_out2~DATAOUT30                 ;
; 9.483 ; 9.884        ; 0.401          ; Low Pulse Width ; Ts_clk ; Rise       ; ifftout:u2|fft256:u0|asj_fft_si_sose_so_b_fft_121:asj_fft_si_sose_so_b_fft_121_inst|asj_fft_dft_bfp_sgl_fft_121:\gen_se:bfpdft|asj_fft_cmult_can_fft_121:\gen_da0:gen_canonic:cm1|lpm_mult:\gen_ded_m1:gen_unext_m_a_b_c_d:m_a_b_c_d|mult_9t01:auto_generated|mac_out2~DATAOUT31                 ;
; 9.483 ; 9.884        ; 0.401          ; Low Pulse Width ; Ts_clk ; Rise       ; ifftout:u2|fft256:u0|asj_fft_si_sose_so_b_fft_121:asj_fft_si_sose_so_b_fft_121_inst|asj_fft_dft_bfp_sgl_fft_121:\gen_se:bfpdft|asj_fft_cmult_can_fft_121:\gen_da0:gen_canonic:cm1|lpm_mult:\gen_ded_m1:gen_unext_m_a_b_c_d:m_a_b_c_d|mult_9t01:auto_generated|mac_out2~DATAOUT4                  ;
; 9.483 ; 9.884        ; 0.401          ; Low Pulse Width ; Ts_clk ; Rise       ; ifftout:u2|fft256:u0|asj_fft_si_sose_so_b_fft_121:asj_fft_si_sose_so_b_fft_121_inst|asj_fft_dft_bfp_sgl_fft_121:\gen_se:bfpdft|asj_fft_cmult_can_fft_121:\gen_da0:gen_canonic:cm1|lpm_mult:\gen_ded_m1:gen_unext_m_a_b_c_d:m_a_b_c_d|mult_9t01:auto_generated|mac_out2~DATAOUT5                  ;
; 9.483 ; 9.884        ; 0.401          ; Low Pulse Width ; Ts_clk ; Rise       ; ifftout:u2|fft256:u0|asj_fft_si_sose_so_b_fft_121:asj_fft_si_sose_so_b_fft_121_inst|asj_fft_dft_bfp_sgl_fft_121:\gen_se:bfpdft|asj_fft_cmult_can_fft_121:\gen_da0:gen_canonic:cm1|lpm_mult:\gen_ded_m1:gen_unext_m_a_b_c_d:m_a_b_c_d|mult_9t01:auto_generated|mac_out2~DATAOUT6                  ;
; 9.483 ; 9.884        ; 0.401          ; Low Pulse Width ; Ts_clk ; Rise       ; ifftout:u2|fft256:u0|asj_fft_si_sose_so_b_fft_121:asj_fft_si_sose_so_b_fft_121_inst|asj_fft_dft_bfp_sgl_fft_121:\gen_se:bfpdft|asj_fft_cmult_can_fft_121:\gen_da0:gen_canonic:cm1|lpm_mult:\gen_ded_m1:gen_unext_m_a_b_c_d:m_a_b_c_d|mult_9t01:auto_generated|mac_out2~DATAOUT7                  ;
; 9.483 ; 9.884        ; 0.401          ; Low Pulse Width ; Ts_clk ; Rise       ; ifftout:u2|fft256:u0|asj_fft_si_sose_so_b_fft_121:asj_fft_si_sose_so_b_fft_121_inst|asj_fft_dft_bfp_sgl_fft_121:\gen_se:bfpdft|asj_fft_cmult_can_fft_121:\gen_da0:gen_canonic:cm1|lpm_mult:\gen_ded_m1:gen_unext_m_a_b_c_d:m_a_b_c_d|mult_9t01:auto_generated|mac_out2~DATAOUT8                  ;
; 9.483 ; 9.884        ; 0.401          ; Low Pulse Width ; Ts_clk ; Rise       ; ifftout:u2|fft256:u0|asj_fft_si_sose_so_b_fft_121:asj_fft_si_sose_so_b_fft_121_inst|asj_fft_dft_bfp_sgl_fft_121:\gen_se:bfpdft|asj_fft_cmult_can_fft_121:\gen_da0:gen_canonic:cm1|lpm_mult:\gen_ded_m1:gen_unext_m_a_b_c_d:m_a_b_c_d|mult_9t01:auto_generated|mac_out2~DATAOUT9                  ;
; 9.483 ; 9.884        ; 0.401          ; Low Pulse Width ; Ts_clk ; Rise       ; ifftout:u2|fft256:u0|asj_fft_si_sose_so_b_fft_121:asj_fft_si_sose_so_b_fft_121_inst|asj_fft_dft_bfp_sgl_fft_121:\gen_se:bfpdft|asj_fft_cmult_can_fft_121:\gen_da0:gen_canonic:cm1|lpm_mult:\gen_ded_m1:gen_unext_m_ac:m_ac|mult_5t01:auto_generated|mac_mult1~OBSERVABLEDATAA_REGOUT0            ;
; 9.483 ; 9.884        ; 0.401          ; Low Pulse Width ; Ts_clk ; Rise       ; ifftout:u2|fft256:u0|asj_fft_si_sose_so_b_fft_121:asj_fft_si_sose_so_b_fft_121_inst|asj_fft_dft_bfp_sgl_fft_121:\gen_se:bfpdft|asj_fft_cmult_can_fft_121:\gen_da0:gen_canonic:cm1|lpm_mult:\gen_ded_m1:gen_unext_m_ac:m_ac|mult_5t01:auto_generated|mac_mult1~OBSERVABLEDATAA_REGOUT1            ;
; 9.483 ; 9.884        ; 0.401          ; Low Pulse Width ; Ts_clk ; Rise       ; ifftout:u2|fft256:u0|asj_fft_si_sose_so_b_fft_121:asj_fft_si_sose_so_b_fft_121_inst|asj_fft_dft_bfp_sgl_fft_121:\gen_se:bfpdft|asj_fft_cmult_can_fft_121:\gen_da0:gen_canonic:cm1|lpm_mult:\gen_ded_m1:gen_unext_m_ac:m_ac|mult_5t01:auto_generated|mac_mult1~OBSERVABLEDATAA_REGOUT10           ;
; 9.483 ; 9.884        ; 0.401          ; Low Pulse Width ; Ts_clk ; Rise       ; ifftout:u2|fft256:u0|asj_fft_si_sose_so_b_fft_121:asj_fft_si_sose_so_b_fft_121_inst|asj_fft_dft_bfp_sgl_fft_121:\gen_se:bfpdft|asj_fft_cmult_can_fft_121:\gen_da0:gen_canonic:cm1|lpm_mult:\gen_ded_m1:gen_unext_m_ac:m_ac|mult_5t01:auto_generated|mac_mult1~OBSERVABLEDATAA_REGOUT11           ;
; 9.483 ; 9.884        ; 0.401          ; Low Pulse Width ; Ts_clk ; Rise       ; ifftout:u2|fft256:u0|asj_fft_si_sose_so_b_fft_121:asj_fft_si_sose_so_b_fft_121_inst|asj_fft_dft_bfp_sgl_fft_121:\gen_se:bfpdft|asj_fft_cmult_can_fft_121:\gen_da0:gen_canonic:cm1|lpm_mult:\gen_ded_m1:gen_unext_m_ac:m_ac|mult_5t01:auto_generated|mac_mult1~OBSERVABLEDATAA_REGOUT12           ;
; 9.483 ; 9.884        ; 0.401          ; Low Pulse Width ; Ts_clk ; Rise       ; ifftout:u2|fft256:u0|asj_fft_si_sose_so_b_fft_121:asj_fft_si_sose_so_b_fft_121_inst|asj_fft_dft_bfp_sgl_fft_121:\gen_se:bfpdft|asj_fft_cmult_can_fft_121:\gen_da0:gen_canonic:cm1|lpm_mult:\gen_ded_m1:gen_unext_m_ac:m_ac|mult_5t01:auto_generated|mac_mult1~OBSERVABLEDATAA_REGOUT13           ;
; 9.483 ; 9.884        ; 0.401          ; Low Pulse Width ; Ts_clk ; Rise       ; ifftout:u2|fft256:u0|asj_fft_si_sose_so_b_fft_121:asj_fft_si_sose_so_b_fft_121_inst|asj_fft_dft_bfp_sgl_fft_121:\gen_se:bfpdft|asj_fft_cmult_can_fft_121:\gen_da0:gen_canonic:cm1|lpm_mult:\gen_ded_m1:gen_unext_m_ac:m_ac|mult_5t01:auto_generated|mac_mult1~OBSERVABLEDATAA_REGOUT14           ;
; 9.483 ; 9.884        ; 0.401          ; Low Pulse Width ; Ts_clk ; Rise       ; ifftout:u2|fft256:u0|asj_fft_si_sose_so_b_fft_121:asj_fft_si_sose_so_b_fft_121_inst|asj_fft_dft_bfp_sgl_fft_121:\gen_se:bfpdft|asj_fft_cmult_can_fft_121:\gen_da0:gen_canonic:cm1|lpm_mult:\gen_ded_m1:gen_unext_m_ac:m_ac|mult_5t01:auto_generated|mac_mult1~OBSERVABLEDATAA_REGOUT15           ;
; 9.483 ; 9.884        ; 0.401          ; Low Pulse Width ; Ts_clk ; Rise       ; ifftout:u2|fft256:u0|asj_fft_si_sose_so_b_fft_121:asj_fft_si_sose_so_b_fft_121_inst|asj_fft_dft_bfp_sgl_fft_121:\gen_se:bfpdft|asj_fft_cmult_can_fft_121:\gen_da0:gen_canonic:cm1|lpm_mult:\gen_ded_m1:gen_unext_m_ac:m_ac|mult_5t01:auto_generated|mac_mult1~OBSERVABLEDATAA_REGOUT2            ;
; 9.483 ; 9.884        ; 0.401          ; Low Pulse Width ; Ts_clk ; Rise       ; ifftout:u2|fft256:u0|asj_fft_si_sose_so_b_fft_121:asj_fft_si_sose_so_b_fft_121_inst|asj_fft_dft_bfp_sgl_fft_121:\gen_se:bfpdft|asj_fft_cmult_can_fft_121:\gen_da0:gen_canonic:cm1|lpm_mult:\gen_ded_m1:gen_unext_m_ac:m_ac|mult_5t01:auto_generated|mac_mult1~OBSERVABLEDATAA_REGOUT3            ;
; 9.483 ; 9.884        ; 0.401          ; Low Pulse Width ; Ts_clk ; Rise       ; ifftout:u2|fft256:u0|asj_fft_si_sose_so_b_fft_121:asj_fft_si_sose_so_b_fft_121_inst|asj_fft_dft_bfp_sgl_fft_121:\gen_se:bfpdft|asj_fft_cmult_can_fft_121:\gen_da0:gen_canonic:cm1|lpm_mult:\gen_ded_m1:gen_unext_m_ac:m_ac|mult_5t01:auto_generated|mac_mult1~OBSERVABLEDATAA_REGOUT4            ;
; 9.483 ; 9.884        ; 0.401          ; Low Pulse Width ; Ts_clk ; Rise       ; ifftout:u2|fft256:u0|asj_fft_si_sose_so_b_fft_121:asj_fft_si_sose_so_b_fft_121_inst|asj_fft_dft_bfp_sgl_fft_121:\gen_se:bfpdft|asj_fft_cmult_can_fft_121:\gen_da0:gen_canonic:cm1|lpm_mult:\gen_ded_m1:gen_unext_m_ac:m_ac|mult_5t01:auto_generated|mac_mult1~OBSERVABLEDATAA_REGOUT5            ;
; 9.483 ; 9.884        ; 0.401          ; Low Pulse Width ; Ts_clk ; Rise       ; ifftout:u2|fft256:u0|asj_fft_si_sose_so_b_fft_121:asj_fft_si_sose_so_b_fft_121_inst|asj_fft_dft_bfp_sgl_fft_121:\gen_se:bfpdft|asj_fft_cmult_can_fft_121:\gen_da0:gen_canonic:cm1|lpm_mult:\gen_ded_m1:gen_unext_m_ac:m_ac|mult_5t01:auto_generated|mac_mult1~OBSERVABLEDATAA_REGOUT6            ;
; 9.483 ; 9.884        ; 0.401          ; Low Pulse Width ; Ts_clk ; Rise       ; ifftout:u2|fft256:u0|asj_fft_si_sose_so_b_fft_121:asj_fft_si_sose_so_b_fft_121_inst|asj_fft_dft_bfp_sgl_fft_121:\gen_se:bfpdft|asj_fft_cmult_can_fft_121:\gen_da0:gen_canonic:cm1|lpm_mult:\gen_ded_m1:gen_unext_m_ac:m_ac|mult_5t01:auto_generated|mac_mult1~OBSERVABLEDATAA_REGOUT7            ;
; 9.483 ; 9.884        ; 0.401          ; Low Pulse Width ; Ts_clk ; Rise       ; ifftout:u2|fft256:u0|asj_fft_si_sose_so_b_fft_121:asj_fft_si_sose_so_b_fft_121_inst|asj_fft_dft_bfp_sgl_fft_121:\gen_se:bfpdft|asj_fft_cmult_can_fft_121:\gen_da0:gen_canonic:cm1|lpm_mult:\gen_ded_m1:gen_unext_m_ac:m_ac|mult_5t01:auto_generated|mac_mult1~OBSERVABLEDATAA_REGOUT8            ;
; 9.483 ; 9.884        ; 0.401          ; Low Pulse Width ; Ts_clk ; Rise       ; ifftout:u2|fft256:u0|asj_fft_si_sose_so_b_fft_121:asj_fft_si_sose_so_b_fft_121_inst|asj_fft_dft_bfp_sgl_fft_121:\gen_se:bfpdft|asj_fft_cmult_can_fft_121:\gen_da0:gen_canonic:cm1|lpm_mult:\gen_ded_m1:gen_unext_m_ac:m_ac|mult_5t01:auto_generated|mac_mult1~OBSERVABLEDATAA_REGOUT9            ;
; 9.483 ; 9.884        ; 0.401          ; Low Pulse Width ; Ts_clk ; Rise       ; ifftout:u2|fft256:u0|asj_fft_si_sose_so_b_fft_121:asj_fft_si_sose_so_b_fft_121_inst|asj_fft_dft_bfp_sgl_fft_121:\gen_se:bfpdft|asj_fft_cmult_can_fft_121:\gen_da0:gen_canonic:cm1|lpm_mult:\gen_ded_m1:gen_unext_m_ac:m_ac|mult_5t01:auto_generated|mac_mult1~OBSERVABLEDATAB_REGOUT0            ;
; 9.483 ; 9.884        ; 0.401          ; Low Pulse Width ; Ts_clk ; Rise       ; ifftout:u2|fft256:u0|asj_fft_si_sose_so_b_fft_121:asj_fft_si_sose_so_b_fft_121_inst|asj_fft_dft_bfp_sgl_fft_121:\gen_se:bfpdft|asj_fft_cmult_can_fft_121:\gen_da0:gen_canonic:cm1|lpm_mult:\gen_ded_m1:gen_unext_m_ac:m_ac|mult_5t01:auto_generated|mac_mult1~OBSERVABLEDATAB_REGOUT1            ;
; 9.483 ; 9.884        ; 0.401          ; Low Pulse Width ; Ts_clk ; Rise       ; ifftout:u2|fft256:u0|asj_fft_si_sose_so_b_fft_121:asj_fft_si_sose_so_b_fft_121_inst|asj_fft_dft_bfp_sgl_fft_121:\gen_se:bfpdft|asj_fft_cmult_can_fft_121:\gen_da0:gen_canonic:cm1|lpm_mult:\gen_ded_m1:gen_unext_m_ac:m_ac|mult_5t01:auto_generated|mac_mult1~OBSERVABLEDATAB_REGOUT10           ;
; 9.483 ; 9.884        ; 0.401          ; Low Pulse Width ; Ts_clk ; Rise       ; ifftout:u2|fft256:u0|asj_fft_si_sose_so_b_fft_121:asj_fft_si_sose_so_b_fft_121_inst|asj_fft_dft_bfp_sgl_fft_121:\gen_se:bfpdft|asj_fft_cmult_can_fft_121:\gen_da0:gen_canonic:cm1|lpm_mult:\gen_ded_m1:gen_unext_m_ac:m_ac|mult_5t01:auto_generated|mac_mult1~OBSERVABLEDATAB_REGOUT11           ;
; 9.483 ; 9.884        ; 0.401          ; Low Pulse Width ; Ts_clk ; Rise       ; ifftout:u2|fft256:u0|asj_fft_si_sose_so_b_fft_121:asj_fft_si_sose_so_b_fft_121_inst|asj_fft_dft_bfp_sgl_fft_121:\gen_se:bfpdft|asj_fft_cmult_can_fft_121:\gen_da0:gen_canonic:cm1|lpm_mult:\gen_ded_m1:gen_unext_m_ac:m_ac|mult_5t01:auto_generated|mac_mult1~OBSERVABLEDATAB_REGOUT12           ;
; 9.483 ; 9.884        ; 0.401          ; Low Pulse Width ; Ts_clk ; Rise       ; ifftout:u2|fft256:u0|asj_fft_si_sose_so_b_fft_121:asj_fft_si_sose_so_b_fft_121_inst|asj_fft_dft_bfp_sgl_fft_121:\gen_se:bfpdft|asj_fft_cmult_can_fft_121:\gen_da0:gen_canonic:cm1|lpm_mult:\gen_ded_m1:gen_unext_m_ac:m_ac|mult_5t01:auto_generated|mac_mult1~OBSERVABLEDATAB_REGOUT13           ;
; 9.483 ; 9.884        ; 0.401          ; Low Pulse Width ; Ts_clk ; Rise       ; ifftout:u2|fft256:u0|asj_fft_si_sose_so_b_fft_121:asj_fft_si_sose_so_b_fft_121_inst|asj_fft_dft_bfp_sgl_fft_121:\gen_se:bfpdft|asj_fft_cmult_can_fft_121:\gen_da0:gen_canonic:cm1|lpm_mult:\gen_ded_m1:gen_unext_m_ac:m_ac|mult_5t01:auto_generated|mac_mult1~OBSERVABLEDATAB_REGOUT14           ;
; 9.483 ; 9.884        ; 0.401          ; Low Pulse Width ; Ts_clk ; Rise       ; ifftout:u2|fft256:u0|asj_fft_si_sose_so_b_fft_121:asj_fft_si_sose_so_b_fft_121_inst|asj_fft_dft_bfp_sgl_fft_121:\gen_se:bfpdft|asj_fft_cmult_can_fft_121:\gen_da0:gen_canonic:cm1|lpm_mult:\gen_ded_m1:gen_unext_m_ac:m_ac|mult_5t01:auto_generated|mac_mult1~OBSERVABLEDATAB_REGOUT15           ;
; 9.483 ; 9.884        ; 0.401          ; Low Pulse Width ; Ts_clk ; Rise       ; ifftout:u2|fft256:u0|asj_fft_si_sose_so_b_fft_121:asj_fft_si_sose_so_b_fft_121_inst|asj_fft_dft_bfp_sgl_fft_121:\gen_se:bfpdft|asj_fft_cmult_can_fft_121:\gen_da0:gen_canonic:cm1|lpm_mult:\gen_ded_m1:gen_unext_m_ac:m_ac|mult_5t01:auto_generated|mac_mult1~OBSERVABLEDATAB_REGOUT2            ;
; 9.483 ; 9.884        ; 0.401          ; Low Pulse Width ; Ts_clk ; Rise       ; ifftout:u2|fft256:u0|asj_fft_si_sose_so_b_fft_121:asj_fft_si_sose_so_b_fft_121_inst|asj_fft_dft_bfp_sgl_fft_121:\gen_se:bfpdft|asj_fft_cmult_can_fft_121:\gen_da0:gen_canonic:cm1|lpm_mult:\gen_ded_m1:gen_unext_m_ac:m_ac|mult_5t01:auto_generated|mac_mult1~OBSERVABLEDATAB_REGOUT3            ;
; 9.483 ; 9.884        ; 0.401          ; Low Pulse Width ; Ts_clk ; Rise       ; ifftout:u2|fft256:u0|asj_fft_si_sose_so_b_fft_121:asj_fft_si_sose_so_b_fft_121_inst|asj_fft_dft_bfp_sgl_fft_121:\gen_se:bfpdft|asj_fft_cmult_can_fft_121:\gen_da0:gen_canonic:cm1|lpm_mult:\gen_ded_m1:gen_unext_m_ac:m_ac|mult_5t01:auto_generated|mac_mult1~OBSERVABLEDATAB_REGOUT4            ;
; 9.483 ; 9.884        ; 0.401          ; Low Pulse Width ; Ts_clk ; Rise       ; ifftout:u2|fft256:u0|asj_fft_si_sose_so_b_fft_121:asj_fft_si_sose_so_b_fft_121_inst|asj_fft_dft_bfp_sgl_fft_121:\gen_se:bfpdft|asj_fft_cmult_can_fft_121:\gen_da0:gen_canonic:cm1|lpm_mult:\gen_ded_m1:gen_unext_m_ac:m_ac|mult_5t01:auto_generated|mac_mult1~OBSERVABLEDATAB_REGOUT5            ;
; 9.483 ; 9.884        ; 0.401          ; Low Pulse Width ; Ts_clk ; Rise       ; ifftout:u2|fft256:u0|asj_fft_si_sose_so_b_fft_121:asj_fft_si_sose_so_b_fft_121_inst|asj_fft_dft_bfp_sgl_fft_121:\gen_se:bfpdft|asj_fft_cmult_can_fft_121:\gen_da0:gen_canonic:cm1|lpm_mult:\gen_ded_m1:gen_unext_m_ac:m_ac|mult_5t01:auto_generated|mac_mult1~OBSERVABLEDATAB_REGOUT6            ;
; 9.483 ; 9.884        ; 0.401          ; Low Pulse Width ; Ts_clk ; Rise       ; ifftout:u2|fft256:u0|asj_fft_si_sose_so_b_fft_121:asj_fft_si_sose_so_b_fft_121_inst|asj_fft_dft_bfp_sgl_fft_121:\gen_se:bfpdft|asj_fft_cmult_can_fft_121:\gen_da0:gen_canonic:cm1|lpm_mult:\gen_ded_m1:gen_unext_m_ac:m_ac|mult_5t01:auto_generated|mac_mult1~OBSERVABLEDATAB_REGOUT7            ;
; 9.483 ; 9.884        ; 0.401          ; Low Pulse Width ; Ts_clk ; Rise       ; ifftout:u2|fft256:u0|asj_fft_si_sose_so_b_fft_121:asj_fft_si_sose_so_b_fft_121_inst|asj_fft_dft_bfp_sgl_fft_121:\gen_se:bfpdft|asj_fft_cmult_can_fft_121:\gen_da0:gen_canonic:cm1|lpm_mult:\gen_ded_m1:gen_unext_m_ac:m_ac|mult_5t01:auto_generated|mac_mult1~OBSERVABLEDATAB_REGOUT8            ;
; 9.483 ; 9.884        ; 0.401          ; Low Pulse Width ; Ts_clk ; Rise       ; ifftout:u2|fft256:u0|asj_fft_si_sose_so_b_fft_121:asj_fft_si_sose_so_b_fft_121_inst|asj_fft_dft_bfp_sgl_fft_121:\gen_se:bfpdft|asj_fft_cmult_can_fft_121:\gen_da0:gen_canonic:cm1|lpm_mult:\gen_ded_m1:gen_unext_m_ac:m_ac|mult_5t01:auto_generated|mac_mult1~OBSERVABLEDATAB_REGOUT9            ;
; 9.483 ; 9.884        ; 0.401          ; Low Pulse Width ; Ts_clk ; Rise       ; ifftout:u2|fft256:u0|asj_fft_si_sose_so_b_fft_121:asj_fft_si_sose_so_b_fft_121_inst|asj_fft_dft_bfp_sgl_fft_121:\gen_se:bfpdft|asj_fft_cmult_can_fft_121:\gen_da0:gen_canonic:cm1|lpm_mult:\gen_ded_m1:gen_unext_m_ac:m_ac|mult_5t01:auto_generated|mac_out2                                     ;
; 9.483 ; 9.884        ; 0.401          ; Low Pulse Width ; Ts_clk ; Rise       ; ifftout:u2|fft256:u0|asj_fft_si_sose_so_b_fft_121:asj_fft_si_sose_so_b_fft_121_inst|asj_fft_dft_bfp_sgl_fft_121:\gen_se:bfpdft|asj_fft_cmult_can_fft_121:\gen_da0:gen_canonic:cm1|lpm_mult:\gen_ded_m1:gen_unext_m_ac:m_ac|mult_5t01:auto_generated|mac_out2~DATAOUT1                            ;
+-------+--------------+----------------+-----------------+--------+------------+--------------------------------------------------------------------------------------------------------------------------------------------------------------------------------------------------------------------------------------------------------------------------------------------------+


+-----------------------------------------------------------------------+
; Setup Times                                                           ;
+-----------+------------+-------+-------+------------+-----------------+
; Data Port ; Clock Port ; Rise  ; Fall  ; Clock Edge ; Clock Reference ;
+-----------+------------+-------+-------+------------+-----------------+
; rst       ; Ts_clk     ; 3.142 ; 3.303 ; Rise       ; Ts_clk          ;
+-----------+------------+-------+-------+------------+-----------------+


+-----------------------------------------------------------------------+
; Hold Times                                                            ;
+-----------+------------+-------+-------+------------+-----------------+
; Data Port ; Clock Port ; Rise  ; Fall  ; Clock Edge ; Clock Reference ;
+-----------+------------+-------+-------+------------+-----------------+
; rst       ; Ts_clk     ; 1.047 ; 0.906 ; Rise       ; Ts_clk          ;
+-----------+------------+-------+-------+------------+-----------------+


+-----------------------------------------------------------------------+
; Clock to Output Times                                                 ;
+-----------+------------+-------+-------+------------+-----------------+
; Data Port ; Clock Port ; Rise  ; Fall  ; Clock Edge ; Clock Reference ;
+-----------+------------+-------+-------+------------+-----------------+
; clkdv     ; Ts_clk     ; 6.538 ; 6.428 ; Rise       ; Ts_clk          ;
+-----------+------------+-------+-------+------------+-----------------+


+-----------------------------------------------------------------------+
; Minimum Clock to Output Times                                         ;
+-----------+------------+-------+-------+------------+-----------------+
; Data Port ; Clock Port ; Rise  ; Fall  ; Clock Edge ; Clock Reference ;
+-----------+------------+-------+-------+------------+-----------------+
; clkdv     ; Ts_clk     ; 6.325 ; 6.217 ; Rise       ; Ts_clk          ;
+-----------+------------+-------+-------+------------+-----------------+


----------------------------------------------
; Slow 1200mV 85C Model Metastability Report ;
----------------------------------------------
No synchronizer chains to report.


+--------------------------------------------------+
; Slow 1200mV 0C Model Fmax Summary                ;
+------------+-----------------+------------+------+
; Fmax       ; Restricted Fmax ; Clock Name ; Note ;
+------------+-----------------+------------+------+
; 118.81 MHz ; 118.81 MHz      ; Ts_clk     ;      ;
+------------+-----------------+------------+------+
This panel reports FMAX for every clock in the design, regardless of the user-specified clock periods.  FMAX is only computed for paths where the source and destination registers or ports are driven by the same clock.  Paths of different clocks, including generated clocks, are ignored.  For paths between a clock and its inversion, FMAX is computed as if the rising and falling edges are scaled along with FMAX, such that the duty cycle (in terms of a percentage) is maintained. Altera recommends that you always use clock constraints and other slack reports for sign-off analysis.


+------------------------------------+
; Slow 1200mV 0C Model Setup Summary ;
+--------+--------+------------------+
; Clock  ; Slack  ; End Point TNS    ;
+--------+--------+------------------+
; Ts_clk ; 11.583 ; 0.000            ;
+--------+--------+------------------+


+-----------------------------------+
; Slow 1200mV 0C Model Hold Summary ;
+--------+-------+------------------+
; Clock  ; Slack ; End Point TNS    ;
+--------+-------+------------------+
; Ts_clk ; 0.368 ; 0.000            ;
+--------+-------+------------------+


+---------------------------------------+
; Slow 1200mV 0C Model Recovery Summary ;
+--------+--------+---------------------+
; Clock  ; Slack  ; End Point TNS       ;
+--------+--------+---------------------+
; Ts_clk ; 17.562 ; 0.000               ;
+--------+--------+---------------------+


+--------------------------------------+
; Slow 1200mV 0C Model Removal Summary ;
+--------+-------+---------------------+
; Clock  ; Slack ; End Point TNS       ;
+--------+-------+---------------------+
; Ts_clk ; 1.732 ; 0.000               ;
+--------+-------+---------------------+


+--------------------------------------------------+
; Slow 1200mV 0C Model Minimum Pulse Width Summary ;
+--------+-------+---------------------------------+
; Clock  ; Slack ; End Point TNS                   ;
+--------+-------+---------------------------------+
; Ts_clk ; 9.513 ; 0.000                           ;
+--------+-------+---------------------------------+


+-------------------------------------------------------------------------------------------------------------------------------+
; Slow 1200mV 0C Model Setup: 'Ts_clk'                                                                                          ;
+--------+----------------------+-------------------------+--------------+-------------+--------------+------------+------------+
; Slack  ; From Node            ; To Node                 ; Launch Clock ; Latch Clock ; Relationship ; Clock Skew ; Data Delay ;
+--------+----------------------+-------------------------+--------------+-------------+--------------+------------+------------+
; 11.583 ; fftfilter:u1|sum[4]  ; fftfilter:u1|xk_imt[9]  ; Ts_clk       ; Ts_clk      ; 20.000       ; -0.059     ; 8.360      ;
; 11.599 ; fftfilter:u1|sum[4]  ; fftfilter:u1|xk_ret[9]  ; Ts_clk       ; Ts_clk      ; 20.000       ; -0.058     ; 8.345      ;
; 11.600 ; fftfilter:u1|sum[4]  ; fftfilter:u1|xk_ret[7]  ; Ts_clk       ; Ts_clk      ; 20.000       ; -0.058     ; 8.344      ;
; 11.615 ; fftfilter:u1|sum[6]  ; fftfilter:u1|xk_imt[9]  ; Ts_clk       ; Ts_clk      ; 20.000       ; -0.059     ; 8.328      ;
; 11.631 ; fftfilter:u1|sum[6]  ; fftfilter:u1|xk_ret[9]  ; Ts_clk       ; Ts_clk      ; 20.000       ; -0.058     ; 8.313      ;
; 11.632 ; fftfilter:u1|sum[6]  ; fftfilter:u1|xk_ret[7]  ; Ts_clk       ; Ts_clk      ; 20.000       ; -0.058     ; 8.312      ;
; 11.679 ; fftfilter:u1|sum[7]  ; fftfilter:u1|xk_imt[9]  ; Ts_clk       ; Ts_clk      ; 20.000       ; -0.059     ; 8.264      ;
; 11.695 ; fftfilter:u1|sum[7]  ; fftfilter:u1|xk_ret[9]  ; Ts_clk       ; Ts_clk      ; 20.000       ; -0.058     ; 8.249      ;
; 11.696 ; fftfilter:u1|sum[7]  ; fftfilter:u1|xk_ret[7]  ; Ts_clk       ; Ts_clk      ; 20.000       ; -0.058     ; 8.248      ;
; 11.715 ; fftfilter:u1|sum[5]  ; fftfilter:u1|xk_imt[9]  ; Ts_clk       ; Ts_clk      ; 20.000       ; -0.059     ; 8.228      ;
; 11.731 ; fftfilter:u1|sum[5]  ; fftfilter:u1|xk_ret[9]  ; Ts_clk       ; Ts_clk      ; 20.000       ; -0.058     ; 8.213      ;
; 11.732 ; fftfilter:u1|sum[5]  ; fftfilter:u1|xk_ret[7]  ; Ts_clk       ; Ts_clk      ; 20.000       ; -0.058     ; 8.212      ;
; 11.772 ; fftfilter:u1|sum[17] ; fftfilter:u1|xk_imt[9]  ; Ts_clk       ; Ts_clk      ; 20.000       ; -0.062     ; 8.168      ;
; 11.779 ; fftfilter:u1|sum[8]  ; fftfilter:u1|xk_imt[9]  ; Ts_clk       ; Ts_clk      ; 20.000       ; -0.059     ; 8.164      ;
; 11.788 ; fftfilter:u1|sum[17] ; fftfilter:u1|xk_ret[9]  ; Ts_clk       ; Ts_clk      ; 20.000       ; -0.061     ; 8.153      ;
; 11.789 ; fftfilter:u1|sum[17] ; fftfilter:u1|xk_ret[7]  ; Ts_clk       ; Ts_clk      ; 20.000       ; -0.061     ; 8.152      ;
; 11.795 ; fftfilter:u1|sum[8]  ; fftfilter:u1|xk_ret[9]  ; Ts_clk       ; Ts_clk      ; 20.000       ; -0.058     ; 8.149      ;
; 11.796 ; fftfilter:u1|sum[8]  ; fftfilter:u1|xk_ret[7]  ; Ts_clk       ; Ts_clk      ; 20.000       ; -0.058     ; 8.148      ;
; 11.797 ; fftfilter:u1|sum[9]  ; fftfilter:u1|xk_imt[9]  ; Ts_clk       ; Ts_clk      ; 20.000       ; -0.059     ; 8.146      ;
; 11.813 ; fftfilter:u1|sum[9]  ; fftfilter:u1|xk_ret[9]  ; Ts_clk       ; Ts_clk      ; 20.000       ; -0.058     ; 8.131      ;
; 11.814 ; fftfilter:u1|sum[9]  ; fftfilter:u1|xk_ret[7]  ; Ts_clk       ; Ts_clk      ; 20.000       ; -0.058     ; 8.130      ;
; 11.879 ; fftfilter:u1|sum[4]  ; fftfilter:u1|xk_imt[4]  ; Ts_clk       ; Ts_clk      ; 20.000       ; -0.059     ; 8.064      ;
; 11.879 ; fftfilter:u1|sum[4]  ; fftfilter:u1|xk_imt[5]  ; Ts_clk       ; Ts_clk      ; 20.000       ; -0.059     ; 8.064      ;
; 11.879 ; fftfilter:u1|sum[4]  ; fftfilter:u1|xk_imt[10] ; Ts_clk       ; Ts_clk      ; 20.000       ; -0.059     ; 8.064      ;
; 11.880 ; fftfilter:u1|sum[4]  ; fftfilter:u1|xk_imt[3]  ; Ts_clk       ; Ts_clk      ; 20.000       ; -0.059     ; 8.063      ;
; 11.881 ; fftfilter:u1|sum[4]  ; fftfilter:u1|xk_imt[11] ; Ts_clk       ; Ts_clk      ; 20.000       ; -0.059     ; 8.062      ;
; 11.882 ; fftfilter:u1|sum[4]  ; fftfilter:u1|xk_imt[6]  ; Ts_clk       ; Ts_clk      ; 20.000       ; -0.059     ; 8.061      ;
; 11.882 ; fftfilter:u1|sum[4]  ; fftfilter:u1|xk_imt[7]  ; Ts_clk       ; Ts_clk      ; 20.000       ; -0.059     ; 8.061      ;
; 11.882 ; fftfilter:u1|sum[4]  ; fftfilter:u1|xk_imt[12] ; Ts_clk       ; Ts_clk      ; 20.000       ; -0.059     ; 8.061      ;
; 11.883 ; fftfilter:u1|sum[4]  ; fftfilter:u1|xk_imt[8]  ; Ts_clk       ; Ts_clk      ; 20.000       ; -0.059     ; 8.060      ;
; 11.883 ; fftfilter:u1|sum[4]  ; fftfilter:u1|xk_imt[14] ; Ts_clk       ; Ts_clk      ; 20.000       ; -0.059     ; 8.060      ;
; 11.883 ; fftfilter:u1|sum[4]  ; fftfilter:u1|xk_imt[15] ; Ts_clk       ; Ts_clk      ; 20.000       ; -0.059     ; 8.060      ;
; 11.884 ; fftfilter:u1|sum[4]  ; fftfilter:u1|xk_imt[13] ; Ts_clk       ; Ts_clk      ; 20.000       ; -0.059     ; 8.059      ;
; 11.892 ; fftfilter:u1|sum[4]  ; fftfilter:u1|xk_ret[11] ; Ts_clk       ; Ts_clk      ; 20.000       ; -0.058     ; 8.052      ;
; 11.893 ; fftfilter:u1|sum[4]  ; fftfilter:u1|xk_ret[8]  ; Ts_clk       ; Ts_clk      ; 20.000       ; -0.058     ; 8.051      ;
; 11.893 ; fftfilter:u1|sum[4]  ; fftfilter:u1|xk_imt[1]  ; Ts_clk       ; Ts_clk      ; 20.000       ; -0.058     ; 8.051      ;
; 11.894 ; fftfilter:u1|sum[4]  ; fftfilter:u1|xk_ret[6]  ; Ts_clk       ; Ts_clk      ; 20.000       ; -0.058     ; 8.050      ;
; 11.895 ; fftfilter:u1|sum[4]  ; fftfilter:u1|xk_ret[4]  ; Ts_clk       ; Ts_clk      ; 20.000       ; -0.058     ; 8.049      ;
; 11.895 ; fftfilter:u1|sum[4]  ; fftfilter:u1|xk_ret[15] ; Ts_clk       ; Ts_clk      ; 20.000       ; -0.058     ; 8.049      ;
; 11.896 ; fftfilter:u1|sum[4]  ; fftfilter:u1|xk_ret[5]  ; Ts_clk       ; Ts_clk      ; 20.000       ; -0.058     ; 8.048      ;
; 11.896 ; fftfilter:u1|sum[4]  ; fftfilter:u1|xk_ret[10] ; Ts_clk       ; Ts_clk      ; 20.000       ; -0.058     ; 8.048      ;
; 11.897 ; fftfilter:u1|sum[4]  ; fftfilter:u1|xk_ret[3]  ; Ts_clk       ; Ts_clk      ; 20.000       ; -0.058     ; 8.047      ;
; 11.898 ; fftfilter:u1|sum[4]  ; fftfilter:u1|xk_ret[12] ; Ts_clk       ; Ts_clk      ; 20.000       ; -0.058     ; 8.046      ;
; 11.899 ; fftfilter:u1|sum[4]  ; fftfilter:u1|xk_imt[2]  ; Ts_clk       ; Ts_clk      ; 20.000       ; -0.058     ; 8.045      ;
; 11.900 ; fftfilter:u1|sum[4]  ; fftfilter:u1|xk_imt[0]  ; Ts_clk       ; Ts_clk      ; 20.000       ; -0.058     ; 8.044      ;
; 11.901 ; fftfilter:u1|sum[4]  ; fftfilter:u1|xk_ret[14] ; Ts_clk       ; Ts_clk      ; 20.000       ; -0.058     ; 8.043      ;
; 11.901 ; fftfilter:u1|sum[4]  ; fftfilter:u1|xk_ret[13] ; Ts_clk       ; Ts_clk      ; 20.000       ; -0.058     ; 8.043      ;
; 11.911 ; fftfilter:u1|sum[6]  ; fftfilter:u1|xk_imt[4]  ; Ts_clk       ; Ts_clk      ; 20.000       ; -0.059     ; 8.032      ;
; 11.911 ; fftfilter:u1|sum[6]  ; fftfilter:u1|xk_imt[5]  ; Ts_clk       ; Ts_clk      ; 20.000       ; -0.059     ; 8.032      ;
; 11.911 ; fftfilter:u1|sum[6]  ; fftfilter:u1|xk_imt[10] ; Ts_clk       ; Ts_clk      ; 20.000       ; -0.059     ; 8.032      ;
; 11.912 ; fftfilter:u1|sum[6]  ; fftfilter:u1|xk_imt[3]  ; Ts_clk       ; Ts_clk      ; 20.000       ; -0.059     ; 8.031      ;
; 11.913 ; fftfilter:u1|sum[6]  ; fftfilter:u1|xk_imt[11] ; Ts_clk       ; Ts_clk      ; 20.000       ; -0.059     ; 8.030      ;
; 11.914 ; fftfilter:u1|sum[6]  ; fftfilter:u1|xk_imt[6]  ; Ts_clk       ; Ts_clk      ; 20.000       ; -0.059     ; 8.029      ;
; 11.914 ; fftfilter:u1|sum[6]  ; fftfilter:u1|xk_imt[7]  ; Ts_clk       ; Ts_clk      ; 20.000       ; -0.059     ; 8.029      ;
; 11.914 ; fftfilter:u1|sum[6]  ; fftfilter:u1|xk_imt[12] ; Ts_clk       ; Ts_clk      ; 20.000       ; -0.059     ; 8.029      ;
; 11.915 ; fftfilter:u1|sum[6]  ; fftfilter:u1|xk_imt[8]  ; Ts_clk       ; Ts_clk      ; 20.000       ; -0.059     ; 8.028      ;
; 11.915 ; fftfilter:u1|sum[6]  ; fftfilter:u1|xk_imt[14] ; Ts_clk       ; Ts_clk      ; 20.000       ; -0.059     ; 8.028      ;
; 11.915 ; fftfilter:u1|sum[6]  ; fftfilter:u1|xk_imt[15] ; Ts_clk       ; Ts_clk      ; 20.000       ; -0.059     ; 8.028      ;
; 11.916 ; fftfilter:u1|sum[6]  ; fftfilter:u1|xk_imt[13] ; Ts_clk       ; Ts_clk      ; 20.000       ; -0.059     ; 8.027      ;
; 11.918 ; fftfilter:u1|sum[11] ; fftfilter:u1|xk_imt[9]  ; Ts_clk       ; Ts_clk      ; 20.000       ; -0.059     ; 8.025      ;
; 11.924 ; fftfilter:u1|sum[6]  ; fftfilter:u1|xk_ret[11] ; Ts_clk       ; Ts_clk      ; 20.000       ; -0.058     ; 8.020      ;
; 11.925 ; fftfilter:u1|sum[6]  ; fftfilter:u1|xk_ret[8]  ; Ts_clk       ; Ts_clk      ; 20.000       ; -0.058     ; 8.019      ;
; 11.925 ; fftfilter:u1|sum[6]  ; fftfilter:u1|xk_imt[1]  ; Ts_clk       ; Ts_clk      ; 20.000       ; -0.058     ; 8.019      ;
; 11.926 ; fftfilter:u1|sum[6]  ; fftfilter:u1|xk_ret[6]  ; Ts_clk       ; Ts_clk      ; 20.000       ; -0.058     ; 8.018      ;
; 11.927 ; fftfilter:u1|sum[6]  ; fftfilter:u1|xk_ret[4]  ; Ts_clk       ; Ts_clk      ; 20.000       ; -0.058     ; 8.017      ;
; 11.927 ; fftfilter:u1|sum[6]  ; fftfilter:u1|xk_ret[15] ; Ts_clk       ; Ts_clk      ; 20.000       ; -0.058     ; 8.017      ;
; 11.928 ; fftfilter:u1|sum[6]  ; fftfilter:u1|xk_ret[5]  ; Ts_clk       ; Ts_clk      ; 20.000       ; -0.058     ; 8.016      ;
; 11.928 ; fftfilter:u1|sum[6]  ; fftfilter:u1|xk_ret[10] ; Ts_clk       ; Ts_clk      ; 20.000       ; -0.058     ; 8.016      ;
; 11.929 ; fftfilter:u1|sum[6]  ; fftfilter:u1|xk_ret[3]  ; Ts_clk       ; Ts_clk      ; 20.000       ; -0.058     ; 8.015      ;
; 11.930 ; fftfilter:u1|sum[6]  ; fftfilter:u1|xk_ret[12] ; Ts_clk       ; Ts_clk      ; 20.000       ; -0.058     ; 8.014      ;
; 11.931 ; fftfilter:u1|sum[6]  ; fftfilter:u1|xk_imt[2]  ; Ts_clk       ; Ts_clk      ; 20.000       ; -0.058     ; 8.013      ;
; 11.932 ; fftfilter:u1|sum[6]  ; fftfilter:u1|xk_imt[0]  ; Ts_clk       ; Ts_clk      ; 20.000       ; -0.058     ; 8.012      ;
; 11.933 ; fftfilter:u1|sum[6]  ; fftfilter:u1|xk_ret[14] ; Ts_clk       ; Ts_clk      ; 20.000       ; -0.058     ; 8.011      ;
; 11.933 ; fftfilter:u1|sum[6]  ; fftfilter:u1|xk_ret[13] ; Ts_clk       ; Ts_clk      ; 20.000       ; -0.058     ; 8.011      ;
; 11.934 ; fftfilter:u1|sum[11] ; fftfilter:u1|xk_ret[9]  ; Ts_clk       ; Ts_clk      ; 20.000       ; -0.058     ; 8.010      ;
; 11.935 ; fftfilter:u1|sum[11] ; fftfilter:u1|xk_ret[7]  ; Ts_clk       ; Ts_clk      ; 20.000       ; -0.058     ; 8.009      ;
; 11.947 ; fftfilter:u1|sum[10] ; fftfilter:u1|xk_imt[9]  ; Ts_clk       ; Ts_clk      ; 20.000       ; -0.059     ; 7.996      ;
; 11.963 ; fftfilter:u1|sum[10] ; fftfilter:u1|xk_ret[9]  ; Ts_clk       ; Ts_clk      ; 20.000       ; -0.058     ; 7.981      ;
; 11.964 ; fftfilter:u1|sum[10] ; fftfilter:u1|xk_ret[7]  ; Ts_clk       ; Ts_clk      ; 20.000       ; -0.058     ; 7.980      ;
; 11.975 ; fftfilter:u1|sum[7]  ; fftfilter:u1|xk_imt[4]  ; Ts_clk       ; Ts_clk      ; 20.000       ; -0.059     ; 7.968      ;
; 11.975 ; fftfilter:u1|sum[7]  ; fftfilter:u1|xk_imt[5]  ; Ts_clk       ; Ts_clk      ; 20.000       ; -0.059     ; 7.968      ;
; 11.975 ; fftfilter:u1|sum[7]  ; fftfilter:u1|xk_imt[10] ; Ts_clk       ; Ts_clk      ; 20.000       ; -0.059     ; 7.968      ;
; 11.976 ; fftfilter:u1|sum[16] ; fftfilter:u1|xk_imt[9]  ; Ts_clk       ; Ts_clk      ; 20.000       ; -0.062     ; 7.964      ;
; 11.976 ; fftfilter:u1|sum[7]  ; fftfilter:u1|xk_imt[3]  ; Ts_clk       ; Ts_clk      ; 20.000       ; -0.059     ; 7.967      ;
; 11.977 ; fftfilter:u1|sum[7]  ; fftfilter:u1|xk_imt[11] ; Ts_clk       ; Ts_clk      ; 20.000       ; -0.059     ; 7.966      ;
; 11.978 ; fftfilter:u1|sum[7]  ; fftfilter:u1|xk_imt[6]  ; Ts_clk       ; Ts_clk      ; 20.000       ; -0.059     ; 7.965      ;
; 11.978 ; fftfilter:u1|sum[7]  ; fftfilter:u1|xk_imt[7]  ; Ts_clk       ; Ts_clk      ; 20.000       ; -0.059     ; 7.965      ;
; 11.978 ; fftfilter:u1|sum[7]  ; fftfilter:u1|xk_imt[12] ; Ts_clk       ; Ts_clk      ; 20.000       ; -0.059     ; 7.965      ;
; 11.979 ; fftfilter:u1|sum[7]  ; fftfilter:u1|xk_imt[8]  ; Ts_clk       ; Ts_clk      ; 20.000       ; -0.059     ; 7.964      ;
; 11.979 ; fftfilter:u1|sum[7]  ; fftfilter:u1|xk_imt[14] ; Ts_clk       ; Ts_clk      ; 20.000       ; -0.059     ; 7.964      ;
; 11.979 ; fftfilter:u1|sum[7]  ; fftfilter:u1|xk_imt[15] ; Ts_clk       ; Ts_clk      ; 20.000       ; -0.059     ; 7.964      ;
; 11.980 ; fftfilter:u1|sum[7]  ; fftfilter:u1|xk_imt[13] ; Ts_clk       ; Ts_clk      ; 20.000       ; -0.059     ; 7.963      ;
; 11.988 ; fftfilter:u1|sum[7]  ; fftfilter:u1|xk_ret[11] ; Ts_clk       ; Ts_clk      ; 20.000       ; -0.058     ; 7.956      ;
; 11.989 ; fftfilter:u1|sum[7]  ; fftfilter:u1|xk_ret[8]  ; Ts_clk       ; Ts_clk      ; 20.000       ; -0.058     ; 7.955      ;
; 11.989 ; fftfilter:u1|sum[7]  ; fftfilter:u1|xk_imt[1]  ; Ts_clk       ; Ts_clk      ; 20.000       ; -0.058     ; 7.955      ;
; 11.990 ; fftfilter:u1|sum[7]  ; fftfilter:u1|xk_ret[6]  ; Ts_clk       ; Ts_clk      ; 20.000       ; -0.058     ; 7.954      ;
; 11.991 ; fftfilter:u1|sum[7]  ; fftfilter:u1|xk_ret[4]  ; Ts_clk       ; Ts_clk      ; 20.000       ; -0.058     ; 7.953      ;
; 11.991 ; fftfilter:u1|sum[7]  ; fftfilter:u1|xk_ret[15] ; Ts_clk       ; Ts_clk      ; 20.000       ; -0.058     ; 7.953      ;
; 11.992 ; fftfilter:u1|sum[16] ; fftfilter:u1|xk_ret[9]  ; Ts_clk       ; Ts_clk      ; 20.000       ; -0.061     ; 7.949      ;
; 11.992 ; fftfilter:u1|sum[7]  ; fftfilter:u1|xk_ret[5]  ; Ts_clk       ; Ts_clk      ; 20.000       ; -0.058     ; 7.952      ;
+--------+----------------------+-------------------------+--------------+-------------+--------------+------------+------------+


+--------------------------------------------------------------------------------------------------------------------------------------------------------------------------------------------------------------------------------------------------------------------------------------------------------------------------------------------------------------------------------------------------------------------------------------------------------------------------------------------------------------------------------------------------------------------------------------------------------------------------------------------------+
; Slow 1200mV 0C Model Hold: 'Ts_clk'                                                                                                                                                                                                                                                                                                                                                                                                                                                                                                                                                                                                              ;
+-------+---------------------------------------------------------------------------------------------------------------------------------------------------------------------------------------------------------------------------------------------------------------+----------------------------------------------------------------------------------------------------------------------------------------------------------------------------------------------------------------------------------------------------------------------------------------------------+--------------+-------------+--------------+------------+------------+
; Slack ; From Node                                                                                                                                                                                                                                                     ; To Node                                                                                                                                                                                                                                                                                            ; Launch Clock ; Latch Clock ; Relationship ; Clock Skew ; Data Delay ;
+-------+---------------------------------------------------------------------------------------------------------------------------------------------------------------------------------------------------------------------------------------------------------------+----------------------------------------------------------------------------------------------------------------------------------------------------------------------------------------------------------------------------------------------------------------------------------------------------+--------------+-------------+--------------+------------+------------+
; 0.368 ; ifftout:u2|fft256:u0|asj_fft_si_sose_so_b_fft_121:asj_fft_si_sose_so_b_fft_121_inst|auk_dspip_avalon_streaming_sink_fft_121:auk_dsp_atlantic_sink_1|at_sink_data_int[16]                                                                                      ; ifftout:u2|fft256:u0|asj_fft_si_sose_so_b_fft_121:asj_fft_si_sose_so_b_fft_121_inst|auk_dspip_avalon_streaming_sink_fft_121:auk_dsp_atlantic_sink_1|scfifo:\normal_fifo:fifo_eab_on:in_fifo|scfifo_udh1:auto_generated|a_dpfifo_no81:dpfifo|altsyncram_ssf1:FIFOram|ram_block1a0~porta_datain_reg0 ; Ts_clk       ; Ts_clk      ; 0.000        ; 0.427      ; 1.045      ;
; 0.368 ; ifftout:u2|fft256:u0|asj_fft_si_sose_so_b_fft_121:asj_fft_si_sose_so_b_fft_121_inst|auk_dspip_avalon_streaming_sink_fft_121:auk_dsp_atlantic_sink_1|at_sink_data_int[18]                                                                                      ; ifftout:u2|fft256:u0|asj_fft_si_sose_so_b_fft_121:asj_fft_si_sose_so_b_fft_121_inst|auk_dspip_avalon_streaming_sink_fft_121:auk_dsp_atlantic_sink_1|scfifo:\normal_fifo:fifo_eab_on:in_fifo|scfifo_udh1:auto_generated|a_dpfifo_no81:dpfifo|altsyncram_ssf1:FIFOram|ram_block1a0~porta_datain_reg0 ; Ts_clk       ; Ts_clk      ; 0.000        ; 0.427      ; 1.045      ;
; 0.369 ; ifftout:u2|fft256:u0|asj_fft_si_sose_so_b_fft_121:asj_fft_si_sose_so_b_fft_121_inst|asj_fft_unbburst_sose_ctrl_fft_121:ccc|rdaddress_a_bus[3]                                                                                                                 ; ifftout:u2|fft256:u0|asj_fft_si_sose_so_b_fft_121:asj_fft_si_sose_so_b_fft_121_inst|asj_fft_1dp_ram_fft_121:\gen_1_ram:gen_M4K:dat_A|asj_fft_data_ram_fft_121:dat_A|altsyncram:\gen_M4K:altsyncram_component|altsyncram_21t3:auto_generated|ram_block1a0~portb_address_reg0                        ; Ts_clk       ; Ts_clk      ; 0.000        ; 0.422      ; 1.041      ;
; 0.370 ; ifftout:u2|fft256:u0|asj_fft_si_sose_so_b_fft_121:asj_fft_si_sose_so_b_fft_121_inst|asj_fft_unbburst_sose_ctrl_fft_121:ccc|wraddress_a_bus[6]                                                                                                                 ; ifftout:u2|fft256:u0|asj_fft_si_sose_so_b_fft_121:asj_fft_si_sose_so_b_fft_121_inst|asj_fft_1dp_ram_fft_121:\gen_1_ram:gen_M4K:dat_A|asj_fft_data_ram_fft_121:dat_A|altsyncram:\gen_M4K:altsyncram_component|altsyncram_21t3:auto_generated|ram_block1a0~porta_address_reg0                        ; Ts_clk       ; Ts_clk      ; 0.000        ; 0.422      ; 1.042      ;
; 0.370 ; ifftout:u2|fft256:u0|asj_fft_si_sose_so_b_fft_121:asj_fft_si_sose_so_b_fft_121_inst|asj_fft_unbburst_sose_ctrl_fft_121:ccc|rdaddress_a_bus[7]                                                                                                                 ; ifftout:u2|fft256:u0|asj_fft_si_sose_so_b_fft_121:asj_fft_si_sose_so_b_fft_121_inst|asj_fft_1dp_ram_fft_121:\gen_1_ram:gen_M4K:dat_A|asj_fft_data_ram_fft_121:dat_A|altsyncram:\gen_M4K:altsyncram_component|altsyncram_21t3:auto_generated|ram_block1a0~portb_address_reg0                        ; Ts_clk       ; Ts_clk      ; 0.000        ; 0.422      ; 1.042      ;
; 0.372 ; ifftout:u2|fft256:u0|asj_fft_si_sose_so_b_fft_121:asj_fft_si_sose_so_b_fft_121_inst|auk_dspip_avalon_streaming_sink_fft_121:auk_dsp_atlantic_sink_1|at_sink_data_int[19]                                                                                      ; ifftout:u2|fft256:u0|asj_fft_si_sose_so_b_fft_121:asj_fft_si_sose_so_b_fft_121_inst|auk_dspip_avalon_streaming_sink_fft_121:auk_dsp_atlantic_sink_1|scfifo:\normal_fifo:fifo_eab_on:in_fifo|scfifo_udh1:auto_generated|a_dpfifo_no81:dpfifo|altsyncram_ssf1:FIFOram|ram_block1a0~porta_datain_reg0 ; Ts_clk       ; Ts_clk      ; 0.000        ; 0.427      ; 1.049      ;
; 0.373 ; ifftout:u2|fft256:u0|asj_fft_si_sose_so_b_fft_121:asj_fft_si_sose_so_b_fft_121_inst|asj_fft_unbburst_sose_ctrl_fft_121:ccc|rdaddress_a_bus[6]                                                                                                                 ; ifftout:u2|fft256:u0|asj_fft_si_sose_so_b_fft_121:asj_fft_si_sose_so_b_fft_121_inst|asj_fft_1dp_ram_fft_121:\gen_1_ram:gen_M4K:dat_A|asj_fft_data_ram_fft_121:dat_A|altsyncram:\gen_M4K:altsyncram_component|altsyncram_21t3:auto_generated|ram_block1a0~portb_address_reg0                        ; Ts_clk       ; Ts_clk      ; 0.000        ; 0.422      ; 1.045      ;
; 0.376 ; ifftout:u2|fft256:u0|asj_fft_si_sose_so_b_fft_121:asj_fft_si_sose_so_b_fft_121_inst|auk_dspip_avalon_streaming_sink_fft_121:auk_dsp_atlantic_sink_1|at_sink_data_int[9]                                                                                       ; ifftout:u2|fft256:u0|asj_fft_si_sose_so_b_fft_121:asj_fft_si_sose_so_b_fft_121_inst|auk_dspip_avalon_streaming_sink_fft_121:auk_dsp_atlantic_sink_1|scfifo:\normal_fifo:fifo_eab_on:in_fifo|scfifo_udh1:auto_generated|a_dpfifo_no81:dpfifo|altsyncram_ssf1:FIFOram|ram_block1a0~porta_datain_reg0 ; Ts_clk       ; Ts_clk      ; 0.000        ; 0.427      ; 1.053      ;
; 0.376 ; ifftout:u2|fft256:u0|asj_fft_si_sose_so_b_fft_121:asj_fft_si_sose_so_b_fft_121_inst|auk_dspip_avalon_streaming_sink_fft_121:auk_dsp_atlantic_sink_1|at_sink_data_int[30]                                                                                      ; ifftout:u2|fft256:u0|asj_fft_si_sose_so_b_fft_121:asj_fft_si_sose_so_b_fft_121_inst|auk_dspip_avalon_streaming_sink_fft_121:auk_dsp_atlantic_sink_1|scfifo:\normal_fifo:fifo_eab_on:in_fifo|scfifo_udh1:auto_generated|a_dpfifo_no81:dpfifo|altsyncram_ssf1:FIFOram|ram_block1a0~porta_datain_reg0 ; Ts_clk       ; Ts_clk      ; 0.000        ; 0.427      ; 1.053      ;
; 0.378 ; ifftout:u2|fft256:u0|asj_fft_si_sose_so_b_fft_121:asj_fft_si_sose_so_b_fft_121_inst|auk_dspip_avalon_streaming_sink_fft_121:auk_dsp_atlantic_sink_1|at_sink_data_int[4]                                                                                       ; ifftout:u2|fft256:u0|asj_fft_si_sose_so_b_fft_121:asj_fft_si_sose_so_b_fft_121_inst|auk_dspip_avalon_streaming_sink_fft_121:auk_dsp_atlantic_sink_1|scfifo:\normal_fifo:fifo_eab_on:in_fifo|scfifo_udh1:auto_generated|a_dpfifo_no81:dpfifo|altsyncram_ssf1:FIFOram|ram_block1a0~porta_datain_reg0 ; Ts_clk       ; Ts_clk      ; 0.000        ; 0.427      ; 1.055      ;
; 0.378 ; ifftout:u2|fft256:u0|asj_fft_si_sose_so_b_fft_121:asj_fft_si_sose_so_b_fft_121_inst|auk_dspip_avalon_streaming_sink_fft_121:auk_dsp_atlantic_sink_1|at_sink_data_int[15]                                                                                      ; ifftout:u2|fft256:u0|asj_fft_si_sose_so_b_fft_121:asj_fft_si_sose_so_b_fft_121_inst|auk_dspip_avalon_streaming_sink_fft_121:auk_dsp_atlantic_sink_1|scfifo:\normal_fifo:fifo_eab_on:in_fifo|scfifo_udh1:auto_generated|a_dpfifo_no81:dpfifo|altsyncram_ssf1:FIFOram|ram_block1a0~porta_datain_reg0 ; Ts_clk       ; Ts_clk      ; 0.000        ; 0.427      ; 1.055      ;
; 0.378 ; ifftout:u2|fft256:u0|asj_fft_si_sose_so_b_fft_121:asj_fft_si_sose_so_b_fft_121_inst|auk_dspip_avalon_streaming_sink_fft_121:auk_dsp_atlantic_sink_1|at_sink_data_int[22]                                                                                      ; ifftout:u2|fft256:u0|asj_fft_si_sose_so_b_fft_121:asj_fft_si_sose_so_b_fft_121_inst|auk_dspip_avalon_streaming_sink_fft_121:auk_dsp_atlantic_sink_1|scfifo:\normal_fifo:fifo_eab_on:in_fifo|scfifo_udh1:auto_generated|a_dpfifo_no81:dpfifo|altsyncram_ssf1:FIFOram|ram_block1a0~porta_datain_reg0 ; Ts_clk       ; Ts_clk      ; 0.000        ; 0.427      ; 1.055      ;
; 0.378 ; ifftout:u2|fft256:u0|asj_fft_si_sose_so_b_fft_121:asj_fft_si_sose_so_b_fft_121_inst|asj_fft_unbburst_sose_ctrl_fft_121:ccc|wraddress_a_bus[7]                                                                                                                 ; ifftout:u2|fft256:u0|asj_fft_si_sose_so_b_fft_121:asj_fft_si_sose_so_b_fft_121_inst|asj_fft_1dp_ram_fft_121:\gen_1_ram:gen_M4K:dat_A|asj_fft_data_ram_fft_121:dat_A|altsyncram:\gen_M4K:altsyncram_component|altsyncram_21t3:auto_generated|ram_block1a0~porta_address_reg0                        ; Ts_clk       ; Ts_clk      ; 0.000        ; 0.422      ; 1.050      ;
; 0.378 ; ifftout:u2|fft256:u0|asj_fft_si_sose_so_b_fft_121:asj_fft_si_sose_so_b_fft_121_inst|asj_fft_unbburst_sose_ctrl_fft_121:ccc|rdaddress_a_bus[0]                                                                                                                 ; ifftout:u2|fft256:u0|asj_fft_si_sose_so_b_fft_121:asj_fft_si_sose_so_b_fft_121_inst|asj_fft_1dp_ram_fft_121:\gen_1_ram:gen_M4K:dat_A|asj_fft_data_ram_fft_121:dat_A|altsyncram:\gen_M4K:altsyncram_component|altsyncram_21t3:auto_generated|ram_block1a0~portb_address_reg0                        ; Ts_clk       ; Ts_clk      ; 0.000        ; 0.417      ; 1.045      ;
; 0.379 ; ifftout:u2|fft256:u0|asj_fft_si_sose_so_b_fft_121:asj_fft_si_sose_so_b_fft_121_inst|auk_dspip_avalon_streaming_sink_fft_121:auk_dsp_atlantic_sink_1|at_sink_data_int[20]                                                                                      ; ifftout:u2|fft256:u0|asj_fft_si_sose_so_b_fft_121:asj_fft_si_sose_so_b_fft_121_inst|auk_dspip_avalon_streaming_sink_fft_121:auk_dsp_atlantic_sink_1|scfifo:\normal_fifo:fifo_eab_on:in_fifo|scfifo_udh1:auto_generated|a_dpfifo_no81:dpfifo|altsyncram_ssf1:FIFOram|ram_block1a0~porta_datain_reg0 ; Ts_clk       ; Ts_clk      ; 0.000        ; 0.427      ; 1.056      ;
; 0.380 ; ifftout:u2|fft256:u0|asj_fft_si_sose_so_b_fft_121:asj_fft_si_sose_so_b_fft_121_inst|auk_dspip_avalon_streaming_sink_fft_121:auk_dsp_atlantic_sink_1|at_sink_data_int[21]                                                                                      ; ifftout:u2|fft256:u0|asj_fft_si_sose_so_b_fft_121:asj_fft_si_sose_so_b_fft_121_inst|auk_dspip_avalon_streaming_sink_fft_121:auk_dsp_atlantic_sink_1|scfifo:\normal_fifo:fifo_eab_on:in_fifo|scfifo_udh1:auto_generated|a_dpfifo_no81:dpfifo|altsyncram_ssf1:FIFOram|ram_block1a0~porta_datain_reg0 ; Ts_clk       ; Ts_clk      ; 0.000        ; 0.427      ; 1.057      ;
; 0.380 ; ifftout:u2|fft256:u0|asj_fft_si_sose_so_b_fft_121:asj_fft_si_sose_so_b_fft_121_inst|asj_fft_unbburst_sose_ctrl_fft_121:ccc|a_ram_data_in_bus[11]                                                                                                              ; ifftout:u2|fft256:u0|asj_fft_si_sose_so_b_fft_121:asj_fft_si_sose_so_b_fft_121_inst|asj_fft_1dp_ram_fft_121:\gen_1_ram:gen_M4K:dat_A|asj_fft_data_ram_fft_121:dat_A|altsyncram:\gen_M4K:altsyncram_component|altsyncram_21t3:auto_generated|ram_block1a0~porta_datain_reg0                         ; Ts_clk       ; Ts_clk      ; 0.000        ; 0.427      ; 1.057      ;
; 0.381 ; ifftout:u2|fft256:u0|asj_fft_si_sose_so_b_fft_121:asj_fft_si_sose_so_b_fft_121_inst|auk_dspip_avalon_streaming_sink_fft_121:auk_dsp_atlantic_sink_1|at_sink_data_int[6]                                                                                       ; ifftout:u2|fft256:u0|asj_fft_si_sose_so_b_fft_121:asj_fft_si_sose_so_b_fft_121_inst|auk_dspip_avalon_streaming_sink_fft_121:auk_dsp_atlantic_sink_1|scfifo:\normal_fifo:fifo_eab_on:in_fifo|scfifo_udh1:auto_generated|a_dpfifo_no81:dpfifo|altsyncram_ssf1:FIFOram|ram_block1a0~porta_datain_reg0 ; Ts_clk       ; Ts_clk      ; 0.000        ; 0.427      ; 1.058      ;
; 0.382 ; window:u0|count[3]                                                                                                                                                                                                                                            ; window:u0|count[3]                                                                                                                                                                                                                                                                                 ; Ts_clk       ; Ts_clk      ; 0.000        ; 0.072      ; 0.669      ;
; 0.382 ; ifftout:u2|rdce_aft                                                                                                                                                                                                                                           ; ifftout:u2|rdce_aft                                                                                                                                                                                                                                                                                ; Ts_clk       ; Ts_clk      ; 0.000        ; 0.072      ; 0.669      ;
; 0.382 ; ifftout:u2|rdce_pre                                                                                                                                                                                                                                           ; ifftout:u2|rdce_pre                                                                                                                                                                                                                                                                                ; Ts_clk       ; Ts_clk      ; 0.000        ; 0.072      ; 0.669      ;
; 0.382 ; window:u0|count[2]                                                                                                                                                                                                                                            ; window:u0|count[2]                                                                                                                                                                                                                                                                                 ; Ts_clk       ; Ts_clk      ; 0.000        ; 0.072      ; 0.669      ;
; 0.382 ; fftfilter:u1|fft256:u0|asj_fft_si_sose_so_b_fft_121:asj_fft_si_sose_so_b_fft_121_inst|auk_dspip_avalon_streaming_sink_fft_121:auk_dsp_atlantic_sink_1|sink_out_state.normal                                                                                   ; fftfilter:u1|fft256:u0|asj_fft_si_sose_so_b_fft_121:asj_fft_si_sose_so_b_fft_121_inst|auk_dspip_avalon_streaming_sink_fft_121:auk_dsp_atlantic_sink_1|sink_out_state.normal                                                                                                                        ; Ts_clk       ; Ts_clk      ; 0.000        ; 0.072      ; 0.669      ;
; 0.382 ; fftfilter:u1|fft256:u0|asj_fft_si_sose_so_b_fft_121:asj_fft_si_sose_so_b_fft_121_inst|auk_dspip_avalon_streaming_sink_fft_121:auk_dsp_atlantic_sink_1|sink_start                                                                                              ; fftfilter:u1|fft256:u0|asj_fft_si_sose_so_b_fft_121:asj_fft_si_sose_so_b_fft_121_inst|auk_dspip_avalon_streaming_sink_fft_121:auk_dsp_atlantic_sink_1|sink_start                                                                                                                                   ; Ts_clk       ; Ts_clk      ; 0.000        ; 0.072      ; 0.669      ;
; 0.382 ; fftfilter:u1|fft256:u0|asj_fft_si_sose_so_b_fft_121:asj_fft_si_sose_so_b_fft_121_inst|auk_dspip_avalon_streaming_sink_fft_121:auk_dsp_atlantic_sink_1|scfifo:\normal_fifo:fifo_eab_on:in_fifo|scfifo_udh1:auto_generated|a_dpfifo_no81:dpfifo|usedw_is_0_dff  ; fftfilter:u1|fft256:u0|asj_fft_si_sose_so_b_fft_121:asj_fft_si_sose_so_b_fft_121_inst|auk_dspip_avalon_streaming_sink_fft_121:auk_dsp_atlantic_sink_1|scfifo:\normal_fifo:fifo_eab_on:in_fifo|scfifo_udh1:auto_generated|a_dpfifo_no81:dpfifo|usedw_is_0_dff                                       ; Ts_clk       ; Ts_clk      ; 0.000        ; 0.072      ; 0.669      ;
; 0.382 ; fftfilter:u1|fft256:u0|asj_fft_si_sose_so_b_fft_121:asj_fft_si_sose_so_b_fft_121_inst|asj_fft_in_write_sgl_fft_121:writer|burst_count_en                                                                                                                      ; fftfilter:u1|fft256:u0|asj_fft_si_sose_so_b_fft_121:asj_fft_si_sose_so_b_fft_121_inst|asj_fft_in_write_sgl_fft_121:writer|burst_count_en                                                                                                                                                           ; Ts_clk       ; Ts_clk      ; 0.000        ; 0.072      ; 0.669      ;
; 0.382 ; fftfilter:u1|fft256:u0|asj_fft_si_sose_so_b_fft_121:asj_fft_si_sose_so_b_fft_121_inst|auk_dspip_avalon_streaming_sink_fft_121:auk_dsp_atlantic_sink_1|sink_state.start                                                                                        ; fftfilter:u1|fft256:u0|asj_fft_si_sose_so_b_fft_121:asj_fft_si_sose_so_b_fft_121_inst|auk_dspip_avalon_streaming_sink_fft_121:auk_dsp_atlantic_sink_1|sink_state.start                                                                                                                             ; Ts_clk       ; Ts_clk      ; 0.000        ; 0.072      ; 0.669      ;
; 0.382 ; ifftout:u2|fft256:u0|asj_fft_si_sose_so_b_fft_121:asj_fft_si_sose_so_b_fft_121_inst|sop                                                                                                                                                                       ; ifftout:u2|fft256:u0|asj_fft_si_sose_so_b_fft_121:asj_fft_si_sose_so_b_fft_121_inst|sop                                                                                                                                                                                                            ; Ts_clk       ; Ts_clk      ; 0.000        ; 0.072      ; 0.669      ;
; 0.382 ; ifftout:u2|fft256:u0|asj_fft_si_sose_so_b_fft_121:asj_fft_si_sose_so_b_fft_121_inst|fft_s2_cur.WAIT_FOR_LPP_INPUT                                                                                                                                             ; ifftout:u2|fft256:u0|asj_fft_si_sose_so_b_fft_121:asj_fft_si_sose_so_b_fft_121_inst|fft_s2_cur.WAIT_FOR_LPP_INPUT                                                                                                                                                                                  ; Ts_clk       ; Ts_clk      ; 0.000        ; 0.072      ; 0.669      ;
; 0.382 ; ifftout:u2|fft256:u0|asj_fft_si_sose_so_b_fft_121:asj_fft_si_sose_so_b_fft_121_inst|fft_s2_cur.START_LPP                                                                                                                                                      ; ifftout:u2|fft256:u0|asj_fft_si_sose_so_b_fft_121:asj_fft_si_sose_so_b_fft_121_inst|fft_s2_cur.START_LPP                                                                                                                                                                                           ; Ts_clk       ; Ts_clk      ; 0.000        ; 0.072      ; 0.669      ;
; 0.382 ; ifftout:u2|fft256:u0|asj_fft_si_sose_so_b_fft_121:asj_fft_si_sose_so_b_fft_121_inst|asj_fft_in_write_sgl_fft_121:writer|burst_count_en                                                                                                                        ; ifftout:u2|fft256:u0|asj_fft_si_sose_so_b_fft_121:asj_fft_si_sose_so_b_fft_121_inst|asj_fft_in_write_sgl_fft_121:writer|burst_count_en                                                                                                                                                             ; Ts_clk       ; Ts_clk      ; 0.000        ; 0.072      ; 0.669      ;
; 0.382 ; ifftout:u2|fft256:u0|asj_fft_si_sose_so_b_fft_121:asj_fft_si_sose_so_b_fft_121_inst|asj_fft_in_write_sgl_fft_121:writer|data_rdy_int                                                                                                                          ; ifftout:u2|fft256:u0|asj_fft_si_sose_so_b_fft_121:asj_fft_si_sose_so_b_fft_121_inst|asj_fft_in_write_sgl_fft_121:writer|data_rdy_int                                                                                                                                                               ; Ts_clk       ; Ts_clk      ; 0.000        ; 0.072      ; 0.669      ;
; 0.382 ; fftfilter:u1|fft256:u0|asj_fft_si_sose_so_b_fft_121:asj_fft_si_sose_so_b_fft_121_inst|asj_fft_m_k_counter_fft_121:ctrl|p[2]                                                                                                                                   ; fftfilter:u1|fft256:u0|asj_fft_si_sose_so_b_fft_121:asj_fft_si_sose_so_b_fft_121_inst|asj_fft_m_k_counter_fft_121:ctrl|p[2]                                                                                                                                                                        ; Ts_clk       ; Ts_clk      ; 0.000        ; 0.072      ; 0.669      ;
; 0.382 ; fftfilter:u1|fft256:u0|asj_fft_si_sose_so_b_fft_121:asj_fft_si_sose_so_b_fft_121_inst|asj_fft_m_k_counter_fft_121:ctrl|p[1]                                                                                                                                   ; fftfilter:u1|fft256:u0|asj_fft_si_sose_so_b_fft_121:asj_fft_si_sose_so_b_fft_121_inst|asj_fft_m_k_counter_fft_121:ctrl|p[1]                                                                                                                                                                        ; Ts_clk       ; Ts_clk      ; 0.000        ; 0.072      ; 0.669      ;
; 0.382 ; fftfilter:u1|fft256:u0|asj_fft_si_sose_so_b_fft_121:asj_fft_si_sose_so_b_fft_121_inst|asj_fft_m_k_counter_fft_121:ctrl|p[3]                                                                                                                                   ; fftfilter:u1|fft256:u0|asj_fft_si_sose_so_b_fft_121:asj_fft_si_sose_so_b_fft_121_inst|asj_fft_m_k_counter_fft_121:ctrl|p[3]                                                                                                                                                                        ; Ts_clk       ; Ts_clk      ; 0.000        ; 0.072      ; 0.669      ;
; 0.382 ; fftfilter:u1|fft256:u0|asj_fft_si_sose_so_b_fft_121:asj_fft_si_sose_so_b_fft_121_inst|asj_fft_in_write_sgl_fft_121:writer|data_rdy_int                                                                                                                        ; fftfilter:u1|fft256:u0|asj_fft_si_sose_so_b_fft_121:asj_fft_si_sose_so_b_fft_121_inst|asj_fft_in_write_sgl_fft_121:writer|data_rdy_int                                                                                                                                                             ; Ts_clk       ; Ts_clk      ; 0.000        ; 0.072      ; 0.669      ;
; 0.383 ; fftfilter:u1|altshift_taps:xkre0_rtl_0|shift_taps_ckm:auto_generated|cntr_6pf:cntr1|counter_reg_bit[0]                                                                                                                                                        ; fftfilter:u1|altshift_taps:xkre0_rtl_0|shift_taps_ckm:auto_generated|cntr_6pf:cntr1|counter_reg_bit[0]                                                                                                                                                                                             ; Ts_clk       ; Ts_clk      ; 0.000        ; 0.071      ; 0.669      ;
; 0.383 ; fftfilter:u1|fft256:u0|asj_fft_si_sose_so_b_fft_121:asj_fft_si_sose_so_b_fft_121_inst|auk_dspip_avalon_streaming_source_fft_121:auk_dsp_atlantic_source_1|was_stalled                                                                                         ; fftfilter:u1|fft256:u0|asj_fft_si_sose_so_b_fft_121:asj_fft_si_sose_so_b_fft_121_inst|auk_dspip_avalon_streaming_source_fft_121:auk_dsp_atlantic_source_1|was_stalled                                                                                                                              ; Ts_clk       ; Ts_clk      ; 0.000        ; 0.071      ; 0.669      ;
; 0.383 ; fftfilter:u1|fft256:u0|asj_fft_si_sose_so_b_fft_121:asj_fft_si_sose_so_b_fft_121_inst|asj_fft_unbburst_sose_ctrl_fft_121:ccc|a_ram_data_in_bus[30]                                                                                                            ; fftfilter:u1|fft256:u0|asj_fft_si_sose_so_b_fft_121:asj_fft_si_sose_so_b_fft_121_inst|asj_fft_1dp_ram_fft_121:\gen_1_ram:gen_M4K:dat_A|asj_fft_data_ram_fft_121:dat_A|altsyncram:\gen_M4K:altsyncram_component|altsyncram_21t3:auto_generated|ram_block1a0~porta_datain_reg0                       ; Ts_clk       ; Ts_clk      ; 0.000        ; 0.422      ; 1.055      ;
; 0.383 ; fftfilter:u1|fft256:u0|asj_fft_si_sose_so_b_fft_121:asj_fft_si_sose_so_b_fft_121_inst|sop                                                                                                                                                                     ; fftfilter:u1|fft256:u0|asj_fft_si_sose_so_b_fft_121:asj_fft_si_sose_so_b_fft_121_inst|sop                                                                                                                                                                                                          ; Ts_clk       ; Ts_clk      ; 0.000        ; 0.071      ; 0.669      ;
; 0.383 ; fftfilter:u1|fft256:u0|asj_fft_si_sose_so_b_fft_121:asj_fft_si_sose_so_b_fft_121_inst|fft_s2_cur.START_LPP                                                                                                                                                    ; fftfilter:u1|fft256:u0|asj_fft_si_sose_so_b_fft_121:asj_fft_si_sose_so_b_fft_121_inst|fft_s2_cur.START_LPP                                                                                                                                                                                         ; Ts_clk       ; Ts_clk      ; 0.000        ; 0.071      ; 0.669      ;
; 0.383 ; fftfilter:u1|fft256:u0|asj_fft_si_sose_so_b_fft_121:asj_fft_si_sose_so_b_fft_121_inst|fft_s2_cur.WAIT_FOR_LPP_INPUT                                                                                                                                           ; fftfilter:u1|fft256:u0|asj_fft_si_sose_so_b_fft_121:asj_fft_si_sose_so_b_fft_121_inst|fft_s2_cur.WAIT_FOR_LPP_INPUT                                                                                                                                                                                ; Ts_clk       ; Ts_clk      ; 0.000        ; 0.071      ; 0.669      ;
; 0.383 ; fftfilter:u1|fft256:u0|asj_fft_si_sose_so_b_fft_121:asj_fft_si_sose_so_b_fft_121_inst|fft_s2_cur.LPP_OUTPUT_RDY                                                                                                                                               ; fftfilter:u1|fft256:u0|asj_fft_si_sose_so_b_fft_121:asj_fft_si_sose_so_b_fft_121_inst|fft_s2_cur.LPP_OUTPUT_RDY                                                                                                                                                                                    ; Ts_clk       ; Ts_clk      ; 0.000        ; 0.071      ; 0.669      ;
; 0.383 ; fftfilter:u1|fft256:u0|asj_fft_si_sose_so_b_fft_121:asj_fft_si_sose_so_b_fft_121_inst|fft_s1_cur.NO_WRITE                                                                                                                                                     ; fftfilter:u1|fft256:u0|asj_fft_si_sose_so_b_fft_121:asj_fft_si_sose_so_b_fft_121_inst|fft_s1_cur.NO_WRITE                                                                                                                                                                                          ; Ts_clk       ; Ts_clk      ; 0.000        ; 0.071      ; 0.669      ;
; 0.383 ; fftfilter:u1|fft256:u0|asj_fft_si_sose_so_b_fft_121:asj_fft_si_sose_so_b_fft_121_inst|fft_s1_cur.WRITE_INPUT                                                                                                                                                  ; fftfilter:u1|fft256:u0|asj_fft_si_sose_so_b_fft_121:asj_fft_si_sose_so_b_fft_121_inst|fft_s1_cur.WRITE_INPUT                                                                                                                                                                                       ; Ts_clk       ; Ts_clk      ; 0.000        ; 0.071      ; 0.669      ;
; 0.383 ; fftfilter:u1|fft256:u0|asj_fft_si_sose_so_b_fft_121:asj_fft_si_sose_so_b_fft_121_inst|fft_s1_cur.EARLY_DONE                                                                                                                                                   ; fftfilter:u1|fft256:u0|asj_fft_si_sose_so_b_fft_121:asj_fft_si_sose_so_b_fft_121_inst|fft_s1_cur.EARLY_DONE                                                                                                                                                                                        ; Ts_clk       ; Ts_clk      ; 0.000        ; 0.071      ; 0.669      ;
; 0.383 ; fftfilter:u1|fft256:u0|asj_fft_si_sose_so_b_fft_121:asj_fft_si_sose_so_b_fft_121_inst|fft_s1_cur.DONE_WRITING                                                                                                                                                 ; fftfilter:u1|fft256:u0|asj_fft_si_sose_so_b_fft_121:asj_fft_si_sose_so_b_fft_121_inst|fft_s1_cur.DONE_WRITING                                                                                                                                                                                      ; Ts_clk       ; Ts_clk      ; 0.000        ; 0.071      ; 0.669      ;
; 0.383 ; fftfilter:u1|fft256:u0|asj_fft_si_sose_so_b_fft_121:asj_fft_si_sose_so_b_fft_121_inst|fft_s1_cur.WAIT_FOR_INPUT                                                                                                                                               ; fftfilter:u1|fft256:u0|asj_fft_si_sose_so_b_fft_121:asj_fft_si_sose_so_b_fft_121_inst|fft_s1_cur.WAIT_FOR_INPUT                                                                                                                                                                                    ; Ts_clk       ; Ts_clk      ; 0.000        ; 0.071      ; 0.669      ;
; 0.383 ; fftfilter:u1|fft256:u0|asj_fft_si_sose_so_b_fft_121:asj_fft_si_sose_so_b_fft_121_inst|fft_s1_cur.FFT_PROCESS_A                                                                                                                                                ; fftfilter:u1|fft256:u0|asj_fft_si_sose_so_b_fft_121:asj_fft_si_sose_so_b_fft_121_inst|fft_s1_cur.FFT_PROCESS_A                                                                                                                                                                                     ; Ts_clk       ; Ts_clk      ; 0.000        ; 0.071      ; 0.669      ;
; 0.383 ; fftfilter:u1|fft256:u0|asj_fft_si_sose_so_b_fft_121:asj_fft_si_sose_so_b_fft_121_inst|auk_dspip_avalon_streaming_sink_fft_121:auk_dsp_atlantic_sink_1|scfifo:\normal_fifo:fifo_eab_on:in_fifo|scfifo_udh1:auto_generated|a_dpfifo_no81:dpfifo|low_addressa[0] ; fftfilter:u1|fft256:u0|asj_fft_si_sose_so_b_fft_121:asj_fft_si_sose_so_b_fft_121_inst|auk_dspip_avalon_streaming_sink_fft_121:auk_dsp_atlantic_sink_1|scfifo:\normal_fifo:fifo_eab_on:in_fifo|scfifo_udh1:auto_generated|a_dpfifo_no81:dpfifo|low_addressa[0]                                      ; Ts_clk       ; Ts_clk      ; 0.000        ; 0.071      ; 0.669      ;
; 0.383 ; fftfilter:u1|fft256:u0|asj_fft_si_sose_so_b_fft_121:asj_fft_si_sose_so_b_fft_121_inst|auk_dspip_avalon_streaming_sink_fft_121:auk_dsp_atlantic_sink_1|scfifo:\normal_fifo:fifo_eab_on:in_fifo|scfifo_udh1:auto_generated|a_dpfifo_no81:dpfifo|low_addressa[1] ; fftfilter:u1|fft256:u0|asj_fft_si_sose_so_b_fft_121:asj_fft_si_sose_so_b_fft_121_inst|auk_dspip_avalon_streaming_sink_fft_121:auk_dsp_atlantic_sink_1|scfifo:\normal_fifo:fifo_eab_on:in_fifo|scfifo_udh1:auto_generated|a_dpfifo_no81:dpfifo|low_addressa[1]                                      ; Ts_clk       ; Ts_clk      ; 0.000        ; 0.071      ; 0.669      ;
; 0.383 ; fftfilter:u1|fft256:u0|asj_fft_si_sose_so_b_fft_121:asj_fft_si_sose_so_b_fft_121_inst|auk_dspip_avalon_streaming_sink_fft_121:auk_dsp_atlantic_sink_1|scfifo:\normal_fifo:fifo_eab_on:in_fifo|scfifo_udh1:auto_generated|a_dpfifo_no81:dpfifo|low_addressa[2] ; fftfilter:u1|fft256:u0|asj_fft_si_sose_so_b_fft_121:asj_fft_si_sose_so_b_fft_121_inst|auk_dspip_avalon_streaming_sink_fft_121:auk_dsp_atlantic_sink_1|scfifo:\normal_fifo:fifo_eab_on:in_fifo|scfifo_udh1:auto_generated|a_dpfifo_no81:dpfifo|low_addressa[2]                                      ; Ts_clk       ; Ts_clk      ; 0.000        ; 0.071      ; 0.669      ;
; 0.383 ; ifftout:u2|fft256:u0|asj_fft_si_sose_so_b_fft_121:asj_fft_si_sose_so_b_fft_121_inst|auk_dspip_avalon_streaming_sink_fft_121:auk_dsp_atlantic_sink_1|max_reached                                                                                               ; ifftout:u2|fft256:u0|asj_fft_si_sose_so_b_fft_121:asj_fft_si_sose_so_b_fft_121_inst|auk_dspip_avalon_streaming_sink_fft_121:auk_dsp_atlantic_sink_1|max_reached                                                                                                                                    ; Ts_clk       ; Ts_clk      ; 0.000        ; 0.071      ; 0.669      ;
; 0.383 ; ifftout:u2|fft256:u0|asj_fft_si_sose_so_b_fft_121:asj_fft_si_sose_so_b_fft_121_inst|auk_dspip_avalon_streaming_sink_fft_121:auk_dsp_atlantic_sink_1|at_sink_data_int[0]                                                                                       ; ifftout:u2|fft256:u0|asj_fft_si_sose_so_b_fft_121:asj_fft_si_sose_so_b_fft_121_inst|auk_dspip_avalon_streaming_sink_fft_121:auk_dsp_atlantic_sink_1|scfifo:\normal_fifo:fifo_eab_on:in_fifo|scfifo_udh1:auto_generated|a_dpfifo_no81:dpfifo|altsyncram_ssf1:FIFOram|ram_block1a0~porta_datain_reg0 ; Ts_clk       ; Ts_clk      ; 0.000        ; 0.427      ; 1.060      ;
; 0.383 ; ifftout:u2|fft256:u0|asj_fft_si_sose_so_b_fft_121:asj_fft_si_sose_so_b_fft_121_inst|auk_dspip_avalon_streaming_sink_fft_121:auk_dsp_atlantic_sink_1|scfifo:\normal_fifo:fifo_eab_on:in_fifo|scfifo_udh1:auto_generated|a_dpfifo_no81:dpfifo|low_addressa[0]   ; ifftout:u2|fft256:u0|asj_fft_si_sose_so_b_fft_121:asj_fft_si_sose_so_b_fft_121_inst|auk_dspip_avalon_streaming_sink_fft_121:auk_dsp_atlantic_sink_1|scfifo:\normal_fifo:fifo_eab_on:in_fifo|scfifo_udh1:auto_generated|a_dpfifo_no81:dpfifo|low_addressa[0]                                        ; Ts_clk       ; Ts_clk      ; 0.000        ; 0.071      ; 0.669      ;
; 0.383 ; ifftout:u2|fft256:u0|asj_fft_si_sose_so_b_fft_121:asj_fft_si_sose_so_b_fft_121_inst|auk_dspip_avalon_streaming_sink_fft_121:auk_dsp_atlantic_sink_1|scfifo:\normal_fifo:fifo_eab_on:in_fifo|scfifo_udh1:auto_generated|a_dpfifo_no81:dpfifo|low_addressa[1]   ; ifftout:u2|fft256:u0|asj_fft_si_sose_so_b_fft_121:asj_fft_si_sose_so_b_fft_121_inst|auk_dspip_avalon_streaming_sink_fft_121:auk_dsp_atlantic_sink_1|scfifo:\normal_fifo:fifo_eab_on:in_fifo|scfifo_udh1:auto_generated|a_dpfifo_no81:dpfifo|low_addressa[1]                                        ; Ts_clk       ; Ts_clk      ; 0.000        ; 0.071      ; 0.669      ;
; 0.383 ; ifftout:u2|fft256:u0|asj_fft_si_sose_so_b_fft_121:asj_fft_si_sose_so_b_fft_121_inst|auk_dspip_avalon_streaming_sink_fft_121:auk_dsp_atlantic_sink_1|scfifo:\normal_fifo:fifo_eab_on:in_fifo|scfifo_udh1:auto_generated|a_dpfifo_no81:dpfifo|low_addressa[2]   ; ifftout:u2|fft256:u0|asj_fft_si_sose_so_b_fft_121:asj_fft_si_sose_so_b_fft_121_inst|auk_dspip_avalon_streaming_sink_fft_121:auk_dsp_atlantic_sink_1|scfifo:\normal_fifo:fifo_eab_on:in_fifo|scfifo_udh1:auto_generated|a_dpfifo_no81:dpfifo|low_addressa[2]                                        ; Ts_clk       ; Ts_clk      ; 0.000        ; 0.071      ; 0.669      ;
; 0.383 ; fftfilter:u1|fft256:u0|asj_fft_si_sose_so_b_fft_121:asj_fft_si_sose_so_b_fft_121_inst|auk_dspip_avalon_streaming_sink_fft_121:auk_dsp_atlantic_sink_1|max_reached                                                                                             ; fftfilter:u1|fft256:u0|asj_fft_si_sose_so_b_fft_121:asj_fft_si_sose_so_b_fft_121_inst|auk_dspip_avalon_streaming_sink_fft_121:auk_dsp_atlantic_sink_1|max_reached                                                                                                                                  ; Ts_clk       ; Ts_clk      ; 0.000        ; 0.071      ; 0.669      ;
; 0.383 ; fftfilter:u1|fft256:u0|asj_fft_si_sose_so_b_fft_121:asj_fft_si_sose_so_b_fft_121_inst|auk_dspip_avalon_streaming_sink_fft_121:auk_dsp_atlantic_sink_1|scfifo:\normal_fifo:fifo_eab_on:in_fifo|scfifo_udh1:auto_generated|dffe_af                              ; fftfilter:u1|fft256:u0|asj_fft_si_sose_so_b_fft_121:asj_fft_si_sose_so_b_fft_121_inst|auk_dspip_avalon_streaming_sink_fft_121:auk_dsp_atlantic_sink_1|scfifo:\normal_fifo:fifo_eab_on:in_fifo|scfifo_udh1:auto_generated|dffe_af                                                                   ; Ts_clk       ; Ts_clk      ; 0.000        ; 0.071      ; 0.669      ;
; 0.383 ; ifftout:u2|fft256:u0|asj_fft_si_sose_so_b_fft_121:asj_fft_si_sose_so_b_fft_121_inst|auk_dspip_avalon_streaming_source_fft_121:auk_dsp_atlantic_source_1|at_source_data[26]                                                                                    ; ifftout:u2|dram16_256:u2|altsyncram:altsyncram_component|altsyncram_09k1:auto_generated|ram_block1a0~porta_datain_reg0                                                                                                                                                                             ; Ts_clk       ; Ts_clk      ; 0.000        ; 0.423      ; 1.056      ;
; 0.383 ; ifftout:u2|fft256:u0|asj_fft_si_sose_so_b_fft_121:asj_fft_si_sose_so_b_fft_121_inst|auk_dspip_avalon_streaming_source_fft_121:auk_dsp_atlantic_source_1|was_stalled                                                                                           ; ifftout:u2|fft256:u0|asj_fft_si_sose_so_b_fft_121:asj_fft_si_sose_so_b_fft_121_inst|auk_dspip_avalon_streaming_source_fft_121:auk_dsp_atlantic_source_1|was_stalled                                                                                                                                ; Ts_clk       ; Ts_clk      ; 0.000        ; 0.071      ; 0.669      ;
; 0.383 ; ifftout:u2|fft256:u0|asj_fft_si_sose_so_b_fft_121:asj_fft_si_sose_so_b_fft_121_inst|auk_dspip_avalon_streaming_source_fft_121:auk_dsp_atlantic_source_1|source_state.end1                                                                                     ; ifftout:u2|fft256:u0|asj_fft_si_sose_so_b_fft_121:asj_fft_si_sose_so_b_fft_121_inst|auk_dspip_avalon_streaming_source_fft_121:auk_dsp_atlantic_source_1|source_state.end1                                                                                                                          ; Ts_clk       ; Ts_clk      ; 0.000        ; 0.071      ; 0.669      ;
; 0.383 ; ifftout:u2|fft256:u0|asj_fft_si_sose_so_b_fft_121:asj_fft_si_sose_so_b_fft_121_inst|auk_dspip_avalon_streaming_source_fft_121:auk_dsp_atlantic_source_1|source_state.run1                                                                                     ; ifftout:u2|fft256:u0|asj_fft_si_sose_so_b_fft_121:asj_fft_si_sose_so_b_fft_121_inst|auk_dspip_avalon_streaming_source_fft_121:auk_dsp_atlantic_source_1|source_state.run1                                                                                                                          ; Ts_clk       ; Ts_clk      ; 0.000        ; 0.071      ; 0.669      ;
; 0.383 ; ifftout:u2|fft256:u0|asj_fft_si_sose_so_b_fft_121:asj_fft_si_sose_so_b_fft_121_inst|auk_dspip_avalon_streaming_sink_fft_121:auk_dsp_atlantic_sink_1|sink_out_state.normal                                                                                     ; ifftout:u2|fft256:u0|asj_fft_si_sose_so_b_fft_121:asj_fft_si_sose_so_b_fft_121_inst|auk_dspip_avalon_streaming_sink_fft_121:auk_dsp_atlantic_sink_1|sink_out_state.normal                                                                                                                          ; Ts_clk       ; Ts_clk      ; 0.000        ; 0.071      ; 0.669      ;
; 0.383 ; ifftout:u2|fft256:u0|asj_fft_si_sose_so_b_fft_121:asj_fft_si_sose_so_b_fft_121_inst|fft_s1_cur.NO_WRITE                                                                                                                                                       ; ifftout:u2|fft256:u0|asj_fft_si_sose_so_b_fft_121:asj_fft_si_sose_so_b_fft_121_inst|fft_s1_cur.NO_WRITE                                                                                                                                                                                            ; Ts_clk       ; Ts_clk      ; 0.000        ; 0.071      ; 0.669      ;
; 0.383 ; ifftout:u2|fft256:u0|asj_fft_si_sose_so_b_fft_121:asj_fft_si_sose_so_b_fft_121_inst|fft_s2_cur.LPP_OUTPUT_RDY                                                                                                                                                 ; ifftout:u2|fft256:u0|asj_fft_si_sose_so_b_fft_121:asj_fft_si_sose_so_b_fft_121_inst|fft_s2_cur.LPP_OUTPUT_RDY                                                                                                                                                                                      ; Ts_clk       ; Ts_clk      ; 0.000        ; 0.071      ; 0.669      ;
; 0.383 ; ifftout:u2|fft256:u0|asj_fft_si_sose_so_b_fft_121:asj_fft_si_sose_so_b_fft_121_inst|fft_s1_cur.WRITE_INPUT                                                                                                                                                    ; ifftout:u2|fft256:u0|asj_fft_si_sose_so_b_fft_121:asj_fft_si_sose_so_b_fft_121_inst|fft_s1_cur.WRITE_INPUT                                                                                                                                                                                         ; Ts_clk       ; Ts_clk      ; 0.000        ; 0.071      ; 0.669      ;
; 0.383 ; ifftout:u2|fft256:u0|asj_fft_si_sose_so_b_fft_121:asj_fft_si_sose_so_b_fft_121_inst|fft_s1_cur.WAIT_FOR_INPUT                                                                                                                                                 ; ifftout:u2|fft256:u0|asj_fft_si_sose_so_b_fft_121:asj_fft_si_sose_so_b_fft_121_inst|fft_s1_cur.WAIT_FOR_INPUT                                                                                                                                                                                      ; Ts_clk       ; Ts_clk      ; 0.000        ; 0.071      ; 0.669      ;
; 0.383 ; ifftout:u2|fft256:u0|asj_fft_si_sose_so_b_fft_121:asj_fft_si_sose_so_b_fft_121_inst|fft_s1_cur.EARLY_DONE                                                                                                                                                     ; ifftout:u2|fft256:u0|asj_fft_si_sose_so_b_fft_121:asj_fft_si_sose_so_b_fft_121_inst|fft_s1_cur.EARLY_DONE                                                                                                                                                                                          ; Ts_clk       ; Ts_clk      ; 0.000        ; 0.071      ; 0.669      ;
; 0.383 ; ifftout:u2|fft256:u0|asj_fft_si_sose_so_b_fft_121:asj_fft_si_sose_so_b_fft_121_inst|fft_s1_cur.DONE_WRITING                                                                                                                                                   ; ifftout:u2|fft256:u0|asj_fft_si_sose_so_b_fft_121:asj_fft_si_sose_so_b_fft_121_inst|fft_s1_cur.DONE_WRITING                                                                                                                                                                                        ; Ts_clk       ; Ts_clk      ; 0.000        ; 0.071      ; 0.669      ;
; 0.383 ; ifftout:u2|fft256:u0|asj_fft_si_sose_so_b_fft_121:asj_fft_si_sose_so_b_fft_121_inst|fft_s1_cur.FFT_PROCESS_A                                                                                                                                                  ; ifftout:u2|fft256:u0|asj_fft_si_sose_so_b_fft_121:asj_fft_si_sose_so_b_fft_121_inst|fft_s1_cur.FFT_PROCESS_A                                                                                                                                                                                       ; Ts_clk       ; Ts_clk      ; 0.000        ; 0.071      ; 0.669      ;
; 0.383 ; ifftout:u2|fft256:u0|asj_fft_si_sose_so_b_fft_121:asj_fft_si_sose_so_b_fft_121_inst|asj_fft_m_k_counter_fft_121:ctrl|p[2]                                                                                                                                     ; ifftout:u2|fft256:u0|asj_fft_si_sose_so_b_fft_121:asj_fft_si_sose_so_b_fft_121_inst|asj_fft_m_k_counter_fft_121:ctrl|p[2]                                                                                                                                                                          ; Ts_clk       ; Ts_clk      ; 0.000        ; 0.071      ; 0.669      ;
; 0.383 ; ifftout:u2|fft256:u0|asj_fft_si_sose_so_b_fft_121:asj_fft_si_sose_so_b_fft_121_inst|asj_fft_m_k_counter_fft_121:ctrl|p[1]                                                                                                                                     ; ifftout:u2|fft256:u0|asj_fft_si_sose_so_b_fft_121:asj_fft_si_sose_so_b_fft_121_inst|asj_fft_m_k_counter_fft_121:ctrl|p[1]                                                                                                                                                                          ; Ts_clk       ; Ts_clk      ; 0.000        ; 0.071      ; 0.669      ;
; 0.383 ; ifftout:u2|fft256:u0|asj_fft_si_sose_so_b_fft_121:asj_fft_si_sose_so_b_fft_121_inst|auk_dspip_avalon_streaming_sink_fft_121:auk_dsp_atlantic_sink_1|sink_state.start                                                                                          ; ifftout:u2|fft256:u0|asj_fft_si_sose_so_b_fft_121:asj_fft_si_sose_so_b_fft_121_inst|auk_dspip_avalon_streaming_sink_fft_121:auk_dsp_atlantic_sink_1|sink_state.start                                                                                                                               ; Ts_clk       ; Ts_clk      ; 0.000        ; 0.071      ; 0.669      ;
; 0.383 ; ifftout:u2|fft256:u0|asj_fft_si_sose_so_b_fft_121:asj_fft_si_sose_so_b_fft_121_inst|auk_dspip_avalon_streaming_sink_fft_121:auk_dsp_atlantic_sink_1|scfifo:\normal_fifo:fifo_eab_on:in_fifo|scfifo_udh1:auto_generated|a_dpfifo_no81:dpfifo|usedw_is_0_dff    ; ifftout:u2|fft256:u0|asj_fft_si_sose_so_b_fft_121:asj_fft_si_sose_so_b_fft_121_inst|auk_dspip_avalon_streaming_sink_fft_121:auk_dsp_atlantic_sink_1|scfifo:\normal_fifo:fifo_eab_on:in_fifo|scfifo_udh1:auto_generated|a_dpfifo_no81:dpfifo|usedw_is_0_dff                                         ; Ts_clk       ; Ts_clk      ; 0.000        ; 0.071      ; 0.669      ;
; 0.383 ; ifftout:u2|fft256:u0|asj_fft_si_sose_so_b_fft_121:asj_fft_si_sose_so_b_fft_121_inst|asj_fft_m_k_counter_fft_121:ctrl|p[3]                                                                                                                                     ; ifftout:u2|fft256:u0|asj_fft_si_sose_so_b_fft_121:asj_fft_si_sose_so_b_fft_121_inst|asj_fft_m_k_counter_fft_121:ctrl|p[3]                                                                                                                                                                          ; Ts_clk       ; Ts_clk      ; 0.000        ; 0.071      ; 0.669      ;
; 0.383 ; ifftout:u2|fft256:u0|asj_fft_si_sose_so_b_fft_121:asj_fft_si_sose_so_b_fft_121_inst|auk_dspip_avalon_streaming_sink_fft_121:auk_dsp_atlantic_sink_1|scfifo:\normal_fifo:fifo_eab_on:in_fifo|scfifo_udh1:auto_generated|dffe_af                                ; ifftout:u2|fft256:u0|asj_fft_si_sose_so_b_fft_121:asj_fft_si_sose_so_b_fft_121_inst|auk_dspip_avalon_streaming_sink_fft_121:auk_dsp_atlantic_sink_1|scfifo:\normal_fifo:fifo_eab_on:in_fifo|scfifo_udh1:auto_generated|dffe_af                                                                     ; Ts_clk       ; Ts_clk      ; 0.000        ; 0.071      ; 0.669      ;
; 0.383 ; ifftout:u2|fft256:u0|asj_fft_si_sose_so_b_fft_121:asj_fft_si_sose_so_b_fft_121_inst|asj_fft_dft_bfp_sgl_fft_121:\gen_se:bfpdft|asj_fft_bfp_o_fft_121:bfp_detect|sdet.BLOCK_READY                                                                              ; ifftout:u2|fft256:u0|asj_fft_si_sose_so_b_fft_121:asj_fft_si_sose_so_b_fft_121_inst|asj_fft_dft_bfp_sgl_fft_121:\gen_se:bfpdft|asj_fft_bfp_o_fft_121:bfp_detect|sdet.BLOCK_READY                                                                                                                   ; Ts_clk       ; Ts_clk      ; 0.000        ; 0.071      ; 0.669      ;
; 0.383 ; ifftout:u2|fft256:u0|asj_fft_si_sose_so_b_fft_121:asj_fft_si_sose_so_b_fft_121_inst|asj_fft_dft_bfp_sgl_fft_121:\gen_se:bfpdft|asj_fft_bfp_o_fft_121:bfp_detect|sdet.ENABLE                                                                                   ; ifftout:u2|fft256:u0|asj_fft_si_sose_so_b_fft_121:asj_fft_si_sose_so_b_fft_121_inst|asj_fft_dft_bfp_sgl_fft_121:\gen_se:bfpdft|asj_fft_bfp_o_fft_121:bfp_detect|sdet.ENABLE                                                                                                                        ; Ts_clk       ; Ts_clk      ; 0.000        ; 0.071      ; 0.669      ;
; 0.383 ; ifftout:u2|fft256:u0|asj_fft_si_sose_so_b_fft_121:asj_fft_si_sose_so_b_fft_121_inst|asj_fft_dft_bfp_sgl_fft_121:\gen_se:bfpdft|asj_fft_bfp_o_fft_121:bfp_detect|sdet.DISABLE                                                                                  ; ifftout:u2|fft256:u0|asj_fft_si_sose_so_b_fft_121:asj_fft_si_sose_so_b_fft_121_inst|asj_fft_dft_bfp_sgl_fft_121:\gen_se:bfpdft|asj_fft_bfp_o_fft_121:bfp_detect|sdet.DISABLE                                                                                                                       ; Ts_clk       ; Ts_clk      ; 0.000        ; 0.071      ; 0.669      ;
; 0.384 ; fftfilter:u1|fft256:u0|asj_fft_si_sose_so_b_fft_121:asj_fft_si_sose_so_b_fft_121_inst|asj_fft_unbburst_sose_ctrl_fft_121:ccc|a_ram_data_in_bus[16]                                                                                                            ; fftfilter:u1|fft256:u0|asj_fft_si_sose_so_b_fft_121:asj_fft_si_sose_so_b_fft_121_inst|asj_fft_1dp_ram_fft_121:\gen_1_ram:gen_M4K:dat_A|asj_fft_data_ram_fft_121:dat_A|altsyncram:\gen_M4K:altsyncram_component|altsyncram_21t3:auto_generated|ram_block1a0~porta_datain_reg0                       ; Ts_clk       ; Ts_clk      ; 0.000        ; 0.422      ; 1.056      ;
; 0.384 ; fftfilter:u1|fft256:u0|asj_fft_si_sose_so_b_fft_121:asj_fft_si_sose_so_b_fft_121_inst|asj_fft_unbburst_sose_ctrl_fft_121:ccc|a_ram_data_in_bus[27]                                                                                                            ; fftfilter:u1|fft256:u0|asj_fft_si_sose_so_b_fft_121:asj_fft_si_sose_so_b_fft_121_inst|asj_fft_1dp_ram_fft_121:\gen_1_ram:gen_M4K:dat_A|asj_fft_data_ram_fft_121:dat_A|altsyncram:\gen_M4K:altsyncram_component|altsyncram_21t3:auto_generated|ram_block1a0~porta_datain_reg0                       ; Ts_clk       ; Ts_clk      ; 0.000        ; 0.422      ; 1.056      ;
; 0.384 ; fftfilter:u1|fft256:u0|asj_fft_si_sose_so_b_fft_121:asj_fft_si_sose_so_b_fft_121_inst|asj_fft_dft_bfp_sgl_fft_121:\gen_se:bfpdft|asj_fft_bfp_o_fft_121:bfp_detect|sdet.BLOCK_READY                                                                            ; fftfilter:u1|fft256:u0|asj_fft_si_sose_so_b_fft_121:asj_fft_si_sose_so_b_fft_121_inst|asj_fft_dft_bfp_sgl_fft_121:\gen_se:bfpdft|asj_fft_bfp_o_fft_121:bfp_detect|sdet.BLOCK_READY                                                                                                                 ; Ts_clk       ; Ts_clk      ; 0.000        ; 0.070      ; 0.669      ;
; 0.384 ; fftfilter:u1|fft256:u0|asj_fft_si_sose_so_b_fft_121:asj_fft_si_sose_so_b_fft_121_inst|asj_fft_dft_bfp_sgl_fft_121:\gen_se:bfpdft|asj_fft_bfp_o_fft_121:bfp_detect|gain_lut_blk[0]                                                                             ; fftfilter:u1|fft256:u0|asj_fft_si_sose_so_b_fft_121:asj_fft_si_sose_so_b_fft_121_inst|asj_fft_dft_bfp_sgl_fft_121:\gen_se:bfpdft|asj_fft_bfp_o_fft_121:bfp_detect|gain_lut_blk[0]                                                                                                                  ; Ts_clk       ; Ts_clk      ; 0.000        ; 0.070      ; 0.669      ;
; 0.384 ; fftfilter:u1|fft256:u0|asj_fft_si_sose_so_b_fft_121:asj_fft_si_sose_so_b_fft_121_inst|asj_fft_dft_bfp_sgl_fft_121:\gen_se:bfpdft|asj_fft_bfp_o_fft_121:bfp_detect|gain_lut_blk[1]                                                                             ; fftfilter:u1|fft256:u0|asj_fft_si_sose_so_b_fft_121:asj_fft_si_sose_so_b_fft_121_inst|asj_fft_dft_bfp_sgl_fft_121:\gen_se:bfpdft|asj_fft_bfp_o_fft_121:bfp_detect|gain_lut_blk[1]                                                                                                                  ; Ts_clk       ; Ts_clk      ; 0.000        ; 0.070      ; 0.669      ;
; 0.384 ; fftfilter:u1|fft256:u0|asj_fft_si_sose_so_b_fft_121:asj_fft_si_sose_so_b_fft_121_inst|asj_fft_dft_bfp_sgl_fft_121:\gen_se:bfpdft|asj_fft_bfp_o_fft_121:bfp_detect|gain_lut_blk[2]                                                                             ; fftfilter:u1|fft256:u0|asj_fft_si_sose_so_b_fft_121:asj_fft_si_sose_so_b_fft_121_inst|asj_fft_dft_bfp_sgl_fft_121:\gen_se:bfpdft|asj_fft_bfp_o_fft_121:bfp_detect|gain_lut_blk[2]                                                                                                                  ; Ts_clk       ; Ts_clk      ; 0.000        ; 0.070      ; 0.669      ;
; 0.384 ; fftfilter:u1|fft256:u0|asj_fft_si_sose_so_b_fft_121:asj_fft_si_sose_so_b_fft_121_inst|asj_fft_dft_bfp_sgl_fft_121:\gen_se:bfpdft|asj_fft_bfp_o_fft_121:bfp_detect|gain_lut_blk[3]                                                                             ; fftfilter:u1|fft256:u0|asj_fft_si_sose_so_b_fft_121:asj_fft_si_sose_so_b_fft_121_inst|asj_fft_dft_bfp_sgl_fft_121:\gen_se:bfpdft|asj_fft_bfp_o_fft_121:bfp_detect|gain_lut_blk[3]                                                                                                                  ; Ts_clk       ; Ts_clk      ; 0.000        ; 0.070      ; 0.669      ;
; 0.384 ; fftfilter:u1|fft256:u0|asj_fft_si_sose_so_b_fft_121:asj_fft_si_sose_so_b_fft_121_inst|asj_fft_dft_bfp_sgl_fft_121:\gen_se:bfpdft|asj_fft_bfp_o_fft_121:bfp_detect|sdet.ENABLE                                                                                 ; fftfilter:u1|fft256:u0|asj_fft_si_sose_so_b_fft_121:asj_fft_si_sose_so_b_fft_121_inst|asj_fft_dft_bfp_sgl_fft_121:\gen_se:bfpdft|asj_fft_bfp_o_fft_121:bfp_detect|sdet.ENABLE                                                                                                                      ; Ts_clk       ; Ts_clk      ; 0.000        ; 0.070      ; 0.669      ;
; 0.384 ; fftfilter:u1|fft256:u0|asj_fft_si_sose_so_b_fft_121:asj_fft_si_sose_so_b_fft_121_inst|asj_fft_dft_bfp_sgl_fft_121:\gen_se:bfpdft|asj_fft_bfp_o_fft_121:bfp_detect|sdet.DISABLE                                                                                ; fftfilter:u1|fft256:u0|asj_fft_si_sose_so_b_fft_121:asj_fft_si_sose_so_b_fft_121_inst|asj_fft_dft_bfp_sgl_fft_121:\gen_se:bfpdft|asj_fft_bfp_o_fft_121:bfp_detect|sdet.DISABLE                                                                                                                     ; Ts_clk       ; Ts_clk      ; 0.000        ; 0.070      ; 0.669      ;
; 0.384 ; ifftout:u2|fft256:u0|asj_fft_si_sose_so_b_fft_121:asj_fft_si_sose_so_b_fft_121_inst|auk_dspip_avalon_streaming_sink_fft_121:auk_dsp_atlantic_sink_1|sink_start                                                                                                ; ifftout:u2|fft256:u0|asj_fft_si_sose_so_b_fft_121:asj_fft_si_sose_so_b_fft_121_inst|auk_dspip_avalon_streaming_sink_fft_121:auk_dsp_atlantic_sink_1|sink_start                                                                                                                                     ; Ts_clk       ; Ts_clk      ; 0.000        ; 0.070      ; 0.669      ;
; 0.384 ; ifftout:u2|fft256:u0|asj_fft_si_sose_so_b_fft_121:asj_fft_si_sose_so_b_fft_121_inst|asj_fft_dft_bfp_sgl_fft_121:\gen_se:bfpdft|asj_fft_bfp_o_fft_121:bfp_detect|gain_lut_blk[0]                                                                               ; ifftout:u2|fft256:u0|asj_fft_si_sose_so_b_fft_121:asj_fft_si_sose_so_b_fft_121_inst|asj_fft_dft_bfp_sgl_fft_121:\gen_se:bfpdft|asj_fft_bfp_o_fft_121:bfp_detect|gain_lut_blk[0]                                                                                                                    ; Ts_clk       ; Ts_clk      ; 0.000        ; 0.070      ; 0.669      ;
; 0.384 ; ifftout:u2|fft256:u0|asj_fft_si_sose_so_b_fft_121:asj_fft_si_sose_so_b_fft_121_inst|asj_fft_dft_bfp_sgl_fft_121:\gen_se:bfpdft|asj_fft_bfp_o_fft_121:bfp_detect|gain_lut_blk[2]                                                                               ; ifftout:u2|fft256:u0|asj_fft_si_sose_so_b_fft_121:asj_fft_si_sose_so_b_fft_121_inst|asj_fft_dft_bfp_sgl_fft_121:\gen_se:bfpdft|asj_fft_bfp_o_fft_121:bfp_detect|gain_lut_blk[2]                                                                                                                    ; Ts_clk       ; Ts_clk      ; 0.000        ; 0.070      ; 0.669      ;
; 0.384 ; ifftout:u2|fft256:u0|asj_fft_si_sose_so_b_fft_121:asj_fft_si_sose_so_b_fft_121_inst|asj_fft_dft_bfp_sgl_fft_121:\gen_se:bfpdft|asj_fft_bfp_o_fft_121:bfp_detect|gain_lut_blk[1]                                                                               ; ifftout:u2|fft256:u0|asj_fft_si_sose_so_b_fft_121:asj_fft_si_sose_so_b_fft_121_inst|asj_fft_dft_bfp_sgl_fft_121:\gen_se:bfpdft|asj_fft_bfp_o_fft_121:bfp_detect|gain_lut_blk[1]                                                                                                                    ; Ts_clk       ; Ts_clk      ; 0.000        ; 0.070      ; 0.669      ;
; 0.384 ; ifftout:u2|fft256:u0|asj_fft_si_sose_so_b_fft_121:asj_fft_si_sose_so_b_fft_121_inst|asj_fft_dft_bfp_sgl_fft_121:\gen_se:bfpdft|asj_fft_bfp_o_fft_121:bfp_detect|gain_lut_blk[3]                                                                               ; ifftout:u2|fft256:u0|asj_fft_si_sose_so_b_fft_121:asj_fft_si_sose_so_b_fft_121_inst|asj_fft_dft_bfp_sgl_fft_121:\gen_se:bfpdft|asj_fft_bfp_o_fft_121:bfp_detect|gain_lut_blk[3]                                                                                                                    ; Ts_clk       ; Ts_clk      ; 0.000        ; 0.070      ; 0.669      ;
; 0.385 ; ifftout:u2|fft256:u0|asj_fft_si_sose_so_b_fft_121:asj_fft_si_sose_so_b_fft_121_inst|auk_dspip_avalon_streaming_sink_fft_121:auk_dsp_atlantic_sink_1|at_sink_data_int[5]                                                                                       ; ifftout:u2|fft256:u0|asj_fft_si_sose_so_b_fft_121:asj_fft_si_sose_so_b_fft_121_inst|auk_dspip_avalon_streaming_sink_fft_121:auk_dsp_atlantic_sink_1|scfifo:\normal_fifo:fifo_eab_on:in_fifo|scfifo_udh1:auto_generated|a_dpfifo_no81:dpfifo|altsyncram_ssf1:FIFOram|ram_block1a0~porta_datain_reg0 ; Ts_clk       ; Ts_clk      ; 0.000        ; 0.427      ; 1.062      ;
; 0.388 ; fftfilter:u1|fft256:u0|asj_fft_si_sose_so_b_fft_121:asj_fft_si_sose_so_b_fft_121_inst|asj_fft_unbburst_sose_ctrl_fft_121:ccc|a_ram_data_in_bus[21]                                                                                                            ; fftfilter:u1|fft256:u0|asj_fft_si_sose_so_b_fft_121:asj_fft_si_sose_so_b_fft_121_inst|asj_fft_1dp_ram_fft_121:\gen_1_ram:gen_M4K:dat_A|asj_fft_data_ram_fft_121:dat_A|altsyncram:\gen_M4K:altsyncram_component|altsyncram_21t3:auto_generated|ram_block1a0~porta_datain_reg0                       ; Ts_clk       ; Ts_clk      ; 0.000        ; 0.422      ; 1.060      ;
; 0.388 ; ifftout:u2|fft256:u0|asj_fft_si_sose_so_b_fft_121:asj_fft_si_sose_so_b_fft_121_inst|auk_dspip_avalon_streaming_sink_fft_121:auk_dsp_atlantic_sink_1|at_sink_data_int[11]                                                                                      ; ifftout:u2|fft256:u0|asj_fft_si_sose_so_b_fft_121:asj_fft_si_sose_so_b_fft_121_inst|auk_dspip_avalon_streaming_sink_fft_121:auk_dsp_atlantic_sink_1|scfifo:\normal_fifo:fifo_eab_on:in_fifo|scfifo_udh1:auto_generated|a_dpfifo_no81:dpfifo|altsyncram_ssf1:FIFOram|ram_block1a0~porta_datain_reg0 ; Ts_clk       ; Ts_clk      ; 0.000        ; 0.427      ; 1.065      ;
; 0.390 ; ifftout:u2|fft256:u0|asj_fft_si_sose_so_b_fft_121:asj_fft_si_sose_so_b_fft_121_inst|asj_fft_unbburst_sose_ctrl_fft_121:ccc|a_ram_data_in_bus[5]                                                                                                               ; ifftout:u2|fft256:u0|asj_fft_si_sose_so_b_fft_121:asj_fft_si_sose_so_b_fft_121_inst|asj_fft_1dp_ram_fft_121:\gen_1_ram:gen_M4K:dat_A|asj_fft_data_ram_fft_121:dat_A|altsyncram:\gen_M4K:altsyncram_component|altsyncram_21t3:auto_generated|ram_block1a0~porta_datain_reg0                         ; Ts_clk       ; Ts_clk      ; 0.000        ; 0.424      ; 1.064      ;
; 0.391 ; ifftout:u2|fft256:u0|asj_fft_si_sose_so_b_fft_121:asj_fft_si_sose_so_b_fft_121_inst|auk_dspip_avalon_streaming_sink_fft_121:auk_dsp_atlantic_sink_1|at_sink_data_int[27]                                                                                      ; ifftout:u2|fft256:u0|asj_fft_si_sose_so_b_fft_121:asj_fft_si_sose_so_b_fft_121_inst|auk_dspip_avalon_streaming_sink_fft_121:auk_dsp_atlantic_sink_1|scfifo:\normal_fifo:fifo_eab_on:in_fifo|scfifo_udh1:auto_generated|a_dpfifo_no81:dpfifo|altsyncram_ssf1:FIFOram|ram_block1a0~porta_datain_reg0 ; Ts_clk       ; Ts_clk      ; 0.000        ; 0.427      ; 1.068      ;
; 0.392 ; ifftout:u2|fft256:u0|asj_fft_si_sose_so_b_fft_121:asj_fft_si_sose_so_b_fft_121_inst|auk_dspip_avalon_streaming_sink_fft_121:auk_dsp_atlantic_sink_1|at_sink_data_int[13]                                                                                      ; ifftout:u2|fft256:u0|asj_fft_si_sose_so_b_fft_121:asj_fft_si_sose_so_b_fft_121_inst|auk_dspip_avalon_streaming_sink_fft_121:auk_dsp_atlantic_sink_1|scfifo:\normal_fifo:fifo_eab_on:in_fifo|scfifo_udh1:auto_generated|a_dpfifo_no81:dpfifo|altsyncram_ssf1:FIFOram|ram_block1a0~porta_datain_reg0 ; Ts_clk       ; Ts_clk      ; 0.000        ; 0.427      ; 1.069      ;
+-------+---------------------------------------------------------------------------------------------------------------------------------------------------------------------------------------------------------------------------------------------------------------+----------------------------------------------------------------------------------------------------------------------------------------------------------------------------------------------------------------------------------------------------------------------------------------------------+--------------+-------------+--------------+------------+------------+


+----------------------------------------------------------------------------------------------------------------------------------------------------------------------------------------------------------------------------------------------------------------------------+
; Slow 1200mV 0C Model Recovery: 'Ts_clk'                                                                                                                                                                                                                                    ;
+--------+----------------------------------------------------------------------------+----------------------------------------------------------------------------------------------------------------+--------------+-------------+--------------+------------+------------+
; Slack  ; From Node                                                                  ; To Node                                                                                                        ; Launch Clock ; Latch Clock ; Relationship ; Clock Skew ; Data Delay ;
+--------+----------------------------------------------------------------------------+----------------------------------------------------------------------------------------------------------------+--------------+-------------+--------------+------------+------------+
; 17.562 ; fftfilter:u1|altshift_taps:xkre0_rtl_0|shift_taps_ckm:auto_generated|dffe6 ; fftfilter:u1|altshift_taps:xkre0_rtl_0|shift_taps_ckm:auto_generated|altsyncram_t861:altsyncram4|ram_block7a0  ; Ts_clk       ; Ts_clk      ; 20.000       ; 0.255      ; 2.617      ;
; 17.562 ; fftfilter:u1|altshift_taps:xkre0_rtl_0|shift_taps_ckm:auto_generated|dffe6 ; fftfilter:u1|altshift_taps:xkre0_rtl_0|shift_taps_ckm:auto_generated|altsyncram_t861:altsyncram4|ram_block7a1  ; Ts_clk       ; Ts_clk      ; 20.000       ; 0.255      ; 2.617      ;
; 17.562 ; fftfilter:u1|altshift_taps:xkre0_rtl_0|shift_taps_ckm:auto_generated|dffe6 ; fftfilter:u1|altshift_taps:xkre0_rtl_0|shift_taps_ckm:auto_generated|altsyncram_t861:altsyncram4|ram_block7a2  ; Ts_clk       ; Ts_clk      ; 20.000       ; 0.255      ; 2.617      ;
; 17.562 ; fftfilter:u1|altshift_taps:xkre0_rtl_0|shift_taps_ckm:auto_generated|dffe6 ; fftfilter:u1|altshift_taps:xkre0_rtl_0|shift_taps_ckm:auto_generated|altsyncram_t861:altsyncram4|ram_block7a3  ; Ts_clk       ; Ts_clk      ; 20.000       ; 0.255      ; 2.617      ;
; 17.562 ; fftfilter:u1|altshift_taps:xkre0_rtl_0|shift_taps_ckm:auto_generated|dffe6 ; fftfilter:u1|altshift_taps:xkre0_rtl_0|shift_taps_ckm:auto_generated|altsyncram_t861:altsyncram4|ram_block7a4  ; Ts_clk       ; Ts_clk      ; 20.000       ; 0.255      ; 2.617      ;
; 17.562 ; fftfilter:u1|altshift_taps:xkre0_rtl_0|shift_taps_ckm:auto_generated|dffe6 ; fftfilter:u1|altshift_taps:xkre0_rtl_0|shift_taps_ckm:auto_generated|altsyncram_t861:altsyncram4|ram_block7a5  ; Ts_clk       ; Ts_clk      ; 20.000       ; 0.255      ; 2.617      ;
; 17.562 ; fftfilter:u1|altshift_taps:xkre0_rtl_0|shift_taps_ckm:auto_generated|dffe6 ; fftfilter:u1|altshift_taps:xkre0_rtl_0|shift_taps_ckm:auto_generated|altsyncram_t861:altsyncram4|ram_block7a6  ; Ts_clk       ; Ts_clk      ; 20.000       ; 0.255      ; 2.617      ;
; 17.562 ; fftfilter:u1|altshift_taps:xkre0_rtl_0|shift_taps_ckm:auto_generated|dffe6 ; fftfilter:u1|altshift_taps:xkre0_rtl_0|shift_taps_ckm:auto_generated|altsyncram_t861:altsyncram4|ram_block7a7  ; Ts_clk       ; Ts_clk      ; 20.000       ; 0.255      ; 2.617      ;
; 17.562 ; fftfilter:u1|altshift_taps:xkre0_rtl_0|shift_taps_ckm:auto_generated|dffe6 ; fftfilter:u1|altshift_taps:xkre0_rtl_0|shift_taps_ckm:auto_generated|altsyncram_t861:altsyncram4|ram_block7a8  ; Ts_clk       ; Ts_clk      ; 20.000       ; 0.255      ; 2.617      ;
; 17.562 ; fftfilter:u1|altshift_taps:xkre0_rtl_0|shift_taps_ckm:auto_generated|dffe6 ; fftfilter:u1|altshift_taps:xkre0_rtl_0|shift_taps_ckm:auto_generated|altsyncram_t861:altsyncram4|ram_block7a9  ; Ts_clk       ; Ts_clk      ; 20.000       ; 0.255      ; 2.617      ;
; 17.562 ; fftfilter:u1|altshift_taps:xkre0_rtl_0|shift_taps_ckm:auto_generated|dffe6 ; fftfilter:u1|altshift_taps:xkre0_rtl_0|shift_taps_ckm:auto_generated|altsyncram_t861:altsyncram4|ram_block7a10 ; Ts_clk       ; Ts_clk      ; 20.000       ; 0.255      ; 2.617      ;
; 17.562 ; fftfilter:u1|altshift_taps:xkre0_rtl_0|shift_taps_ckm:auto_generated|dffe6 ; fftfilter:u1|altshift_taps:xkre0_rtl_0|shift_taps_ckm:auto_generated|altsyncram_t861:altsyncram4|ram_block7a11 ; Ts_clk       ; Ts_clk      ; 20.000       ; 0.255      ; 2.617      ;
; 17.562 ; fftfilter:u1|altshift_taps:xkre0_rtl_0|shift_taps_ckm:auto_generated|dffe6 ; fftfilter:u1|altshift_taps:xkre0_rtl_0|shift_taps_ckm:auto_generated|altsyncram_t861:altsyncram4|ram_block7a12 ; Ts_clk       ; Ts_clk      ; 20.000       ; 0.255      ; 2.617      ;
; 17.562 ; fftfilter:u1|altshift_taps:xkre0_rtl_0|shift_taps_ckm:auto_generated|dffe6 ; fftfilter:u1|altshift_taps:xkre0_rtl_0|shift_taps_ckm:auto_generated|altsyncram_t861:altsyncram4|ram_block7a13 ; Ts_clk       ; Ts_clk      ; 20.000       ; 0.255      ; 2.617      ;
; 17.562 ; fftfilter:u1|altshift_taps:xkre0_rtl_0|shift_taps_ckm:auto_generated|dffe6 ; fftfilter:u1|altshift_taps:xkre0_rtl_0|shift_taps_ckm:auto_generated|altsyncram_t861:altsyncram4|ram_block7a14 ; Ts_clk       ; Ts_clk      ; 20.000       ; 0.255      ; 2.617      ;
; 17.562 ; fftfilter:u1|altshift_taps:xkre0_rtl_0|shift_taps_ckm:auto_generated|dffe6 ; fftfilter:u1|altshift_taps:xkre0_rtl_0|shift_taps_ckm:auto_generated|altsyncram_t861:altsyncram4|ram_block7a15 ; Ts_clk       ; Ts_clk      ; 20.000       ; 0.255      ; 2.617      ;
; 17.562 ; fftfilter:u1|altshift_taps:xkre0_rtl_0|shift_taps_ckm:auto_generated|dffe6 ; fftfilter:u1|altshift_taps:xkre0_rtl_0|shift_taps_ckm:auto_generated|altsyncram_t861:altsyncram4|ram_block7a16 ; Ts_clk       ; Ts_clk      ; 20.000       ; 0.255      ; 2.617      ;
; 17.562 ; fftfilter:u1|altshift_taps:xkre0_rtl_0|shift_taps_ckm:auto_generated|dffe6 ; fftfilter:u1|altshift_taps:xkre0_rtl_0|shift_taps_ckm:auto_generated|altsyncram_t861:altsyncram4|ram_block7a17 ; Ts_clk       ; Ts_clk      ; 20.000       ; 0.255      ; 2.617      ;
; 17.562 ; fftfilter:u1|altshift_taps:xkre0_rtl_0|shift_taps_ckm:auto_generated|dffe6 ; fftfilter:u1|altshift_taps:xkre0_rtl_0|shift_taps_ckm:auto_generated|altsyncram_t861:altsyncram4|ram_block7a18 ; Ts_clk       ; Ts_clk      ; 20.000       ; 0.255      ; 2.617      ;
; 17.562 ; fftfilter:u1|altshift_taps:xkre0_rtl_0|shift_taps_ckm:auto_generated|dffe6 ; fftfilter:u1|altshift_taps:xkre0_rtl_0|shift_taps_ckm:auto_generated|altsyncram_t861:altsyncram4|ram_block7a19 ; Ts_clk       ; Ts_clk      ; 20.000       ; 0.255      ; 2.617      ;
; 17.562 ; fftfilter:u1|altshift_taps:xkre0_rtl_0|shift_taps_ckm:auto_generated|dffe6 ; fftfilter:u1|altshift_taps:xkre0_rtl_0|shift_taps_ckm:auto_generated|altsyncram_t861:altsyncram4|ram_block7a20 ; Ts_clk       ; Ts_clk      ; 20.000       ; 0.255      ; 2.617      ;
; 17.562 ; fftfilter:u1|altshift_taps:xkre0_rtl_0|shift_taps_ckm:auto_generated|dffe6 ; fftfilter:u1|altshift_taps:xkre0_rtl_0|shift_taps_ckm:auto_generated|altsyncram_t861:altsyncram4|ram_block7a21 ; Ts_clk       ; Ts_clk      ; 20.000       ; 0.255      ; 2.617      ;
; 17.562 ; fftfilter:u1|altshift_taps:xkre0_rtl_0|shift_taps_ckm:auto_generated|dffe6 ; fftfilter:u1|altshift_taps:xkre0_rtl_0|shift_taps_ckm:auto_generated|altsyncram_t861:altsyncram4|ram_block7a22 ; Ts_clk       ; Ts_clk      ; 20.000       ; 0.255      ; 2.617      ;
; 17.562 ; fftfilter:u1|altshift_taps:xkre0_rtl_0|shift_taps_ckm:auto_generated|dffe6 ; fftfilter:u1|altshift_taps:xkre0_rtl_0|shift_taps_ckm:auto_generated|altsyncram_t861:altsyncram4|ram_block7a23 ; Ts_clk       ; Ts_clk      ; 20.000       ; 0.255      ; 2.617      ;
; 17.562 ; fftfilter:u1|altshift_taps:xkre0_rtl_0|shift_taps_ckm:auto_generated|dffe6 ; fftfilter:u1|altshift_taps:xkre0_rtl_0|shift_taps_ckm:auto_generated|altsyncram_t861:altsyncram4|ram_block7a24 ; Ts_clk       ; Ts_clk      ; 20.000       ; 0.255      ; 2.617      ;
; 17.562 ; fftfilter:u1|altshift_taps:xkre0_rtl_0|shift_taps_ckm:auto_generated|dffe6 ; fftfilter:u1|altshift_taps:xkre0_rtl_0|shift_taps_ckm:auto_generated|altsyncram_t861:altsyncram4|ram_block7a25 ; Ts_clk       ; Ts_clk      ; 20.000       ; 0.255      ; 2.617      ;
; 17.562 ; fftfilter:u1|altshift_taps:xkre0_rtl_0|shift_taps_ckm:auto_generated|dffe6 ; fftfilter:u1|altshift_taps:xkre0_rtl_0|shift_taps_ckm:auto_generated|altsyncram_t861:altsyncram4|ram_block7a26 ; Ts_clk       ; Ts_clk      ; 20.000       ; 0.255      ; 2.617      ;
; 17.562 ; fftfilter:u1|altshift_taps:xkre0_rtl_0|shift_taps_ckm:auto_generated|dffe6 ; fftfilter:u1|altshift_taps:xkre0_rtl_0|shift_taps_ckm:auto_generated|altsyncram_t861:altsyncram4|ram_block7a27 ; Ts_clk       ; Ts_clk      ; 20.000       ; 0.255      ; 2.617      ;
; 17.562 ; fftfilter:u1|altshift_taps:xkre0_rtl_0|shift_taps_ckm:auto_generated|dffe6 ; fftfilter:u1|altshift_taps:xkre0_rtl_0|shift_taps_ckm:auto_generated|altsyncram_t861:altsyncram4|ram_block7a28 ; Ts_clk       ; Ts_clk      ; 20.000       ; 0.255      ; 2.617      ;
; 17.562 ; fftfilter:u1|altshift_taps:xkre0_rtl_0|shift_taps_ckm:auto_generated|dffe6 ; fftfilter:u1|altshift_taps:xkre0_rtl_0|shift_taps_ckm:auto_generated|altsyncram_t861:altsyncram4|ram_block7a29 ; Ts_clk       ; Ts_clk      ; 20.000       ; 0.255      ; 2.617      ;
; 17.562 ; fftfilter:u1|altshift_taps:xkre0_rtl_0|shift_taps_ckm:auto_generated|dffe6 ; fftfilter:u1|altshift_taps:xkre0_rtl_0|shift_taps_ckm:auto_generated|altsyncram_t861:altsyncram4|ram_block7a30 ; Ts_clk       ; Ts_clk      ; 20.000       ; 0.255      ; 2.617      ;
; 17.562 ; fftfilter:u1|altshift_taps:xkre0_rtl_0|shift_taps_ckm:auto_generated|dffe6 ; fftfilter:u1|altshift_taps:xkre0_rtl_0|shift_taps_ckm:auto_generated|altsyncram_t861:altsyncram4|ram_block7a31 ; Ts_clk       ; Ts_clk      ; 20.000       ; 0.255      ; 2.617      ;
+--------+----------------------------------------------------------------------------+----------------------------------------------------------------------------------------------------------------+--------------+-------------+--------------+------------+------------+


+---------------------------------------------------------------------------------------------------------------------------------------------------------------------------------------------------------------------------------------------------------------------------+
; Slow 1200mV 0C Model Removal: 'Ts_clk'                                                                                                                                                                                                                                    ;
+-------+----------------------------------------------------------------------------+----------------------------------------------------------------------------------------------------------------+--------------+-------------+--------------+------------+------------+
; Slack ; From Node                                                                  ; To Node                                                                                                        ; Launch Clock ; Latch Clock ; Relationship ; Clock Skew ; Data Delay ;
+-------+----------------------------------------------------------------------------+----------------------------------------------------------------------------------------------------------------+--------------+-------------+--------------+------------+------------+
; 1.732 ; fftfilter:u1|altshift_taps:xkre0_rtl_0|shift_taps_ckm:auto_generated|dffe6 ; fftfilter:u1|altshift_taps:xkre0_rtl_0|shift_taps_ckm:auto_generated|altsyncram_t861:altsyncram4|ram_block7a0  ; Ts_clk       ; Ts_clk      ; 0.000        ; 0.395      ; 2.337      ;
; 1.732 ; fftfilter:u1|altshift_taps:xkre0_rtl_0|shift_taps_ckm:auto_generated|dffe6 ; fftfilter:u1|altshift_taps:xkre0_rtl_0|shift_taps_ckm:auto_generated|altsyncram_t861:altsyncram4|ram_block7a1  ; Ts_clk       ; Ts_clk      ; 0.000        ; 0.395      ; 2.337      ;
; 1.732 ; fftfilter:u1|altshift_taps:xkre0_rtl_0|shift_taps_ckm:auto_generated|dffe6 ; fftfilter:u1|altshift_taps:xkre0_rtl_0|shift_taps_ckm:auto_generated|altsyncram_t861:altsyncram4|ram_block7a2  ; Ts_clk       ; Ts_clk      ; 0.000        ; 0.395      ; 2.337      ;
; 1.732 ; fftfilter:u1|altshift_taps:xkre0_rtl_0|shift_taps_ckm:auto_generated|dffe6 ; fftfilter:u1|altshift_taps:xkre0_rtl_0|shift_taps_ckm:auto_generated|altsyncram_t861:altsyncram4|ram_block7a3  ; Ts_clk       ; Ts_clk      ; 0.000        ; 0.395      ; 2.337      ;
; 1.732 ; fftfilter:u1|altshift_taps:xkre0_rtl_0|shift_taps_ckm:auto_generated|dffe6 ; fftfilter:u1|altshift_taps:xkre0_rtl_0|shift_taps_ckm:auto_generated|altsyncram_t861:altsyncram4|ram_block7a4  ; Ts_clk       ; Ts_clk      ; 0.000        ; 0.395      ; 2.337      ;
; 1.732 ; fftfilter:u1|altshift_taps:xkre0_rtl_0|shift_taps_ckm:auto_generated|dffe6 ; fftfilter:u1|altshift_taps:xkre0_rtl_0|shift_taps_ckm:auto_generated|altsyncram_t861:altsyncram4|ram_block7a5  ; Ts_clk       ; Ts_clk      ; 0.000        ; 0.395      ; 2.337      ;
; 1.732 ; fftfilter:u1|altshift_taps:xkre0_rtl_0|shift_taps_ckm:auto_generated|dffe6 ; fftfilter:u1|altshift_taps:xkre0_rtl_0|shift_taps_ckm:auto_generated|altsyncram_t861:altsyncram4|ram_block7a6  ; Ts_clk       ; Ts_clk      ; 0.000        ; 0.395      ; 2.337      ;
; 1.732 ; fftfilter:u1|altshift_taps:xkre0_rtl_0|shift_taps_ckm:auto_generated|dffe6 ; fftfilter:u1|altshift_taps:xkre0_rtl_0|shift_taps_ckm:auto_generated|altsyncram_t861:altsyncram4|ram_block7a7  ; Ts_clk       ; Ts_clk      ; 0.000        ; 0.395      ; 2.337      ;
; 1.732 ; fftfilter:u1|altshift_taps:xkre0_rtl_0|shift_taps_ckm:auto_generated|dffe6 ; fftfilter:u1|altshift_taps:xkre0_rtl_0|shift_taps_ckm:auto_generated|altsyncram_t861:altsyncram4|ram_block7a8  ; Ts_clk       ; Ts_clk      ; 0.000        ; 0.395      ; 2.337      ;
; 1.732 ; fftfilter:u1|altshift_taps:xkre0_rtl_0|shift_taps_ckm:auto_generated|dffe6 ; fftfilter:u1|altshift_taps:xkre0_rtl_0|shift_taps_ckm:auto_generated|altsyncram_t861:altsyncram4|ram_block7a9  ; Ts_clk       ; Ts_clk      ; 0.000        ; 0.395      ; 2.337      ;
; 1.732 ; fftfilter:u1|altshift_taps:xkre0_rtl_0|shift_taps_ckm:auto_generated|dffe6 ; fftfilter:u1|altshift_taps:xkre0_rtl_0|shift_taps_ckm:auto_generated|altsyncram_t861:altsyncram4|ram_block7a10 ; Ts_clk       ; Ts_clk      ; 0.000        ; 0.395      ; 2.337      ;
; 1.732 ; fftfilter:u1|altshift_taps:xkre0_rtl_0|shift_taps_ckm:auto_generated|dffe6 ; fftfilter:u1|altshift_taps:xkre0_rtl_0|shift_taps_ckm:auto_generated|altsyncram_t861:altsyncram4|ram_block7a11 ; Ts_clk       ; Ts_clk      ; 0.000        ; 0.395      ; 2.337      ;
; 1.732 ; fftfilter:u1|altshift_taps:xkre0_rtl_0|shift_taps_ckm:auto_generated|dffe6 ; fftfilter:u1|altshift_taps:xkre0_rtl_0|shift_taps_ckm:auto_generated|altsyncram_t861:altsyncram4|ram_block7a12 ; Ts_clk       ; Ts_clk      ; 0.000        ; 0.395      ; 2.337      ;
; 1.732 ; fftfilter:u1|altshift_taps:xkre0_rtl_0|shift_taps_ckm:auto_generated|dffe6 ; fftfilter:u1|altshift_taps:xkre0_rtl_0|shift_taps_ckm:auto_generated|altsyncram_t861:altsyncram4|ram_block7a13 ; Ts_clk       ; Ts_clk      ; 0.000        ; 0.395      ; 2.337      ;
; 1.732 ; fftfilter:u1|altshift_taps:xkre0_rtl_0|shift_taps_ckm:auto_generated|dffe6 ; fftfilter:u1|altshift_taps:xkre0_rtl_0|shift_taps_ckm:auto_generated|altsyncram_t861:altsyncram4|ram_block7a14 ; Ts_clk       ; Ts_clk      ; 0.000        ; 0.395      ; 2.337      ;
; 1.732 ; fftfilter:u1|altshift_taps:xkre0_rtl_0|shift_taps_ckm:auto_generated|dffe6 ; fftfilter:u1|altshift_taps:xkre0_rtl_0|shift_taps_ckm:auto_generated|altsyncram_t861:altsyncram4|ram_block7a15 ; Ts_clk       ; Ts_clk      ; 0.000        ; 0.395      ; 2.337      ;
; 1.732 ; fftfilter:u1|altshift_taps:xkre0_rtl_0|shift_taps_ckm:auto_generated|dffe6 ; fftfilter:u1|altshift_taps:xkre0_rtl_0|shift_taps_ckm:auto_generated|altsyncram_t861:altsyncram4|ram_block7a16 ; Ts_clk       ; Ts_clk      ; 0.000        ; 0.395      ; 2.337      ;
; 1.732 ; fftfilter:u1|altshift_taps:xkre0_rtl_0|shift_taps_ckm:auto_generated|dffe6 ; fftfilter:u1|altshift_taps:xkre0_rtl_0|shift_taps_ckm:auto_generated|altsyncram_t861:altsyncram4|ram_block7a17 ; Ts_clk       ; Ts_clk      ; 0.000        ; 0.395      ; 2.337      ;
; 1.732 ; fftfilter:u1|altshift_taps:xkre0_rtl_0|shift_taps_ckm:auto_generated|dffe6 ; fftfilter:u1|altshift_taps:xkre0_rtl_0|shift_taps_ckm:auto_generated|altsyncram_t861:altsyncram4|ram_block7a18 ; Ts_clk       ; Ts_clk      ; 0.000        ; 0.395      ; 2.337      ;
; 1.732 ; fftfilter:u1|altshift_taps:xkre0_rtl_0|shift_taps_ckm:auto_generated|dffe6 ; fftfilter:u1|altshift_taps:xkre0_rtl_0|shift_taps_ckm:auto_generated|altsyncram_t861:altsyncram4|ram_block7a19 ; Ts_clk       ; Ts_clk      ; 0.000        ; 0.395      ; 2.337      ;
; 1.732 ; fftfilter:u1|altshift_taps:xkre0_rtl_0|shift_taps_ckm:auto_generated|dffe6 ; fftfilter:u1|altshift_taps:xkre0_rtl_0|shift_taps_ckm:auto_generated|altsyncram_t861:altsyncram4|ram_block7a20 ; Ts_clk       ; Ts_clk      ; 0.000        ; 0.395      ; 2.337      ;
; 1.732 ; fftfilter:u1|altshift_taps:xkre0_rtl_0|shift_taps_ckm:auto_generated|dffe6 ; fftfilter:u1|altshift_taps:xkre0_rtl_0|shift_taps_ckm:auto_generated|altsyncram_t861:altsyncram4|ram_block7a21 ; Ts_clk       ; Ts_clk      ; 0.000        ; 0.395      ; 2.337      ;
; 1.732 ; fftfilter:u1|altshift_taps:xkre0_rtl_0|shift_taps_ckm:auto_generated|dffe6 ; fftfilter:u1|altshift_taps:xkre0_rtl_0|shift_taps_ckm:auto_generated|altsyncram_t861:altsyncram4|ram_block7a22 ; Ts_clk       ; Ts_clk      ; 0.000        ; 0.395      ; 2.337      ;
; 1.732 ; fftfilter:u1|altshift_taps:xkre0_rtl_0|shift_taps_ckm:auto_generated|dffe6 ; fftfilter:u1|altshift_taps:xkre0_rtl_0|shift_taps_ckm:auto_generated|altsyncram_t861:altsyncram4|ram_block7a23 ; Ts_clk       ; Ts_clk      ; 0.000        ; 0.395      ; 2.337      ;
; 1.732 ; fftfilter:u1|altshift_taps:xkre0_rtl_0|shift_taps_ckm:auto_generated|dffe6 ; fftfilter:u1|altshift_taps:xkre0_rtl_0|shift_taps_ckm:auto_generated|altsyncram_t861:altsyncram4|ram_block7a24 ; Ts_clk       ; Ts_clk      ; 0.000        ; 0.395      ; 2.337      ;
; 1.732 ; fftfilter:u1|altshift_taps:xkre0_rtl_0|shift_taps_ckm:auto_generated|dffe6 ; fftfilter:u1|altshift_taps:xkre0_rtl_0|shift_taps_ckm:auto_generated|altsyncram_t861:altsyncram4|ram_block7a25 ; Ts_clk       ; Ts_clk      ; 0.000        ; 0.395      ; 2.337      ;
; 1.732 ; fftfilter:u1|altshift_taps:xkre0_rtl_0|shift_taps_ckm:auto_generated|dffe6 ; fftfilter:u1|altshift_taps:xkre0_rtl_0|shift_taps_ckm:auto_generated|altsyncram_t861:altsyncram4|ram_block7a26 ; Ts_clk       ; Ts_clk      ; 0.000        ; 0.395      ; 2.337      ;
; 1.732 ; fftfilter:u1|altshift_taps:xkre0_rtl_0|shift_taps_ckm:auto_generated|dffe6 ; fftfilter:u1|altshift_taps:xkre0_rtl_0|shift_taps_ckm:auto_generated|altsyncram_t861:altsyncram4|ram_block7a27 ; Ts_clk       ; Ts_clk      ; 0.000        ; 0.395      ; 2.337      ;
; 1.732 ; fftfilter:u1|altshift_taps:xkre0_rtl_0|shift_taps_ckm:auto_generated|dffe6 ; fftfilter:u1|altshift_taps:xkre0_rtl_0|shift_taps_ckm:auto_generated|altsyncram_t861:altsyncram4|ram_block7a28 ; Ts_clk       ; Ts_clk      ; 0.000        ; 0.395      ; 2.337      ;
; 1.732 ; fftfilter:u1|altshift_taps:xkre0_rtl_0|shift_taps_ckm:auto_generated|dffe6 ; fftfilter:u1|altshift_taps:xkre0_rtl_0|shift_taps_ckm:auto_generated|altsyncram_t861:altsyncram4|ram_block7a29 ; Ts_clk       ; Ts_clk      ; 0.000        ; 0.395      ; 2.337      ;
; 1.732 ; fftfilter:u1|altshift_taps:xkre0_rtl_0|shift_taps_ckm:auto_generated|dffe6 ; fftfilter:u1|altshift_taps:xkre0_rtl_0|shift_taps_ckm:auto_generated|altsyncram_t861:altsyncram4|ram_block7a30 ; Ts_clk       ; Ts_clk      ; 0.000        ; 0.395      ; 2.337      ;
; 1.732 ; fftfilter:u1|altshift_taps:xkre0_rtl_0|shift_taps_ckm:auto_generated|dffe6 ; fftfilter:u1|altshift_taps:xkre0_rtl_0|shift_taps_ckm:auto_generated|altsyncram_t861:altsyncram4|ram_block7a31 ; Ts_clk       ; Ts_clk      ; 0.000        ; 0.395      ; 2.337      ;
+-------+----------------------------------------------------------------------------+----------------------------------------------------------------------------------------------------------------+--------------+-------------+--------------+------------+------------+


+----------------------------------------------------------------------------------------------------------------------------------------------------------------------------------------------------------------------------------------------------------------------------------------------------------------------------------------------------------------------------------+
; Slow 1200mV 0C Model Minimum Pulse Width: 'Ts_clk'                                                                                                                                                                                                                                                                                                                               ;
+-------+--------------+----------------+-----------------+--------+------------+--------------------------------------------------------------------------------------------------------------------------------------------------------------------------------------------------------------------------------------------------------------------------------------------------+
; Slack ; Actual Width ; Required Width ; Type            ; Clock  ; Clock Edge ; Target                                                                                                                                                                                                                                                                                           ;
+-------+--------------+----------------+-----------------+--------+------------+--------------------------------------------------------------------------------------------------------------------------------------------------------------------------------------------------------------------------------------------------------------------------------------------------+
; 9.513 ; 9.895        ; 0.382          ; Low Pulse Width ; Ts_clk ; Rise       ; ifftout:u2|fft256:u0|asj_fft_si_sose_so_b_fft_121:asj_fft_si_sose_so_b_fft_121_inst|asj_fft_dft_bfp_sgl_fft_121:\gen_se:bfpdft|asj_fft_cmult_can_fft_121:\gen_da0:gen_canonic:cm1|lpm_mult:\gen_ded_m1:gen_unext_m_a_b_c_d:m_a_b_c_d|mult_9t01:auto_generated|mac_mult1~OBSERVABLEDATAA_REGOUT0  ;
; 9.513 ; 9.895        ; 0.382          ; Low Pulse Width ; Ts_clk ; Rise       ; ifftout:u2|fft256:u0|asj_fft_si_sose_so_b_fft_121:asj_fft_si_sose_so_b_fft_121_inst|asj_fft_dft_bfp_sgl_fft_121:\gen_se:bfpdft|asj_fft_cmult_can_fft_121:\gen_da0:gen_canonic:cm1|lpm_mult:\gen_ded_m1:gen_unext_m_a_b_c_d:m_a_b_c_d|mult_9t01:auto_generated|mac_mult1~OBSERVABLEDATAA_REGOUT1  ;
; 9.513 ; 9.895        ; 0.382          ; Low Pulse Width ; Ts_clk ; Rise       ; ifftout:u2|fft256:u0|asj_fft_si_sose_so_b_fft_121:asj_fft_si_sose_so_b_fft_121_inst|asj_fft_dft_bfp_sgl_fft_121:\gen_se:bfpdft|asj_fft_cmult_can_fft_121:\gen_da0:gen_canonic:cm1|lpm_mult:\gen_ded_m1:gen_unext_m_a_b_c_d:m_a_b_c_d|mult_9t01:auto_generated|mac_mult1~OBSERVABLEDATAA_REGOUT10 ;
; 9.513 ; 9.895        ; 0.382          ; Low Pulse Width ; Ts_clk ; Rise       ; ifftout:u2|fft256:u0|asj_fft_si_sose_so_b_fft_121:asj_fft_si_sose_so_b_fft_121_inst|asj_fft_dft_bfp_sgl_fft_121:\gen_se:bfpdft|asj_fft_cmult_can_fft_121:\gen_da0:gen_canonic:cm1|lpm_mult:\gen_ded_m1:gen_unext_m_a_b_c_d:m_a_b_c_d|mult_9t01:auto_generated|mac_mult1~OBSERVABLEDATAA_REGOUT11 ;
; 9.513 ; 9.895        ; 0.382          ; Low Pulse Width ; Ts_clk ; Rise       ; ifftout:u2|fft256:u0|asj_fft_si_sose_so_b_fft_121:asj_fft_si_sose_so_b_fft_121_inst|asj_fft_dft_bfp_sgl_fft_121:\gen_se:bfpdft|asj_fft_cmult_can_fft_121:\gen_da0:gen_canonic:cm1|lpm_mult:\gen_ded_m1:gen_unext_m_a_b_c_d:m_a_b_c_d|mult_9t01:auto_generated|mac_mult1~OBSERVABLEDATAA_REGOUT12 ;
; 9.513 ; 9.895        ; 0.382          ; Low Pulse Width ; Ts_clk ; Rise       ; ifftout:u2|fft256:u0|asj_fft_si_sose_so_b_fft_121:asj_fft_si_sose_so_b_fft_121_inst|asj_fft_dft_bfp_sgl_fft_121:\gen_se:bfpdft|asj_fft_cmult_can_fft_121:\gen_da0:gen_canonic:cm1|lpm_mult:\gen_ded_m1:gen_unext_m_a_b_c_d:m_a_b_c_d|mult_9t01:auto_generated|mac_mult1~OBSERVABLEDATAA_REGOUT13 ;
; 9.513 ; 9.895        ; 0.382          ; Low Pulse Width ; Ts_clk ; Rise       ; ifftout:u2|fft256:u0|asj_fft_si_sose_so_b_fft_121:asj_fft_si_sose_so_b_fft_121_inst|asj_fft_dft_bfp_sgl_fft_121:\gen_se:bfpdft|asj_fft_cmult_can_fft_121:\gen_da0:gen_canonic:cm1|lpm_mult:\gen_ded_m1:gen_unext_m_a_b_c_d:m_a_b_c_d|mult_9t01:auto_generated|mac_mult1~OBSERVABLEDATAA_REGOUT14 ;
; 9.513 ; 9.895        ; 0.382          ; Low Pulse Width ; Ts_clk ; Rise       ; ifftout:u2|fft256:u0|asj_fft_si_sose_so_b_fft_121:asj_fft_si_sose_so_b_fft_121_inst|asj_fft_dft_bfp_sgl_fft_121:\gen_se:bfpdft|asj_fft_cmult_can_fft_121:\gen_da0:gen_canonic:cm1|lpm_mult:\gen_ded_m1:gen_unext_m_a_b_c_d:m_a_b_c_d|mult_9t01:auto_generated|mac_mult1~OBSERVABLEDATAA_REGOUT15 ;
; 9.513 ; 9.895        ; 0.382          ; Low Pulse Width ; Ts_clk ; Rise       ; ifftout:u2|fft256:u0|asj_fft_si_sose_so_b_fft_121:asj_fft_si_sose_so_b_fft_121_inst|asj_fft_dft_bfp_sgl_fft_121:\gen_se:bfpdft|asj_fft_cmult_can_fft_121:\gen_da0:gen_canonic:cm1|lpm_mult:\gen_ded_m1:gen_unext_m_a_b_c_d:m_a_b_c_d|mult_9t01:auto_generated|mac_mult1~OBSERVABLEDATAA_REGOUT16 ;
; 9.513 ; 9.895        ; 0.382          ; Low Pulse Width ; Ts_clk ; Rise       ; ifftout:u2|fft256:u0|asj_fft_si_sose_so_b_fft_121:asj_fft_si_sose_so_b_fft_121_inst|asj_fft_dft_bfp_sgl_fft_121:\gen_se:bfpdft|asj_fft_cmult_can_fft_121:\gen_da0:gen_canonic:cm1|lpm_mult:\gen_ded_m1:gen_unext_m_a_b_c_d:m_a_b_c_d|mult_9t01:auto_generated|mac_mult1~OBSERVABLEDATAA_REGOUT2  ;
; 9.513 ; 9.895        ; 0.382          ; Low Pulse Width ; Ts_clk ; Rise       ; ifftout:u2|fft256:u0|asj_fft_si_sose_so_b_fft_121:asj_fft_si_sose_so_b_fft_121_inst|asj_fft_dft_bfp_sgl_fft_121:\gen_se:bfpdft|asj_fft_cmult_can_fft_121:\gen_da0:gen_canonic:cm1|lpm_mult:\gen_ded_m1:gen_unext_m_a_b_c_d:m_a_b_c_d|mult_9t01:auto_generated|mac_mult1~OBSERVABLEDATAA_REGOUT3  ;
; 9.513 ; 9.895        ; 0.382          ; Low Pulse Width ; Ts_clk ; Rise       ; ifftout:u2|fft256:u0|asj_fft_si_sose_so_b_fft_121:asj_fft_si_sose_so_b_fft_121_inst|asj_fft_dft_bfp_sgl_fft_121:\gen_se:bfpdft|asj_fft_cmult_can_fft_121:\gen_da0:gen_canonic:cm1|lpm_mult:\gen_ded_m1:gen_unext_m_a_b_c_d:m_a_b_c_d|mult_9t01:auto_generated|mac_mult1~OBSERVABLEDATAA_REGOUT4  ;
; 9.513 ; 9.895        ; 0.382          ; Low Pulse Width ; Ts_clk ; Rise       ; ifftout:u2|fft256:u0|asj_fft_si_sose_so_b_fft_121:asj_fft_si_sose_so_b_fft_121_inst|asj_fft_dft_bfp_sgl_fft_121:\gen_se:bfpdft|asj_fft_cmult_can_fft_121:\gen_da0:gen_canonic:cm1|lpm_mult:\gen_ded_m1:gen_unext_m_a_b_c_d:m_a_b_c_d|mult_9t01:auto_generated|mac_mult1~OBSERVABLEDATAA_REGOUT5  ;
; 9.513 ; 9.895        ; 0.382          ; Low Pulse Width ; Ts_clk ; Rise       ; ifftout:u2|fft256:u0|asj_fft_si_sose_so_b_fft_121:asj_fft_si_sose_so_b_fft_121_inst|asj_fft_dft_bfp_sgl_fft_121:\gen_se:bfpdft|asj_fft_cmult_can_fft_121:\gen_da0:gen_canonic:cm1|lpm_mult:\gen_ded_m1:gen_unext_m_a_b_c_d:m_a_b_c_d|mult_9t01:auto_generated|mac_mult1~OBSERVABLEDATAA_REGOUT6  ;
; 9.513 ; 9.895        ; 0.382          ; Low Pulse Width ; Ts_clk ; Rise       ; ifftout:u2|fft256:u0|asj_fft_si_sose_so_b_fft_121:asj_fft_si_sose_so_b_fft_121_inst|asj_fft_dft_bfp_sgl_fft_121:\gen_se:bfpdft|asj_fft_cmult_can_fft_121:\gen_da0:gen_canonic:cm1|lpm_mult:\gen_ded_m1:gen_unext_m_a_b_c_d:m_a_b_c_d|mult_9t01:auto_generated|mac_mult1~OBSERVABLEDATAA_REGOUT7  ;
; 9.513 ; 9.895        ; 0.382          ; Low Pulse Width ; Ts_clk ; Rise       ; ifftout:u2|fft256:u0|asj_fft_si_sose_so_b_fft_121:asj_fft_si_sose_so_b_fft_121_inst|asj_fft_dft_bfp_sgl_fft_121:\gen_se:bfpdft|asj_fft_cmult_can_fft_121:\gen_da0:gen_canonic:cm1|lpm_mult:\gen_ded_m1:gen_unext_m_a_b_c_d:m_a_b_c_d|mult_9t01:auto_generated|mac_mult1~OBSERVABLEDATAA_REGOUT8  ;
; 9.513 ; 9.895        ; 0.382          ; Low Pulse Width ; Ts_clk ; Rise       ; ifftout:u2|fft256:u0|asj_fft_si_sose_so_b_fft_121:asj_fft_si_sose_so_b_fft_121_inst|asj_fft_dft_bfp_sgl_fft_121:\gen_se:bfpdft|asj_fft_cmult_can_fft_121:\gen_da0:gen_canonic:cm1|lpm_mult:\gen_ded_m1:gen_unext_m_a_b_c_d:m_a_b_c_d|mult_9t01:auto_generated|mac_mult1~OBSERVABLEDATAA_REGOUT9  ;
; 9.513 ; 9.895        ; 0.382          ; Low Pulse Width ; Ts_clk ; Rise       ; ifftout:u2|fft256:u0|asj_fft_si_sose_so_b_fft_121:asj_fft_si_sose_so_b_fft_121_inst|asj_fft_dft_bfp_sgl_fft_121:\gen_se:bfpdft|asj_fft_cmult_can_fft_121:\gen_da0:gen_canonic:cm1|lpm_mult:\gen_ded_m1:gen_unext_m_a_b_c_d:m_a_b_c_d|mult_9t01:auto_generated|mac_mult1~OBSERVABLEDATAB_REGOUT0  ;
; 9.513 ; 9.895        ; 0.382          ; Low Pulse Width ; Ts_clk ; Rise       ; ifftout:u2|fft256:u0|asj_fft_si_sose_so_b_fft_121:asj_fft_si_sose_so_b_fft_121_inst|asj_fft_dft_bfp_sgl_fft_121:\gen_se:bfpdft|asj_fft_cmult_can_fft_121:\gen_da0:gen_canonic:cm1|lpm_mult:\gen_ded_m1:gen_unext_m_a_b_c_d:m_a_b_c_d|mult_9t01:auto_generated|mac_mult1~OBSERVABLEDATAB_REGOUT1  ;
; 9.513 ; 9.895        ; 0.382          ; Low Pulse Width ; Ts_clk ; Rise       ; ifftout:u2|fft256:u0|asj_fft_si_sose_so_b_fft_121:asj_fft_si_sose_so_b_fft_121_inst|asj_fft_dft_bfp_sgl_fft_121:\gen_se:bfpdft|asj_fft_cmult_can_fft_121:\gen_da0:gen_canonic:cm1|lpm_mult:\gen_ded_m1:gen_unext_m_a_b_c_d:m_a_b_c_d|mult_9t01:auto_generated|mac_mult1~OBSERVABLEDATAB_REGOUT10 ;
; 9.513 ; 9.895        ; 0.382          ; Low Pulse Width ; Ts_clk ; Rise       ; ifftout:u2|fft256:u0|asj_fft_si_sose_so_b_fft_121:asj_fft_si_sose_so_b_fft_121_inst|asj_fft_dft_bfp_sgl_fft_121:\gen_se:bfpdft|asj_fft_cmult_can_fft_121:\gen_da0:gen_canonic:cm1|lpm_mult:\gen_ded_m1:gen_unext_m_a_b_c_d:m_a_b_c_d|mult_9t01:auto_generated|mac_mult1~OBSERVABLEDATAB_REGOUT11 ;
; 9.513 ; 9.895        ; 0.382          ; Low Pulse Width ; Ts_clk ; Rise       ; ifftout:u2|fft256:u0|asj_fft_si_sose_so_b_fft_121:asj_fft_si_sose_so_b_fft_121_inst|asj_fft_dft_bfp_sgl_fft_121:\gen_se:bfpdft|asj_fft_cmult_can_fft_121:\gen_da0:gen_canonic:cm1|lpm_mult:\gen_ded_m1:gen_unext_m_a_b_c_d:m_a_b_c_d|mult_9t01:auto_generated|mac_mult1~OBSERVABLEDATAB_REGOUT12 ;
; 9.513 ; 9.895        ; 0.382          ; Low Pulse Width ; Ts_clk ; Rise       ; ifftout:u2|fft256:u0|asj_fft_si_sose_so_b_fft_121:asj_fft_si_sose_so_b_fft_121_inst|asj_fft_dft_bfp_sgl_fft_121:\gen_se:bfpdft|asj_fft_cmult_can_fft_121:\gen_da0:gen_canonic:cm1|lpm_mult:\gen_ded_m1:gen_unext_m_a_b_c_d:m_a_b_c_d|mult_9t01:auto_generated|mac_mult1~OBSERVABLEDATAB_REGOUT13 ;
; 9.513 ; 9.895        ; 0.382          ; Low Pulse Width ; Ts_clk ; Rise       ; ifftout:u2|fft256:u0|asj_fft_si_sose_so_b_fft_121:asj_fft_si_sose_so_b_fft_121_inst|asj_fft_dft_bfp_sgl_fft_121:\gen_se:bfpdft|asj_fft_cmult_can_fft_121:\gen_da0:gen_canonic:cm1|lpm_mult:\gen_ded_m1:gen_unext_m_a_b_c_d:m_a_b_c_d|mult_9t01:auto_generated|mac_mult1~OBSERVABLEDATAB_REGOUT14 ;
; 9.513 ; 9.895        ; 0.382          ; Low Pulse Width ; Ts_clk ; Rise       ; ifftout:u2|fft256:u0|asj_fft_si_sose_so_b_fft_121:asj_fft_si_sose_so_b_fft_121_inst|asj_fft_dft_bfp_sgl_fft_121:\gen_se:bfpdft|asj_fft_cmult_can_fft_121:\gen_da0:gen_canonic:cm1|lpm_mult:\gen_ded_m1:gen_unext_m_a_b_c_d:m_a_b_c_d|mult_9t01:auto_generated|mac_mult1~OBSERVABLEDATAB_REGOUT15 ;
; 9.513 ; 9.895        ; 0.382          ; Low Pulse Width ; Ts_clk ; Rise       ; ifftout:u2|fft256:u0|asj_fft_si_sose_so_b_fft_121:asj_fft_si_sose_so_b_fft_121_inst|asj_fft_dft_bfp_sgl_fft_121:\gen_se:bfpdft|asj_fft_cmult_can_fft_121:\gen_da0:gen_canonic:cm1|lpm_mult:\gen_ded_m1:gen_unext_m_a_b_c_d:m_a_b_c_d|mult_9t01:auto_generated|mac_mult1~OBSERVABLEDATAB_REGOUT16 ;
; 9.513 ; 9.895        ; 0.382          ; Low Pulse Width ; Ts_clk ; Rise       ; ifftout:u2|fft256:u0|asj_fft_si_sose_so_b_fft_121:asj_fft_si_sose_so_b_fft_121_inst|asj_fft_dft_bfp_sgl_fft_121:\gen_se:bfpdft|asj_fft_cmult_can_fft_121:\gen_da0:gen_canonic:cm1|lpm_mult:\gen_ded_m1:gen_unext_m_a_b_c_d:m_a_b_c_d|mult_9t01:auto_generated|mac_mult1~OBSERVABLEDATAB_REGOUT2  ;
; 9.513 ; 9.895        ; 0.382          ; Low Pulse Width ; Ts_clk ; Rise       ; ifftout:u2|fft256:u0|asj_fft_si_sose_so_b_fft_121:asj_fft_si_sose_so_b_fft_121_inst|asj_fft_dft_bfp_sgl_fft_121:\gen_se:bfpdft|asj_fft_cmult_can_fft_121:\gen_da0:gen_canonic:cm1|lpm_mult:\gen_ded_m1:gen_unext_m_a_b_c_d:m_a_b_c_d|mult_9t01:auto_generated|mac_mult1~OBSERVABLEDATAB_REGOUT3  ;
; 9.513 ; 9.895        ; 0.382          ; Low Pulse Width ; Ts_clk ; Rise       ; ifftout:u2|fft256:u0|asj_fft_si_sose_so_b_fft_121:asj_fft_si_sose_so_b_fft_121_inst|asj_fft_dft_bfp_sgl_fft_121:\gen_se:bfpdft|asj_fft_cmult_can_fft_121:\gen_da0:gen_canonic:cm1|lpm_mult:\gen_ded_m1:gen_unext_m_a_b_c_d:m_a_b_c_d|mult_9t01:auto_generated|mac_mult1~OBSERVABLEDATAB_REGOUT4  ;
; 9.513 ; 9.895        ; 0.382          ; Low Pulse Width ; Ts_clk ; Rise       ; ifftout:u2|fft256:u0|asj_fft_si_sose_so_b_fft_121:asj_fft_si_sose_so_b_fft_121_inst|asj_fft_dft_bfp_sgl_fft_121:\gen_se:bfpdft|asj_fft_cmult_can_fft_121:\gen_da0:gen_canonic:cm1|lpm_mult:\gen_ded_m1:gen_unext_m_a_b_c_d:m_a_b_c_d|mult_9t01:auto_generated|mac_mult1~OBSERVABLEDATAB_REGOUT5  ;
; 9.513 ; 9.895        ; 0.382          ; Low Pulse Width ; Ts_clk ; Rise       ; ifftout:u2|fft256:u0|asj_fft_si_sose_so_b_fft_121:asj_fft_si_sose_so_b_fft_121_inst|asj_fft_dft_bfp_sgl_fft_121:\gen_se:bfpdft|asj_fft_cmult_can_fft_121:\gen_da0:gen_canonic:cm1|lpm_mult:\gen_ded_m1:gen_unext_m_a_b_c_d:m_a_b_c_d|mult_9t01:auto_generated|mac_mult1~OBSERVABLEDATAB_REGOUT6  ;
; 9.513 ; 9.895        ; 0.382          ; Low Pulse Width ; Ts_clk ; Rise       ; ifftout:u2|fft256:u0|asj_fft_si_sose_so_b_fft_121:asj_fft_si_sose_so_b_fft_121_inst|asj_fft_dft_bfp_sgl_fft_121:\gen_se:bfpdft|asj_fft_cmult_can_fft_121:\gen_da0:gen_canonic:cm1|lpm_mult:\gen_ded_m1:gen_unext_m_a_b_c_d:m_a_b_c_d|mult_9t01:auto_generated|mac_mult1~OBSERVABLEDATAB_REGOUT7  ;
; 9.513 ; 9.895        ; 0.382          ; Low Pulse Width ; Ts_clk ; Rise       ; ifftout:u2|fft256:u0|asj_fft_si_sose_so_b_fft_121:asj_fft_si_sose_so_b_fft_121_inst|asj_fft_dft_bfp_sgl_fft_121:\gen_se:bfpdft|asj_fft_cmult_can_fft_121:\gen_da0:gen_canonic:cm1|lpm_mult:\gen_ded_m1:gen_unext_m_a_b_c_d:m_a_b_c_d|mult_9t01:auto_generated|mac_mult1~OBSERVABLEDATAB_REGOUT8  ;
; 9.513 ; 9.895        ; 0.382          ; Low Pulse Width ; Ts_clk ; Rise       ; ifftout:u2|fft256:u0|asj_fft_si_sose_so_b_fft_121:asj_fft_si_sose_so_b_fft_121_inst|asj_fft_dft_bfp_sgl_fft_121:\gen_se:bfpdft|asj_fft_cmult_can_fft_121:\gen_da0:gen_canonic:cm1|lpm_mult:\gen_ded_m1:gen_unext_m_a_b_c_d:m_a_b_c_d|mult_9t01:auto_generated|mac_mult1~OBSERVABLEDATAB_REGOUT9  ;
; 9.513 ; 9.895        ; 0.382          ; Low Pulse Width ; Ts_clk ; Rise       ; ifftout:u2|fft256:u0|asj_fft_si_sose_so_b_fft_121:asj_fft_si_sose_so_b_fft_121_inst|asj_fft_dft_bfp_sgl_fft_121:\gen_se:bfpdft|asj_fft_cmult_can_fft_121:\gen_da0:gen_canonic:cm1|lpm_mult:\gen_ded_m1:gen_unext_m_a_b_c_d:m_a_b_c_d|mult_9t01:auto_generated|mac_out2                           ;
; 9.513 ; 9.895        ; 0.382          ; Low Pulse Width ; Ts_clk ; Rise       ; ifftout:u2|fft256:u0|asj_fft_si_sose_so_b_fft_121:asj_fft_si_sose_so_b_fft_121_inst|asj_fft_dft_bfp_sgl_fft_121:\gen_se:bfpdft|asj_fft_cmult_can_fft_121:\gen_da0:gen_canonic:cm1|lpm_mult:\gen_ded_m1:gen_unext_m_a_b_c_d:m_a_b_c_d|mult_9t01:auto_generated|mac_out2~DATAOUT1                  ;
; 9.513 ; 9.895        ; 0.382          ; Low Pulse Width ; Ts_clk ; Rise       ; ifftout:u2|fft256:u0|asj_fft_si_sose_so_b_fft_121:asj_fft_si_sose_so_b_fft_121_inst|asj_fft_dft_bfp_sgl_fft_121:\gen_se:bfpdft|asj_fft_cmult_can_fft_121:\gen_da0:gen_canonic:cm1|lpm_mult:\gen_ded_m1:gen_unext_m_a_b_c_d:m_a_b_c_d|mult_9t01:auto_generated|mac_out2~DATAOUT10                 ;
; 9.513 ; 9.895        ; 0.382          ; Low Pulse Width ; Ts_clk ; Rise       ; ifftout:u2|fft256:u0|asj_fft_si_sose_so_b_fft_121:asj_fft_si_sose_so_b_fft_121_inst|asj_fft_dft_bfp_sgl_fft_121:\gen_se:bfpdft|asj_fft_cmult_can_fft_121:\gen_da0:gen_canonic:cm1|lpm_mult:\gen_ded_m1:gen_unext_m_a_b_c_d:m_a_b_c_d|mult_9t01:auto_generated|mac_out2~DATAOUT11                 ;
; 9.513 ; 9.895        ; 0.382          ; Low Pulse Width ; Ts_clk ; Rise       ; ifftout:u2|fft256:u0|asj_fft_si_sose_so_b_fft_121:asj_fft_si_sose_so_b_fft_121_inst|asj_fft_dft_bfp_sgl_fft_121:\gen_se:bfpdft|asj_fft_cmult_can_fft_121:\gen_da0:gen_canonic:cm1|lpm_mult:\gen_ded_m1:gen_unext_m_a_b_c_d:m_a_b_c_d|mult_9t01:auto_generated|mac_out2~DATAOUT12                 ;
; 9.513 ; 9.895        ; 0.382          ; Low Pulse Width ; Ts_clk ; Rise       ; ifftout:u2|fft256:u0|asj_fft_si_sose_so_b_fft_121:asj_fft_si_sose_so_b_fft_121_inst|asj_fft_dft_bfp_sgl_fft_121:\gen_se:bfpdft|asj_fft_cmult_can_fft_121:\gen_da0:gen_canonic:cm1|lpm_mult:\gen_ded_m1:gen_unext_m_a_b_c_d:m_a_b_c_d|mult_9t01:auto_generated|mac_out2~DATAOUT13                 ;
; 9.513 ; 9.895        ; 0.382          ; Low Pulse Width ; Ts_clk ; Rise       ; ifftout:u2|fft256:u0|asj_fft_si_sose_so_b_fft_121:asj_fft_si_sose_so_b_fft_121_inst|asj_fft_dft_bfp_sgl_fft_121:\gen_se:bfpdft|asj_fft_cmult_can_fft_121:\gen_da0:gen_canonic:cm1|lpm_mult:\gen_ded_m1:gen_unext_m_a_b_c_d:m_a_b_c_d|mult_9t01:auto_generated|mac_out2~DATAOUT14                 ;
; 9.513 ; 9.895        ; 0.382          ; Low Pulse Width ; Ts_clk ; Rise       ; ifftout:u2|fft256:u0|asj_fft_si_sose_so_b_fft_121:asj_fft_si_sose_so_b_fft_121_inst|asj_fft_dft_bfp_sgl_fft_121:\gen_se:bfpdft|asj_fft_cmult_can_fft_121:\gen_da0:gen_canonic:cm1|lpm_mult:\gen_ded_m1:gen_unext_m_a_b_c_d:m_a_b_c_d|mult_9t01:auto_generated|mac_out2~DATAOUT15                 ;
; 9.513 ; 9.895        ; 0.382          ; Low Pulse Width ; Ts_clk ; Rise       ; ifftout:u2|fft256:u0|asj_fft_si_sose_so_b_fft_121:asj_fft_si_sose_so_b_fft_121_inst|asj_fft_dft_bfp_sgl_fft_121:\gen_se:bfpdft|asj_fft_cmult_can_fft_121:\gen_da0:gen_canonic:cm1|lpm_mult:\gen_ded_m1:gen_unext_m_a_b_c_d:m_a_b_c_d|mult_9t01:auto_generated|mac_out2~DATAOUT16                 ;
; 9.513 ; 9.895        ; 0.382          ; Low Pulse Width ; Ts_clk ; Rise       ; ifftout:u2|fft256:u0|asj_fft_si_sose_so_b_fft_121:asj_fft_si_sose_so_b_fft_121_inst|asj_fft_dft_bfp_sgl_fft_121:\gen_se:bfpdft|asj_fft_cmult_can_fft_121:\gen_da0:gen_canonic:cm1|lpm_mult:\gen_ded_m1:gen_unext_m_a_b_c_d:m_a_b_c_d|mult_9t01:auto_generated|mac_out2~DATAOUT17                 ;
; 9.513 ; 9.895        ; 0.382          ; Low Pulse Width ; Ts_clk ; Rise       ; ifftout:u2|fft256:u0|asj_fft_si_sose_so_b_fft_121:asj_fft_si_sose_so_b_fft_121_inst|asj_fft_dft_bfp_sgl_fft_121:\gen_se:bfpdft|asj_fft_cmult_can_fft_121:\gen_da0:gen_canonic:cm1|lpm_mult:\gen_ded_m1:gen_unext_m_a_b_c_d:m_a_b_c_d|mult_9t01:auto_generated|mac_out2~DATAOUT18                 ;
; 9.513 ; 9.895        ; 0.382          ; Low Pulse Width ; Ts_clk ; Rise       ; ifftout:u2|fft256:u0|asj_fft_si_sose_so_b_fft_121:asj_fft_si_sose_so_b_fft_121_inst|asj_fft_dft_bfp_sgl_fft_121:\gen_se:bfpdft|asj_fft_cmult_can_fft_121:\gen_da0:gen_canonic:cm1|lpm_mult:\gen_ded_m1:gen_unext_m_a_b_c_d:m_a_b_c_d|mult_9t01:auto_generated|mac_out2~DATAOUT19                 ;
; 9.513 ; 9.895        ; 0.382          ; Low Pulse Width ; Ts_clk ; Rise       ; ifftout:u2|fft256:u0|asj_fft_si_sose_so_b_fft_121:asj_fft_si_sose_so_b_fft_121_inst|asj_fft_dft_bfp_sgl_fft_121:\gen_se:bfpdft|asj_fft_cmult_can_fft_121:\gen_da0:gen_canonic:cm1|lpm_mult:\gen_ded_m1:gen_unext_m_a_b_c_d:m_a_b_c_d|mult_9t01:auto_generated|mac_out2~DATAOUT2                  ;
; 9.513 ; 9.895        ; 0.382          ; Low Pulse Width ; Ts_clk ; Rise       ; ifftout:u2|fft256:u0|asj_fft_si_sose_so_b_fft_121:asj_fft_si_sose_so_b_fft_121_inst|asj_fft_dft_bfp_sgl_fft_121:\gen_se:bfpdft|asj_fft_cmult_can_fft_121:\gen_da0:gen_canonic:cm1|lpm_mult:\gen_ded_m1:gen_unext_m_a_b_c_d:m_a_b_c_d|mult_9t01:auto_generated|mac_out2~DATAOUT20                 ;
; 9.513 ; 9.895        ; 0.382          ; Low Pulse Width ; Ts_clk ; Rise       ; ifftout:u2|fft256:u0|asj_fft_si_sose_so_b_fft_121:asj_fft_si_sose_so_b_fft_121_inst|asj_fft_dft_bfp_sgl_fft_121:\gen_se:bfpdft|asj_fft_cmult_can_fft_121:\gen_da0:gen_canonic:cm1|lpm_mult:\gen_ded_m1:gen_unext_m_a_b_c_d:m_a_b_c_d|mult_9t01:auto_generated|mac_out2~DATAOUT21                 ;
; 9.513 ; 9.895        ; 0.382          ; Low Pulse Width ; Ts_clk ; Rise       ; ifftout:u2|fft256:u0|asj_fft_si_sose_so_b_fft_121:asj_fft_si_sose_so_b_fft_121_inst|asj_fft_dft_bfp_sgl_fft_121:\gen_se:bfpdft|asj_fft_cmult_can_fft_121:\gen_da0:gen_canonic:cm1|lpm_mult:\gen_ded_m1:gen_unext_m_a_b_c_d:m_a_b_c_d|mult_9t01:auto_generated|mac_out2~DATAOUT22                 ;
; 9.513 ; 9.895        ; 0.382          ; Low Pulse Width ; Ts_clk ; Rise       ; ifftout:u2|fft256:u0|asj_fft_si_sose_so_b_fft_121:asj_fft_si_sose_so_b_fft_121_inst|asj_fft_dft_bfp_sgl_fft_121:\gen_se:bfpdft|asj_fft_cmult_can_fft_121:\gen_da0:gen_canonic:cm1|lpm_mult:\gen_ded_m1:gen_unext_m_a_b_c_d:m_a_b_c_d|mult_9t01:auto_generated|mac_out2~DATAOUT23                 ;
; 9.513 ; 9.895        ; 0.382          ; Low Pulse Width ; Ts_clk ; Rise       ; ifftout:u2|fft256:u0|asj_fft_si_sose_so_b_fft_121:asj_fft_si_sose_so_b_fft_121_inst|asj_fft_dft_bfp_sgl_fft_121:\gen_se:bfpdft|asj_fft_cmult_can_fft_121:\gen_da0:gen_canonic:cm1|lpm_mult:\gen_ded_m1:gen_unext_m_a_b_c_d:m_a_b_c_d|mult_9t01:auto_generated|mac_out2~DATAOUT24                 ;
; 9.513 ; 9.895        ; 0.382          ; Low Pulse Width ; Ts_clk ; Rise       ; ifftout:u2|fft256:u0|asj_fft_si_sose_so_b_fft_121:asj_fft_si_sose_so_b_fft_121_inst|asj_fft_dft_bfp_sgl_fft_121:\gen_se:bfpdft|asj_fft_cmult_can_fft_121:\gen_da0:gen_canonic:cm1|lpm_mult:\gen_ded_m1:gen_unext_m_a_b_c_d:m_a_b_c_d|mult_9t01:auto_generated|mac_out2~DATAOUT25                 ;
; 9.513 ; 9.895        ; 0.382          ; Low Pulse Width ; Ts_clk ; Rise       ; ifftout:u2|fft256:u0|asj_fft_si_sose_so_b_fft_121:asj_fft_si_sose_so_b_fft_121_inst|asj_fft_dft_bfp_sgl_fft_121:\gen_se:bfpdft|asj_fft_cmult_can_fft_121:\gen_da0:gen_canonic:cm1|lpm_mult:\gen_ded_m1:gen_unext_m_a_b_c_d:m_a_b_c_d|mult_9t01:auto_generated|mac_out2~DATAOUT26                 ;
; 9.513 ; 9.895        ; 0.382          ; Low Pulse Width ; Ts_clk ; Rise       ; ifftout:u2|fft256:u0|asj_fft_si_sose_so_b_fft_121:asj_fft_si_sose_so_b_fft_121_inst|asj_fft_dft_bfp_sgl_fft_121:\gen_se:bfpdft|asj_fft_cmult_can_fft_121:\gen_da0:gen_canonic:cm1|lpm_mult:\gen_ded_m1:gen_unext_m_a_b_c_d:m_a_b_c_d|mult_9t01:auto_generated|mac_out2~DATAOUT27                 ;
; 9.513 ; 9.895        ; 0.382          ; Low Pulse Width ; Ts_clk ; Rise       ; ifftout:u2|fft256:u0|asj_fft_si_sose_so_b_fft_121:asj_fft_si_sose_so_b_fft_121_inst|asj_fft_dft_bfp_sgl_fft_121:\gen_se:bfpdft|asj_fft_cmult_can_fft_121:\gen_da0:gen_canonic:cm1|lpm_mult:\gen_ded_m1:gen_unext_m_a_b_c_d:m_a_b_c_d|mult_9t01:auto_generated|mac_out2~DATAOUT28                 ;
; 9.513 ; 9.895        ; 0.382          ; Low Pulse Width ; Ts_clk ; Rise       ; ifftout:u2|fft256:u0|asj_fft_si_sose_so_b_fft_121:asj_fft_si_sose_so_b_fft_121_inst|asj_fft_dft_bfp_sgl_fft_121:\gen_se:bfpdft|asj_fft_cmult_can_fft_121:\gen_da0:gen_canonic:cm1|lpm_mult:\gen_ded_m1:gen_unext_m_a_b_c_d:m_a_b_c_d|mult_9t01:auto_generated|mac_out2~DATAOUT29                 ;
; 9.513 ; 9.895        ; 0.382          ; Low Pulse Width ; Ts_clk ; Rise       ; ifftout:u2|fft256:u0|asj_fft_si_sose_so_b_fft_121:asj_fft_si_sose_so_b_fft_121_inst|asj_fft_dft_bfp_sgl_fft_121:\gen_se:bfpdft|asj_fft_cmult_can_fft_121:\gen_da0:gen_canonic:cm1|lpm_mult:\gen_ded_m1:gen_unext_m_a_b_c_d:m_a_b_c_d|mult_9t01:auto_generated|mac_out2~DATAOUT3                  ;
; 9.513 ; 9.895        ; 0.382          ; Low Pulse Width ; Ts_clk ; Rise       ; ifftout:u2|fft256:u0|asj_fft_si_sose_so_b_fft_121:asj_fft_si_sose_so_b_fft_121_inst|asj_fft_dft_bfp_sgl_fft_121:\gen_se:bfpdft|asj_fft_cmult_can_fft_121:\gen_da0:gen_canonic:cm1|lpm_mult:\gen_ded_m1:gen_unext_m_a_b_c_d:m_a_b_c_d|mult_9t01:auto_generated|mac_out2~DATAOUT30                 ;
; 9.513 ; 9.895        ; 0.382          ; Low Pulse Width ; Ts_clk ; Rise       ; ifftout:u2|fft256:u0|asj_fft_si_sose_so_b_fft_121:asj_fft_si_sose_so_b_fft_121_inst|asj_fft_dft_bfp_sgl_fft_121:\gen_se:bfpdft|asj_fft_cmult_can_fft_121:\gen_da0:gen_canonic:cm1|lpm_mult:\gen_ded_m1:gen_unext_m_a_b_c_d:m_a_b_c_d|mult_9t01:auto_generated|mac_out2~DATAOUT31                 ;
; 9.513 ; 9.895        ; 0.382          ; Low Pulse Width ; Ts_clk ; Rise       ; ifftout:u2|fft256:u0|asj_fft_si_sose_so_b_fft_121:asj_fft_si_sose_so_b_fft_121_inst|asj_fft_dft_bfp_sgl_fft_121:\gen_se:bfpdft|asj_fft_cmult_can_fft_121:\gen_da0:gen_canonic:cm1|lpm_mult:\gen_ded_m1:gen_unext_m_a_b_c_d:m_a_b_c_d|mult_9t01:auto_generated|mac_out2~DATAOUT4                  ;
; 9.513 ; 9.895        ; 0.382          ; Low Pulse Width ; Ts_clk ; Rise       ; ifftout:u2|fft256:u0|asj_fft_si_sose_so_b_fft_121:asj_fft_si_sose_so_b_fft_121_inst|asj_fft_dft_bfp_sgl_fft_121:\gen_se:bfpdft|asj_fft_cmult_can_fft_121:\gen_da0:gen_canonic:cm1|lpm_mult:\gen_ded_m1:gen_unext_m_a_b_c_d:m_a_b_c_d|mult_9t01:auto_generated|mac_out2~DATAOUT5                  ;
; 9.513 ; 9.895        ; 0.382          ; Low Pulse Width ; Ts_clk ; Rise       ; ifftout:u2|fft256:u0|asj_fft_si_sose_so_b_fft_121:asj_fft_si_sose_so_b_fft_121_inst|asj_fft_dft_bfp_sgl_fft_121:\gen_se:bfpdft|asj_fft_cmult_can_fft_121:\gen_da0:gen_canonic:cm1|lpm_mult:\gen_ded_m1:gen_unext_m_a_b_c_d:m_a_b_c_d|mult_9t01:auto_generated|mac_out2~DATAOUT6                  ;
; 9.513 ; 9.895        ; 0.382          ; Low Pulse Width ; Ts_clk ; Rise       ; ifftout:u2|fft256:u0|asj_fft_si_sose_so_b_fft_121:asj_fft_si_sose_so_b_fft_121_inst|asj_fft_dft_bfp_sgl_fft_121:\gen_se:bfpdft|asj_fft_cmult_can_fft_121:\gen_da0:gen_canonic:cm1|lpm_mult:\gen_ded_m1:gen_unext_m_a_b_c_d:m_a_b_c_d|mult_9t01:auto_generated|mac_out2~DATAOUT7                  ;
; 9.513 ; 9.895        ; 0.382          ; Low Pulse Width ; Ts_clk ; Rise       ; ifftout:u2|fft256:u0|asj_fft_si_sose_so_b_fft_121:asj_fft_si_sose_so_b_fft_121_inst|asj_fft_dft_bfp_sgl_fft_121:\gen_se:bfpdft|asj_fft_cmult_can_fft_121:\gen_da0:gen_canonic:cm1|lpm_mult:\gen_ded_m1:gen_unext_m_a_b_c_d:m_a_b_c_d|mult_9t01:auto_generated|mac_out2~DATAOUT8                  ;
; 9.513 ; 9.895        ; 0.382          ; Low Pulse Width ; Ts_clk ; Rise       ; ifftout:u2|fft256:u0|asj_fft_si_sose_so_b_fft_121:asj_fft_si_sose_so_b_fft_121_inst|asj_fft_dft_bfp_sgl_fft_121:\gen_se:bfpdft|asj_fft_cmult_can_fft_121:\gen_da0:gen_canonic:cm1|lpm_mult:\gen_ded_m1:gen_unext_m_a_b_c_d:m_a_b_c_d|mult_9t01:auto_generated|mac_out2~DATAOUT9                  ;
; 9.513 ; 9.895        ; 0.382          ; Low Pulse Width ; Ts_clk ; Rise       ; ifftout:u2|fft256:u0|asj_fft_si_sose_so_b_fft_121:asj_fft_si_sose_so_b_fft_121_inst|asj_fft_dft_bfp_sgl_fft_121:\gen_se:bfpdft|asj_fft_cmult_can_fft_121:\gen_da0:gen_canonic:cm1|lpm_mult:\gen_ded_m1:gen_unext_m_ac:m_ac|mult_5t01:auto_generated|mac_mult1~OBSERVABLEDATAA_REGOUT0            ;
; 9.513 ; 9.895        ; 0.382          ; Low Pulse Width ; Ts_clk ; Rise       ; ifftout:u2|fft256:u0|asj_fft_si_sose_so_b_fft_121:asj_fft_si_sose_so_b_fft_121_inst|asj_fft_dft_bfp_sgl_fft_121:\gen_se:bfpdft|asj_fft_cmult_can_fft_121:\gen_da0:gen_canonic:cm1|lpm_mult:\gen_ded_m1:gen_unext_m_ac:m_ac|mult_5t01:auto_generated|mac_mult1~OBSERVABLEDATAA_REGOUT1            ;
; 9.513 ; 9.895        ; 0.382          ; Low Pulse Width ; Ts_clk ; Rise       ; ifftout:u2|fft256:u0|asj_fft_si_sose_so_b_fft_121:asj_fft_si_sose_so_b_fft_121_inst|asj_fft_dft_bfp_sgl_fft_121:\gen_se:bfpdft|asj_fft_cmult_can_fft_121:\gen_da0:gen_canonic:cm1|lpm_mult:\gen_ded_m1:gen_unext_m_ac:m_ac|mult_5t01:auto_generated|mac_mult1~OBSERVABLEDATAA_REGOUT10           ;
; 9.513 ; 9.895        ; 0.382          ; Low Pulse Width ; Ts_clk ; Rise       ; ifftout:u2|fft256:u0|asj_fft_si_sose_so_b_fft_121:asj_fft_si_sose_so_b_fft_121_inst|asj_fft_dft_bfp_sgl_fft_121:\gen_se:bfpdft|asj_fft_cmult_can_fft_121:\gen_da0:gen_canonic:cm1|lpm_mult:\gen_ded_m1:gen_unext_m_ac:m_ac|mult_5t01:auto_generated|mac_mult1~OBSERVABLEDATAA_REGOUT11           ;
; 9.513 ; 9.895        ; 0.382          ; Low Pulse Width ; Ts_clk ; Rise       ; ifftout:u2|fft256:u0|asj_fft_si_sose_so_b_fft_121:asj_fft_si_sose_so_b_fft_121_inst|asj_fft_dft_bfp_sgl_fft_121:\gen_se:bfpdft|asj_fft_cmult_can_fft_121:\gen_da0:gen_canonic:cm1|lpm_mult:\gen_ded_m1:gen_unext_m_ac:m_ac|mult_5t01:auto_generated|mac_mult1~OBSERVABLEDATAA_REGOUT12           ;
; 9.513 ; 9.895        ; 0.382          ; Low Pulse Width ; Ts_clk ; Rise       ; ifftout:u2|fft256:u0|asj_fft_si_sose_so_b_fft_121:asj_fft_si_sose_so_b_fft_121_inst|asj_fft_dft_bfp_sgl_fft_121:\gen_se:bfpdft|asj_fft_cmult_can_fft_121:\gen_da0:gen_canonic:cm1|lpm_mult:\gen_ded_m1:gen_unext_m_ac:m_ac|mult_5t01:auto_generated|mac_mult1~OBSERVABLEDATAA_REGOUT13           ;
; 9.513 ; 9.895        ; 0.382          ; Low Pulse Width ; Ts_clk ; Rise       ; ifftout:u2|fft256:u0|asj_fft_si_sose_so_b_fft_121:asj_fft_si_sose_so_b_fft_121_inst|asj_fft_dft_bfp_sgl_fft_121:\gen_se:bfpdft|asj_fft_cmult_can_fft_121:\gen_da0:gen_canonic:cm1|lpm_mult:\gen_ded_m1:gen_unext_m_ac:m_ac|mult_5t01:auto_generated|mac_mult1~OBSERVABLEDATAA_REGOUT14           ;
; 9.513 ; 9.895        ; 0.382          ; Low Pulse Width ; Ts_clk ; Rise       ; ifftout:u2|fft256:u0|asj_fft_si_sose_so_b_fft_121:asj_fft_si_sose_so_b_fft_121_inst|asj_fft_dft_bfp_sgl_fft_121:\gen_se:bfpdft|asj_fft_cmult_can_fft_121:\gen_da0:gen_canonic:cm1|lpm_mult:\gen_ded_m1:gen_unext_m_ac:m_ac|mult_5t01:auto_generated|mac_mult1~OBSERVABLEDATAA_REGOUT15           ;
; 9.513 ; 9.895        ; 0.382          ; Low Pulse Width ; Ts_clk ; Rise       ; ifftout:u2|fft256:u0|asj_fft_si_sose_so_b_fft_121:asj_fft_si_sose_so_b_fft_121_inst|asj_fft_dft_bfp_sgl_fft_121:\gen_se:bfpdft|asj_fft_cmult_can_fft_121:\gen_da0:gen_canonic:cm1|lpm_mult:\gen_ded_m1:gen_unext_m_ac:m_ac|mult_5t01:auto_generated|mac_mult1~OBSERVABLEDATAA_REGOUT2            ;
; 9.513 ; 9.895        ; 0.382          ; Low Pulse Width ; Ts_clk ; Rise       ; ifftout:u2|fft256:u0|asj_fft_si_sose_so_b_fft_121:asj_fft_si_sose_so_b_fft_121_inst|asj_fft_dft_bfp_sgl_fft_121:\gen_se:bfpdft|asj_fft_cmult_can_fft_121:\gen_da0:gen_canonic:cm1|lpm_mult:\gen_ded_m1:gen_unext_m_ac:m_ac|mult_5t01:auto_generated|mac_mult1~OBSERVABLEDATAA_REGOUT3            ;
; 9.513 ; 9.895        ; 0.382          ; Low Pulse Width ; Ts_clk ; Rise       ; ifftout:u2|fft256:u0|asj_fft_si_sose_so_b_fft_121:asj_fft_si_sose_so_b_fft_121_inst|asj_fft_dft_bfp_sgl_fft_121:\gen_se:bfpdft|asj_fft_cmult_can_fft_121:\gen_da0:gen_canonic:cm1|lpm_mult:\gen_ded_m1:gen_unext_m_ac:m_ac|mult_5t01:auto_generated|mac_mult1~OBSERVABLEDATAA_REGOUT4            ;
; 9.513 ; 9.895        ; 0.382          ; Low Pulse Width ; Ts_clk ; Rise       ; ifftout:u2|fft256:u0|asj_fft_si_sose_so_b_fft_121:asj_fft_si_sose_so_b_fft_121_inst|asj_fft_dft_bfp_sgl_fft_121:\gen_se:bfpdft|asj_fft_cmult_can_fft_121:\gen_da0:gen_canonic:cm1|lpm_mult:\gen_ded_m1:gen_unext_m_ac:m_ac|mult_5t01:auto_generated|mac_mult1~OBSERVABLEDATAA_REGOUT5            ;
; 9.513 ; 9.895        ; 0.382          ; Low Pulse Width ; Ts_clk ; Rise       ; ifftout:u2|fft256:u0|asj_fft_si_sose_so_b_fft_121:asj_fft_si_sose_so_b_fft_121_inst|asj_fft_dft_bfp_sgl_fft_121:\gen_se:bfpdft|asj_fft_cmult_can_fft_121:\gen_da0:gen_canonic:cm1|lpm_mult:\gen_ded_m1:gen_unext_m_ac:m_ac|mult_5t01:auto_generated|mac_mult1~OBSERVABLEDATAA_REGOUT6            ;
; 9.513 ; 9.895        ; 0.382          ; Low Pulse Width ; Ts_clk ; Rise       ; ifftout:u2|fft256:u0|asj_fft_si_sose_so_b_fft_121:asj_fft_si_sose_so_b_fft_121_inst|asj_fft_dft_bfp_sgl_fft_121:\gen_se:bfpdft|asj_fft_cmult_can_fft_121:\gen_da0:gen_canonic:cm1|lpm_mult:\gen_ded_m1:gen_unext_m_ac:m_ac|mult_5t01:auto_generated|mac_mult1~OBSERVABLEDATAA_REGOUT7            ;
; 9.513 ; 9.895        ; 0.382          ; Low Pulse Width ; Ts_clk ; Rise       ; ifftout:u2|fft256:u0|asj_fft_si_sose_so_b_fft_121:asj_fft_si_sose_so_b_fft_121_inst|asj_fft_dft_bfp_sgl_fft_121:\gen_se:bfpdft|asj_fft_cmult_can_fft_121:\gen_da0:gen_canonic:cm1|lpm_mult:\gen_ded_m1:gen_unext_m_ac:m_ac|mult_5t01:auto_generated|mac_mult1~OBSERVABLEDATAA_REGOUT8            ;
; 9.513 ; 9.895        ; 0.382          ; Low Pulse Width ; Ts_clk ; Rise       ; ifftout:u2|fft256:u0|asj_fft_si_sose_so_b_fft_121:asj_fft_si_sose_so_b_fft_121_inst|asj_fft_dft_bfp_sgl_fft_121:\gen_se:bfpdft|asj_fft_cmult_can_fft_121:\gen_da0:gen_canonic:cm1|lpm_mult:\gen_ded_m1:gen_unext_m_ac:m_ac|mult_5t01:auto_generated|mac_mult1~OBSERVABLEDATAA_REGOUT9            ;
; 9.513 ; 9.895        ; 0.382          ; Low Pulse Width ; Ts_clk ; Rise       ; ifftout:u2|fft256:u0|asj_fft_si_sose_so_b_fft_121:asj_fft_si_sose_so_b_fft_121_inst|asj_fft_dft_bfp_sgl_fft_121:\gen_se:bfpdft|asj_fft_cmult_can_fft_121:\gen_da0:gen_canonic:cm1|lpm_mult:\gen_ded_m1:gen_unext_m_ac:m_ac|mult_5t01:auto_generated|mac_mult1~OBSERVABLEDATAB_REGOUT0            ;
; 9.513 ; 9.895        ; 0.382          ; Low Pulse Width ; Ts_clk ; Rise       ; ifftout:u2|fft256:u0|asj_fft_si_sose_so_b_fft_121:asj_fft_si_sose_so_b_fft_121_inst|asj_fft_dft_bfp_sgl_fft_121:\gen_se:bfpdft|asj_fft_cmult_can_fft_121:\gen_da0:gen_canonic:cm1|lpm_mult:\gen_ded_m1:gen_unext_m_ac:m_ac|mult_5t01:auto_generated|mac_mult1~OBSERVABLEDATAB_REGOUT1            ;
; 9.513 ; 9.895        ; 0.382          ; Low Pulse Width ; Ts_clk ; Rise       ; ifftout:u2|fft256:u0|asj_fft_si_sose_so_b_fft_121:asj_fft_si_sose_so_b_fft_121_inst|asj_fft_dft_bfp_sgl_fft_121:\gen_se:bfpdft|asj_fft_cmult_can_fft_121:\gen_da0:gen_canonic:cm1|lpm_mult:\gen_ded_m1:gen_unext_m_ac:m_ac|mult_5t01:auto_generated|mac_mult1~OBSERVABLEDATAB_REGOUT10           ;
; 9.513 ; 9.895        ; 0.382          ; Low Pulse Width ; Ts_clk ; Rise       ; ifftout:u2|fft256:u0|asj_fft_si_sose_so_b_fft_121:asj_fft_si_sose_so_b_fft_121_inst|asj_fft_dft_bfp_sgl_fft_121:\gen_se:bfpdft|asj_fft_cmult_can_fft_121:\gen_da0:gen_canonic:cm1|lpm_mult:\gen_ded_m1:gen_unext_m_ac:m_ac|mult_5t01:auto_generated|mac_mult1~OBSERVABLEDATAB_REGOUT11           ;
; 9.513 ; 9.895        ; 0.382          ; Low Pulse Width ; Ts_clk ; Rise       ; ifftout:u2|fft256:u0|asj_fft_si_sose_so_b_fft_121:asj_fft_si_sose_so_b_fft_121_inst|asj_fft_dft_bfp_sgl_fft_121:\gen_se:bfpdft|asj_fft_cmult_can_fft_121:\gen_da0:gen_canonic:cm1|lpm_mult:\gen_ded_m1:gen_unext_m_ac:m_ac|mult_5t01:auto_generated|mac_mult1~OBSERVABLEDATAB_REGOUT12           ;
; 9.513 ; 9.895        ; 0.382          ; Low Pulse Width ; Ts_clk ; Rise       ; ifftout:u2|fft256:u0|asj_fft_si_sose_so_b_fft_121:asj_fft_si_sose_so_b_fft_121_inst|asj_fft_dft_bfp_sgl_fft_121:\gen_se:bfpdft|asj_fft_cmult_can_fft_121:\gen_da0:gen_canonic:cm1|lpm_mult:\gen_ded_m1:gen_unext_m_ac:m_ac|mult_5t01:auto_generated|mac_mult1~OBSERVABLEDATAB_REGOUT13           ;
; 9.513 ; 9.895        ; 0.382          ; Low Pulse Width ; Ts_clk ; Rise       ; ifftout:u2|fft256:u0|asj_fft_si_sose_so_b_fft_121:asj_fft_si_sose_so_b_fft_121_inst|asj_fft_dft_bfp_sgl_fft_121:\gen_se:bfpdft|asj_fft_cmult_can_fft_121:\gen_da0:gen_canonic:cm1|lpm_mult:\gen_ded_m1:gen_unext_m_ac:m_ac|mult_5t01:auto_generated|mac_mult1~OBSERVABLEDATAB_REGOUT14           ;
; 9.513 ; 9.895        ; 0.382          ; Low Pulse Width ; Ts_clk ; Rise       ; ifftout:u2|fft256:u0|asj_fft_si_sose_so_b_fft_121:asj_fft_si_sose_so_b_fft_121_inst|asj_fft_dft_bfp_sgl_fft_121:\gen_se:bfpdft|asj_fft_cmult_can_fft_121:\gen_da0:gen_canonic:cm1|lpm_mult:\gen_ded_m1:gen_unext_m_ac:m_ac|mult_5t01:auto_generated|mac_mult1~OBSERVABLEDATAB_REGOUT15           ;
; 9.513 ; 9.895        ; 0.382          ; Low Pulse Width ; Ts_clk ; Rise       ; ifftout:u2|fft256:u0|asj_fft_si_sose_so_b_fft_121:asj_fft_si_sose_so_b_fft_121_inst|asj_fft_dft_bfp_sgl_fft_121:\gen_se:bfpdft|asj_fft_cmult_can_fft_121:\gen_da0:gen_canonic:cm1|lpm_mult:\gen_ded_m1:gen_unext_m_ac:m_ac|mult_5t01:auto_generated|mac_mult1~OBSERVABLEDATAB_REGOUT2            ;
; 9.513 ; 9.895        ; 0.382          ; Low Pulse Width ; Ts_clk ; Rise       ; ifftout:u2|fft256:u0|asj_fft_si_sose_so_b_fft_121:asj_fft_si_sose_so_b_fft_121_inst|asj_fft_dft_bfp_sgl_fft_121:\gen_se:bfpdft|asj_fft_cmult_can_fft_121:\gen_da0:gen_canonic:cm1|lpm_mult:\gen_ded_m1:gen_unext_m_ac:m_ac|mult_5t01:auto_generated|mac_mult1~OBSERVABLEDATAB_REGOUT3            ;
; 9.513 ; 9.895        ; 0.382          ; Low Pulse Width ; Ts_clk ; Rise       ; ifftout:u2|fft256:u0|asj_fft_si_sose_so_b_fft_121:asj_fft_si_sose_so_b_fft_121_inst|asj_fft_dft_bfp_sgl_fft_121:\gen_se:bfpdft|asj_fft_cmult_can_fft_121:\gen_da0:gen_canonic:cm1|lpm_mult:\gen_ded_m1:gen_unext_m_ac:m_ac|mult_5t01:auto_generated|mac_mult1~OBSERVABLEDATAB_REGOUT4            ;
; 9.513 ; 9.895        ; 0.382          ; Low Pulse Width ; Ts_clk ; Rise       ; ifftout:u2|fft256:u0|asj_fft_si_sose_so_b_fft_121:asj_fft_si_sose_so_b_fft_121_inst|asj_fft_dft_bfp_sgl_fft_121:\gen_se:bfpdft|asj_fft_cmult_can_fft_121:\gen_da0:gen_canonic:cm1|lpm_mult:\gen_ded_m1:gen_unext_m_ac:m_ac|mult_5t01:auto_generated|mac_mult1~OBSERVABLEDATAB_REGOUT5            ;
; 9.513 ; 9.895        ; 0.382          ; Low Pulse Width ; Ts_clk ; Rise       ; ifftout:u2|fft256:u0|asj_fft_si_sose_so_b_fft_121:asj_fft_si_sose_so_b_fft_121_inst|asj_fft_dft_bfp_sgl_fft_121:\gen_se:bfpdft|asj_fft_cmult_can_fft_121:\gen_da0:gen_canonic:cm1|lpm_mult:\gen_ded_m1:gen_unext_m_ac:m_ac|mult_5t01:auto_generated|mac_mult1~OBSERVABLEDATAB_REGOUT6            ;
; 9.513 ; 9.895        ; 0.382          ; Low Pulse Width ; Ts_clk ; Rise       ; ifftout:u2|fft256:u0|asj_fft_si_sose_so_b_fft_121:asj_fft_si_sose_so_b_fft_121_inst|asj_fft_dft_bfp_sgl_fft_121:\gen_se:bfpdft|asj_fft_cmult_can_fft_121:\gen_da0:gen_canonic:cm1|lpm_mult:\gen_ded_m1:gen_unext_m_ac:m_ac|mult_5t01:auto_generated|mac_mult1~OBSERVABLEDATAB_REGOUT7            ;
; 9.513 ; 9.895        ; 0.382          ; Low Pulse Width ; Ts_clk ; Rise       ; ifftout:u2|fft256:u0|asj_fft_si_sose_so_b_fft_121:asj_fft_si_sose_so_b_fft_121_inst|asj_fft_dft_bfp_sgl_fft_121:\gen_se:bfpdft|asj_fft_cmult_can_fft_121:\gen_da0:gen_canonic:cm1|lpm_mult:\gen_ded_m1:gen_unext_m_ac:m_ac|mult_5t01:auto_generated|mac_mult1~OBSERVABLEDATAB_REGOUT8            ;
; 9.513 ; 9.895        ; 0.382          ; Low Pulse Width ; Ts_clk ; Rise       ; ifftout:u2|fft256:u0|asj_fft_si_sose_so_b_fft_121:asj_fft_si_sose_so_b_fft_121_inst|asj_fft_dft_bfp_sgl_fft_121:\gen_se:bfpdft|asj_fft_cmult_can_fft_121:\gen_da0:gen_canonic:cm1|lpm_mult:\gen_ded_m1:gen_unext_m_ac:m_ac|mult_5t01:auto_generated|mac_mult1~OBSERVABLEDATAB_REGOUT9            ;
; 9.513 ; 9.895        ; 0.382          ; Low Pulse Width ; Ts_clk ; Rise       ; ifftout:u2|fft256:u0|asj_fft_si_sose_so_b_fft_121:asj_fft_si_sose_so_b_fft_121_inst|asj_fft_dft_bfp_sgl_fft_121:\gen_se:bfpdft|asj_fft_cmult_can_fft_121:\gen_da0:gen_canonic:cm1|lpm_mult:\gen_ded_m1:gen_unext_m_ac:m_ac|mult_5t01:auto_generated|mac_out2                                     ;
; 9.513 ; 9.895        ; 0.382          ; Low Pulse Width ; Ts_clk ; Rise       ; ifftout:u2|fft256:u0|asj_fft_si_sose_so_b_fft_121:asj_fft_si_sose_so_b_fft_121_inst|asj_fft_dft_bfp_sgl_fft_121:\gen_se:bfpdft|asj_fft_cmult_can_fft_121:\gen_da0:gen_canonic:cm1|lpm_mult:\gen_ded_m1:gen_unext_m_ac:m_ac|mult_5t01:auto_generated|mac_out2~DATAOUT1                            ;
+-------+--------------+----------------+-----------------+--------+------------+--------------------------------------------------------------------------------------------------------------------------------------------------------------------------------------------------------------------------------------------------------------------------------------------------+


+-----------------------------------------------------------------------+
; Setup Times                                                           ;
+-----------+------------+-------+-------+------------+-----------------+
; Data Port ; Clock Port ; Rise  ; Fall  ; Clock Edge ; Clock Reference ;
+-----------+------------+-------+-------+------------+-----------------+
; rst       ; Ts_clk     ; 2.960 ; 3.203 ; Rise       ; Ts_clk          ;
+-----------+------------+-------+-------+------------+-----------------+


+-----------------------------------------------------------------------+
; Hold Times                                                            ;
+-----------+------------+-------+-------+------------+-----------------+
; Data Port ; Clock Port ; Rise  ; Fall  ; Clock Edge ; Clock Reference ;
+-----------+------------+-------+-------+------------+-----------------+
; rst       ; Ts_clk     ; 0.936 ; 0.734 ; Rise       ; Ts_clk          ;
+-----------+------------+-------+-------+------------+-----------------+


+-----------------------------------------------------------------------+
; Clock to Output Times                                                 ;
+-----------+------------+-------+-------+------------+-----------------+
; Data Port ; Clock Port ; Rise  ; Fall  ; Clock Edge ; Clock Reference ;
+-----------+------------+-------+-------+------------+-----------------+
; clkdv     ; Ts_clk     ; 5.971 ; 5.810 ; Rise       ; Ts_clk          ;
+-----------+------------+-------+-------+------------+-----------------+


+-----------------------------------------------------------------------+
; Minimum Clock to Output Times                                         ;
+-----------+------------+-------+-------+------------+-----------------+
; Data Port ; Clock Port ; Rise  ; Fall  ; Clock Edge ; Clock Reference ;
+-----------+------------+-------+-------+------------+-----------------+
; clkdv     ; Ts_clk     ; 5.758 ; 5.601 ; Rise       ; Ts_clk          ;
+-----------+------------+-------+-------+------------+-----------------+


---------------------------------------------
; Slow 1200mV 0C Model Metastability Report ;
---------------------------------------------
No synchronizer chains to report.


+------------------------------------+
; Fast 1200mV 0C Model Setup Summary ;
+--------+--------+------------------+
; Clock  ; Slack  ; End Point TNS    ;
+--------+--------+------------------+
; Ts_clk ; 15.994 ; 0.000            ;
+--------+--------+------------------+


+-----------------------------------+
; Fast 1200mV 0C Model Hold Summary ;
+--------+-------+------------------+
; Clock  ; Slack ; End Point TNS    ;
+--------+-------+------------------+
; Ts_clk ; 0.114 ; 0.000            ;
+--------+-------+------------------+


+---------------------------------------+
; Fast 1200mV 0C Model Recovery Summary ;
+--------+--------+---------------------+
; Clock  ; Slack  ; End Point TNS       ;
+--------+--------+---------------------+
; Ts_clk ; 18.848 ; 0.000               ;
+--------+--------+---------------------+


+--------------------------------------+
; Fast 1200mV 0C Model Removal Summary ;
+--------+-------+---------------------+
; Clock  ; Slack ; End Point TNS       ;
+--------+-------+---------------------+
; Ts_clk ; 0.815 ; 0.000               ;
+--------+-------+---------------------+


+--------------------------------------------------+
; Fast 1200mV 0C Model Minimum Pulse Width Summary ;
+--------+-------+---------------------------------+
; Clock  ; Slack ; End Point TNS                   ;
+--------+-------+---------------------------------+
; Ts_clk ; 9.377 ; 0.000                           ;
+--------+-------+---------------------------------+


+-------------------------------------------------------------------------------------------------------------------------------+
; Fast 1200mV 0C Model Setup: 'Ts_clk'                                                                                          ;
+--------+----------------------+-------------------------+--------------+-------------+--------------+------------+------------+
; Slack  ; From Node            ; To Node                 ; Launch Clock ; Latch Clock ; Relationship ; Clock Skew ; Data Delay ;
+--------+----------------------+-------------------------+--------------+-------------+--------------+------------+------------+
; 15.994 ; fftfilter:u1|sum[7]  ; fftfilter:u1|xk_ret[9]  ; Ts_clk       ; Ts_clk      ; 20.000       ; -0.025     ; 3.968      ;
; 15.995 ; fftfilter:u1|sum[7]  ; fftfilter:u1|xk_ret[7]  ; Ts_clk       ; Ts_clk      ; 20.000       ; -0.025     ; 3.967      ;
; 15.996 ; fftfilter:u1|sum[7]  ; fftfilter:u1|xk_imt[9]  ; Ts_clk       ; Ts_clk      ; 20.000       ; -0.026     ; 3.965      ;
; 15.998 ; fftfilter:u1|sum[6]  ; fftfilter:u1|xk_ret[9]  ; Ts_clk       ; Ts_clk      ; 20.000       ; -0.025     ; 3.964      ;
; 15.999 ; fftfilter:u1|sum[6]  ; fftfilter:u1|xk_ret[7]  ; Ts_clk       ; Ts_clk      ; 20.000       ; -0.025     ; 3.963      ;
; 16.000 ; fftfilter:u1|sum[4]  ; fftfilter:u1|xk_ret[9]  ; Ts_clk       ; Ts_clk      ; 20.000       ; -0.025     ; 3.962      ;
; 16.001 ; fftfilter:u1|sum[4]  ; fftfilter:u1|xk_ret[7]  ; Ts_clk       ; Ts_clk      ; 20.000       ; -0.025     ; 3.961      ;
; 16.004 ; fftfilter:u1|sum[6]  ; fftfilter:u1|xk_imt[9]  ; Ts_clk       ; Ts_clk      ; 20.000       ; -0.026     ; 3.957      ;
; 16.006 ; fftfilter:u1|sum[4]  ; fftfilter:u1|xk_imt[9]  ; Ts_clk       ; Ts_clk      ; 20.000       ; -0.026     ; 3.955      ;
; 16.014 ; fftfilter:u1|sum[5]  ; fftfilter:u1|xk_ret[9]  ; Ts_clk       ; Ts_clk      ; 20.000       ; -0.025     ; 3.948      ;
; 16.015 ; fftfilter:u1|sum[5]  ; fftfilter:u1|xk_ret[7]  ; Ts_clk       ; Ts_clk      ; 20.000       ; -0.025     ; 3.947      ;
; 16.016 ; fftfilter:u1|sum[5]  ; fftfilter:u1|xk_imt[9]  ; Ts_clk       ; Ts_clk      ; 20.000       ; -0.026     ; 3.945      ;
; 16.045 ; fftfilter:u1|sum[17] ; fftfilter:u1|xk_ret[9]  ; Ts_clk       ; Ts_clk      ; 20.000       ; -0.028     ; 3.914      ;
; 16.046 ; fftfilter:u1|sum[17] ; fftfilter:u1|xk_ret[7]  ; Ts_clk       ; Ts_clk      ; 20.000       ; -0.028     ; 3.913      ;
; 16.051 ; fftfilter:u1|sum[17] ; fftfilter:u1|xk_imt[9]  ; Ts_clk       ; Ts_clk      ; 20.000       ; -0.029     ; 3.907      ;
; 16.057 ; fftfilter:u1|sum[9]  ; fftfilter:u1|xk_ret[9]  ; Ts_clk       ; Ts_clk      ; 20.000       ; -0.025     ; 3.905      ;
; 16.058 ; fftfilter:u1|sum[9]  ; fftfilter:u1|xk_ret[7]  ; Ts_clk       ; Ts_clk      ; 20.000       ; -0.025     ; 3.904      ;
; 16.059 ; fftfilter:u1|sum[9]  ; fftfilter:u1|xk_imt[9]  ; Ts_clk       ; Ts_clk      ; 20.000       ; -0.026     ; 3.902      ;
; 16.087 ; fftfilter:u1|sum[8]  ; fftfilter:u1|xk_ret[9]  ; Ts_clk       ; Ts_clk      ; 20.000       ; -0.025     ; 3.875      ;
; 16.088 ; fftfilter:u1|sum[8]  ; fftfilter:u1|xk_ret[7]  ; Ts_clk       ; Ts_clk      ; 20.000       ; -0.025     ; 3.874      ;
; 16.093 ; fftfilter:u1|sum[8]  ; fftfilter:u1|xk_imt[9]  ; Ts_clk       ; Ts_clk      ; 20.000       ; -0.026     ; 3.868      ;
; 16.109 ; fftfilter:u1|sum[7]  ; fftfilter:u1|xk_ret[8]  ; Ts_clk       ; Ts_clk      ; 20.000       ; -0.025     ; 3.853      ;
; 16.109 ; fftfilter:u1|sum[7]  ; fftfilter:u1|xk_ret[11] ; Ts_clk       ; Ts_clk      ; 20.000       ; -0.025     ; 3.853      ;
; 16.110 ; fftfilter:u1|sum[7]  ; fftfilter:u1|xk_imt[1]  ; Ts_clk       ; Ts_clk      ; 20.000       ; -0.025     ; 3.852      ;
; 16.110 ; fftfilter:u1|sum[7]  ; fftfilter:u1|xk_ret[6]  ; Ts_clk       ; Ts_clk      ; 20.000       ; -0.025     ; 3.852      ;
; 16.111 ; fftfilter:u1|sum[7]  ; fftfilter:u1|xk_ret[15] ; Ts_clk       ; Ts_clk      ; 20.000       ; -0.025     ; 3.851      ;
; 16.112 ; fftfilter:u1|sum[7]  ; fftfilter:u1|xk_ret[4]  ; Ts_clk       ; Ts_clk      ; 20.000       ; -0.025     ; 3.850      ;
; 16.112 ; fftfilter:u1|sum[7]  ; fftfilter:u1|xk_ret[5]  ; Ts_clk       ; Ts_clk      ; 20.000       ; -0.025     ; 3.850      ;
; 16.113 ; fftfilter:u1|sum[7]  ; fftfilter:u1|xk_ret[10] ; Ts_clk       ; Ts_clk      ; 20.000       ; -0.025     ; 3.849      ;
; 16.114 ; fftfilter:u1|sum[7]  ; fftfilter:u1|xk_imt[4]  ; Ts_clk       ; Ts_clk      ; 20.000       ; -0.026     ; 3.847      ;
; 16.114 ; fftfilter:u1|sum[7]  ; fftfilter:u1|xk_ret[3]  ; Ts_clk       ; Ts_clk      ; 20.000       ; -0.025     ; 3.848      ;
; 16.114 ; fftfilter:u1|sum[7]  ; fftfilter:u1|xk_imt[5]  ; Ts_clk       ; Ts_clk      ; 20.000       ; -0.026     ; 3.847      ;
; 16.114 ; fftfilter:u1|sum[7]  ; fftfilter:u1|xk_imt[10] ; Ts_clk       ; Ts_clk      ; 20.000       ; -0.026     ; 3.847      ;
; 16.114 ; fftfilter:u1|sum[6]  ; fftfilter:u1|xk_ret[11] ; Ts_clk       ; Ts_clk      ; 20.000       ; -0.025     ; 3.848      ;
; 16.115 ; fftfilter:u1|sum[6]  ; fftfilter:u1|xk_ret[8]  ; Ts_clk       ; Ts_clk      ; 20.000       ; -0.025     ; 3.847      ;
; 16.115 ; fftfilter:u1|sum[6]  ; fftfilter:u1|xk_imt[1]  ; Ts_clk       ; Ts_clk      ; 20.000       ; -0.025     ; 3.847      ;
; 16.115 ; fftfilter:u1|sum[7]  ; fftfilter:u1|xk_imt[3]  ; Ts_clk       ; Ts_clk      ; 20.000       ; -0.026     ; 3.846      ;
; 16.115 ; fftfilter:u1|sum[7]  ; fftfilter:u1|xk_ret[12] ; Ts_clk       ; Ts_clk      ; 20.000       ; -0.025     ; 3.847      ;
; 16.116 ; fftfilter:u1|sum[7]  ; fftfilter:u1|xk_imt[2]  ; Ts_clk       ; Ts_clk      ; 20.000       ; -0.025     ; 3.846      ;
; 16.116 ; fftfilter:u1|sum[7]  ; fftfilter:u1|xk_imt[11] ; Ts_clk       ; Ts_clk      ; 20.000       ; -0.026     ; 3.845      ;
; 16.116 ; fftfilter:u1|sum[6]  ; fftfilter:u1|xk_ret[6]  ; Ts_clk       ; Ts_clk      ; 20.000       ; -0.025     ; 3.846      ;
; 16.116 ; fftfilter:u1|sum[4]  ; fftfilter:u1|xk_ret[11] ; Ts_clk       ; Ts_clk      ; 20.000       ; -0.025     ; 3.846      ;
; 16.117 ; fftfilter:u1|sum[7]  ; fftfilter:u1|xk_imt[0]  ; Ts_clk       ; Ts_clk      ; 20.000       ; -0.025     ; 3.845      ;
; 16.117 ; fftfilter:u1|sum[7]  ; fftfilter:u1|xk_imt[6]  ; Ts_clk       ; Ts_clk      ; 20.000       ; -0.026     ; 3.844      ;
; 16.117 ; fftfilter:u1|sum[7]  ; fftfilter:u1|xk_imt[12] ; Ts_clk       ; Ts_clk      ; 20.000       ; -0.026     ; 3.844      ;
; 16.117 ; fftfilter:u1|sum[6]  ; fftfilter:u1|xk_ret[4]  ; Ts_clk       ; Ts_clk      ; 20.000       ; -0.025     ; 3.845      ;
; 16.117 ; fftfilter:u1|sum[6]  ; fftfilter:u1|xk_ret[15] ; Ts_clk       ; Ts_clk      ; 20.000       ; -0.025     ; 3.845      ;
; 16.117 ; fftfilter:u1|sum[4]  ; fftfilter:u1|xk_ret[8]  ; Ts_clk       ; Ts_clk      ; 20.000       ; -0.025     ; 3.845      ;
; 16.117 ; fftfilter:u1|sum[4]  ; fftfilter:u1|xk_imt[1]  ; Ts_clk       ; Ts_clk      ; 20.000       ; -0.025     ; 3.845      ;
; 16.118 ; fftfilter:u1|sum[7]  ; fftfilter:u1|xk_imt[7]  ; Ts_clk       ; Ts_clk      ; 20.000       ; -0.026     ; 3.843      ;
; 16.118 ; fftfilter:u1|sum[7]  ; fftfilter:u1|xk_imt[14] ; Ts_clk       ; Ts_clk      ; 20.000       ; -0.026     ; 3.843      ;
; 16.118 ; fftfilter:u1|sum[7]  ; fftfilter:u1|xk_imt[15] ; Ts_clk       ; Ts_clk      ; 20.000       ; -0.026     ; 3.843      ;
; 16.118 ; fftfilter:u1|sum[6]  ; fftfilter:u1|xk_ret[5]  ; Ts_clk       ; Ts_clk      ; 20.000       ; -0.025     ; 3.844      ;
; 16.118 ; fftfilter:u1|sum[7]  ; fftfilter:u1|xk_ret[13] ; Ts_clk       ; Ts_clk      ; 20.000       ; -0.025     ; 3.844      ;
; 16.118 ; fftfilter:u1|sum[4]  ; fftfilter:u1|xk_ret[6]  ; Ts_clk       ; Ts_clk      ; 20.000       ; -0.025     ; 3.844      ;
; 16.119 ; fftfilter:u1|sum[7]  ; fftfilter:u1|xk_ret[14] ; Ts_clk       ; Ts_clk      ; 20.000       ; -0.025     ; 3.843      ;
; 16.119 ; fftfilter:u1|sum[7]  ; fftfilter:u1|xk_imt[8]  ; Ts_clk       ; Ts_clk      ; 20.000       ; -0.026     ; 3.842      ;
; 16.119 ; fftfilter:u1|sum[7]  ; fftfilter:u1|xk_imt[13] ; Ts_clk       ; Ts_clk      ; 20.000       ; -0.026     ; 3.842      ;
; 16.119 ; fftfilter:u1|sum[6]  ; fftfilter:u1|xk_ret[10] ; Ts_clk       ; Ts_clk      ; 20.000       ; -0.025     ; 3.843      ;
; 16.119 ; fftfilter:u1|sum[4]  ; fftfilter:u1|xk_ret[4]  ; Ts_clk       ; Ts_clk      ; 20.000       ; -0.025     ; 3.843      ;
; 16.119 ; fftfilter:u1|sum[4]  ; fftfilter:u1|xk_ret[15] ; Ts_clk       ; Ts_clk      ; 20.000       ; -0.025     ; 3.843      ;
; 16.120 ; fftfilter:u1|sum[4]  ; fftfilter:u1|xk_ret[5]  ; Ts_clk       ; Ts_clk      ; 20.000       ; -0.025     ; 3.842      ;
; 16.121 ; fftfilter:u1|sum[6]  ; fftfilter:u1|xk_ret[3]  ; Ts_clk       ; Ts_clk      ; 20.000       ; -0.025     ; 3.841      ;
; 16.121 ; fftfilter:u1|sum[6]  ; fftfilter:u1|xk_ret[12] ; Ts_clk       ; Ts_clk      ; 20.000       ; -0.025     ; 3.841      ;
; 16.121 ; fftfilter:u1|sum[4]  ; fftfilter:u1|xk_ret[10] ; Ts_clk       ; Ts_clk      ; 20.000       ; -0.025     ; 3.841      ;
; 16.123 ; fftfilter:u1|sum[6]  ; fftfilter:u1|xk_imt[2]  ; Ts_clk       ; Ts_clk      ; 20.000       ; -0.025     ; 3.839      ;
; 16.123 ; fftfilter:u1|sum[4]  ; fftfilter:u1|xk_ret[3]  ; Ts_clk       ; Ts_clk      ; 20.000       ; -0.025     ; 3.839      ;
; 16.123 ; fftfilter:u1|sum[4]  ; fftfilter:u1|xk_ret[12] ; Ts_clk       ; Ts_clk      ; 20.000       ; -0.025     ; 3.839      ;
; 16.124 ; fftfilter:u1|sum[6]  ; fftfilter:u1|xk_imt[0]  ; Ts_clk       ; Ts_clk      ; 20.000       ; -0.025     ; 3.838      ;
; 16.124 ; fftfilter:u1|sum[6]  ; fftfilter:u1|xk_imt[5]  ; Ts_clk       ; Ts_clk      ; 20.000       ; -0.026     ; 3.837      ;
; 16.124 ; fftfilter:u1|sum[6]  ; fftfilter:u1|xk_imt[10] ; Ts_clk       ; Ts_clk      ; 20.000       ; -0.026     ; 3.837      ;
; 16.124 ; fftfilter:u1|sum[11] ; fftfilter:u1|xk_ret[9]  ; Ts_clk       ; Ts_clk      ; 20.000       ; -0.025     ; 3.838      ;
; 16.125 ; fftfilter:u1|sum[6]  ; fftfilter:u1|xk_imt[4]  ; Ts_clk       ; Ts_clk      ; 20.000       ; -0.026     ; 3.836      ;
; 16.125 ; fftfilter:u1|sum[6]  ; fftfilter:u1|xk_ret[14] ; Ts_clk       ; Ts_clk      ; 20.000       ; -0.025     ; 3.837      ;
; 16.125 ; fftfilter:u1|sum[6]  ; fftfilter:u1|xk_imt[3]  ; Ts_clk       ; Ts_clk      ; 20.000       ; -0.026     ; 3.836      ;
; 16.125 ; fftfilter:u1|sum[6]  ; fftfilter:u1|xk_ret[13] ; Ts_clk       ; Ts_clk      ; 20.000       ; -0.025     ; 3.837      ;
; 16.125 ; fftfilter:u1|sum[11] ; fftfilter:u1|xk_ret[7]  ; Ts_clk       ; Ts_clk      ; 20.000       ; -0.025     ; 3.837      ;
; 16.125 ; fftfilter:u1|sum[4]  ; fftfilter:u1|xk_imt[2]  ; Ts_clk       ; Ts_clk      ; 20.000       ; -0.025     ; 3.837      ;
; 16.126 ; fftfilter:u1|sum[11] ; fftfilter:u1|xk_imt[9]  ; Ts_clk       ; Ts_clk      ; 20.000       ; -0.026     ; 3.835      ;
; 16.126 ; fftfilter:u1|sum[4]  ; fftfilter:u1|xk_imt[0]  ; Ts_clk       ; Ts_clk      ; 20.000       ; -0.025     ; 3.836      ;
; 16.126 ; fftfilter:u1|sum[4]  ; fftfilter:u1|xk_imt[5]  ; Ts_clk       ; Ts_clk      ; 20.000       ; -0.026     ; 3.835      ;
; 16.126 ; fftfilter:u1|sum[4]  ; fftfilter:u1|xk_imt[10] ; Ts_clk       ; Ts_clk      ; 20.000       ; -0.026     ; 3.835      ;
; 16.127 ; fftfilter:u1|sum[6]  ; fftfilter:u1|xk_imt[11] ; Ts_clk       ; Ts_clk      ; 20.000       ; -0.026     ; 3.834      ;
; 16.127 ; fftfilter:u1|sum[4]  ; fftfilter:u1|xk_imt[4]  ; Ts_clk       ; Ts_clk      ; 20.000       ; -0.026     ; 3.834      ;
; 16.127 ; fftfilter:u1|sum[4]  ; fftfilter:u1|xk_ret[14] ; Ts_clk       ; Ts_clk      ; 20.000       ; -0.025     ; 3.835      ;
; 16.127 ; fftfilter:u1|sum[4]  ; fftfilter:u1|xk_imt[3]  ; Ts_clk       ; Ts_clk      ; 20.000       ; -0.026     ; 3.834      ;
; 16.127 ; fftfilter:u1|sum[4]  ; fftfilter:u1|xk_ret[13] ; Ts_clk       ; Ts_clk      ; 20.000       ; -0.025     ; 3.835      ;
; 16.128 ; fftfilter:u1|sum[6]  ; fftfilter:u1|xk_imt[6]  ; Ts_clk       ; Ts_clk      ; 20.000       ; -0.026     ; 3.833      ;
; 16.128 ; fftfilter:u1|sum[6]  ; fftfilter:u1|xk_imt[12] ; Ts_clk       ; Ts_clk      ; 20.000       ; -0.026     ; 3.833      ;
; 16.129 ; fftfilter:u1|sum[6]  ; fftfilter:u1|xk_imt[7]  ; Ts_clk       ; Ts_clk      ; 20.000       ; -0.026     ; 3.832      ;
; 16.129 ; fftfilter:u1|sum[6]  ; fftfilter:u1|xk_imt[14] ; Ts_clk       ; Ts_clk      ; 20.000       ; -0.026     ; 3.832      ;
; 16.129 ; fftfilter:u1|sum[5]  ; fftfilter:u1|xk_ret[8]  ; Ts_clk       ; Ts_clk      ; 20.000       ; -0.025     ; 3.833      ;
; 16.129 ; fftfilter:u1|sum[5]  ; fftfilter:u1|xk_ret[11] ; Ts_clk       ; Ts_clk      ; 20.000       ; -0.025     ; 3.833      ;
; 16.129 ; fftfilter:u1|sum[4]  ; fftfilter:u1|xk_imt[11] ; Ts_clk       ; Ts_clk      ; 20.000       ; -0.026     ; 3.832      ;
; 16.130 ; fftfilter:u1|sum[6]  ; fftfilter:u1|xk_imt[8]  ; Ts_clk       ; Ts_clk      ; 20.000       ; -0.026     ; 3.831      ;
; 16.130 ; fftfilter:u1|sum[6]  ; fftfilter:u1|xk_imt[13] ; Ts_clk       ; Ts_clk      ; 20.000       ; -0.026     ; 3.831      ;
; 16.130 ; fftfilter:u1|sum[6]  ; fftfilter:u1|xk_imt[15] ; Ts_clk       ; Ts_clk      ; 20.000       ; -0.026     ; 3.831      ;
; 16.130 ; fftfilter:u1|sum[5]  ; fftfilter:u1|xk_imt[1]  ; Ts_clk       ; Ts_clk      ; 20.000       ; -0.025     ; 3.832      ;
; 16.130 ; fftfilter:u1|sum[5]  ; fftfilter:u1|xk_ret[6]  ; Ts_clk       ; Ts_clk      ; 20.000       ; -0.025     ; 3.832      ;
; 16.130 ; fftfilter:u1|sum[4]  ; fftfilter:u1|xk_imt[6]  ; Ts_clk       ; Ts_clk      ; 20.000       ; -0.026     ; 3.831      ;
+--------+----------------------+-------------------------+--------------+-------------+--------------+------------+------------+


+---------------------------------------------------------------------------------------------------------------------------------------------------------------------------------------------------------------------------------------------------------------------------------------------------------------------------------------------------------------------------------------------------------------------------------------------------------------------------------------------------------------------------------------------------------------+
; Fast 1200mV 0C Model Hold: 'Ts_clk'                                                                                                                                                                                                                                                                                                                                                                                                                                                                                                                           ;
+-------+----------------------------------------------------------------------------------------------------------------------------------------------------------------------------+----------------------------------------------------------------------------------------------------------------------------------------------------------------------------------------------------------------------------------------------------------------------------------------------------+--------------+-------------+--------------+------------+------------+
; Slack ; From Node                                                                                                                                                                  ; To Node                                                                                                                                                                                                                                                                                            ; Launch Clock ; Latch Clock ; Relationship ; Clock Skew ; Data Delay ;
+-------+----------------------------------------------------------------------------------------------------------------------------------------------------------------------------+----------------------------------------------------------------------------------------------------------------------------------------------------------------------------------------------------------------------------------------------------------------------------------------------------+--------------+-------------+--------------+------------+------------+
; 0.114 ; ifftout:u2|fft256:u0|asj_fft_si_sose_so_b_fft_121:asj_fft_si_sose_so_b_fft_121_inst|asj_fft_unbburst_sose_ctrl_fft_121:ccc|rdaddress_a_bus[3]                              ; ifftout:u2|fft256:u0|asj_fft_si_sose_so_b_fft_121:asj_fft_si_sose_so_b_fft_121_inst|asj_fft_1dp_ram_fft_121:\gen_1_ram:gen_M4K:dat_A|asj_fft_data_ram_fft_121:dat_A|altsyncram:\gen_M4K:altsyncram_component|altsyncram_21t3:auto_generated|ram_block1a0~portb_address_reg0                        ; Ts_clk       ; Ts_clk      ; 0.000        ; 0.225      ; 0.463      ;
; 0.115 ; ifftout:u2|fft256:u0|asj_fft_si_sose_so_b_fft_121:asj_fft_si_sose_so_b_fft_121_inst|auk_dspip_avalon_streaming_sink_fft_121:auk_dsp_atlantic_sink_1|at_sink_data_int[18]   ; ifftout:u2|fft256:u0|asj_fft_si_sose_so_b_fft_121:asj_fft_si_sose_so_b_fft_121_inst|auk_dspip_avalon_streaming_sink_fft_121:auk_dsp_atlantic_sink_1|scfifo:\normal_fifo:fifo_eab_on:in_fifo|scfifo_udh1:auto_generated|a_dpfifo_no81:dpfifo|altsyncram_ssf1:FIFOram|ram_block1a0~porta_datain_reg0 ; Ts_clk       ; Ts_clk      ; 0.000        ; 0.223      ; 0.462      ;
; 0.115 ; ifftout:u2|fft256:u0|asj_fft_si_sose_so_b_fft_121:asj_fft_si_sose_so_b_fft_121_inst|asj_fft_unbburst_sose_ctrl_fft_121:ccc|wraddress_a_bus[6]                              ; ifftout:u2|fft256:u0|asj_fft_si_sose_so_b_fft_121:asj_fft_si_sose_so_b_fft_121_inst|asj_fft_1dp_ram_fft_121:\gen_1_ram:gen_M4K:dat_A|asj_fft_data_ram_fft_121:dat_A|altsyncram:\gen_M4K:altsyncram_component|altsyncram_21t3:auto_generated|ram_block1a0~porta_address_reg0                        ; Ts_clk       ; Ts_clk      ; 0.000        ; 0.223      ; 0.462      ;
; 0.115 ; ifftout:u2|fft256:u0|asj_fft_si_sose_so_b_fft_121:asj_fft_si_sose_so_b_fft_121_inst|asj_fft_unbburst_sose_ctrl_fft_121:ccc|rdaddress_a_bus[7]                              ; ifftout:u2|fft256:u0|asj_fft_si_sose_so_b_fft_121:asj_fft_si_sose_so_b_fft_121_inst|asj_fft_1dp_ram_fft_121:\gen_1_ram:gen_M4K:dat_A|asj_fft_data_ram_fft_121:dat_A|altsyncram:\gen_M4K:altsyncram_component|altsyncram_21t3:auto_generated|ram_block1a0~portb_address_reg0                        ; Ts_clk       ; Ts_clk      ; 0.000        ; 0.225      ; 0.464      ;
; 0.117 ; ifftout:u2|fft256:u0|asj_fft_si_sose_so_b_fft_121:asj_fft_si_sose_so_b_fft_121_inst|asj_fft_unbburst_sose_ctrl_fft_121:ccc|rdaddress_a_bus[6]                              ; ifftout:u2|fft256:u0|asj_fft_si_sose_so_b_fft_121:asj_fft_si_sose_so_b_fft_121_inst|asj_fft_1dp_ram_fft_121:\gen_1_ram:gen_M4K:dat_A|asj_fft_data_ram_fft_121:dat_A|altsyncram:\gen_M4K:altsyncram_component|altsyncram_21t3:auto_generated|ram_block1a0~portb_address_reg0                        ; Ts_clk       ; Ts_clk      ; 0.000        ; 0.225      ; 0.466      ;
; 0.119 ; ifftout:u2|fft256:u0|asj_fft_si_sose_so_b_fft_121:asj_fft_si_sose_so_b_fft_121_inst|auk_dspip_avalon_streaming_sink_fft_121:auk_dsp_atlantic_sink_1|at_sink_data_int[4]    ; ifftout:u2|fft256:u0|asj_fft_si_sose_so_b_fft_121:asj_fft_si_sose_so_b_fft_121_inst|auk_dspip_avalon_streaming_sink_fft_121:auk_dsp_atlantic_sink_1|scfifo:\normal_fifo:fifo_eab_on:in_fifo|scfifo_udh1:auto_generated|a_dpfifo_no81:dpfifo|altsyncram_ssf1:FIFOram|ram_block1a0~porta_datain_reg0 ; Ts_clk       ; Ts_clk      ; 0.000        ; 0.224      ; 0.467      ;
; 0.119 ; ifftout:u2|fft256:u0|asj_fft_si_sose_so_b_fft_121:asj_fft_si_sose_so_b_fft_121_inst|auk_dspip_avalon_streaming_sink_fft_121:auk_dsp_atlantic_sink_1|at_sink_data_int[16]   ; ifftout:u2|fft256:u0|asj_fft_si_sose_so_b_fft_121:asj_fft_si_sose_so_b_fft_121_inst|auk_dspip_avalon_streaming_sink_fft_121:auk_dsp_atlantic_sink_1|scfifo:\normal_fifo:fifo_eab_on:in_fifo|scfifo_udh1:auto_generated|a_dpfifo_no81:dpfifo|altsyncram_ssf1:FIFOram|ram_block1a0~porta_datain_reg0 ; Ts_clk       ; Ts_clk      ; 0.000        ; 0.223      ; 0.466      ;
; 0.119 ; ifftout:u2|fft256:u0|asj_fft_si_sose_so_b_fft_121:asj_fft_si_sose_so_b_fft_121_inst|auk_dspip_avalon_streaming_sink_fft_121:auk_dsp_atlantic_sink_1|at_sink_data_int[30]   ; ifftout:u2|fft256:u0|asj_fft_si_sose_so_b_fft_121:asj_fft_si_sose_so_b_fft_121_inst|auk_dspip_avalon_streaming_sink_fft_121:auk_dsp_atlantic_sink_1|scfifo:\normal_fifo:fifo_eab_on:in_fifo|scfifo_udh1:auto_generated|a_dpfifo_no81:dpfifo|altsyncram_ssf1:FIFOram|ram_block1a0~porta_datain_reg0 ; Ts_clk       ; Ts_clk      ; 0.000        ; 0.223      ; 0.466      ;
; 0.120 ; ifftout:u2|fft256:u0|asj_fft_si_sose_so_b_fft_121:asj_fft_si_sose_so_b_fft_121_inst|auk_dspip_avalon_streaming_sink_fft_121:auk_dsp_atlantic_sink_1|at_sink_data_int[9]    ; ifftout:u2|fft256:u0|asj_fft_si_sose_so_b_fft_121:asj_fft_si_sose_so_b_fft_121_inst|auk_dspip_avalon_streaming_sink_fft_121:auk_dsp_atlantic_sink_1|scfifo:\normal_fifo:fifo_eab_on:in_fifo|scfifo_udh1:auto_generated|a_dpfifo_no81:dpfifo|altsyncram_ssf1:FIFOram|ram_block1a0~porta_datain_reg0 ; Ts_clk       ; Ts_clk      ; 0.000        ; 0.224      ; 0.468      ;
; 0.120 ; ifftout:u2|fft256:u0|asj_fft_si_sose_so_b_fft_121:asj_fft_si_sose_so_b_fft_121_inst|asj_fft_unbburst_sose_ctrl_fft_121:ccc|wraddress_a_bus[7]                              ; ifftout:u2|fft256:u0|asj_fft_si_sose_so_b_fft_121:asj_fft_si_sose_so_b_fft_121_inst|asj_fft_1dp_ram_fft_121:\gen_1_ram:gen_M4K:dat_A|asj_fft_data_ram_fft_121:dat_A|altsyncram:\gen_M4K:altsyncram_component|altsyncram_21t3:auto_generated|ram_block1a0~porta_address_reg0                        ; Ts_clk       ; Ts_clk      ; 0.000        ; 0.223      ; 0.467      ;
; 0.120 ; fftfilter:u1|fft256:u0|asj_fft_si_sose_so_b_fft_121:asj_fft_si_sose_so_b_fft_121_inst|asj_fft_twadsogen_q_fft_121:\gen_se:gen_new:twid_factors|twad_tempo[2]               ; fftfilter:u1|fft256:u0|asj_fft_si_sose_so_b_fft_121:asj_fft_si_sose_so_b_fft_121_inst|asj_fft_1tdp_rom_fft_121:\gen_se:gen_new:twrom|asj_fft_twid_rom_tdp_fft_121:\gen_auto:sin_1n|altsyncram:altsyncram_component|altsyncram_he72:auto_generated|ram_block1a0~portb_address_reg0                  ; Ts_clk       ; Ts_clk      ; 0.000        ; 0.225      ; 0.469      ;
; 0.121 ; ifftout:u2|fft256:u0|asj_fft_si_sose_so_b_fft_121:asj_fft_si_sose_so_b_fft_121_inst|auk_dspip_avalon_streaming_sink_fft_121:auk_dsp_atlantic_sink_1|at_sink_data_int[22]   ; ifftout:u2|fft256:u0|asj_fft_si_sose_so_b_fft_121:asj_fft_si_sose_so_b_fft_121_inst|auk_dspip_avalon_streaming_sink_fft_121:auk_dsp_atlantic_sink_1|scfifo:\normal_fifo:fifo_eab_on:in_fifo|scfifo_udh1:auto_generated|a_dpfifo_no81:dpfifo|altsyncram_ssf1:FIFOram|ram_block1a0~porta_datain_reg0 ; Ts_clk       ; Ts_clk      ; 0.000        ; 0.223      ; 0.468      ;
; 0.121 ; ifftout:u2|fft256:u0|asj_fft_si_sose_so_b_fft_121:asj_fft_si_sose_so_b_fft_121_inst|asj_fft_unbburst_sose_ctrl_fft_121:ccc|a_ram_data_in_bus[11]                           ; ifftout:u2|fft256:u0|asj_fft_si_sose_so_b_fft_121:asj_fft_si_sose_so_b_fft_121_inst|asj_fft_1dp_ram_fft_121:\gen_1_ram:gen_M4K:dat_A|asj_fft_data_ram_fft_121:dat_A|altsyncram:\gen_M4K:altsyncram_component|altsyncram_21t3:auto_generated|ram_block1a0~porta_datain_reg0                         ; Ts_clk       ; Ts_clk      ; 0.000        ; 0.224      ; 0.469      ;
; 0.121 ; fftfilter:u1|fft256:u0|asj_fft_si_sose_so_b_fft_121:asj_fft_si_sose_so_b_fft_121_inst|asj_fft_twadsogen_q_fft_121:\gen_se:gen_new:twid_factors|twad_tempo[3]               ; fftfilter:u1|fft256:u0|asj_fft_si_sose_so_b_fft_121:asj_fft_si_sose_so_b_fft_121_inst|asj_fft_1tdp_rom_fft_121:\gen_se:gen_new:twrom|asj_fft_twid_rom_tdp_fft_121:\gen_auto:sin_1n|altsyncram:altsyncram_component|altsyncram_he72:auto_generated|ram_block1a0~portb_address_reg0                  ; Ts_clk       ; Ts_clk      ; 0.000        ; 0.225      ; 0.470      ;
; 0.121 ; fftfilter:u1|fft256:u0|asj_fft_si_sose_so_b_fft_121:asj_fft_si_sose_so_b_fft_121_inst|asj_fft_twadsogen_q_fft_121:\gen_se:gen_new:twid_factors|twad_tempo[5]               ; fftfilter:u1|fft256:u0|asj_fft_si_sose_so_b_fft_121:asj_fft_si_sose_so_b_fft_121_inst|asj_fft_1tdp_rom_fft_121:\gen_se:gen_new:twrom|asj_fft_twid_rom_tdp_fft_121:\gen_auto:sin_1n|altsyncram:altsyncram_component|altsyncram_he72:auto_generated|ram_block1a0~portb_address_reg0                  ; Ts_clk       ; Ts_clk      ; 0.000        ; 0.225      ; 0.470      ;
; 0.122 ; ifftout:u2|fft256:u0|asj_fft_si_sose_so_b_fft_121:asj_fft_si_sose_so_b_fft_121_inst|auk_dspip_avalon_streaming_sink_fft_121:auk_dsp_atlantic_sink_1|at_sink_data_int[0]    ; ifftout:u2|fft256:u0|asj_fft_si_sose_so_b_fft_121:asj_fft_si_sose_so_b_fft_121_inst|auk_dspip_avalon_streaming_sink_fft_121:auk_dsp_atlantic_sink_1|scfifo:\normal_fifo:fifo_eab_on:in_fifo|scfifo_udh1:auto_generated|a_dpfifo_no81:dpfifo|altsyncram_ssf1:FIFOram|ram_block1a0~porta_datain_reg0 ; Ts_clk       ; Ts_clk      ; 0.000        ; 0.223      ; 0.469      ;
; 0.123 ; ifftout:u2|fft256:u0|asj_fft_si_sose_so_b_fft_121:asj_fft_si_sose_so_b_fft_121_inst|auk_dspip_avalon_streaming_sink_fft_121:auk_dsp_atlantic_sink_1|at_sink_data_int[5]    ; ifftout:u2|fft256:u0|asj_fft_si_sose_so_b_fft_121:asj_fft_si_sose_so_b_fft_121_inst|auk_dspip_avalon_streaming_sink_fft_121:auk_dsp_atlantic_sink_1|scfifo:\normal_fifo:fifo_eab_on:in_fifo|scfifo_udh1:auto_generated|a_dpfifo_no81:dpfifo|altsyncram_ssf1:FIFOram|ram_block1a0~porta_datain_reg0 ; Ts_clk       ; Ts_clk      ; 0.000        ; 0.224      ; 0.471      ;
; 0.123 ; ifftout:u2|fft256:u0|asj_fft_si_sose_so_b_fft_121:asj_fft_si_sose_so_b_fft_121_inst|auk_dspip_avalon_streaming_sink_fft_121:auk_dsp_atlantic_sink_1|at_sink_data_int[19]   ; ifftout:u2|fft256:u0|asj_fft_si_sose_so_b_fft_121:asj_fft_si_sose_so_b_fft_121_inst|auk_dspip_avalon_streaming_sink_fft_121:auk_dsp_atlantic_sink_1|scfifo:\normal_fifo:fifo_eab_on:in_fifo|scfifo_udh1:auto_generated|a_dpfifo_no81:dpfifo|altsyncram_ssf1:FIFOram|ram_block1a0~porta_datain_reg0 ; Ts_clk       ; Ts_clk      ; 0.000        ; 0.223      ; 0.470      ;
; 0.123 ; ifftout:u2|fft256:u0|asj_fft_si_sose_so_b_fft_121:asj_fft_si_sose_so_b_fft_121_inst|auk_dspip_avalon_streaming_sink_fft_121:auk_dsp_atlantic_sink_1|at_sink_data_int[21]   ; ifftout:u2|fft256:u0|asj_fft_si_sose_so_b_fft_121:asj_fft_si_sose_so_b_fft_121_inst|auk_dspip_avalon_streaming_sink_fft_121:auk_dsp_atlantic_sink_1|scfifo:\normal_fifo:fifo_eab_on:in_fifo|scfifo_udh1:auto_generated|a_dpfifo_no81:dpfifo|altsyncram_ssf1:FIFOram|ram_block1a0~porta_datain_reg0 ; Ts_clk       ; Ts_clk      ; 0.000        ; 0.223      ; 0.470      ;
; 0.125 ; ifftout:u2|fft256:u0|asj_fft_si_sose_so_b_fft_121:asj_fft_si_sose_so_b_fft_121_inst|auk_dspip_avalon_streaming_sink_fft_121:auk_dsp_atlantic_sink_1|at_sink_data_int[20]   ; ifftout:u2|fft256:u0|asj_fft_si_sose_so_b_fft_121:asj_fft_si_sose_so_b_fft_121_inst|auk_dspip_avalon_streaming_sink_fft_121:auk_dsp_atlantic_sink_1|scfifo:\normal_fifo:fifo_eab_on:in_fifo|scfifo_udh1:auto_generated|a_dpfifo_no81:dpfifo|altsyncram_ssf1:FIFOram|ram_block1a0~porta_datain_reg0 ; Ts_clk       ; Ts_clk      ; 0.000        ; 0.223      ; 0.472      ;
; 0.125 ; ifftout:u2|fft256:u0|asj_fft_si_sose_so_b_fft_121:asj_fft_si_sose_so_b_fft_121_inst|auk_dspip_avalon_streaming_sink_fft_121:auk_dsp_atlantic_sink_1|at_sink_data_int[27]   ; ifftout:u2|fft256:u0|asj_fft_si_sose_so_b_fft_121:asj_fft_si_sose_so_b_fft_121_inst|auk_dspip_avalon_streaming_sink_fft_121:auk_dsp_atlantic_sink_1|scfifo:\normal_fifo:fifo_eab_on:in_fifo|scfifo_udh1:auto_generated|a_dpfifo_no81:dpfifo|altsyncram_ssf1:FIFOram|ram_block1a0~porta_datain_reg0 ; Ts_clk       ; Ts_clk      ; 0.000        ; 0.223      ; 0.472      ;
; 0.125 ; ifftout:u2|fft256:u0|asj_fft_si_sose_so_b_fft_121:asj_fft_si_sose_so_b_fft_121_inst|auk_dspip_avalon_streaming_sink_fft_121:auk_dsp_atlantic_sink_1|at_sink_data_int[28]   ; ifftout:u2|fft256:u0|asj_fft_si_sose_so_b_fft_121:asj_fft_si_sose_so_b_fft_121_inst|auk_dspip_avalon_streaming_sink_fft_121:auk_dsp_atlantic_sink_1|scfifo:\normal_fifo:fifo_eab_on:in_fifo|scfifo_udh1:auto_generated|a_dpfifo_no81:dpfifo|altsyncram_ssf1:FIFOram|ram_block1a0~porta_datain_reg0 ; Ts_clk       ; Ts_clk      ; 0.000        ; 0.223      ; 0.472      ;
; 0.125 ; ifftout:u2|fft256:u0|asj_fft_si_sose_so_b_fft_121:asj_fft_si_sose_so_b_fft_121_inst|auk_dspip_avalon_streaming_source_fft_121:auk_dsp_atlantic_source_1|at_source_data[26] ; ifftout:u2|dram16_256:u2|altsyncram:altsyncram_component|altsyncram_09k1:auto_generated|ram_block1a0~porta_datain_reg0                                                                                                                                                                             ; Ts_clk       ; Ts_clk      ; 0.000        ; 0.221      ; 0.470      ;
; 0.125 ; fftfilter:u1|fft256:u0|asj_fft_si_sose_so_b_fft_121:asj_fft_si_sose_so_b_fft_121_inst|asj_fft_twadsogen_q_fft_121:\gen_se:gen_new:twid_factors|twad_tempe[3]               ; fftfilter:u1|fft256:u0|asj_fft_si_sose_so_b_fft_121:asj_fft_si_sose_so_b_fft_121_inst|asj_fft_1tdp_rom_fft_121:\gen_se:gen_new:twrom|asj_fft_twid_rom_tdp_fft_121:\gen_auto:sin_1n|altsyncram:altsyncram_component|altsyncram_he72:auto_generated|ram_block1a0~porta_address_reg0                  ; Ts_clk       ; Ts_clk      ; 0.000        ; 0.223      ; 0.472      ;
; 0.126 ; fftfilter:u1|fft256:u0|asj_fft_si_sose_so_b_fft_121:asj_fft_si_sose_so_b_fft_121_inst|asj_fft_unbburst_sose_ctrl_fft_121:ccc|a_ram_data_in_bus[16]                         ; fftfilter:u1|fft256:u0|asj_fft_si_sose_so_b_fft_121:asj_fft_si_sose_so_b_fft_121_inst|asj_fft_1dp_ram_fft_121:\gen_1_ram:gen_M4K:dat_A|asj_fft_data_ram_fft_121:dat_A|altsyncram:\gen_M4K:altsyncram_component|altsyncram_21t3:auto_generated|ram_block1a0~porta_datain_reg0                       ; Ts_clk       ; Ts_clk      ; 0.000        ; 0.220      ; 0.470      ;
; 0.126 ; ifftout:u2|fft256:u0|asj_fft_si_sose_so_b_fft_121:asj_fft_si_sose_so_b_fft_121_inst|auk_dspip_avalon_streaming_sink_fft_121:auk_dsp_atlantic_sink_1|at_sink_data_int[11]   ; ifftout:u2|fft256:u0|asj_fft_si_sose_so_b_fft_121:asj_fft_si_sose_so_b_fft_121_inst|auk_dspip_avalon_streaming_sink_fft_121:auk_dsp_atlantic_sink_1|scfifo:\normal_fifo:fifo_eab_on:in_fifo|scfifo_udh1:auto_generated|a_dpfifo_no81:dpfifo|altsyncram_ssf1:FIFOram|ram_block1a0~porta_datain_reg0 ; Ts_clk       ; Ts_clk      ; 0.000        ; 0.224      ; 0.474      ;
; 0.126 ; ifftout:u2|fft256:u0|asj_fft_si_sose_so_b_fft_121:asj_fft_si_sose_so_b_fft_121_inst|auk_dspip_avalon_streaming_sink_fft_121:auk_dsp_atlantic_sink_1|at_sink_data_int[15]   ; ifftout:u2|fft256:u0|asj_fft_si_sose_so_b_fft_121:asj_fft_si_sose_so_b_fft_121_inst|auk_dspip_avalon_streaming_sink_fft_121:auk_dsp_atlantic_sink_1|scfifo:\normal_fifo:fifo_eab_on:in_fifo|scfifo_udh1:auto_generated|a_dpfifo_no81:dpfifo|altsyncram_ssf1:FIFOram|ram_block1a0~porta_datain_reg0 ; Ts_clk       ; Ts_clk      ; 0.000        ; 0.224      ; 0.474      ;
; 0.126 ; ifftout:u2|fft256:u0|asj_fft_si_sose_so_b_fft_121:asj_fft_si_sose_so_b_fft_121_inst|asj_fft_unbburst_sose_ctrl_fft_121:ccc|rdaddress_a_bus[0]                              ; ifftout:u2|fft256:u0|asj_fft_si_sose_so_b_fft_121:asj_fft_si_sose_so_b_fft_121_inst|asj_fft_1dp_ram_fft_121:\gen_1_ram:gen_M4K:dat_A|asj_fft_data_ram_fft_121:dat_A|altsyncram:\gen_M4K:altsyncram_component|altsyncram_21t3:auto_generated|ram_block1a0~portb_address_reg0                        ; Ts_clk       ; Ts_clk      ; 0.000        ; 0.220      ; 0.470      ;
; 0.127 ; ifftout:u2|fft256:u0|asj_fft_si_sose_so_b_fft_121:asj_fft_si_sose_so_b_fft_121_inst|auk_dspip_avalon_streaming_sink_fft_121:auk_dsp_atlantic_sink_1|at_sink_data_int[6]    ; ifftout:u2|fft256:u0|asj_fft_si_sose_so_b_fft_121:asj_fft_si_sose_so_b_fft_121_inst|auk_dspip_avalon_streaming_sink_fft_121:auk_dsp_atlantic_sink_1|scfifo:\normal_fifo:fifo_eab_on:in_fifo|scfifo_udh1:auto_generated|a_dpfifo_no81:dpfifo|altsyncram_ssf1:FIFOram|ram_block1a0~porta_datain_reg0 ; Ts_clk       ; Ts_clk      ; 0.000        ; 0.224      ; 0.475      ;
; 0.127 ; ifftout:u2|fft256:u0|asj_fft_si_sose_so_b_fft_121:asj_fft_si_sose_so_b_fft_121_inst|auk_dspip_avalon_streaming_sink_fft_121:auk_dsp_atlantic_sink_1|at_sink_data_int[17]   ; ifftout:u2|fft256:u0|asj_fft_si_sose_so_b_fft_121:asj_fft_si_sose_so_b_fft_121_inst|auk_dspip_avalon_streaming_sink_fft_121:auk_dsp_atlantic_sink_1|scfifo:\normal_fifo:fifo_eab_on:in_fifo|scfifo_udh1:auto_generated|a_dpfifo_no81:dpfifo|altsyncram_ssf1:FIFOram|ram_block1a0~porta_datain_reg0 ; Ts_clk       ; Ts_clk      ; 0.000        ; 0.223      ; 0.474      ;
; 0.128 ; fftfilter:u1|fft256:u0|asj_fft_si_sose_so_b_fft_121:asj_fft_si_sose_so_b_fft_121_inst|asj_fft_unbburst_sose_ctrl_fft_121:ccc|a_ram_data_in_bus[21]                         ; fftfilter:u1|fft256:u0|asj_fft_si_sose_so_b_fft_121:asj_fft_si_sose_so_b_fft_121_inst|asj_fft_1dp_ram_fft_121:\gen_1_ram:gen_M4K:dat_A|asj_fft_data_ram_fft_121:dat_A|altsyncram:\gen_M4K:altsyncram_component|altsyncram_21t3:auto_generated|ram_block1a0~porta_datain_reg0                       ; Ts_clk       ; Ts_clk      ; 0.000        ; 0.220      ; 0.472      ;
; 0.128 ; ifftout:u2|fft256:u0|asj_fft_si_sose_so_b_fft_121:asj_fft_si_sose_so_b_fft_121_inst|asj_fft_unbburst_sose_ctrl_fft_121:ccc|rdaddress_a_bus[5]                              ; ifftout:u2|fft256:u0|asj_fft_si_sose_so_b_fft_121:asj_fft_si_sose_so_b_fft_121_inst|asj_fft_1dp_ram_fft_121:\gen_1_ram:gen_M4K:dat_A|asj_fft_data_ram_fft_121:dat_A|altsyncram:\gen_M4K:altsyncram_component|altsyncram_21t3:auto_generated|ram_block1a0~portb_address_reg0                        ; Ts_clk       ; Ts_clk      ; 0.000        ; 0.225      ; 0.477      ;
; 0.129 ; ifftout:u2|fft256:u0|asj_fft_si_sose_so_b_fft_121:asj_fft_si_sose_so_b_fft_121_inst|auk_dspip_avalon_streaming_sink_fft_121:auk_dsp_atlantic_sink_1|at_sink_data_int[13]   ; ifftout:u2|fft256:u0|asj_fft_si_sose_so_b_fft_121:asj_fft_si_sose_so_b_fft_121_inst|auk_dspip_avalon_streaming_sink_fft_121:auk_dsp_atlantic_sink_1|scfifo:\normal_fifo:fifo_eab_on:in_fifo|scfifo_udh1:auto_generated|a_dpfifo_no81:dpfifo|altsyncram_ssf1:FIFOram|ram_block1a0~porta_datain_reg0 ; Ts_clk       ; Ts_clk      ; 0.000        ; 0.224      ; 0.477      ;
; 0.130 ; ifftout:u2|fft256:u0|asj_fft_si_sose_so_b_fft_121:asj_fft_si_sose_so_b_fft_121_inst|auk_dspip_avalon_streaming_sink_fft_121:auk_dsp_atlantic_sink_1|at_sink_data_int[29]   ; ifftout:u2|fft256:u0|asj_fft_si_sose_so_b_fft_121:asj_fft_si_sose_so_b_fft_121_inst|auk_dspip_avalon_streaming_sink_fft_121:auk_dsp_atlantic_sink_1|scfifo:\normal_fifo:fifo_eab_on:in_fifo|scfifo_udh1:auto_generated|a_dpfifo_no81:dpfifo|altsyncram_ssf1:FIFOram|ram_block1a0~porta_datain_reg0 ; Ts_clk       ; Ts_clk      ; 0.000        ; 0.223      ; 0.477      ;
; 0.131 ; fftfilter:u1|fft256:u0|asj_fft_si_sose_so_b_fft_121:asj_fft_si_sose_so_b_fft_121_inst|asj_fft_unbburst_sose_ctrl_fft_121:ccc|a_ram_data_in_bus[27]                         ; fftfilter:u1|fft256:u0|asj_fft_si_sose_so_b_fft_121:asj_fft_si_sose_so_b_fft_121_inst|asj_fft_1dp_ram_fft_121:\gen_1_ram:gen_M4K:dat_A|asj_fft_data_ram_fft_121:dat_A|altsyncram:\gen_M4K:altsyncram_component|altsyncram_21t3:auto_generated|ram_block1a0~porta_datain_reg0                       ; Ts_clk       ; Ts_clk      ; 0.000        ; 0.220      ; 0.475      ;
; 0.131 ; ifftout:u2|fft256:u0|asj_fft_si_sose_so_b_fft_121:asj_fft_si_sose_so_b_fft_121_inst|auk_dspip_avalon_streaming_sink_fft_121:auk_dsp_atlantic_sink_1|at_sink_data_int[26]   ; ifftout:u2|fft256:u0|asj_fft_si_sose_so_b_fft_121:asj_fft_si_sose_so_b_fft_121_inst|auk_dspip_avalon_streaming_sink_fft_121:auk_dsp_atlantic_sink_1|scfifo:\normal_fifo:fifo_eab_on:in_fifo|scfifo_udh1:auto_generated|a_dpfifo_no81:dpfifo|altsyncram_ssf1:FIFOram|ram_block1a0~porta_datain_reg0 ; Ts_clk       ; Ts_clk      ; 0.000        ; 0.223      ; 0.478      ;
; 0.131 ; ifftout:u2|fft256:u0|asj_fft_si_sose_so_b_fft_121:asj_fft_si_sose_so_b_fft_121_inst|asj_fft_unbburst_sose_ctrl_fft_121:ccc|a_ram_data_in_bus[5]                            ; ifftout:u2|fft256:u0|asj_fft_si_sose_so_b_fft_121:asj_fft_si_sose_so_b_fft_121_inst|asj_fft_1dp_ram_fft_121:\gen_1_ram:gen_M4K:dat_A|asj_fft_data_ram_fft_121:dat_A|altsyncram:\gen_M4K:altsyncram_component|altsyncram_21t3:auto_generated|ram_block1a0~porta_datain_reg0                         ; Ts_clk       ; Ts_clk      ; 0.000        ; 0.221      ; 0.476      ;
; 0.132 ; ifftout:u2|fft256:u0|asj_fft_si_sose_so_b_fft_121:asj_fft_si_sose_so_b_fft_121_inst|auk_dspip_avalon_streaming_source_fft_121:auk_dsp_atlantic_source_1|at_source_data[28] ; ifftout:u2|dram16_256:u2|altsyncram:altsyncram_component|altsyncram_09k1:auto_generated|ram_block1a0~porta_datain_reg0                                                                                                                                                                             ; Ts_clk       ; Ts_clk      ; 0.000        ; 0.221      ; 0.477      ;
; 0.133 ; fftfilter:u1|fft256:u0|asj_fft_si_sose_so_b_fft_121:asj_fft_si_sose_so_b_fft_121_inst|asj_fft_unbburst_sose_ctrl_fft_121:ccc|a_ram_data_in_bus[19]                         ; fftfilter:u1|fft256:u0|asj_fft_si_sose_so_b_fft_121:asj_fft_si_sose_so_b_fft_121_inst|asj_fft_1dp_ram_fft_121:\gen_1_ram:gen_M4K:dat_A|asj_fft_data_ram_fft_121:dat_A|altsyncram:\gen_M4K:altsyncram_component|altsyncram_21t3:auto_generated|ram_block1a0~porta_datain_reg0                       ; Ts_clk       ; Ts_clk      ; 0.000        ; 0.220      ; 0.477      ;
; 0.133 ; fftfilter:u1|fft256:u0|asj_fft_si_sose_so_b_fft_121:asj_fft_si_sose_so_b_fft_121_inst|asj_fft_unbburst_sose_ctrl_fft_121:ccc|a_ram_data_in_bus[30]                         ; fftfilter:u1|fft256:u0|asj_fft_si_sose_so_b_fft_121:asj_fft_si_sose_so_b_fft_121_inst|asj_fft_1dp_ram_fft_121:\gen_1_ram:gen_M4K:dat_A|asj_fft_data_ram_fft_121:dat_A|altsyncram:\gen_M4K:altsyncram_component|altsyncram_21t3:auto_generated|ram_block1a0~porta_datain_reg0                       ; Ts_clk       ; Ts_clk      ; 0.000        ; 0.220      ; 0.477      ;
; 0.133 ; ifftout:u2|fft256:u0|asj_fft_si_sose_so_b_fft_121:asj_fft_si_sose_so_b_fft_121_inst|auk_dspip_avalon_streaming_sink_fft_121:auk_dsp_atlantic_sink_1|at_sink_data_int[25]   ; ifftout:u2|fft256:u0|asj_fft_si_sose_so_b_fft_121:asj_fft_si_sose_so_b_fft_121_inst|auk_dspip_avalon_streaming_sink_fft_121:auk_dsp_atlantic_sink_1|scfifo:\normal_fifo:fifo_eab_on:in_fifo|scfifo_udh1:auto_generated|a_dpfifo_no81:dpfifo|altsyncram_ssf1:FIFOram|ram_block1a0~porta_datain_reg0 ; Ts_clk       ; Ts_clk      ; 0.000        ; 0.223      ; 0.480      ;
; 0.133 ; ifftout:u2|fft256:u0|asj_fft_si_sose_so_b_fft_121:asj_fft_si_sose_so_b_fft_121_inst|asj_fft_unbburst_sose_ctrl_fft_121:ccc|rdaddress_a_bus[4]                              ; ifftout:u2|fft256:u0|asj_fft_si_sose_so_b_fft_121:asj_fft_si_sose_so_b_fft_121_inst|asj_fft_1dp_ram_fft_121:\gen_1_ram:gen_M4K:dat_A|asj_fft_data_ram_fft_121:dat_A|altsyncram:\gen_M4K:altsyncram_component|altsyncram_21t3:auto_generated|ram_block1a0~portb_address_reg0                        ; Ts_clk       ; Ts_clk      ; 0.000        ; 0.225      ; 0.482      ;
; 0.134 ; ifftout:u2|fft256:u0|asj_fft_si_sose_so_b_fft_121:asj_fft_si_sose_so_b_fft_121_inst|auk_dspip_avalon_streaming_sink_fft_121:auk_dsp_atlantic_sink_1|at_sink_data_int[2]    ; ifftout:u2|fft256:u0|asj_fft_si_sose_so_b_fft_121:asj_fft_si_sose_so_b_fft_121_inst|auk_dspip_avalon_streaming_sink_fft_121:auk_dsp_atlantic_sink_1|scfifo:\normal_fifo:fifo_eab_on:in_fifo|scfifo_udh1:auto_generated|a_dpfifo_no81:dpfifo|altsyncram_ssf1:FIFOram|ram_block1a0~porta_datain_reg0 ; Ts_clk       ; Ts_clk      ; 0.000        ; 0.224      ; 0.482      ;
; 0.134 ; ifftout:u2|fft256:u0|asj_fft_si_sose_so_b_fft_121:asj_fft_si_sose_so_b_fft_121_inst|auk_dspip_avalon_streaming_source_fft_121:auk_dsp_atlantic_source_1|at_source_data[29] ; ifftout:u2|dram16_256:u1|altsyncram:altsyncram_component|altsyncram_09k1:auto_generated|ram_block1a0~porta_datain_reg0                                                                                                                                                                             ; Ts_clk       ; Ts_clk      ; 0.000        ; 0.223      ; 0.481      ;
; 0.134 ; ifftout:u2|fft256:u0|asj_fft_si_sose_so_b_fft_121:asj_fft_si_sose_so_b_fft_121_inst|asj_fft_unbburst_sose_ctrl_fft_121:ccc|a_ram_data_in_bus[13]                           ; ifftout:u2|fft256:u0|asj_fft_si_sose_so_b_fft_121:asj_fft_si_sose_so_b_fft_121_inst|asj_fft_1dp_ram_fft_121:\gen_1_ram:gen_M4K:dat_A|asj_fft_data_ram_fft_121:dat_A|altsyncram:\gen_M4K:altsyncram_component|altsyncram_21t3:auto_generated|ram_block1a0~porta_datain_reg0                         ; Ts_clk       ; Ts_clk      ; 0.000        ; 0.224      ; 0.482      ;
; 0.135 ; fftfilter:u1|fft256:u0|asj_fft_si_sose_so_b_fft_121:asj_fft_si_sose_so_b_fft_121_inst|asj_fft_unbburst_sose_ctrl_fft_121:ccc|a_ram_data_in_bus[18]                         ; fftfilter:u1|fft256:u0|asj_fft_si_sose_so_b_fft_121:asj_fft_si_sose_so_b_fft_121_inst|asj_fft_1dp_ram_fft_121:\gen_1_ram:gen_M4K:dat_A|asj_fft_data_ram_fft_121:dat_A|altsyncram:\gen_M4K:altsyncram_component|altsyncram_21t3:auto_generated|ram_block1a0~porta_datain_reg0                       ; Ts_clk       ; Ts_clk      ; 0.000        ; 0.220      ; 0.479      ;
; 0.135 ; ifftout:u2|fft256:u0|asj_fft_si_sose_so_b_fft_121:asj_fft_si_sose_so_b_fft_121_inst|auk_dspip_avalon_streaming_sink_fft_121:auk_dsp_atlantic_sink_1|at_sink_data_int[24]   ; ifftout:u2|fft256:u0|asj_fft_si_sose_so_b_fft_121:asj_fft_si_sose_so_b_fft_121_inst|auk_dspip_avalon_streaming_sink_fft_121:auk_dsp_atlantic_sink_1|scfifo:\normal_fifo:fifo_eab_on:in_fifo|scfifo_udh1:auto_generated|a_dpfifo_no81:dpfifo|altsyncram_ssf1:FIFOram|ram_block1a0~porta_datain_reg0 ; Ts_clk       ; Ts_clk      ; 0.000        ; 0.223      ; 0.482      ;
; 0.135 ; ifftout:u2|fft256:u0|asj_fft_si_sose_so_b_fft_121:asj_fft_si_sose_so_b_fft_121_inst|asj_fft_unbburst_sose_ctrl_fft_121:ccc|wraddress_a_bus[5]                              ; ifftout:u2|fft256:u0|asj_fft_si_sose_so_b_fft_121:asj_fft_si_sose_so_b_fft_121_inst|asj_fft_1dp_ram_fft_121:\gen_1_ram:gen_M4K:dat_A|asj_fft_data_ram_fft_121:dat_A|altsyncram:\gen_M4K:altsyncram_component|altsyncram_21t3:auto_generated|ram_block1a0~porta_address_reg0                        ; Ts_clk       ; Ts_clk      ; 0.000        ; 0.222      ; 0.481      ;
; 0.136 ; fftfilter:u1|fft256:u0|asj_fft_si_sose_so_b_fft_121:asj_fft_si_sose_so_b_fft_121_inst|asj_fft_unbburst_sose_ctrl_fft_121:ccc|a_ram_data_in_bus[23]                         ; fftfilter:u1|fft256:u0|asj_fft_si_sose_so_b_fft_121:asj_fft_si_sose_so_b_fft_121_inst|asj_fft_1dp_ram_fft_121:\gen_1_ram:gen_M4K:dat_A|asj_fft_data_ram_fft_121:dat_A|altsyncram:\gen_M4K:altsyncram_component|altsyncram_21t3:auto_generated|ram_block1a0~porta_datain_reg0                       ; Ts_clk       ; Ts_clk      ; 0.000        ; 0.221      ; 0.481      ;
; 0.136 ; fftfilter:u1|fft256:u0|asj_fft_si_sose_so_b_fft_121:asj_fft_si_sose_so_b_fft_121_inst|asj_fft_twadsogen_q_fft_121:\gen_se:gen_new:twid_factors|twad_tempe[4]               ; fftfilter:u1|fft256:u0|asj_fft_si_sose_so_b_fft_121:asj_fft_si_sose_so_b_fft_121_inst|asj_fft_1tdp_rom_fft_121:\gen_se:gen_new:twrom|asj_fft_twid_rom_tdp_fft_121:\gen_auto:sin_1n|altsyncram:altsyncram_component|altsyncram_he72:auto_generated|ram_block1a0~porta_address_reg0                  ; Ts_clk       ; Ts_clk      ; 0.000        ; 0.223      ; 0.483      ;
; 0.137 ; fftfilter:u1|fft256:u0|asj_fft_si_sose_so_b_fft_121:asj_fft_si_sose_so_b_fft_121_inst|asj_fft_unbburst_sose_ctrl_fft_121:ccc|a_ram_data_in_bus[24]                         ; fftfilter:u1|fft256:u0|asj_fft_si_sose_so_b_fft_121:asj_fft_si_sose_so_b_fft_121_inst|asj_fft_1dp_ram_fft_121:\gen_1_ram:gen_M4K:dat_A|asj_fft_data_ram_fft_121:dat_A|altsyncram:\gen_M4K:altsyncram_component|altsyncram_21t3:auto_generated|ram_block1a0~porta_datain_reg0                       ; Ts_clk       ; Ts_clk      ; 0.000        ; 0.221      ; 0.482      ;
; 0.137 ; ifftout:u2|fft256:u0|asj_fft_si_sose_so_b_fft_121:asj_fft_si_sose_so_b_fft_121_inst|auk_dspip_avalon_streaming_source_fft_121:auk_dsp_atlantic_source_1|at_source_data[26] ; ifftout:u2|dram16_256:u1|altsyncram:altsyncram_component|altsyncram_09k1:auto_generated|ram_block1a0~porta_datain_reg0                                                                                                                                                                             ; Ts_clk       ; Ts_clk      ; 0.000        ; 0.223      ; 0.484      ;
; 0.137 ; ifftout:u2|fft256:u0|asj_fft_si_sose_so_b_fft_121:asj_fft_si_sose_so_b_fft_121_inst|asj_fft_unbburst_sose_ctrl_fft_121:ccc|a_ram_data_in_bus[7]                            ; ifftout:u2|fft256:u0|asj_fft_si_sose_so_b_fft_121:asj_fft_si_sose_so_b_fft_121_inst|asj_fft_1dp_ram_fft_121:\gen_1_ram:gen_M4K:dat_A|asj_fft_data_ram_fft_121:dat_A|altsyncram:\gen_M4K:altsyncram_component|altsyncram_21t3:auto_generated|ram_block1a0~porta_datain_reg0                         ; Ts_clk       ; Ts_clk      ; 0.000        ; 0.221      ; 0.482      ;
; 0.138 ; fftfilter:u1|fft256:u0|asj_fft_si_sose_so_b_fft_121:asj_fft_si_sose_so_b_fft_121_inst|asj_fft_unbburst_sose_ctrl_fft_121:ccc|a_ram_data_in_bus[22]                         ; fftfilter:u1|fft256:u0|asj_fft_si_sose_so_b_fft_121:asj_fft_si_sose_so_b_fft_121_inst|asj_fft_1dp_ram_fft_121:\gen_1_ram:gen_M4K:dat_A|asj_fft_data_ram_fft_121:dat_A|altsyncram:\gen_M4K:altsyncram_component|altsyncram_21t3:auto_generated|ram_block1a0~porta_datain_reg0                       ; Ts_clk       ; Ts_clk      ; 0.000        ; 0.220      ; 0.482      ;
; 0.138 ; ifftout:u2|fft256:u0|asj_fft_si_sose_so_b_fft_121:asj_fft_si_sose_so_b_fft_121_inst|asj_fft_unbburst_sose_ctrl_fft_121:ccc|a_ram_data_in_bus[10]                           ; ifftout:u2|fft256:u0|asj_fft_si_sose_so_b_fft_121:asj_fft_si_sose_so_b_fft_121_inst|asj_fft_1dp_ram_fft_121:\gen_1_ram:gen_M4K:dat_A|asj_fft_data_ram_fft_121:dat_A|altsyncram:\gen_M4K:altsyncram_component|altsyncram_21t3:auto_generated|ram_block1a0~porta_datain_reg0                         ; Ts_clk       ; Ts_clk      ; 0.000        ; 0.224      ; 0.486      ;
; 0.139 ; fftfilter:u1|fft256:u0|asj_fft_si_sose_so_b_fft_121:asj_fft_si_sose_so_b_fft_121_inst|asj_fft_unbburst_sose_ctrl_fft_121:ccc|a_ram_data_in_bus[17]                         ; fftfilter:u1|fft256:u0|asj_fft_si_sose_so_b_fft_121:asj_fft_si_sose_so_b_fft_121_inst|asj_fft_1dp_ram_fft_121:\gen_1_ram:gen_M4K:dat_A|asj_fft_data_ram_fft_121:dat_A|altsyncram:\gen_M4K:altsyncram_component|altsyncram_21t3:auto_generated|ram_block1a0~porta_datain_reg0                       ; Ts_clk       ; Ts_clk      ; 0.000        ; 0.220      ; 0.483      ;
; 0.139 ; ifftout:u2|fft256:u0|asj_fft_si_sose_so_b_fft_121:asj_fft_si_sose_so_b_fft_121_inst|auk_dspip_avalon_streaming_sink_fft_121:auk_dsp_atlantic_sink_1|at_sink_data_int[23]   ; ifftout:u2|fft256:u0|asj_fft_si_sose_so_b_fft_121:asj_fft_si_sose_so_b_fft_121_inst|auk_dspip_avalon_streaming_sink_fft_121:auk_dsp_atlantic_sink_1|scfifo:\normal_fifo:fifo_eab_on:in_fifo|scfifo_udh1:auto_generated|a_dpfifo_no81:dpfifo|altsyncram_ssf1:FIFOram|ram_block1a0~porta_datain_reg0 ; Ts_clk       ; Ts_clk      ; 0.000        ; 0.223      ; 0.486      ;
; 0.139 ; fftfilter:u1|shifter16_256:u4|altshift_taps:ALTSHIFT_TAPS_component|shift_taps_bbv:auto_generated|cntr_ksf:cntr1|counter_reg_bit[0]                                        ; fftfilter:u1|shifter16_256:u4|altshift_taps:ALTSHIFT_TAPS_component|shift_taps_bbv:auto_generated|altsyncram_rga1:altsyncram2|ram_block3a0~portb_address_reg0                                                                                                                                      ; Ts_clk       ; Ts_clk      ; 0.000        ; 0.220      ; 0.483      ;
; 0.139 ; ifftout:u2|fft256:u0|asj_fft_si_sose_so_b_fft_121:asj_fft_si_sose_so_b_fft_121_inst|auk_dspip_avalon_streaming_source_fft_121:auk_dsp_atlantic_source_1|at_source_data[30] ; ifftout:u2|dram16_256:u2|altsyncram:altsyncram_component|altsyncram_09k1:auto_generated|ram_block1a0~porta_datain_reg0                                                                                                                                                                             ; Ts_clk       ; Ts_clk      ; 0.000        ; 0.221      ; 0.484      ;
; 0.140 ; fftfilter:u1|fft256:u0|asj_fft_si_sose_so_b_fft_121:asj_fft_si_sose_so_b_fft_121_inst|asj_fft_unbburst_sose_ctrl_fft_121:ccc|a_ram_data_in_bus[8]                          ; fftfilter:u1|fft256:u0|asj_fft_si_sose_so_b_fft_121:asj_fft_si_sose_so_b_fft_121_inst|asj_fft_1dp_ram_fft_121:\gen_1_ram:gen_M4K:dat_A|asj_fft_data_ram_fft_121:dat_A|altsyncram:\gen_M4K:altsyncram_component|altsyncram_21t3:auto_generated|ram_block1a0~porta_datain_reg0                       ; Ts_clk       ; Ts_clk      ; 0.000        ; 0.220      ; 0.484      ;
; 0.140 ; fftfilter:u1|fft256:u0|asj_fft_si_sose_so_b_fft_121:asj_fft_si_sose_so_b_fft_121_inst|asj_fft_unbburst_sose_ctrl_fft_121:ccc|a_ram_data_in_bus[20]                         ; fftfilter:u1|fft256:u0|asj_fft_si_sose_so_b_fft_121:asj_fft_si_sose_so_b_fft_121_inst|asj_fft_1dp_ram_fft_121:\gen_1_ram:gen_M4K:dat_A|asj_fft_data_ram_fft_121:dat_A|altsyncram:\gen_M4K:altsyncram_component|altsyncram_21t3:auto_generated|ram_block1a0~porta_datain_reg0                       ; Ts_clk       ; Ts_clk      ; 0.000        ; 0.220      ; 0.484      ;
; 0.140 ; fftfilter:u1|fft256:u0|asj_fft_si_sose_so_b_fft_121:asj_fft_si_sose_so_b_fft_121_inst|asj_fft_unbburst_sose_ctrl_fft_121:ccc|a_ram_data_in_bus[26]                         ; fftfilter:u1|fft256:u0|asj_fft_si_sose_so_b_fft_121:asj_fft_si_sose_so_b_fft_121_inst|asj_fft_1dp_ram_fft_121:\gen_1_ram:gen_M4K:dat_A|asj_fft_data_ram_fft_121:dat_A|altsyncram:\gen_M4K:altsyncram_component|altsyncram_21t3:auto_generated|ram_block1a0~porta_datain_reg0                       ; Ts_clk       ; Ts_clk      ; 0.000        ; 0.221      ; 0.485      ;
; 0.140 ; ifftout:u2|fft256:u0|asj_fft_si_sose_so_b_fft_121:asj_fft_si_sose_so_b_fft_121_inst|auk_dspip_avalon_streaming_sink_fft_121:auk_dsp_atlantic_sink_1|at_sink_data_int[8]    ; ifftout:u2|fft256:u0|asj_fft_si_sose_so_b_fft_121:asj_fft_si_sose_so_b_fft_121_inst|auk_dspip_avalon_streaming_sink_fft_121:auk_dsp_atlantic_sink_1|scfifo:\normal_fifo:fifo_eab_on:in_fifo|scfifo_udh1:auto_generated|a_dpfifo_no81:dpfifo|altsyncram_ssf1:FIFOram|ram_block1a0~porta_datain_reg0 ; Ts_clk       ; Ts_clk      ; 0.000        ; 0.224      ; 0.488      ;
; 0.140 ; fftfilter:u1|shifter16_256:u4|altshift_taps:ALTSHIFT_TAPS_component|shift_taps_bbv:auto_generated|cntr_ksf:cntr1|counter_reg_bit[0]                                        ; fftfilter:u1|shifter16_256:u4|altshift_taps:ALTSHIFT_TAPS_component|shift_taps_bbv:auto_generated|altsyncram_rga1:altsyncram2|ram_block3a0~porta_address_reg0                                                                                                                                      ; Ts_clk       ; Ts_clk      ; 0.000        ; 0.218      ; 0.482      ;
; 0.140 ; ifftout:u2|fft256:u0|asj_fft_si_sose_so_b_fft_121:asj_fft_si_sose_so_b_fft_121_inst|auk_dspip_avalon_streaming_source_fft_121:auk_dsp_atlantic_source_1|at_source_data[27] ; ifftout:u2|dram16_256:u2|altsyncram:altsyncram_component|altsyncram_09k1:auto_generated|ram_block1a0~porta_datain_reg0                                                                                                                                                                             ; Ts_clk       ; Ts_clk      ; 0.000        ; 0.221      ; 0.485      ;
; 0.141 ; ifftout:u2|fft256:u0|asj_fft_si_sose_so_b_fft_121:asj_fft_si_sose_so_b_fft_121_inst|auk_dspip_avalon_streaming_sink_fft_121:auk_dsp_atlantic_sink_1|at_sink_data_int[1]    ; ifftout:u2|fft256:u0|asj_fft_si_sose_so_b_fft_121:asj_fft_si_sose_so_b_fft_121_inst|auk_dspip_avalon_streaming_sink_fft_121:auk_dsp_atlantic_sink_1|scfifo:\normal_fifo:fifo_eab_on:in_fifo|scfifo_udh1:auto_generated|a_dpfifo_no81:dpfifo|altsyncram_ssf1:FIFOram|ram_block1a0~porta_datain_reg0 ; Ts_clk       ; Ts_clk      ; 0.000        ; 0.224      ; 0.489      ;
; 0.141 ; ifftout:u2|fft256:u0|asj_fft_si_sose_so_b_fft_121:asj_fft_si_sose_so_b_fft_121_inst|auk_dspip_avalon_streaming_sink_fft_121:auk_dsp_atlantic_sink_1|at_sink_data_int[7]    ; ifftout:u2|fft256:u0|asj_fft_si_sose_so_b_fft_121:asj_fft_si_sose_so_b_fft_121_inst|auk_dspip_avalon_streaming_sink_fft_121:auk_dsp_atlantic_sink_1|scfifo:\normal_fifo:fifo_eab_on:in_fifo|scfifo_udh1:auto_generated|a_dpfifo_no81:dpfifo|altsyncram_ssf1:FIFOram|ram_block1a0~porta_datain_reg0 ; Ts_clk       ; Ts_clk      ; 0.000        ; 0.224      ; 0.489      ;
; 0.141 ; ifftout:u2|fft256:u0|asj_fft_si_sose_so_b_fft_121:asj_fft_si_sose_so_b_fft_121_inst|auk_dspip_avalon_streaming_source_fft_121:auk_dsp_atlantic_source_1|at_source_data[25] ; ifftout:u2|dram16_256:u2|altsyncram:altsyncram_component|altsyncram_09k1:auto_generated|ram_block1a0~porta_datain_reg0                                                                                                                                                                             ; Ts_clk       ; Ts_clk      ; 0.000        ; 0.221      ; 0.486      ;
; 0.142 ; fftfilter:u1|fft256:u0|asj_fft_si_sose_so_b_fft_121:asj_fft_si_sose_so_b_fft_121_inst|asj_fft_unbburst_sose_ctrl_fft_121:ccc|a_ram_data_in_bus[5]                          ; fftfilter:u1|fft256:u0|asj_fft_si_sose_so_b_fft_121:asj_fft_si_sose_so_b_fft_121_inst|asj_fft_1dp_ram_fft_121:\gen_1_ram:gen_M4K:dat_A|asj_fft_data_ram_fft_121:dat_A|altsyncram:\gen_M4K:altsyncram_component|altsyncram_21t3:auto_generated|ram_block1a0~porta_datain_reg0                       ; Ts_clk       ; Ts_clk      ; 0.000        ; 0.220      ; 0.486      ;
; 0.142 ; fftfilter:u1|shifter16_256:u4|altshift_taps:ALTSHIFT_TAPS_component|shift_taps_bbv:auto_generated|cntr_ksf:cntr1|counter_reg_bit[7]                                        ; fftfilter:u1|shifter16_256:u4|altshift_taps:ALTSHIFT_TAPS_component|shift_taps_bbv:auto_generated|altsyncram_rga1:altsyncram2|ram_block3a0~portb_address_reg0                                                                                                                                      ; Ts_clk       ; Ts_clk      ; 0.000        ; 0.220      ; 0.486      ;
; 0.142 ; ifftout:u2|fft256:u0|asj_fft_si_sose_so_b_fft_121:asj_fft_si_sose_so_b_fft_121_inst|auk_dspip_avalon_streaming_source_fft_121:auk_dsp_atlantic_source_1|at_source_data[23] ; ifftout:u2|dram16_256:u2|altsyncram:altsyncram_component|altsyncram_09k1:auto_generated|ram_block1a0~porta_datain_reg0                                                                                                                                                                             ; Ts_clk       ; Ts_clk      ; 0.000        ; 0.221      ; 0.487      ;
; 0.142 ; ifftout:u2|fft256:u0|asj_fft_si_sose_so_b_fft_121:asj_fft_si_sose_so_b_fft_121_inst|auk_dspip_avalon_streaming_source_fft_121:auk_dsp_atlantic_source_1|at_source_data[32] ; ifftout:u2|dram16_256:u1|altsyncram:altsyncram_component|altsyncram_09k1:auto_generated|ram_block1a0~porta_datain_reg0                                                                                                                                                                             ; Ts_clk       ; Ts_clk      ; 0.000        ; 0.223      ; 0.489      ;
; 0.142 ; ifftout:u2|fft256:u0|asj_fft_si_sose_so_b_fft_121:asj_fft_si_sose_so_b_fft_121_inst|auk_dspip_avalon_streaming_source_fft_121:auk_dsp_atlantic_source_1|at_source_data[33] ; ifftout:u2|dram16_256:u1|altsyncram:altsyncram_component|altsyncram_09k1:auto_generated|ram_block1a0~porta_datain_reg0                                                                                                                                                                             ; Ts_clk       ; Ts_clk      ; 0.000        ; 0.223      ; 0.489      ;
; 0.142 ; ifftout:u2|fft256:u0|asj_fft_si_sose_so_b_fft_121:asj_fft_si_sose_so_b_fft_121_inst|asj_fft_unbburst_sose_ctrl_fft_121:ccc|a_ram_data_in_bus[6]                            ; ifftout:u2|fft256:u0|asj_fft_si_sose_so_b_fft_121:asj_fft_si_sose_so_b_fft_121_inst|asj_fft_1dp_ram_fft_121:\gen_1_ram:gen_M4K:dat_A|asj_fft_data_ram_fft_121:dat_A|altsyncram:\gen_M4K:altsyncram_component|altsyncram_21t3:auto_generated|ram_block1a0~porta_datain_reg0                         ; Ts_clk       ; Ts_clk      ; 0.000        ; 0.221      ; 0.487      ;
; 0.142 ; ifftout:u2|fft256:u0|asj_fft_si_sose_so_b_fft_121:asj_fft_si_sose_so_b_fft_121_inst|asj_fft_unbburst_sose_ctrl_fft_121:ccc|a_ram_data_in_bus[12]                           ; ifftout:u2|fft256:u0|asj_fft_si_sose_so_b_fft_121:asj_fft_si_sose_so_b_fft_121_inst|asj_fft_1dp_ram_fft_121:\gen_1_ram:gen_M4K:dat_A|asj_fft_data_ram_fft_121:dat_A|altsyncram:\gen_M4K:altsyncram_component|altsyncram_21t3:auto_generated|ram_block1a0~porta_datain_reg0                         ; Ts_clk       ; Ts_clk      ; 0.000        ; 0.224      ; 0.490      ;
; 0.143 ; fftfilter:u1|fft256:u0|asj_fft_si_sose_so_b_fft_121:asj_fft_si_sose_so_b_fft_121_inst|asj_fft_unbburst_sose_ctrl_fft_121:ccc|a_ram_data_in_bus[0]                          ; fftfilter:u1|fft256:u0|asj_fft_si_sose_so_b_fft_121:asj_fft_si_sose_so_b_fft_121_inst|asj_fft_1dp_ram_fft_121:\gen_1_ram:gen_M4K:dat_A|asj_fft_data_ram_fft_121:dat_A|altsyncram:\gen_M4K:altsyncram_component|altsyncram_21t3:auto_generated|ram_block1a0~porta_datain_reg0                       ; Ts_clk       ; Ts_clk      ; 0.000        ; 0.222      ; 0.489      ;
; 0.143 ; fftfilter:u1|fft256:u0|asj_fft_si_sose_so_b_fft_121:asj_fft_si_sose_so_b_fft_121_inst|asj_fft_unbburst_sose_ctrl_fft_121:ccc|a_ram_data_in_bus[10]                         ; fftfilter:u1|fft256:u0|asj_fft_si_sose_so_b_fft_121:asj_fft_si_sose_so_b_fft_121_inst|asj_fft_1dp_ram_fft_121:\gen_1_ram:gen_M4K:dat_A|asj_fft_data_ram_fft_121:dat_A|altsyncram:\gen_M4K:altsyncram_component|altsyncram_21t3:auto_generated|ram_block1a0~porta_datain_reg0                       ; Ts_clk       ; Ts_clk      ; 0.000        ; 0.220      ; 0.487      ;
; 0.143 ; fftfilter:u1|shifter16_256:u4|altshift_taps:ALTSHIFT_TAPS_component|shift_taps_bbv:auto_generated|cntr_ksf:cntr1|counter_reg_bit[7]                                        ; fftfilter:u1|shifter16_256:u4|altshift_taps:ALTSHIFT_TAPS_component|shift_taps_bbv:auto_generated|altsyncram_rga1:altsyncram2|ram_block3a0~porta_address_reg0                                                                                                                                      ; Ts_clk       ; Ts_clk      ; 0.000        ; 0.218      ; 0.485      ;
; 0.143 ; ifftout:u2|fft256:u0|asj_fft_si_sose_so_b_fft_121:asj_fft_si_sose_so_b_fft_121_inst|auk_dspip_avalon_streaming_source_fft_121:auk_dsp_atlantic_source_1|at_source_data[29] ; ifftout:u2|dram16_256:u2|altsyncram:altsyncram_component|altsyncram_09k1:auto_generated|ram_block1a0~porta_datain_reg0                                                                                                                                                                             ; Ts_clk       ; Ts_clk      ; 0.000        ; 0.221      ; 0.488      ;
; 0.143 ; ifftout:u2|fft256:u0|asj_fft_si_sose_so_b_fft_121:asj_fft_si_sose_so_b_fft_121_inst|auk_dspip_avalon_streaming_source_fft_121:auk_dsp_atlantic_source_1|at_source_data[28] ; ifftout:u2|dram16_256:u1|altsyncram:altsyncram_component|altsyncram_09k1:auto_generated|ram_block1a0~porta_datain_reg0                                                                                                                                                                             ; Ts_clk       ; Ts_clk      ; 0.000        ; 0.223      ; 0.490      ;
; 0.143 ; ifftout:u2|fft256:u0|asj_fft_si_sose_so_b_fft_121:asj_fft_si_sose_so_b_fft_121_inst|asj_fft_unbburst_sose_ctrl_fft_121:ccc|a_ram_data_in_bus[4]                            ; ifftout:u2|fft256:u0|asj_fft_si_sose_so_b_fft_121:asj_fft_si_sose_so_b_fft_121_inst|asj_fft_1dp_ram_fft_121:\gen_1_ram:gen_M4K:dat_A|asj_fft_data_ram_fft_121:dat_A|altsyncram:\gen_M4K:altsyncram_component|altsyncram_21t3:auto_generated|ram_block1a0~porta_datain_reg0                         ; Ts_clk       ; Ts_clk      ; 0.000        ; 0.221      ; 0.488      ;
; 0.143 ; fftfilter:u1|fft256:u0|asj_fft_si_sose_so_b_fft_121:asj_fft_si_sose_so_b_fft_121_inst|asj_fft_twadsogen_q_fft_121:\gen_se:gen_new:twid_factors|twad_tempe[5]               ; fftfilter:u1|fft256:u0|asj_fft_si_sose_so_b_fft_121:asj_fft_si_sose_so_b_fft_121_inst|asj_fft_1tdp_rom_fft_121:\gen_se:gen_new:twrom|asj_fft_twid_rom_tdp_fft_121:\gen_auto:sin_1n|altsyncram:altsyncram_component|altsyncram_he72:auto_generated|ram_block1a0~porta_address_reg0                  ; Ts_clk       ; Ts_clk      ; 0.000        ; 0.223      ; 0.490      ;
; 0.144 ; ifftout:u2|fft256:u0|asj_fft_si_sose_so_b_fft_121:asj_fft_si_sose_so_b_fft_121_inst|auk_dspip_avalon_streaming_sink_fft_121:auk_dsp_atlantic_sink_1|at_sink_data_int[12]   ; ifftout:u2|fft256:u0|asj_fft_si_sose_so_b_fft_121:asj_fft_si_sose_so_b_fft_121_inst|auk_dspip_avalon_streaming_sink_fft_121:auk_dsp_atlantic_sink_1|scfifo:\normal_fifo:fifo_eab_on:in_fifo|scfifo_udh1:auto_generated|a_dpfifo_no81:dpfifo|altsyncram_ssf1:FIFOram|ram_block1a0~porta_datain_reg0 ; Ts_clk       ; Ts_clk      ; 0.000        ; 0.224      ; 0.492      ;
; 0.144 ; fftfilter:u1|shifter16_256:u4|altshift_taps:ALTSHIFT_TAPS_component|shift_taps_bbv:auto_generated|cntr_ksf:cntr1|counter_reg_bit[5]                                        ; fftfilter:u1|shifter16_256:u4|altshift_taps:ALTSHIFT_TAPS_component|shift_taps_bbv:auto_generated|altsyncram_rga1:altsyncram2|ram_block3a0~portb_address_reg0                                                                                                                                      ; Ts_clk       ; Ts_clk      ; 0.000        ; 0.220      ; 0.488      ;
; 0.144 ; ifftout:u2|fft256:u0|asj_fft_si_sose_so_b_fft_121:asj_fft_si_sose_so_b_fft_121_inst|auk_dspip_avalon_streaming_source_fft_121:auk_dsp_atlantic_source_1|at_source_data[24] ; ifftout:u2|dram16_256:u2|altsyncram:altsyncram_component|altsyncram_09k1:auto_generated|ram_block1a0~porta_datain_reg0                                                                                                                                                                             ; Ts_clk       ; Ts_clk      ; 0.000        ; 0.221      ; 0.489      ;
; 0.144 ; ifftout:u2|fft256:u0|asj_fft_si_sose_so_b_fft_121:asj_fft_si_sose_so_b_fft_121_inst|auk_dspip_avalon_streaming_source_fft_121:auk_dsp_atlantic_source_1|at_source_data[31] ; ifftout:u2|dram16_256:u2|altsyncram:altsyncram_component|altsyncram_09k1:auto_generated|ram_block1a0~porta_datain_reg0                                                                                                                                                                             ; Ts_clk       ; Ts_clk      ; 0.000        ; 0.221      ; 0.489      ;
; 0.145 ; ifftout:u2|fft256:u0|asj_fft_si_sose_so_b_fft_121:asj_fft_si_sose_so_b_fft_121_inst|auk_dspip_avalon_streaming_sink_fft_121:auk_dsp_atlantic_sink_1|at_sink_data_int[31]   ; ifftout:u2|fft256:u0|asj_fft_si_sose_so_b_fft_121:asj_fft_si_sose_so_b_fft_121_inst|auk_dspip_avalon_streaming_sink_fft_121:auk_dsp_atlantic_sink_1|scfifo:\normal_fifo:fifo_eab_on:in_fifo|scfifo_udh1:auto_generated|a_dpfifo_no81:dpfifo|altsyncram_ssf1:FIFOram|ram_block1a0~porta_datain_reg0 ; Ts_clk       ; Ts_clk      ; 0.000        ; 0.224      ; 0.493      ;
; 0.145 ; fftfilter:u1|shifter16_256:u4|altshift_taps:ALTSHIFT_TAPS_component|shift_taps_bbv:auto_generated|cntr_ksf:cntr1|counter_reg_bit[5]                                        ; fftfilter:u1|shifter16_256:u4|altshift_taps:ALTSHIFT_TAPS_component|shift_taps_bbv:auto_generated|altsyncram_rga1:altsyncram2|ram_block3a0~porta_address_reg0                                                                                                                                      ; Ts_clk       ; Ts_clk      ; 0.000        ; 0.218      ; 0.487      ;
; 0.146 ; fftfilter:u1|fft256:u0|asj_fft_si_sose_so_b_fft_121:asj_fft_si_sose_so_b_fft_121_inst|asj_fft_unbburst_sose_ctrl_fft_121:ccc|a_ram_data_in_bus[4]                          ; fftfilter:u1|fft256:u0|asj_fft_si_sose_so_b_fft_121:asj_fft_si_sose_so_b_fft_121_inst|asj_fft_1dp_ram_fft_121:\gen_1_ram:gen_M4K:dat_A|asj_fft_data_ram_fft_121:dat_A|altsyncram:\gen_M4K:altsyncram_component|altsyncram_21t3:auto_generated|ram_block1a0~porta_datain_reg0                       ; Ts_clk       ; Ts_clk      ; 0.000        ; 0.220      ; 0.490      ;
; 0.148 ; fftfilter:u1|fft256:u0|asj_fft_si_sose_so_b_fft_121:asj_fft_si_sose_so_b_fft_121_inst|asj_fft_unbburst_sose_ctrl_fft_121:ccc|a_ram_data_in_bus[6]                          ; fftfilter:u1|fft256:u0|asj_fft_si_sose_so_b_fft_121:asj_fft_si_sose_so_b_fft_121_inst|asj_fft_1dp_ram_fft_121:\gen_1_ram:gen_M4K:dat_A|asj_fft_data_ram_fft_121:dat_A|altsyncram:\gen_M4K:altsyncram_component|altsyncram_21t3:auto_generated|ram_block1a0~porta_datain_reg0                       ; Ts_clk       ; Ts_clk      ; 0.000        ; 0.220      ; 0.492      ;
; 0.148 ; fftfilter:u1|fft256:u0|asj_fft_si_sose_so_b_fft_121:asj_fft_si_sose_so_b_fft_121_inst|asj_fft_unbburst_sose_ctrl_fft_121:ccc|a_ram_data_in_bus[25]                         ; fftfilter:u1|fft256:u0|asj_fft_si_sose_so_b_fft_121:asj_fft_si_sose_so_b_fft_121_inst|asj_fft_1dp_ram_fft_121:\gen_1_ram:gen_M4K:dat_A|asj_fft_data_ram_fft_121:dat_A|altsyncram:\gen_M4K:altsyncram_component|altsyncram_21t3:auto_generated|ram_block1a0~porta_datain_reg0                       ; Ts_clk       ; Ts_clk      ; 0.000        ; 0.221      ; 0.493      ;
; 0.148 ; ifftout:u2|fft256:u0|asj_fft_si_sose_so_b_fft_121:asj_fft_si_sose_so_b_fft_121_inst|auk_dspip_avalon_streaming_source_fft_121:auk_dsp_atlantic_source_1|at_source_data[32] ; ifftout:u2|dram16_256:u2|altsyncram:altsyncram_component|altsyncram_09k1:auto_generated|ram_block1a0~porta_datain_reg0                                                                                                                                                                             ; Ts_clk       ; Ts_clk      ; 0.000        ; 0.221      ; 0.493      ;
; 0.149 ; fftfilter:u1|fft256:u0|asj_fft_si_sose_so_b_fft_121:asj_fft_si_sose_so_b_fft_121_inst|asj_fft_unbburst_sose_ctrl_fft_121:ccc|a_ram_data_in_bus[3]                          ; fftfilter:u1|fft256:u0|asj_fft_si_sose_so_b_fft_121:asj_fft_si_sose_so_b_fft_121_inst|asj_fft_1dp_ram_fft_121:\gen_1_ram:gen_M4K:dat_A|asj_fft_data_ram_fft_121:dat_A|altsyncram:\gen_M4K:altsyncram_component|altsyncram_21t3:auto_generated|ram_block1a0~porta_datain_reg0                       ; Ts_clk       ; Ts_clk      ; 0.000        ; 0.220      ; 0.493      ;
; 0.149 ; fftfilter:u1|fft256:u0|asj_fft_si_sose_so_b_fft_121:asj_fft_si_sose_so_b_fft_121_inst|asj_fft_unbburst_sose_ctrl_fft_121:ccc|wraddress_a_bus[3]                            ; fftfilter:u1|fft256:u0|asj_fft_si_sose_so_b_fft_121:asj_fft_si_sose_so_b_fft_121_inst|asj_fft_1dp_ram_fft_121:\gen_1_ram:gen_M4K:dat_A|asj_fft_data_ram_fft_121:dat_A|altsyncram:\gen_M4K:altsyncram_component|altsyncram_21t3:auto_generated|ram_block1a0~porta_address_reg0                      ; Ts_clk       ; Ts_clk      ; 0.000        ; 0.218      ; 0.491      ;
; 0.149 ; ifftout:u2|fft256:u0|asj_fft_si_sose_so_b_fft_121:asj_fft_si_sose_so_b_fft_121_inst|asj_fft_unbburst_sose_ctrl_fft_121:ccc|a_ram_data_in_bus[9]                            ; ifftout:u2|fft256:u0|asj_fft_si_sose_so_b_fft_121:asj_fft_si_sose_so_b_fft_121_inst|asj_fft_1dp_ram_fft_121:\gen_1_ram:gen_M4K:dat_A|asj_fft_data_ram_fft_121:dat_A|altsyncram:\gen_M4K:altsyncram_component|altsyncram_21t3:auto_generated|ram_block1a0~porta_datain_reg0                         ; Ts_clk       ; Ts_clk      ; 0.000        ; 0.221      ; 0.494      ;
; 0.150 ; ifftout:u2|fft256:u0|asj_fft_si_sose_so_b_fft_121:asj_fft_si_sose_so_b_fft_121_inst|auk_dspip_avalon_streaming_source_fft_121:auk_dsp_atlantic_source_1|at_source_data[24] ; ifftout:u2|dram16_256:u1|altsyncram:altsyncram_component|altsyncram_09k1:auto_generated|ram_block1a0~porta_datain_reg0                                                                                                                                                                             ; Ts_clk       ; Ts_clk      ; 0.000        ; 0.223      ; 0.497      ;
; 0.151 ; fftfilter:u1|fft256:u0|asj_fft_si_sose_so_b_fft_121:asj_fft_si_sose_so_b_fft_121_inst|asj_fft_unbburst_sose_ctrl_fft_121:ccc|a_ram_data_in_bus[1]                          ; fftfilter:u1|fft256:u0|asj_fft_si_sose_so_b_fft_121:asj_fft_si_sose_so_b_fft_121_inst|asj_fft_1dp_ram_fft_121:\gen_1_ram:gen_M4K:dat_A|asj_fft_data_ram_fft_121:dat_A|altsyncram:\gen_M4K:altsyncram_component|altsyncram_21t3:auto_generated|ram_block1a0~porta_datain_reg0                       ; Ts_clk       ; Ts_clk      ; 0.000        ; 0.222      ; 0.497      ;
; 0.151 ; fftfilter:u1|shifter16_256:u4|altshift_taps:ALTSHIFT_TAPS_component|shift_taps_bbv:auto_generated|cntr_ksf:cntr1|counter_reg_bit[2]                                        ; fftfilter:u1|shifter16_256:u4|altshift_taps:ALTSHIFT_TAPS_component|shift_taps_bbv:auto_generated|altsyncram_rga1:altsyncram2|ram_block3a0~portb_address_reg0                                                                                                                                      ; Ts_clk       ; Ts_clk      ; 0.000        ; 0.220      ; 0.495      ;
; 0.151 ; fftfilter:u1|shifter16_256:u4|altshift_taps:ALTSHIFT_TAPS_component|shift_taps_bbv:auto_generated|cntr_ksf:cntr1|counter_reg_bit[4]                                        ; fftfilter:u1|shifter16_256:u4|altshift_taps:ALTSHIFT_TAPS_component|shift_taps_bbv:auto_generated|altsyncram_rga1:altsyncram2|ram_block3a0~portb_address_reg0                                                                                                                                      ; Ts_clk       ; Ts_clk      ; 0.000        ; 0.220      ; 0.495      ;
; 0.152 ; window:u0|shifter16_2048:u6|altshift_taps:ALTSHIFT_TAPS_component|shift_taps_2mv:auto_generated|cntr_ksf:cntr1|counter_reg_bit[2]                                          ; window:u0|shifter16_2048:u6|altshift_taps:ALTSHIFT_TAPS_component|shift_taps_2mv:auto_generated|altsyncram_bpa1:altsyncram2|ram_block3a16~portb_address_reg0                                                                                                                                       ; Ts_clk       ; Ts_clk      ; 0.000        ; 0.221      ; 0.497      ;
+-------+----------------------------------------------------------------------------------------------------------------------------------------------------------------------------+----------------------------------------------------------------------------------------------------------------------------------------------------------------------------------------------------------------------------------------------------------------------------------------------------+--------------+-------------+--------------+------------+------------+


+----------------------------------------------------------------------------------------------------------------------------------------------------------------------------------------------------------------------------------------------------------------------------+
; Fast 1200mV 0C Model Recovery: 'Ts_clk'                                                                                                                                                                                                                                    ;
+--------+----------------------------------------------------------------------------+----------------------------------------------------------------------------------------------------------------+--------------+-------------+--------------+------------+------------+
; Slack  ; From Node                                                                  ; To Node                                                                                                        ; Launch Clock ; Latch Clock ; Relationship ; Clock Skew ; Data Delay ;
+--------+----------------------------------------------------------------------------+----------------------------------------------------------------------------------------------------------------+--------------+-------------+--------------+------------+------------+
; 18.848 ; fftfilter:u1|altshift_taps:xkre0_rtl_0|shift_taps_ckm:auto_generated|dffe6 ; fftfilter:u1|altshift_taps:xkre0_rtl_0|shift_taps_ckm:auto_generated|altsyncram_t861:altsyncram4|ram_block7a0  ; Ts_clk       ; Ts_clk      ; 20.000       ; 0.135      ; 1.242      ;
; 18.848 ; fftfilter:u1|altshift_taps:xkre0_rtl_0|shift_taps_ckm:auto_generated|dffe6 ; fftfilter:u1|altshift_taps:xkre0_rtl_0|shift_taps_ckm:auto_generated|altsyncram_t861:altsyncram4|ram_block7a1  ; Ts_clk       ; Ts_clk      ; 20.000       ; 0.135      ; 1.242      ;
; 18.848 ; fftfilter:u1|altshift_taps:xkre0_rtl_0|shift_taps_ckm:auto_generated|dffe6 ; fftfilter:u1|altshift_taps:xkre0_rtl_0|shift_taps_ckm:auto_generated|altsyncram_t861:altsyncram4|ram_block7a2  ; Ts_clk       ; Ts_clk      ; 20.000       ; 0.135      ; 1.242      ;
; 18.848 ; fftfilter:u1|altshift_taps:xkre0_rtl_0|shift_taps_ckm:auto_generated|dffe6 ; fftfilter:u1|altshift_taps:xkre0_rtl_0|shift_taps_ckm:auto_generated|altsyncram_t861:altsyncram4|ram_block7a3  ; Ts_clk       ; Ts_clk      ; 20.000       ; 0.135      ; 1.242      ;
; 18.848 ; fftfilter:u1|altshift_taps:xkre0_rtl_0|shift_taps_ckm:auto_generated|dffe6 ; fftfilter:u1|altshift_taps:xkre0_rtl_0|shift_taps_ckm:auto_generated|altsyncram_t861:altsyncram4|ram_block7a4  ; Ts_clk       ; Ts_clk      ; 20.000       ; 0.135      ; 1.242      ;
; 18.848 ; fftfilter:u1|altshift_taps:xkre0_rtl_0|shift_taps_ckm:auto_generated|dffe6 ; fftfilter:u1|altshift_taps:xkre0_rtl_0|shift_taps_ckm:auto_generated|altsyncram_t861:altsyncram4|ram_block7a5  ; Ts_clk       ; Ts_clk      ; 20.000       ; 0.135      ; 1.242      ;
; 18.848 ; fftfilter:u1|altshift_taps:xkre0_rtl_0|shift_taps_ckm:auto_generated|dffe6 ; fftfilter:u1|altshift_taps:xkre0_rtl_0|shift_taps_ckm:auto_generated|altsyncram_t861:altsyncram4|ram_block7a6  ; Ts_clk       ; Ts_clk      ; 20.000       ; 0.135      ; 1.242      ;
; 18.848 ; fftfilter:u1|altshift_taps:xkre0_rtl_0|shift_taps_ckm:auto_generated|dffe6 ; fftfilter:u1|altshift_taps:xkre0_rtl_0|shift_taps_ckm:auto_generated|altsyncram_t861:altsyncram4|ram_block7a7  ; Ts_clk       ; Ts_clk      ; 20.000       ; 0.135      ; 1.242      ;
; 18.848 ; fftfilter:u1|altshift_taps:xkre0_rtl_0|shift_taps_ckm:auto_generated|dffe6 ; fftfilter:u1|altshift_taps:xkre0_rtl_0|shift_taps_ckm:auto_generated|altsyncram_t861:altsyncram4|ram_block7a8  ; Ts_clk       ; Ts_clk      ; 20.000       ; 0.135      ; 1.242      ;
; 18.848 ; fftfilter:u1|altshift_taps:xkre0_rtl_0|shift_taps_ckm:auto_generated|dffe6 ; fftfilter:u1|altshift_taps:xkre0_rtl_0|shift_taps_ckm:auto_generated|altsyncram_t861:altsyncram4|ram_block7a9  ; Ts_clk       ; Ts_clk      ; 20.000       ; 0.135      ; 1.242      ;
; 18.848 ; fftfilter:u1|altshift_taps:xkre0_rtl_0|shift_taps_ckm:auto_generated|dffe6 ; fftfilter:u1|altshift_taps:xkre0_rtl_0|shift_taps_ckm:auto_generated|altsyncram_t861:altsyncram4|ram_block7a10 ; Ts_clk       ; Ts_clk      ; 20.000       ; 0.135      ; 1.242      ;
; 18.848 ; fftfilter:u1|altshift_taps:xkre0_rtl_0|shift_taps_ckm:auto_generated|dffe6 ; fftfilter:u1|altshift_taps:xkre0_rtl_0|shift_taps_ckm:auto_generated|altsyncram_t861:altsyncram4|ram_block7a11 ; Ts_clk       ; Ts_clk      ; 20.000       ; 0.135      ; 1.242      ;
; 18.848 ; fftfilter:u1|altshift_taps:xkre0_rtl_0|shift_taps_ckm:auto_generated|dffe6 ; fftfilter:u1|altshift_taps:xkre0_rtl_0|shift_taps_ckm:auto_generated|altsyncram_t861:altsyncram4|ram_block7a12 ; Ts_clk       ; Ts_clk      ; 20.000       ; 0.135      ; 1.242      ;
; 18.848 ; fftfilter:u1|altshift_taps:xkre0_rtl_0|shift_taps_ckm:auto_generated|dffe6 ; fftfilter:u1|altshift_taps:xkre0_rtl_0|shift_taps_ckm:auto_generated|altsyncram_t861:altsyncram4|ram_block7a13 ; Ts_clk       ; Ts_clk      ; 20.000       ; 0.135      ; 1.242      ;
; 18.848 ; fftfilter:u1|altshift_taps:xkre0_rtl_0|shift_taps_ckm:auto_generated|dffe6 ; fftfilter:u1|altshift_taps:xkre0_rtl_0|shift_taps_ckm:auto_generated|altsyncram_t861:altsyncram4|ram_block7a14 ; Ts_clk       ; Ts_clk      ; 20.000       ; 0.135      ; 1.242      ;
; 18.848 ; fftfilter:u1|altshift_taps:xkre0_rtl_0|shift_taps_ckm:auto_generated|dffe6 ; fftfilter:u1|altshift_taps:xkre0_rtl_0|shift_taps_ckm:auto_generated|altsyncram_t861:altsyncram4|ram_block7a15 ; Ts_clk       ; Ts_clk      ; 20.000       ; 0.135      ; 1.242      ;
; 18.848 ; fftfilter:u1|altshift_taps:xkre0_rtl_0|shift_taps_ckm:auto_generated|dffe6 ; fftfilter:u1|altshift_taps:xkre0_rtl_0|shift_taps_ckm:auto_generated|altsyncram_t861:altsyncram4|ram_block7a16 ; Ts_clk       ; Ts_clk      ; 20.000       ; 0.135      ; 1.242      ;
; 18.848 ; fftfilter:u1|altshift_taps:xkre0_rtl_0|shift_taps_ckm:auto_generated|dffe6 ; fftfilter:u1|altshift_taps:xkre0_rtl_0|shift_taps_ckm:auto_generated|altsyncram_t861:altsyncram4|ram_block7a17 ; Ts_clk       ; Ts_clk      ; 20.000       ; 0.135      ; 1.242      ;
; 18.848 ; fftfilter:u1|altshift_taps:xkre0_rtl_0|shift_taps_ckm:auto_generated|dffe6 ; fftfilter:u1|altshift_taps:xkre0_rtl_0|shift_taps_ckm:auto_generated|altsyncram_t861:altsyncram4|ram_block7a18 ; Ts_clk       ; Ts_clk      ; 20.000       ; 0.135      ; 1.242      ;
; 18.848 ; fftfilter:u1|altshift_taps:xkre0_rtl_0|shift_taps_ckm:auto_generated|dffe6 ; fftfilter:u1|altshift_taps:xkre0_rtl_0|shift_taps_ckm:auto_generated|altsyncram_t861:altsyncram4|ram_block7a19 ; Ts_clk       ; Ts_clk      ; 20.000       ; 0.135      ; 1.242      ;
; 18.848 ; fftfilter:u1|altshift_taps:xkre0_rtl_0|shift_taps_ckm:auto_generated|dffe6 ; fftfilter:u1|altshift_taps:xkre0_rtl_0|shift_taps_ckm:auto_generated|altsyncram_t861:altsyncram4|ram_block7a20 ; Ts_clk       ; Ts_clk      ; 20.000       ; 0.135      ; 1.242      ;
; 18.848 ; fftfilter:u1|altshift_taps:xkre0_rtl_0|shift_taps_ckm:auto_generated|dffe6 ; fftfilter:u1|altshift_taps:xkre0_rtl_0|shift_taps_ckm:auto_generated|altsyncram_t861:altsyncram4|ram_block7a21 ; Ts_clk       ; Ts_clk      ; 20.000       ; 0.135      ; 1.242      ;
; 18.848 ; fftfilter:u1|altshift_taps:xkre0_rtl_0|shift_taps_ckm:auto_generated|dffe6 ; fftfilter:u1|altshift_taps:xkre0_rtl_0|shift_taps_ckm:auto_generated|altsyncram_t861:altsyncram4|ram_block7a22 ; Ts_clk       ; Ts_clk      ; 20.000       ; 0.135      ; 1.242      ;
; 18.848 ; fftfilter:u1|altshift_taps:xkre0_rtl_0|shift_taps_ckm:auto_generated|dffe6 ; fftfilter:u1|altshift_taps:xkre0_rtl_0|shift_taps_ckm:auto_generated|altsyncram_t861:altsyncram4|ram_block7a23 ; Ts_clk       ; Ts_clk      ; 20.000       ; 0.135      ; 1.242      ;
; 18.848 ; fftfilter:u1|altshift_taps:xkre0_rtl_0|shift_taps_ckm:auto_generated|dffe6 ; fftfilter:u1|altshift_taps:xkre0_rtl_0|shift_taps_ckm:auto_generated|altsyncram_t861:altsyncram4|ram_block7a24 ; Ts_clk       ; Ts_clk      ; 20.000       ; 0.135      ; 1.242      ;
; 18.848 ; fftfilter:u1|altshift_taps:xkre0_rtl_0|shift_taps_ckm:auto_generated|dffe6 ; fftfilter:u1|altshift_taps:xkre0_rtl_0|shift_taps_ckm:auto_generated|altsyncram_t861:altsyncram4|ram_block7a25 ; Ts_clk       ; Ts_clk      ; 20.000       ; 0.135      ; 1.242      ;
; 18.848 ; fftfilter:u1|altshift_taps:xkre0_rtl_0|shift_taps_ckm:auto_generated|dffe6 ; fftfilter:u1|altshift_taps:xkre0_rtl_0|shift_taps_ckm:auto_generated|altsyncram_t861:altsyncram4|ram_block7a26 ; Ts_clk       ; Ts_clk      ; 20.000       ; 0.135      ; 1.242      ;
; 18.848 ; fftfilter:u1|altshift_taps:xkre0_rtl_0|shift_taps_ckm:auto_generated|dffe6 ; fftfilter:u1|altshift_taps:xkre0_rtl_0|shift_taps_ckm:auto_generated|altsyncram_t861:altsyncram4|ram_block7a27 ; Ts_clk       ; Ts_clk      ; 20.000       ; 0.135      ; 1.242      ;
; 18.848 ; fftfilter:u1|altshift_taps:xkre0_rtl_0|shift_taps_ckm:auto_generated|dffe6 ; fftfilter:u1|altshift_taps:xkre0_rtl_0|shift_taps_ckm:auto_generated|altsyncram_t861:altsyncram4|ram_block7a28 ; Ts_clk       ; Ts_clk      ; 20.000       ; 0.135      ; 1.242      ;
; 18.848 ; fftfilter:u1|altshift_taps:xkre0_rtl_0|shift_taps_ckm:auto_generated|dffe6 ; fftfilter:u1|altshift_taps:xkre0_rtl_0|shift_taps_ckm:auto_generated|altsyncram_t861:altsyncram4|ram_block7a29 ; Ts_clk       ; Ts_clk      ; 20.000       ; 0.135      ; 1.242      ;
; 18.848 ; fftfilter:u1|altshift_taps:xkre0_rtl_0|shift_taps_ckm:auto_generated|dffe6 ; fftfilter:u1|altshift_taps:xkre0_rtl_0|shift_taps_ckm:auto_generated|altsyncram_t861:altsyncram4|ram_block7a30 ; Ts_clk       ; Ts_clk      ; 20.000       ; 0.135      ; 1.242      ;
; 18.848 ; fftfilter:u1|altshift_taps:xkre0_rtl_0|shift_taps_ckm:auto_generated|dffe6 ; fftfilter:u1|altshift_taps:xkre0_rtl_0|shift_taps_ckm:auto_generated|altsyncram_t861:altsyncram4|ram_block7a31 ; Ts_clk       ; Ts_clk      ; 20.000       ; 0.135      ; 1.242      ;
+--------+----------------------------------------------------------------------------+----------------------------------------------------------------------------------------------------------------+--------------+-------------+--------------+------------+------------+


+---------------------------------------------------------------------------------------------------------------------------------------------------------------------------------------------------------------------------------------------------------------------------+
; Fast 1200mV 0C Model Removal: 'Ts_clk'                                                                                                                                                                                                                                    ;
+-------+----------------------------------------------------------------------------+----------------------------------------------------------------------------------------------------------------+--------------+-------------+--------------+------------+------------+
; Slack ; From Node                                                                  ; To Node                                                                                                        ; Launch Clock ; Latch Clock ; Relationship ; Clock Skew ; Data Delay ;
+-------+----------------------------------------------------------------------------+----------------------------------------------------------------------------------------------------------------+--------------+-------------+--------------+------------+------------+
; 0.815 ; fftfilter:u1|altshift_taps:xkre0_rtl_0|shift_taps_ckm:auto_generated|dffe6 ; fftfilter:u1|altshift_taps:xkre0_rtl_0|shift_taps_ckm:auto_generated|altsyncram_t861:altsyncram4|ram_block7a0  ; Ts_clk       ; Ts_clk      ; 0.000        ; 0.214      ; 1.139      ;
; 0.815 ; fftfilter:u1|altshift_taps:xkre0_rtl_0|shift_taps_ckm:auto_generated|dffe6 ; fftfilter:u1|altshift_taps:xkre0_rtl_0|shift_taps_ckm:auto_generated|altsyncram_t861:altsyncram4|ram_block7a1  ; Ts_clk       ; Ts_clk      ; 0.000        ; 0.214      ; 1.139      ;
; 0.815 ; fftfilter:u1|altshift_taps:xkre0_rtl_0|shift_taps_ckm:auto_generated|dffe6 ; fftfilter:u1|altshift_taps:xkre0_rtl_0|shift_taps_ckm:auto_generated|altsyncram_t861:altsyncram4|ram_block7a2  ; Ts_clk       ; Ts_clk      ; 0.000        ; 0.214      ; 1.139      ;
; 0.815 ; fftfilter:u1|altshift_taps:xkre0_rtl_0|shift_taps_ckm:auto_generated|dffe6 ; fftfilter:u1|altshift_taps:xkre0_rtl_0|shift_taps_ckm:auto_generated|altsyncram_t861:altsyncram4|ram_block7a3  ; Ts_clk       ; Ts_clk      ; 0.000        ; 0.214      ; 1.139      ;
; 0.815 ; fftfilter:u1|altshift_taps:xkre0_rtl_0|shift_taps_ckm:auto_generated|dffe6 ; fftfilter:u1|altshift_taps:xkre0_rtl_0|shift_taps_ckm:auto_generated|altsyncram_t861:altsyncram4|ram_block7a4  ; Ts_clk       ; Ts_clk      ; 0.000        ; 0.214      ; 1.139      ;
; 0.815 ; fftfilter:u1|altshift_taps:xkre0_rtl_0|shift_taps_ckm:auto_generated|dffe6 ; fftfilter:u1|altshift_taps:xkre0_rtl_0|shift_taps_ckm:auto_generated|altsyncram_t861:altsyncram4|ram_block7a5  ; Ts_clk       ; Ts_clk      ; 0.000        ; 0.214      ; 1.139      ;
; 0.815 ; fftfilter:u1|altshift_taps:xkre0_rtl_0|shift_taps_ckm:auto_generated|dffe6 ; fftfilter:u1|altshift_taps:xkre0_rtl_0|shift_taps_ckm:auto_generated|altsyncram_t861:altsyncram4|ram_block7a6  ; Ts_clk       ; Ts_clk      ; 0.000        ; 0.214      ; 1.139      ;
; 0.815 ; fftfilter:u1|altshift_taps:xkre0_rtl_0|shift_taps_ckm:auto_generated|dffe6 ; fftfilter:u1|altshift_taps:xkre0_rtl_0|shift_taps_ckm:auto_generated|altsyncram_t861:altsyncram4|ram_block7a7  ; Ts_clk       ; Ts_clk      ; 0.000        ; 0.214      ; 1.139      ;
; 0.815 ; fftfilter:u1|altshift_taps:xkre0_rtl_0|shift_taps_ckm:auto_generated|dffe6 ; fftfilter:u1|altshift_taps:xkre0_rtl_0|shift_taps_ckm:auto_generated|altsyncram_t861:altsyncram4|ram_block7a8  ; Ts_clk       ; Ts_clk      ; 0.000        ; 0.214      ; 1.139      ;
; 0.815 ; fftfilter:u1|altshift_taps:xkre0_rtl_0|shift_taps_ckm:auto_generated|dffe6 ; fftfilter:u1|altshift_taps:xkre0_rtl_0|shift_taps_ckm:auto_generated|altsyncram_t861:altsyncram4|ram_block7a9  ; Ts_clk       ; Ts_clk      ; 0.000        ; 0.214      ; 1.139      ;
; 0.815 ; fftfilter:u1|altshift_taps:xkre0_rtl_0|shift_taps_ckm:auto_generated|dffe6 ; fftfilter:u1|altshift_taps:xkre0_rtl_0|shift_taps_ckm:auto_generated|altsyncram_t861:altsyncram4|ram_block7a10 ; Ts_clk       ; Ts_clk      ; 0.000        ; 0.214      ; 1.139      ;
; 0.815 ; fftfilter:u1|altshift_taps:xkre0_rtl_0|shift_taps_ckm:auto_generated|dffe6 ; fftfilter:u1|altshift_taps:xkre0_rtl_0|shift_taps_ckm:auto_generated|altsyncram_t861:altsyncram4|ram_block7a11 ; Ts_clk       ; Ts_clk      ; 0.000        ; 0.214      ; 1.139      ;
; 0.815 ; fftfilter:u1|altshift_taps:xkre0_rtl_0|shift_taps_ckm:auto_generated|dffe6 ; fftfilter:u1|altshift_taps:xkre0_rtl_0|shift_taps_ckm:auto_generated|altsyncram_t861:altsyncram4|ram_block7a12 ; Ts_clk       ; Ts_clk      ; 0.000        ; 0.214      ; 1.139      ;
; 0.815 ; fftfilter:u1|altshift_taps:xkre0_rtl_0|shift_taps_ckm:auto_generated|dffe6 ; fftfilter:u1|altshift_taps:xkre0_rtl_0|shift_taps_ckm:auto_generated|altsyncram_t861:altsyncram4|ram_block7a13 ; Ts_clk       ; Ts_clk      ; 0.000        ; 0.214      ; 1.139      ;
; 0.815 ; fftfilter:u1|altshift_taps:xkre0_rtl_0|shift_taps_ckm:auto_generated|dffe6 ; fftfilter:u1|altshift_taps:xkre0_rtl_0|shift_taps_ckm:auto_generated|altsyncram_t861:altsyncram4|ram_block7a14 ; Ts_clk       ; Ts_clk      ; 0.000        ; 0.214      ; 1.139      ;
; 0.815 ; fftfilter:u1|altshift_taps:xkre0_rtl_0|shift_taps_ckm:auto_generated|dffe6 ; fftfilter:u1|altshift_taps:xkre0_rtl_0|shift_taps_ckm:auto_generated|altsyncram_t861:altsyncram4|ram_block7a15 ; Ts_clk       ; Ts_clk      ; 0.000        ; 0.214      ; 1.139      ;
; 0.815 ; fftfilter:u1|altshift_taps:xkre0_rtl_0|shift_taps_ckm:auto_generated|dffe6 ; fftfilter:u1|altshift_taps:xkre0_rtl_0|shift_taps_ckm:auto_generated|altsyncram_t861:altsyncram4|ram_block7a16 ; Ts_clk       ; Ts_clk      ; 0.000        ; 0.214      ; 1.139      ;
; 0.815 ; fftfilter:u1|altshift_taps:xkre0_rtl_0|shift_taps_ckm:auto_generated|dffe6 ; fftfilter:u1|altshift_taps:xkre0_rtl_0|shift_taps_ckm:auto_generated|altsyncram_t861:altsyncram4|ram_block7a17 ; Ts_clk       ; Ts_clk      ; 0.000        ; 0.214      ; 1.139      ;
; 0.815 ; fftfilter:u1|altshift_taps:xkre0_rtl_0|shift_taps_ckm:auto_generated|dffe6 ; fftfilter:u1|altshift_taps:xkre0_rtl_0|shift_taps_ckm:auto_generated|altsyncram_t861:altsyncram4|ram_block7a18 ; Ts_clk       ; Ts_clk      ; 0.000        ; 0.214      ; 1.139      ;
; 0.815 ; fftfilter:u1|altshift_taps:xkre0_rtl_0|shift_taps_ckm:auto_generated|dffe6 ; fftfilter:u1|altshift_taps:xkre0_rtl_0|shift_taps_ckm:auto_generated|altsyncram_t861:altsyncram4|ram_block7a19 ; Ts_clk       ; Ts_clk      ; 0.000        ; 0.214      ; 1.139      ;
; 0.815 ; fftfilter:u1|altshift_taps:xkre0_rtl_0|shift_taps_ckm:auto_generated|dffe6 ; fftfilter:u1|altshift_taps:xkre0_rtl_0|shift_taps_ckm:auto_generated|altsyncram_t861:altsyncram4|ram_block7a20 ; Ts_clk       ; Ts_clk      ; 0.000        ; 0.214      ; 1.139      ;
; 0.815 ; fftfilter:u1|altshift_taps:xkre0_rtl_0|shift_taps_ckm:auto_generated|dffe6 ; fftfilter:u1|altshift_taps:xkre0_rtl_0|shift_taps_ckm:auto_generated|altsyncram_t861:altsyncram4|ram_block7a21 ; Ts_clk       ; Ts_clk      ; 0.000        ; 0.214      ; 1.139      ;
; 0.815 ; fftfilter:u1|altshift_taps:xkre0_rtl_0|shift_taps_ckm:auto_generated|dffe6 ; fftfilter:u1|altshift_taps:xkre0_rtl_0|shift_taps_ckm:auto_generated|altsyncram_t861:altsyncram4|ram_block7a22 ; Ts_clk       ; Ts_clk      ; 0.000        ; 0.214      ; 1.139      ;
; 0.815 ; fftfilter:u1|altshift_taps:xkre0_rtl_0|shift_taps_ckm:auto_generated|dffe6 ; fftfilter:u1|altshift_taps:xkre0_rtl_0|shift_taps_ckm:auto_generated|altsyncram_t861:altsyncram4|ram_block7a23 ; Ts_clk       ; Ts_clk      ; 0.000        ; 0.214      ; 1.139      ;
; 0.815 ; fftfilter:u1|altshift_taps:xkre0_rtl_0|shift_taps_ckm:auto_generated|dffe6 ; fftfilter:u1|altshift_taps:xkre0_rtl_0|shift_taps_ckm:auto_generated|altsyncram_t861:altsyncram4|ram_block7a24 ; Ts_clk       ; Ts_clk      ; 0.000        ; 0.214      ; 1.139      ;
; 0.815 ; fftfilter:u1|altshift_taps:xkre0_rtl_0|shift_taps_ckm:auto_generated|dffe6 ; fftfilter:u1|altshift_taps:xkre0_rtl_0|shift_taps_ckm:auto_generated|altsyncram_t861:altsyncram4|ram_block7a25 ; Ts_clk       ; Ts_clk      ; 0.000        ; 0.214      ; 1.139      ;
; 0.815 ; fftfilter:u1|altshift_taps:xkre0_rtl_0|shift_taps_ckm:auto_generated|dffe6 ; fftfilter:u1|altshift_taps:xkre0_rtl_0|shift_taps_ckm:auto_generated|altsyncram_t861:altsyncram4|ram_block7a26 ; Ts_clk       ; Ts_clk      ; 0.000        ; 0.214      ; 1.139      ;
; 0.815 ; fftfilter:u1|altshift_taps:xkre0_rtl_0|shift_taps_ckm:auto_generated|dffe6 ; fftfilter:u1|altshift_taps:xkre0_rtl_0|shift_taps_ckm:auto_generated|altsyncram_t861:altsyncram4|ram_block7a27 ; Ts_clk       ; Ts_clk      ; 0.000        ; 0.214      ; 1.139      ;
; 0.815 ; fftfilter:u1|altshift_taps:xkre0_rtl_0|shift_taps_ckm:auto_generated|dffe6 ; fftfilter:u1|altshift_taps:xkre0_rtl_0|shift_taps_ckm:auto_generated|altsyncram_t861:altsyncram4|ram_block7a28 ; Ts_clk       ; Ts_clk      ; 0.000        ; 0.214      ; 1.139      ;
; 0.815 ; fftfilter:u1|altshift_taps:xkre0_rtl_0|shift_taps_ckm:auto_generated|dffe6 ; fftfilter:u1|altshift_taps:xkre0_rtl_0|shift_taps_ckm:auto_generated|altsyncram_t861:altsyncram4|ram_block7a29 ; Ts_clk       ; Ts_clk      ; 0.000        ; 0.214      ; 1.139      ;
; 0.815 ; fftfilter:u1|altshift_taps:xkre0_rtl_0|shift_taps_ckm:auto_generated|dffe6 ; fftfilter:u1|altshift_taps:xkre0_rtl_0|shift_taps_ckm:auto_generated|altsyncram_t861:altsyncram4|ram_block7a30 ; Ts_clk       ; Ts_clk      ; 0.000        ; 0.214      ; 1.139      ;
; 0.815 ; fftfilter:u1|altshift_taps:xkre0_rtl_0|shift_taps_ckm:auto_generated|dffe6 ; fftfilter:u1|altshift_taps:xkre0_rtl_0|shift_taps_ckm:auto_generated|altsyncram_t861:altsyncram4|ram_block7a31 ; Ts_clk       ; Ts_clk      ; 0.000        ; 0.214      ; 1.139      ;
+-------+----------------------------------------------------------------------------+----------------------------------------------------------------------------------------------------------------+--------------+-------------+--------------+------------+------------+


+---------------------------------------------------------------------------------------------------------------------------------------------------------------------------------------------------------------------------------------------------------------------------------------------------------------------------------------------------------------------------------------+
; Fast 1200mV 0C Model Minimum Pulse Width: 'Ts_clk'                                                                                                                                                                                                                                                                                                                                    ;
+-------+--------------+----------------+-----------------+--------+------------+-------------------------------------------------------------------------------------------------------------------------------------------------------------------------------------------------------------------------------------------------------------------------------------------------------+
; Slack ; Actual Width ; Required Width ; Type            ; Clock  ; Clock Edge ; Target                                                                                                                                                                                                                                                                                                ;
+-------+--------------+----------------+-----------------+--------+------------+-------------------------------------------------------------------------------------------------------------------------------------------------------------------------------------------------------------------------------------------------------------------------------------------------------+
; 9.377 ; 9.607        ; 0.230          ; Low Pulse Width ; Ts_clk ; Rise       ; ifftout:u2|fft256:u0|asj_fft_si_sose_so_b_fft_121:asj_fft_si_sose_so_b_fft_121_inst|auk_dspip_avalon_streaming_sink_fft_121:auk_dsp_atlantic_sink_1|scfifo:\normal_fifo:fifo_eab_on:in_fifo|scfifo_udh1:auto_generated|a_dpfifo_no81:dpfifo|altsyncram_ssf1:FIFOram|ram_block1a0~porta_address_reg0   ;
; 9.377 ; 9.607        ; 0.230          ; Low Pulse Width ; Ts_clk ; Rise       ; ifftout:u2|fft256:u0|asj_fft_si_sose_so_b_fft_121:asj_fft_si_sose_so_b_fft_121_inst|auk_dspip_avalon_streaming_sink_fft_121:auk_dsp_atlantic_sink_1|scfifo:\normal_fifo:fifo_eab_on:in_fifo|scfifo_udh1:auto_generated|a_dpfifo_no81:dpfifo|altsyncram_ssf1:FIFOram|ram_block1a0~porta_we_reg         ;
; 9.377 ; 9.607        ; 0.230          ; Low Pulse Width ; Ts_clk ; Rise       ; window:u0|shifter16_2048:u6|altshift_taps:ALTSHIFT_TAPS_component|shift_taps_2mv:auto_generated|altsyncram_bpa1:altsyncram2|ram_block3a48~porta_address_reg0                                                                                                                                          ;
; 9.378 ; 9.608        ; 0.230          ; Low Pulse Width ; Ts_clk ; Rise       ; fftfilter:u1|altshift_taps:xkre0_rtl_0|shift_taps_ckm:auto_generated|altsyncram_t861:altsyncram4|ram_block7a0~porta_address_reg0                                                                                                                                                                      ;
; 9.378 ; 9.608        ; 0.230          ; Low Pulse Width ; Ts_clk ; Rise       ; fftfilter:u1|fft256:u0|asj_fft_si_sose_so_b_fft_121:asj_fft_si_sose_so_b_fft_121_inst|asj_fft_1dp_ram_fft_121:\gen_1_ram:gen_M4K:dat_A|asj_fft_data_ram_fft_121:dat_A|altsyncram:\gen_M4K:altsyncram_component|altsyncram_21t3:auto_generated|ram_block1a0~porta_address_reg0                         ;
; 9.378 ; 9.608        ; 0.230          ; Low Pulse Width ; Ts_clk ; Rise       ; fftfilter:u1|fft256:u0|asj_fft_si_sose_so_b_fft_121:asj_fft_si_sose_so_b_fft_121_inst|asj_fft_1dp_ram_fft_121:\gen_1_ram:gen_M4K:dat_A|asj_fft_data_ram_fft_121:dat_A|altsyncram:\gen_M4K:altsyncram_component|altsyncram_21t3:auto_generated|ram_block1a0~porta_we_reg                               ;
; 9.378 ; 9.608        ; 0.230          ; Low Pulse Width ; Ts_clk ; Rise       ; fftfilter:u1|fft256:u0|asj_fft_si_sose_so_b_fft_121:asj_fft_si_sose_so_b_fft_121_inst|auk_dspip_avalon_streaming_sink_fft_121:auk_dsp_atlantic_sink_1|scfifo:\normal_fifo:fifo_eab_on:in_fifo|scfifo_udh1:auto_generated|a_dpfifo_no81:dpfifo|altsyncram_ssf1:FIFOram|ram_block1a0~porta_address_reg0 ;
; 9.378 ; 9.608        ; 0.230          ; Low Pulse Width ; Ts_clk ; Rise       ; fftfilter:u1|fft256:u0|asj_fft_si_sose_so_b_fft_121:asj_fft_si_sose_so_b_fft_121_inst|auk_dspip_avalon_streaming_sink_fft_121:auk_dsp_atlantic_sink_1|scfifo:\normal_fifo:fifo_eab_on:in_fifo|scfifo_udh1:auto_generated|a_dpfifo_no81:dpfifo|altsyncram_ssf1:FIFOram|ram_block1a0~porta_we_reg       ;
; 9.378 ; 9.608        ; 0.230          ; Low Pulse Width ; Ts_clk ; Rise       ; fftfilter:u1|shifter16_256:u3|altshift_taps:ALTSHIFT_TAPS_component|shift_taps_bbv:auto_generated|altsyncram_rga1:altsyncram2|ram_block3a0~porta_address_reg0                                                                                                                                         ;
; 9.378 ; 9.608        ; 0.230          ; Low Pulse Width ; Ts_clk ; Rise       ; ifftout:u2|fft256:u0|asj_fft_si_sose_so_b_fft_121:asj_fft_si_sose_so_b_fft_121_inst|asj_fft_1dp_ram_fft_121:\gen_1_ram:gen_M4K:dat_A|asj_fft_data_ram_fft_121:dat_A|altsyncram:\gen_M4K:altsyncram_component|altsyncram_21t3:auto_generated|ram_block1a0~porta_address_reg0                           ;
; 9.378 ; 9.608        ; 0.230          ; Low Pulse Width ; Ts_clk ; Rise       ; ifftout:u2|fft256:u0|asj_fft_si_sose_so_b_fft_121:asj_fft_si_sose_so_b_fft_121_inst|asj_fft_1dp_ram_fft_121:\gen_1_ram:gen_M4K:dat_A|asj_fft_data_ram_fft_121:dat_A|altsyncram:\gen_M4K:altsyncram_component|altsyncram_21t3:auto_generated|ram_block1a0~porta_we_reg                                 ;
; 9.378 ; 9.608        ; 0.230          ; Low Pulse Width ; Ts_clk ; Rise       ; window:u0|shifter16_2048:u6|altshift_taps:ALTSHIFT_TAPS_component|shift_taps_2mv:auto_generated|altsyncram_bpa1:altsyncram2|q_b[48]                                                                                                                                                                   ;
; 9.378 ; 9.608        ; 0.230          ; Low Pulse Width ; Ts_clk ; Rise       ; window:u0|shifter16_2048:u6|altshift_taps:ALTSHIFT_TAPS_component|shift_taps_2mv:auto_generated|altsyncram_bpa1:altsyncram2|q_b[49]                                                                                                                                                                   ;
; 9.378 ; 9.608        ; 0.230          ; Low Pulse Width ; Ts_clk ; Rise       ; window:u0|shifter16_2048:u6|altshift_taps:ALTSHIFT_TAPS_component|shift_taps_2mv:auto_generated|altsyncram_bpa1:altsyncram2|q_b[50]                                                                                                                                                                   ;
; 9.378 ; 9.608        ; 0.230          ; Low Pulse Width ; Ts_clk ; Rise       ; window:u0|shifter16_2048:u6|altshift_taps:ALTSHIFT_TAPS_component|shift_taps_2mv:auto_generated|altsyncram_bpa1:altsyncram2|q_b[51]                                                                                                                                                                   ;
; 9.378 ; 9.608        ; 0.230          ; Low Pulse Width ; Ts_clk ; Rise       ; window:u0|shifter16_2048:u6|altshift_taps:ALTSHIFT_TAPS_component|shift_taps_2mv:auto_generated|altsyncram_bpa1:altsyncram2|q_b[52]                                                                                                                                                                   ;
; 9.378 ; 9.608        ; 0.230          ; Low Pulse Width ; Ts_clk ; Rise       ; window:u0|shifter16_2048:u6|altshift_taps:ALTSHIFT_TAPS_component|shift_taps_2mv:auto_generated|altsyncram_bpa1:altsyncram2|q_b[53]                                                                                                                                                                   ;
; 9.378 ; 9.608        ; 0.230          ; Low Pulse Width ; Ts_clk ; Rise       ; window:u0|shifter16_2048:u6|altshift_taps:ALTSHIFT_TAPS_component|shift_taps_2mv:auto_generated|altsyncram_bpa1:altsyncram2|q_b[54]                                                                                                                                                                   ;
; 9.378 ; 9.608        ; 0.230          ; Low Pulse Width ; Ts_clk ; Rise       ; window:u0|shifter16_2048:u6|altshift_taps:ALTSHIFT_TAPS_component|shift_taps_2mv:auto_generated|altsyncram_bpa1:altsyncram2|q_b[55]                                                                                                                                                                   ;
; 9.378 ; 9.608        ; 0.230          ; Low Pulse Width ; Ts_clk ; Rise       ; window:u0|shifter16_2048:u6|altshift_taps:ALTSHIFT_TAPS_component|shift_taps_2mv:auto_generated|altsyncram_bpa1:altsyncram2|q_b[64]                                                                                                                                                                   ;
; 9.378 ; 9.608        ; 0.230          ; Low Pulse Width ; Ts_clk ; Rise       ; window:u0|shifter16_2048:u6|altshift_taps:ALTSHIFT_TAPS_component|shift_taps_2mv:auto_generated|altsyncram_bpa1:altsyncram2|q_b[65]                                                                                                                                                                   ;
; 9.378 ; 9.608        ; 0.230          ; Low Pulse Width ; Ts_clk ; Rise       ; window:u0|shifter16_2048:u6|altshift_taps:ALTSHIFT_TAPS_component|shift_taps_2mv:auto_generated|altsyncram_bpa1:altsyncram2|q_b[66]                                                                                                                                                                   ;
; 9.378 ; 9.608        ; 0.230          ; Low Pulse Width ; Ts_clk ; Rise       ; window:u0|shifter16_2048:u6|altshift_taps:ALTSHIFT_TAPS_component|shift_taps_2mv:auto_generated|altsyncram_bpa1:altsyncram2|q_b[67]                                                                                                                                                                   ;
; 9.378 ; 9.608        ; 0.230          ; Low Pulse Width ; Ts_clk ; Rise       ; window:u0|shifter16_2048:u6|altshift_taps:ALTSHIFT_TAPS_component|shift_taps_2mv:auto_generated|altsyncram_bpa1:altsyncram2|q_b[68]                                                                                                                                                                   ;
; 9.378 ; 9.608        ; 0.230          ; Low Pulse Width ; Ts_clk ; Rise       ; window:u0|shifter16_2048:u6|altshift_taps:ALTSHIFT_TAPS_component|shift_taps_2mv:auto_generated|altsyncram_bpa1:altsyncram2|q_b[69]                                                                                                                                                                   ;
; 9.378 ; 9.608        ; 0.230          ; Low Pulse Width ; Ts_clk ; Rise       ; window:u0|shifter16_2048:u6|altshift_taps:ALTSHIFT_TAPS_component|shift_taps_2mv:auto_generated|altsyncram_bpa1:altsyncram2|q_b[70]                                                                                                                                                                   ;
; 9.378 ; 9.608        ; 0.230          ; Low Pulse Width ; Ts_clk ; Rise       ; window:u0|shifter16_2048:u6|altshift_taps:ALTSHIFT_TAPS_component|shift_taps_2mv:auto_generated|altsyncram_bpa1:altsyncram2|q_b[71]                                                                                                                                                                   ;
; 9.378 ; 9.608        ; 0.230          ; Low Pulse Width ; Ts_clk ; Rise       ; window:u0|shifter16_2048:u6|altshift_taps:ALTSHIFT_TAPS_component|shift_taps_2mv:auto_generated|altsyncram_bpa1:altsyncram2|q_b[72]                                                                                                                                                                   ;
; 9.378 ; 9.608        ; 0.230          ; Low Pulse Width ; Ts_clk ; Rise       ; window:u0|shifter16_2048:u6|altshift_taps:ALTSHIFT_TAPS_component|shift_taps_2mv:auto_generated|altsyncram_bpa1:altsyncram2|q_b[73]                                                                                                                                                                   ;
; 9.378 ; 9.608        ; 0.230          ; Low Pulse Width ; Ts_clk ; Rise       ; window:u0|shifter16_2048:u6|altshift_taps:ALTSHIFT_TAPS_component|shift_taps_2mv:auto_generated|altsyncram_bpa1:altsyncram2|q_b[74]                                                                                                                                                                   ;
; 9.378 ; 9.608        ; 0.230          ; Low Pulse Width ; Ts_clk ; Rise       ; window:u0|shifter16_2048:u6|altshift_taps:ALTSHIFT_TAPS_component|shift_taps_2mv:auto_generated|altsyncram_bpa1:altsyncram2|q_b[75]                                                                                                                                                                   ;
; 9.378 ; 9.608        ; 0.230          ; Low Pulse Width ; Ts_clk ; Rise       ; window:u0|shifter16_2048:u6|altshift_taps:ALTSHIFT_TAPS_component|shift_taps_2mv:auto_generated|altsyncram_bpa1:altsyncram2|q_b[76]                                                                                                                                                                   ;
; 9.378 ; 9.608        ; 0.230          ; Low Pulse Width ; Ts_clk ; Rise       ; window:u0|shifter16_2048:u6|altshift_taps:ALTSHIFT_TAPS_component|shift_taps_2mv:auto_generated|altsyncram_bpa1:altsyncram2|q_b[77]                                                                                                                                                                   ;
; 9.378 ; 9.608        ; 0.230          ; Low Pulse Width ; Ts_clk ; Rise       ; window:u0|shifter16_2048:u6|altshift_taps:ALTSHIFT_TAPS_component|shift_taps_2mv:auto_generated|altsyncram_bpa1:altsyncram2|q_b[78]                                                                                                                                                                   ;
; 9.378 ; 9.608        ; 0.230          ; Low Pulse Width ; Ts_clk ; Rise       ; window:u0|shifter16_2048:u6|altshift_taps:ALTSHIFT_TAPS_component|shift_taps_2mv:auto_generated|altsyncram_bpa1:altsyncram2|q_b[79]                                                                                                                                                                   ;
; 9.378 ; 9.608        ; 0.230          ; Low Pulse Width ; Ts_clk ; Rise       ; window:u0|shifter16_2048:u6|altshift_taps:ALTSHIFT_TAPS_component|shift_taps_2mv:auto_generated|altsyncram_bpa1:altsyncram2|q_b[84]                                                                                                                                                                   ;
; 9.378 ; 9.608        ; 0.230          ; Low Pulse Width ; Ts_clk ; Rise       ; window:u0|shifter16_2048:u6|altshift_taps:ALTSHIFT_TAPS_component|shift_taps_2mv:auto_generated|altsyncram_bpa1:altsyncram2|q_b[85]                                                                                                                                                                   ;
; 9.378 ; 9.608        ; 0.230          ; Low Pulse Width ; Ts_clk ; Rise       ; window:u0|shifter16_2048:u6|altshift_taps:ALTSHIFT_TAPS_component|shift_taps_2mv:auto_generated|altsyncram_bpa1:altsyncram2|q_b[86]                                                                                                                                                                   ;
; 9.378 ; 9.608        ; 0.230          ; Low Pulse Width ; Ts_clk ; Rise       ; window:u0|shifter16_2048:u6|altshift_taps:ALTSHIFT_TAPS_component|shift_taps_2mv:auto_generated|altsyncram_bpa1:altsyncram2|q_b[87]                                                                                                                                                                   ;
; 9.378 ; 9.608        ; 0.230          ; Low Pulse Width ; Ts_clk ; Rise       ; window:u0|shifter16_2048:u6|altshift_taps:ALTSHIFT_TAPS_component|shift_taps_2mv:auto_generated|altsyncram_bpa1:altsyncram2|q_b[88]                                                                                                                                                                   ;
; 9.378 ; 9.608        ; 0.230          ; Low Pulse Width ; Ts_clk ; Rise       ; window:u0|shifter16_2048:u6|altshift_taps:ALTSHIFT_TAPS_component|shift_taps_2mv:auto_generated|altsyncram_bpa1:altsyncram2|q_b[89]                                                                                                                                                                   ;
; 9.378 ; 9.608        ; 0.230          ; Low Pulse Width ; Ts_clk ; Rise       ; window:u0|shifter16_2048:u6|altshift_taps:ALTSHIFT_TAPS_component|shift_taps_2mv:auto_generated|altsyncram_bpa1:altsyncram2|q_b[90]                                                                                                                                                                   ;
; 9.378 ; 9.608        ; 0.230          ; Low Pulse Width ; Ts_clk ; Rise       ; window:u0|shifter16_2048:u6|altshift_taps:ALTSHIFT_TAPS_component|shift_taps_2mv:auto_generated|altsyncram_bpa1:altsyncram2|q_b[91]                                                                                                                                                                   ;
; 9.378 ; 9.608        ; 0.230          ; Low Pulse Width ; Ts_clk ; Rise       ; window:u0|shifter16_2048:u6|altshift_taps:ALTSHIFT_TAPS_component|shift_taps_2mv:auto_generated|altsyncram_bpa1:altsyncram2|q_b[92]                                                                                                                                                                   ;
; 9.378 ; 9.608        ; 0.230          ; Low Pulse Width ; Ts_clk ; Rise       ; window:u0|shifter16_2048:u6|altshift_taps:ALTSHIFT_TAPS_component|shift_taps_2mv:auto_generated|altsyncram_bpa1:altsyncram2|q_b[93]                                                                                                                                                                   ;
; 9.378 ; 9.608        ; 0.230          ; Low Pulse Width ; Ts_clk ; Rise       ; window:u0|shifter16_2048:u6|altshift_taps:ALTSHIFT_TAPS_component|shift_taps_2mv:auto_generated|altsyncram_bpa1:altsyncram2|q_b[94]                                                                                                                                                                   ;
; 9.378 ; 9.608        ; 0.230          ; Low Pulse Width ; Ts_clk ; Rise       ; window:u0|shifter16_2048:u6|altshift_taps:ALTSHIFT_TAPS_component|shift_taps_2mv:auto_generated|altsyncram_bpa1:altsyncram2|q_b[95]                                                                                                                                                                   ;
; 9.378 ; 9.608        ; 0.230          ; Low Pulse Width ; Ts_clk ; Rise       ; window:u0|shifter16_2048:u6|altshift_taps:ALTSHIFT_TAPS_component|shift_taps_2mv:auto_generated|altsyncram_bpa1:altsyncram2|ram_block3a48~portb_address_reg0                                                                                                                                          ;
; 9.379 ; 9.609        ; 0.230          ; Low Pulse Width ; Ts_clk ; Rise       ; fftfilter:u1|altshift_taps:xkre0_rtl_0|shift_taps_ckm:auto_generated|altsyncram_t861:altsyncram4|ram_block7a0                                                                                                                                                                                         ;
; 9.379 ; 9.609        ; 0.230          ; Low Pulse Width ; Ts_clk ; Rise       ; fftfilter:u1|altshift_taps:xkre0_rtl_0|shift_taps_ckm:auto_generated|altsyncram_t861:altsyncram4|ram_block7a0~portb_address_reg0                                                                                                                                                                      ;
; 9.379 ; 9.609        ; 0.230          ; Low Pulse Width ; Ts_clk ; Rise       ; fftfilter:u1|altshift_taps:xkre0_rtl_0|shift_taps_ckm:auto_generated|altsyncram_t861:altsyncram4|ram_block7a1                                                                                                                                                                                         ;
; 9.379 ; 9.609        ; 0.230          ; Low Pulse Width ; Ts_clk ; Rise       ; fftfilter:u1|altshift_taps:xkre0_rtl_0|shift_taps_ckm:auto_generated|altsyncram_t861:altsyncram4|ram_block7a10                                                                                                                                                                                        ;
; 9.379 ; 9.609        ; 0.230          ; Low Pulse Width ; Ts_clk ; Rise       ; fftfilter:u1|altshift_taps:xkre0_rtl_0|shift_taps_ckm:auto_generated|altsyncram_t861:altsyncram4|ram_block7a11                                                                                                                                                                                        ;
; 9.379 ; 9.609        ; 0.230          ; Low Pulse Width ; Ts_clk ; Rise       ; fftfilter:u1|altshift_taps:xkre0_rtl_0|shift_taps_ckm:auto_generated|altsyncram_t861:altsyncram4|ram_block7a12                                                                                                                                                                                        ;
; 9.379 ; 9.609        ; 0.230          ; Low Pulse Width ; Ts_clk ; Rise       ; fftfilter:u1|altshift_taps:xkre0_rtl_0|shift_taps_ckm:auto_generated|altsyncram_t861:altsyncram4|ram_block7a13                                                                                                                                                                                        ;
; 9.379 ; 9.609        ; 0.230          ; Low Pulse Width ; Ts_clk ; Rise       ; fftfilter:u1|altshift_taps:xkre0_rtl_0|shift_taps_ckm:auto_generated|altsyncram_t861:altsyncram4|ram_block7a14                                                                                                                                                                                        ;
; 9.379 ; 9.609        ; 0.230          ; Low Pulse Width ; Ts_clk ; Rise       ; fftfilter:u1|altshift_taps:xkre0_rtl_0|shift_taps_ckm:auto_generated|altsyncram_t861:altsyncram4|ram_block7a15                                                                                                                                                                                        ;
; 9.379 ; 9.609        ; 0.230          ; Low Pulse Width ; Ts_clk ; Rise       ; fftfilter:u1|altshift_taps:xkre0_rtl_0|shift_taps_ckm:auto_generated|altsyncram_t861:altsyncram4|ram_block7a16                                                                                                                                                                                        ;
; 9.379 ; 9.609        ; 0.230          ; Low Pulse Width ; Ts_clk ; Rise       ; fftfilter:u1|altshift_taps:xkre0_rtl_0|shift_taps_ckm:auto_generated|altsyncram_t861:altsyncram4|ram_block7a17                                                                                                                                                                                        ;
; 9.379 ; 9.609        ; 0.230          ; Low Pulse Width ; Ts_clk ; Rise       ; fftfilter:u1|altshift_taps:xkre0_rtl_0|shift_taps_ckm:auto_generated|altsyncram_t861:altsyncram4|ram_block7a18                                                                                                                                                                                        ;
; 9.379 ; 9.609        ; 0.230          ; Low Pulse Width ; Ts_clk ; Rise       ; fftfilter:u1|altshift_taps:xkre0_rtl_0|shift_taps_ckm:auto_generated|altsyncram_t861:altsyncram4|ram_block7a19                                                                                                                                                                                        ;
; 9.379 ; 9.609        ; 0.230          ; Low Pulse Width ; Ts_clk ; Rise       ; fftfilter:u1|altshift_taps:xkre0_rtl_0|shift_taps_ckm:auto_generated|altsyncram_t861:altsyncram4|ram_block7a2                                                                                                                                                                                         ;
; 9.379 ; 9.609        ; 0.230          ; Low Pulse Width ; Ts_clk ; Rise       ; fftfilter:u1|altshift_taps:xkre0_rtl_0|shift_taps_ckm:auto_generated|altsyncram_t861:altsyncram4|ram_block7a20                                                                                                                                                                                        ;
; 9.379 ; 9.609        ; 0.230          ; Low Pulse Width ; Ts_clk ; Rise       ; fftfilter:u1|altshift_taps:xkre0_rtl_0|shift_taps_ckm:auto_generated|altsyncram_t861:altsyncram4|ram_block7a21                                                                                                                                                                                        ;
; 9.379 ; 9.609        ; 0.230          ; Low Pulse Width ; Ts_clk ; Rise       ; fftfilter:u1|altshift_taps:xkre0_rtl_0|shift_taps_ckm:auto_generated|altsyncram_t861:altsyncram4|ram_block7a22                                                                                                                                                                                        ;
; 9.379 ; 9.609        ; 0.230          ; Low Pulse Width ; Ts_clk ; Rise       ; fftfilter:u1|altshift_taps:xkre0_rtl_0|shift_taps_ckm:auto_generated|altsyncram_t861:altsyncram4|ram_block7a23                                                                                                                                                                                        ;
; 9.379 ; 9.609        ; 0.230          ; Low Pulse Width ; Ts_clk ; Rise       ; fftfilter:u1|altshift_taps:xkre0_rtl_0|shift_taps_ckm:auto_generated|altsyncram_t861:altsyncram4|ram_block7a24                                                                                                                                                                                        ;
; 9.379 ; 9.609        ; 0.230          ; Low Pulse Width ; Ts_clk ; Rise       ; fftfilter:u1|altshift_taps:xkre0_rtl_0|shift_taps_ckm:auto_generated|altsyncram_t861:altsyncram4|ram_block7a25                                                                                                                                                                                        ;
; 9.379 ; 9.609        ; 0.230          ; Low Pulse Width ; Ts_clk ; Rise       ; fftfilter:u1|altshift_taps:xkre0_rtl_0|shift_taps_ckm:auto_generated|altsyncram_t861:altsyncram4|ram_block7a26                                                                                                                                                                                        ;
; 9.379 ; 9.609        ; 0.230          ; Low Pulse Width ; Ts_clk ; Rise       ; fftfilter:u1|altshift_taps:xkre0_rtl_0|shift_taps_ckm:auto_generated|altsyncram_t861:altsyncram4|ram_block7a27                                                                                                                                                                                        ;
; 9.379 ; 9.609        ; 0.230          ; Low Pulse Width ; Ts_clk ; Rise       ; fftfilter:u1|altshift_taps:xkre0_rtl_0|shift_taps_ckm:auto_generated|altsyncram_t861:altsyncram4|ram_block7a28                                                                                                                                                                                        ;
; 9.379 ; 9.609        ; 0.230          ; Low Pulse Width ; Ts_clk ; Rise       ; fftfilter:u1|altshift_taps:xkre0_rtl_0|shift_taps_ckm:auto_generated|altsyncram_t861:altsyncram4|ram_block7a29                                                                                                                                                                                        ;
; 9.379 ; 9.609        ; 0.230          ; Low Pulse Width ; Ts_clk ; Rise       ; fftfilter:u1|altshift_taps:xkre0_rtl_0|shift_taps_ckm:auto_generated|altsyncram_t861:altsyncram4|ram_block7a3                                                                                                                                                                                         ;
; 9.379 ; 9.609        ; 0.230          ; Low Pulse Width ; Ts_clk ; Rise       ; fftfilter:u1|altshift_taps:xkre0_rtl_0|shift_taps_ckm:auto_generated|altsyncram_t861:altsyncram4|ram_block7a30                                                                                                                                                                                        ;
; 9.379 ; 9.609        ; 0.230          ; Low Pulse Width ; Ts_clk ; Rise       ; fftfilter:u1|altshift_taps:xkre0_rtl_0|shift_taps_ckm:auto_generated|altsyncram_t861:altsyncram4|ram_block7a31                                                                                                                                                                                        ;
; 9.379 ; 9.609        ; 0.230          ; Low Pulse Width ; Ts_clk ; Rise       ; fftfilter:u1|altshift_taps:xkre0_rtl_0|shift_taps_ckm:auto_generated|altsyncram_t861:altsyncram4|ram_block7a4                                                                                                                                                                                         ;
; 9.379 ; 9.609        ; 0.230          ; Low Pulse Width ; Ts_clk ; Rise       ; fftfilter:u1|altshift_taps:xkre0_rtl_0|shift_taps_ckm:auto_generated|altsyncram_t861:altsyncram4|ram_block7a5                                                                                                                                                                                         ;
; 9.379 ; 9.609        ; 0.230          ; Low Pulse Width ; Ts_clk ; Rise       ; fftfilter:u1|altshift_taps:xkre0_rtl_0|shift_taps_ckm:auto_generated|altsyncram_t861:altsyncram4|ram_block7a6                                                                                                                                                                                         ;
; 9.379 ; 9.609        ; 0.230          ; Low Pulse Width ; Ts_clk ; Rise       ; fftfilter:u1|altshift_taps:xkre0_rtl_0|shift_taps_ckm:auto_generated|altsyncram_t861:altsyncram4|ram_block7a7                                                                                                                                                                                         ;
; 9.379 ; 9.609        ; 0.230          ; Low Pulse Width ; Ts_clk ; Rise       ; fftfilter:u1|altshift_taps:xkre0_rtl_0|shift_taps_ckm:auto_generated|altsyncram_t861:altsyncram4|ram_block7a8                                                                                                                                                                                         ;
; 9.379 ; 9.609        ; 0.230          ; Low Pulse Width ; Ts_clk ; Rise       ; fftfilter:u1|altshift_taps:xkre0_rtl_0|shift_taps_ckm:auto_generated|altsyncram_t861:altsyncram4|ram_block7a9                                                                                                                                                                                         ;
; 9.379 ; 9.609        ; 0.230          ; Low Pulse Width ; Ts_clk ; Rise       ; fftfilter:u1|fft256:u0|asj_fft_si_sose_so_b_fft_121:asj_fft_si_sose_so_b_fft_121_inst|asj_fft_1dp_ram_fft_121:\gen_1_ram:gen_M4K:dat_A|asj_fft_data_ram_fft_121:dat_A|altsyncram:\gen_M4K:altsyncram_component|altsyncram_21t3:auto_generated|q_b[0]                                                  ;
; 9.379 ; 9.609        ; 0.230          ; Low Pulse Width ; Ts_clk ; Rise       ; fftfilter:u1|fft256:u0|asj_fft_si_sose_so_b_fft_121:asj_fft_si_sose_so_b_fft_121_inst|asj_fft_1dp_ram_fft_121:\gen_1_ram:gen_M4K:dat_A|asj_fft_data_ram_fft_121:dat_A|altsyncram:\gen_M4K:altsyncram_component|altsyncram_21t3:auto_generated|q_b[10]                                                 ;
; 9.379 ; 9.609        ; 0.230          ; Low Pulse Width ; Ts_clk ; Rise       ; fftfilter:u1|fft256:u0|asj_fft_si_sose_so_b_fft_121:asj_fft_si_sose_so_b_fft_121_inst|asj_fft_1dp_ram_fft_121:\gen_1_ram:gen_M4K:dat_A|asj_fft_data_ram_fft_121:dat_A|altsyncram:\gen_M4K:altsyncram_component|altsyncram_21t3:auto_generated|q_b[11]                                                 ;
; 9.379 ; 9.609        ; 0.230          ; Low Pulse Width ; Ts_clk ; Rise       ; fftfilter:u1|fft256:u0|asj_fft_si_sose_so_b_fft_121:asj_fft_si_sose_so_b_fft_121_inst|asj_fft_1dp_ram_fft_121:\gen_1_ram:gen_M4K:dat_A|asj_fft_data_ram_fft_121:dat_A|altsyncram:\gen_M4K:altsyncram_component|altsyncram_21t3:auto_generated|q_b[12]                                                 ;
; 9.379 ; 9.609        ; 0.230          ; Low Pulse Width ; Ts_clk ; Rise       ; fftfilter:u1|fft256:u0|asj_fft_si_sose_so_b_fft_121:asj_fft_si_sose_so_b_fft_121_inst|asj_fft_1dp_ram_fft_121:\gen_1_ram:gen_M4K:dat_A|asj_fft_data_ram_fft_121:dat_A|altsyncram:\gen_M4K:altsyncram_component|altsyncram_21t3:auto_generated|q_b[13]                                                 ;
; 9.379 ; 9.609        ; 0.230          ; Low Pulse Width ; Ts_clk ; Rise       ; fftfilter:u1|fft256:u0|asj_fft_si_sose_so_b_fft_121:asj_fft_si_sose_so_b_fft_121_inst|asj_fft_1dp_ram_fft_121:\gen_1_ram:gen_M4K:dat_A|asj_fft_data_ram_fft_121:dat_A|altsyncram:\gen_M4K:altsyncram_component|altsyncram_21t3:auto_generated|q_b[14]                                                 ;
; 9.379 ; 9.609        ; 0.230          ; Low Pulse Width ; Ts_clk ; Rise       ; fftfilter:u1|fft256:u0|asj_fft_si_sose_so_b_fft_121:asj_fft_si_sose_so_b_fft_121_inst|asj_fft_1dp_ram_fft_121:\gen_1_ram:gen_M4K:dat_A|asj_fft_data_ram_fft_121:dat_A|altsyncram:\gen_M4K:altsyncram_component|altsyncram_21t3:auto_generated|q_b[15]                                                 ;
; 9.379 ; 9.609        ; 0.230          ; Low Pulse Width ; Ts_clk ; Rise       ; fftfilter:u1|fft256:u0|asj_fft_si_sose_so_b_fft_121:asj_fft_si_sose_so_b_fft_121_inst|asj_fft_1dp_ram_fft_121:\gen_1_ram:gen_M4K:dat_A|asj_fft_data_ram_fft_121:dat_A|altsyncram:\gen_M4K:altsyncram_component|altsyncram_21t3:auto_generated|q_b[16]                                                 ;
; 9.379 ; 9.609        ; 0.230          ; Low Pulse Width ; Ts_clk ; Rise       ; fftfilter:u1|fft256:u0|asj_fft_si_sose_so_b_fft_121:asj_fft_si_sose_so_b_fft_121_inst|asj_fft_1dp_ram_fft_121:\gen_1_ram:gen_M4K:dat_A|asj_fft_data_ram_fft_121:dat_A|altsyncram:\gen_M4K:altsyncram_component|altsyncram_21t3:auto_generated|q_b[17]                                                 ;
; 9.379 ; 9.609        ; 0.230          ; Low Pulse Width ; Ts_clk ; Rise       ; fftfilter:u1|fft256:u0|asj_fft_si_sose_so_b_fft_121:asj_fft_si_sose_so_b_fft_121_inst|asj_fft_1dp_ram_fft_121:\gen_1_ram:gen_M4K:dat_A|asj_fft_data_ram_fft_121:dat_A|altsyncram:\gen_M4K:altsyncram_component|altsyncram_21t3:auto_generated|q_b[18]                                                 ;
; 9.379 ; 9.609        ; 0.230          ; Low Pulse Width ; Ts_clk ; Rise       ; fftfilter:u1|fft256:u0|asj_fft_si_sose_so_b_fft_121:asj_fft_si_sose_so_b_fft_121_inst|asj_fft_1dp_ram_fft_121:\gen_1_ram:gen_M4K:dat_A|asj_fft_data_ram_fft_121:dat_A|altsyncram:\gen_M4K:altsyncram_component|altsyncram_21t3:auto_generated|q_b[19]                                                 ;
; 9.379 ; 9.609        ; 0.230          ; Low Pulse Width ; Ts_clk ; Rise       ; fftfilter:u1|fft256:u0|asj_fft_si_sose_so_b_fft_121:asj_fft_si_sose_so_b_fft_121_inst|asj_fft_1dp_ram_fft_121:\gen_1_ram:gen_M4K:dat_A|asj_fft_data_ram_fft_121:dat_A|altsyncram:\gen_M4K:altsyncram_component|altsyncram_21t3:auto_generated|q_b[1]                                                  ;
; 9.379 ; 9.609        ; 0.230          ; Low Pulse Width ; Ts_clk ; Rise       ; fftfilter:u1|fft256:u0|asj_fft_si_sose_so_b_fft_121:asj_fft_si_sose_so_b_fft_121_inst|asj_fft_1dp_ram_fft_121:\gen_1_ram:gen_M4K:dat_A|asj_fft_data_ram_fft_121:dat_A|altsyncram:\gen_M4K:altsyncram_component|altsyncram_21t3:auto_generated|q_b[20]                                                 ;
; 9.379 ; 9.609        ; 0.230          ; Low Pulse Width ; Ts_clk ; Rise       ; fftfilter:u1|fft256:u0|asj_fft_si_sose_so_b_fft_121:asj_fft_si_sose_so_b_fft_121_inst|asj_fft_1dp_ram_fft_121:\gen_1_ram:gen_M4K:dat_A|asj_fft_data_ram_fft_121:dat_A|altsyncram:\gen_M4K:altsyncram_component|altsyncram_21t3:auto_generated|q_b[21]                                                 ;
; 9.379 ; 9.609        ; 0.230          ; Low Pulse Width ; Ts_clk ; Rise       ; fftfilter:u1|fft256:u0|asj_fft_si_sose_so_b_fft_121:asj_fft_si_sose_so_b_fft_121_inst|asj_fft_1dp_ram_fft_121:\gen_1_ram:gen_M4K:dat_A|asj_fft_data_ram_fft_121:dat_A|altsyncram:\gen_M4K:altsyncram_component|altsyncram_21t3:auto_generated|q_b[22]                                                 ;
; 9.379 ; 9.609        ; 0.230          ; Low Pulse Width ; Ts_clk ; Rise       ; fftfilter:u1|fft256:u0|asj_fft_si_sose_so_b_fft_121:asj_fft_si_sose_so_b_fft_121_inst|asj_fft_1dp_ram_fft_121:\gen_1_ram:gen_M4K:dat_A|asj_fft_data_ram_fft_121:dat_A|altsyncram:\gen_M4K:altsyncram_component|altsyncram_21t3:auto_generated|q_b[23]                                                 ;
; 9.379 ; 9.609        ; 0.230          ; Low Pulse Width ; Ts_clk ; Rise       ; fftfilter:u1|fft256:u0|asj_fft_si_sose_so_b_fft_121:asj_fft_si_sose_so_b_fft_121_inst|asj_fft_1dp_ram_fft_121:\gen_1_ram:gen_M4K:dat_A|asj_fft_data_ram_fft_121:dat_A|altsyncram:\gen_M4K:altsyncram_component|altsyncram_21t3:auto_generated|q_b[24]                                                 ;
; 9.379 ; 9.609        ; 0.230          ; Low Pulse Width ; Ts_clk ; Rise       ; fftfilter:u1|fft256:u0|asj_fft_si_sose_so_b_fft_121:asj_fft_si_sose_so_b_fft_121_inst|asj_fft_1dp_ram_fft_121:\gen_1_ram:gen_M4K:dat_A|asj_fft_data_ram_fft_121:dat_A|altsyncram:\gen_M4K:altsyncram_component|altsyncram_21t3:auto_generated|q_b[25]                                                 ;
; 9.379 ; 9.609        ; 0.230          ; Low Pulse Width ; Ts_clk ; Rise       ; fftfilter:u1|fft256:u0|asj_fft_si_sose_so_b_fft_121:asj_fft_si_sose_so_b_fft_121_inst|asj_fft_1dp_ram_fft_121:\gen_1_ram:gen_M4K:dat_A|asj_fft_data_ram_fft_121:dat_A|altsyncram:\gen_M4K:altsyncram_component|altsyncram_21t3:auto_generated|q_b[26]                                                 ;
+-------+--------------+----------------+-----------------+--------+------------+-------------------------------------------------------------------------------------------------------------------------------------------------------------------------------------------------------------------------------------------------------------------------------------------------------+


+-----------------------------------------------------------------------+
; Setup Times                                                           ;
+-----------+------------+-------+-------+------------+-----------------+
; Data Port ; Clock Port ; Rise  ; Fall  ; Clock Edge ; Clock Reference ;
+-----------+------------+-------+-------+------------+-----------------+
; rst       ; Ts_clk     ; 1.562 ; 1.695 ; Rise       ; Ts_clk          ;
+-----------+------------+-------+-------+------------+-----------------+


+-----------------------------------------------------------------------+
; Hold Times                                                            ;
+-----------+------------+-------+-------+------------+-----------------+
; Data Port ; Clock Port ; Rise  ; Fall  ; Clock Edge ; Clock Reference ;
+-----------+------------+-------+-------+------------+-----------------+
; rst       ; Ts_clk     ; 0.472 ; 0.151 ; Rise       ; Ts_clk          ;
+-----------+------------+-------+-------+------------+-----------------+


+-----------------------------------------------------------------------+
; Clock to Output Times                                                 ;
+-----------+------------+-------+-------+------------+-----------------+
; Data Port ; Clock Port ; Rise  ; Fall  ; Clock Edge ; Clock Reference ;
+-----------+------------+-------+-------+------------+-----------------+
; clkdv     ; Ts_clk     ; 3.101 ; 3.138 ; Rise       ; Ts_clk          ;
+-----------+------------+-------+-------+------------+-----------------+


+-----------------------------------------------------------------------+
; Minimum Clock to Output Times                                         ;
+-----------+------------+-------+-------+------------+-----------------+
; Data Port ; Clock Port ; Rise  ; Fall  ; Clock Edge ; Clock Reference ;
+-----------+------------+-------+-------+------------+-----------------+
; clkdv     ; Ts_clk     ; 3.012 ; 3.046 ; Rise       ; Ts_clk          ;
+-----------+------------+-------+-------+------------+-----------------+


---------------------------------------------
; Fast 1200mV 0C Model Metastability Report ;
---------------------------------------------
No synchronizer chains to report.


+------------------------------------------------------------------------------+
; Multicorner Timing Analysis Summary                                          ;
+------------------+--------+-------+----------+---------+---------------------+
; Clock            ; Setup  ; Hold  ; Recovery ; Removal ; Minimum Pulse Width ;
+------------------+--------+-------+----------+---------+---------------------+
; Worst-case Slack ; 10.796 ; 0.114 ; 17.384   ; 0.815   ; 9.377               ;
;  Ts_clk          ; 10.796 ; 0.114 ; 17.384   ; 0.815   ; 9.377               ;
; Design-wide TNS  ; 0.0    ; 0.0   ; 0.0      ; 0.0     ; 0.0                 ;
;  Ts_clk          ; 0.000  ; 0.000 ; 0.000    ; 0.000   ; 0.000               ;
+------------------+--------+-------+----------+---------+---------------------+


+-----------------------------------------------------------------------+
; Setup Times                                                           ;
+-----------+------------+-------+-------+------------+-----------------+
; Data Port ; Clock Port ; Rise  ; Fall  ; Clock Edge ; Clock Reference ;
+-----------+------------+-------+-------+------------+-----------------+
; rst       ; Ts_clk     ; 3.142 ; 3.303 ; Rise       ; Ts_clk          ;
+-----------+------------+-------+-------+------------+-----------------+


+-----------------------------------------------------------------------+
; Hold Times                                                            ;
+-----------+------------+-------+-------+------------+-----------------+
; Data Port ; Clock Port ; Rise  ; Fall  ; Clock Edge ; Clock Reference ;
+-----------+------------+-------+-------+------------+-----------------+
; rst       ; Ts_clk     ; 1.047 ; 0.906 ; Rise       ; Ts_clk          ;
+-----------+------------+-------+-------+------------+-----------------+


+-----------------------------------------------------------------------+
; Clock to Output Times                                                 ;
+-----------+------------+-------+-------+------------+-----------------+
; Data Port ; Clock Port ; Rise  ; Fall  ; Clock Edge ; Clock Reference ;
+-----------+------------+-------+-------+------------+-----------------+
; clkdv     ; Ts_clk     ; 6.538 ; 6.428 ; Rise       ; Ts_clk          ;
+-----------+------------+-------+-------+------------+-----------------+


+-----------------------------------------------------------------------+
; Minimum Clock to Output Times                                         ;
+-----------+------------+-------+-------+------------+-----------------+
; Data Port ; Clock Port ; Rise  ; Fall  ; Clock Edge ; Clock Reference ;
+-----------+------------+-------+-------+------------+-----------------+
; clkdv     ; Ts_clk     ; 3.012 ; 3.046 ; Rise       ; Ts_clk          ;
+-----------+------------+-------+-------+------------+-----------------+


+------------------------------------------------------------------------------------------------------------------------------------------------------------------------------------------------------------------------------------------------------------------------------------------------------------------------------------------------------------------+
; Board Trace Model Assignments                                                                                                                                                                                                                                                                                                                                    ;
+---------------+--------------+-------------------+-------------------------+-------------------------+---------------+---------------------+----------------+------------------+--------+------------------+------------------------+------------------------+--------------+---------------+-----------------+-------+---------------------+--------------------+
; Pin           ; I/O Standard ; Near Tline Length ; Near Tline L per Length ; Near Tline C per Length ; Near Series R ; Near Differential R ; Near Pull-up R ; Near Pull-down R ; Near C ; Far Tline Length ; Far Tline L per Length ; Far Tline C per Length ; Far Series R ; Far Pull-up R ; Far Pull-down R ; Far C ; Termination Voltage ; Far Differential R ;
+---------------+--------------+-------------------+-------------------------+-------------------------+---------------+---------------------+----------------+------------------+--------+------------------+------------------------+------------------------+--------------+---------------+-----------------+-------+---------------------+--------------------+
; clkdv         ; 2.5 V        ; 0 in              ; 0 H/in                  ; 0 F/in                  ; short         ; -                   ; open           ; open             ; open   ; 0 in             ; 0 H/in                 ; 0 F/in                 ; short        ; open          ; open            ; open  ; 0 V                 ; -                  ;
; dout[0]       ; 2.5 V        ; 0 in              ; 0 H/in                  ; 0 F/in                  ; short         ; -                   ; open           ; open             ; open   ; 0 in             ; 0 H/in                 ; 0 F/in                 ; short        ; open          ; open            ; open  ; 0 V                 ; -                  ;
; dout[1]       ; 2.5 V        ; 0 in              ; 0 H/in                  ; 0 F/in                  ; short         ; -                   ; open           ; open             ; open   ; 0 in             ; 0 H/in                 ; 0 F/in                 ; short        ; open          ; open            ; open  ; 0 V                 ; -                  ;
; dout[2]       ; 2.5 V        ; 0 in              ; 0 H/in                  ; 0 F/in                  ; short         ; -                   ; open           ; open             ; open   ; 0 in             ; 0 H/in                 ; 0 F/in                 ; short        ; open          ; open            ; open  ; 0 V                 ; -                  ;
; dout[3]       ; 2.5 V        ; 0 in              ; 0 H/in                  ; 0 F/in                  ; short         ; -                   ; open           ; open             ; open   ; 0 in             ; 0 H/in                 ; 0 F/in                 ; short        ; open          ; open            ; open  ; 0 V                 ; -                  ;
; dout[4]       ; 2.5 V        ; 0 in              ; 0 H/in                  ; 0 F/in                  ; short         ; -                   ; open           ; open             ; open   ; 0 in             ; 0 H/in                 ; 0 F/in                 ; short        ; open          ; open            ; open  ; 0 V                 ; -                  ;
; dout[5]       ; 2.5 V        ; 0 in              ; 0 H/in                  ; 0 F/in                  ; short         ; -                   ; open           ; open             ; open   ; 0 in             ; 0 H/in                 ; 0 F/in                 ; short        ; open          ; open            ; open  ; 0 V                 ; -                  ;
; dout[6]       ; 2.5 V        ; 0 in              ; 0 H/in                  ; 0 F/in                  ; short         ; -                   ; open           ; open             ; open   ; 0 in             ; 0 H/in                 ; 0 F/in                 ; short        ; open          ; open            ; open  ; 0 V                 ; -                  ;
; dout[7]       ; 2.5 V        ; 0 in              ; 0 H/in                  ; 0 F/in                  ; short         ; -                   ; open           ; open             ; open   ; 0 in             ; 0 H/in                 ; 0 F/in                 ; short        ; open          ; open            ; open  ; 0 V                 ; -                  ;
; dout[8]       ; 2.5 V        ; 0 in              ; 0 H/in                  ; 0 F/in                  ; short         ; -                   ; open           ; open             ; open   ; 0 in             ; 0 H/in                 ; 0 F/in                 ; short        ; open          ; open            ; open  ; 0 V                 ; -                  ;
; dout[9]       ; 2.5 V        ; 0 in              ; 0 H/in                  ; 0 F/in                  ; short         ; -                   ; open           ; open             ; open   ; 0 in             ; 0 H/in                 ; 0 F/in                 ; short        ; open          ; open            ; open  ; 0 V                 ; -                  ;
; dout[10]      ; 2.5 V        ; 0 in              ; 0 H/in                  ; 0 F/in                  ; short         ; -                   ; open           ; open             ; open   ; 0 in             ; 0 H/in                 ; 0 F/in                 ; short        ; open          ; open            ; open  ; 0 V                 ; -                  ;
; dout[11]      ; 2.5 V        ; 0 in              ; 0 H/in                  ; 0 F/in                  ; short         ; -                   ; open           ; open             ; open   ; 0 in             ; 0 H/in                 ; 0 F/in                 ; short        ; open          ; open            ; open  ; 0 V                 ; -                  ;
; dout[12]      ; 2.5 V        ; 0 in              ; 0 H/in                  ; 0 F/in                  ; short         ; -                   ; open           ; open             ; open   ; 0 in             ; 0 H/in                 ; 0 F/in                 ; short        ; open          ; open            ; open  ; 0 V                 ; -                  ;
; dout[13]      ; 2.5 V        ; 0 in              ; 0 H/in                  ; 0 F/in                  ; short         ; -                   ; open           ; open             ; open   ; 0 in             ; 0 H/in                 ; 0 F/in                 ; short        ; open          ; open            ; open  ; 0 V                 ; -                  ;
; dout[14]      ; 2.5 V        ; 0 in              ; 0 H/in                  ; 0 F/in                  ; short         ; -                   ; open           ; open             ; open   ; 0 in             ; 0 H/in                 ; 0 F/in                 ; short        ; open          ; open            ; open  ; 0 V                 ; -                  ;
; dout[15]      ; 2.5 V        ; 0 in              ; 0 H/in                  ; 0 F/in                  ; short         ; -                   ; open           ; open             ; open   ; 0 in             ; 0 H/in                 ; 0 F/in                 ; short        ; open          ; open            ; open  ; 0 V                 ; -                  ;
; ~ALTERA_DCLK~ ; 2.5 V        ; 0 in              ; 0 H/in                  ; 0 F/in                  ; short         ; -                   ; open           ; open             ; open   ; 0 in             ; 0 H/in                 ; 0 F/in                 ; short        ; open          ; open            ; open  ; 0 V                 ; -                  ;
; ~ALTERA_nCEO~ ; 2.5 V        ; 0 in              ; 0 H/in                  ; 0 F/in                  ; short         ; -                   ; open           ; open             ; open   ; 0 in             ; 0 H/in                 ; 0 F/in                 ; short        ; open          ; open            ; open  ; 0 V                 ; -                  ;
+---------------+--------------+-------------------+-------------------------+-------------------------+---------------+---------------------+----------------+------------------+--------+------------------+------------------------+------------------------+--------------+---------------+-----------------+-------+---------------------+--------------------+


+----------------------------------------------------------------------------+
; Input Transition Times                                                     ;
+-------------------------+--------------+-----------------+-----------------+
; Pin                     ; I/O Standard ; 10-90 Rise Time ; 90-10 Fall Time ;
+-------------------------+--------------+-----------------+-----------------+
; clk                     ; 2.5 V        ; 2000 ps         ; 2000 ps         ;
; rst                     ; 2.5 V        ; 2000 ps         ; 2000 ps         ;
; din[0]                  ; 2.5 V        ; 2000 ps         ; 2000 ps         ;
; din[1]                  ; 2.5 V        ; 2000 ps         ; 2000 ps         ;
; din[2]                  ; 2.5 V        ; 2000 ps         ; 2000 ps         ;
; din[3]                  ; 2.5 V        ; 2000 ps         ; 2000 ps         ;
; din[4]                  ; 2.5 V        ; 2000 ps         ; 2000 ps         ;
; din[5]                  ; 2.5 V        ; 2000 ps         ; 2000 ps         ;
; din[6]                  ; 2.5 V        ; 2000 ps         ; 2000 ps         ;
; din[7]                  ; 2.5 V        ; 2000 ps         ; 2000 ps         ;
; din[8]                  ; 2.5 V        ; 2000 ps         ; 2000 ps         ;
; din[9]                  ; 2.5 V        ; 2000 ps         ; 2000 ps         ;
; din[10]                 ; 2.5 V        ; 2000 ps         ; 2000 ps         ;
; din[11]                 ; 2.5 V        ; 2000 ps         ; 2000 ps         ;
; ~ALTERA_ASDO_DATA1~     ; 2.5 V        ; 2000 ps         ; 2000 ps         ;
; ~ALTERA_FLASH_nCE_nCSO~ ; 2.5 V        ; 2000 ps         ; 2000 ps         ;
; ~ALTERA_DATA0~          ; 2.5 V        ; 2000 ps         ; 2000 ps         ;
+-------------------------+--------------+-----------------+-----------------+


+--------------------------------------------------------------------------------------------------------------------------------------------------------------------------------------------------------------------------------------------------------------------------------------------------------------------------------------------------------------------------------------------------------------------------------------------------------------------------------------------------------------------------------------------------------------------------------------------------------------------------------------------------------------------------------------------+
; Signal Integrity Metrics (Slow 1200mv 0c Model)                                                                                                                                                                                                                                                                                                                                                                                                                                                                                                                                                                                                                                            ;
+---------------+--------------+---------------------+---------------------+------------------------------+------------------------------+---------------------+---------------------+--------------------------------------+--------------------------------------+-----------------------------+-----------------------------+----------------------------+----------------------------+-----------------------------+-----------------------------+--------------------+--------------------+-------------------------------------+-------------------------------------+----------------------------+----------------------------+---------------------------+---------------------------+
; Pin           ; I/O Standard ; Board Delay on Rise ; Board Delay on Fall ; Steady State Voh at FPGA Pin ; Steady State Vol at FPGA Pin ; Voh Max at FPGA Pin ; Vol Min at FPGA Pin ; Ringback Voltage on Rise at FPGA Pin ; Ringback Voltage on Fall at FPGA Pin ; 10-90 Rise Time at FPGA Pin ; 90-10 Fall Time at FPGA Pin ; Monotonic Rise at FPGA Pin ; Monotonic Fall at FPGA Pin ; Steady State Voh at Far-end ; Steady State Vol at Far-end ; Voh Max at Far-end ; Vol Min at Far-end ; Ringback Voltage on Rise at Far-end ; Ringback Voltage on Fall at Far-end ; 10-90 Rise Time at Far-end ; 90-10 Fall Time at Far-end ; Monotonic Rise at Far-end ; Monotonic Fall at Far-end ;
+---------------+--------------+---------------------+---------------------+------------------------------+------------------------------+---------------------+---------------------+--------------------------------------+--------------------------------------+-----------------------------+-----------------------------+----------------------------+----------------------------+-----------------------------+-----------------------------+--------------------+--------------------+-------------------------------------+-------------------------------------+----------------------------+----------------------------+---------------------------+---------------------------+
; clkdv         ; 2.5 V        ; 0 s                 ; 0 s                 ; 2.32 V                       ; 2.13e-09 V                   ; 2.35 V              ; -0.0129 V           ; 0.191 V                              ; 0.049 V                              ; 7.21e-10 s                  ; 7.09e-10 s                  ; Yes                        ; Yes                        ; 2.32 V                      ; 2.13e-09 V                  ; 2.35 V             ; -0.0129 V          ; 0.191 V                             ; 0.049 V                             ; 7.21e-10 s                 ; 7.09e-10 s                 ; Yes                       ; Yes                       ;
; dout[0]       ; 2.5 V        ; 0 s                 ; 0 s                 ; 2.32 V                       ; 2.86e-09 V                   ; 2.37 V              ; -0.0148 V           ; 0.107 V                              ; 0.037 V                              ; 4.37e-10 s                  ; 4.02e-10 s                  ; Yes                        ; Yes                        ; 2.32 V                      ; 2.86e-09 V                  ; 2.37 V             ; -0.0148 V          ; 0.107 V                             ; 0.037 V                             ; 4.37e-10 s                 ; 4.02e-10 s                 ; Yes                       ; Yes                       ;
; dout[1]       ; 2.5 V        ; 0 s                 ; 0 s                 ; 2.32 V                       ; 2.13e-09 V                   ; 2.36 V              ; -0.0133 V           ; 0.215 V                              ; 0.046 V                              ; 5.28e-10 s                  ; 5.48e-10 s                  ; Yes                        ; Yes                        ; 2.32 V                      ; 2.13e-09 V                  ; 2.36 V             ; -0.0133 V          ; 0.215 V                             ; 0.046 V                             ; 5.28e-10 s                 ; 5.48e-10 s                 ; Yes                       ; Yes                       ;
; dout[2]       ; 2.5 V        ; 0 s                 ; 0 s                 ; 2.32 V                       ; 2.13e-09 V                   ; 2.33 V              ; -0.00386 V          ; 0.159 V                              ; 0.063 V                              ; 3.32e-09 s                  ; 3.1e-09 s                   ; Yes                        ; Yes                        ; 2.32 V                      ; 2.13e-09 V                  ; 2.33 V             ; -0.00386 V         ; 0.159 V                             ; 0.063 V                             ; 3.32e-09 s                 ; 3.1e-09 s                  ; Yes                       ; Yes                       ;
; dout[3]       ; 2.5 V        ; 0 s                 ; 0 s                 ; 2.32 V                       ; 2.13e-09 V                   ; 2.33 V              ; -0.00386 V          ; 0.159 V                              ; 0.063 V                              ; 3.32e-09 s                  ; 3.1e-09 s                   ; Yes                        ; Yes                        ; 2.32 V                      ; 2.13e-09 V                  ; 2.33 V             ; -0.00386 V         ; 0.159 V                             ; 0.063 V                             ; 3.32e-09 s                 ; 3.1e-09 s                  ; Yes                       ; Yes                       ;
; dout[4]       ; 2.5 V        ; 0 s                 ; 0 s                 ; 2.32 V                       ; 2.86e-09 V                   ; 2.37 V              ; -0.0148 V           ; 0.107 V                              ; 0.037 V                              ; 4.37e-10 s                  ; 4.02e-10 s                  ; Yes                        ; Yes                        ; 2.32 V                      ; 2.86e-09 V                  ; 2.37 V             ; -0.0148 V          ; 0.107 V                             ; 0.037 V                             ; 4.37e-10 s                 ; 4.02e-10 s                 ; Yes                       ; Yes                       ;
; dout[5]       ; 2.5 V        ; 0 s                 ; 0 s                 ; 2.32 V                       ; 2.86e-09 V                   ; 2.37 V              ; -0.0148 V           ; 0.107 V                              ; 0.037 V                              ; 4.37e-10 s                  ; 4.02e-10 s                  ; Yes                        ; Yes                        ; 2.32 V                      ; 2.86e-09 V                  ; 2.37 V             ; -0.0148 V          ; 0.107 V                             ; 0.037 V                             ; 4.37e-10 s                 ; 4.02e-10 s                 ; Yes                       ; Yes                       ;
; dout[6]       ; 2.5 V        ; 0 s                 ; 0 s                 ; 2.32 V                       ; 2.86e-09 V                   ; 2.37 V              ; -0.0148 V           ; 0.107 V                              ; 0.037 V                              ; 4.37e-10 s                  ; 4.02e-10 s                  ; Yes                        ; Yes                        ; 2.32 V                      ; 2.86e-09 V                  ; 2.37 V             ; -0.0148 V          ; 0.107 V                             ; 0.037 V                             ; 4.37e-10 s                 ; 4.02e-10 s                 ; Yes                       ; Yes                       ;
; dout[7]       ; 2.5 V        ; 0 s                 ; 0 s                 ; 2.32 V                       ; 2.86e-09 V                   ; 2.37 V              ; -0.0148 V           ; 0.107 V                              ; 0.037 V                              ; 4.37e-10 s                  ; 4.02e-10 s                  ; Yes                        ; Yes                        ; 2.32 V                      ; 2.86e-09 V                  ; 2.37 V             ; -0.0148 V          ; 0.107 V                             ; 0.037 V                             ; 4.37e-10 s                 ; 4.02e-10 s                 ; Yes                       ; Yes                       ;
; dout[8]       ; 2.5 V        ; 0 s                 ; 0 s                 ; 2.32 V                       ; 2.86e-09 V                   ; 2.37 V              ; -0.0148 V           ; 0.107 V                              ; 0.037 V                              ; 4.37e-10 s                  ; 4.02e-10 s                  ; Yes                        ; Yes                        ; 2.32 V                      ; 2.86e-09 V                  ; 2.37 V             ; -0.0148 V          ; 0.107 V                             ; 0.037 V                             ; 4.37e-10 s                 ; 4.02e-10 s                 ; Yes                       ; Yes                       ;
; dout[9]       ; 2.5 V        ; 0 s                 ; 0 s                 ; 2.32 V                       ; 2.86e-09 V                   ; 2.37 V              ; -0.0148 V           ; 0.107 V                              ; 0.037 V                              ; 4.37e-10 s                  ; 4.02e-10 s                  ; Yes                        ; Yes                        ; 2.32 V                      ; 2.86e-09 V                  ; 2.37 V             ; -0.0148 V          ; 0.107 V                             ; 0.037 V                             ; 4.37e-10 s                 ; 4.02e-10 s                 ; Yes                       ; Yes                       ;
; dout[10]      ; 2.5 V        ; 0 s                 ; 0 s                 ; 2.32 V                       ; 2.86e-09 V                   ; 2.37 V              ; -0.0148 V           ; 0.107 V                              ; 0.037 V                              ; 4.37e-10 s                  ; 4.02e-10 s                  ; Yes                        ; Yes                        ; 2.32 V                      ; 2.86e-09 V                  ; 2.37 V             ; -0.0148 V          ; 0.107 V                             ; 0.037 V                             ; 4.37e-10 s                 ; 4.02e-10 s                 ; Yes                       ; Yes                       ;
; dout[11]      ; 2.5 V        ; 0 s                 ; 0 s                 ; 2.32 V                       ; 2.13e-09 V                   ; 2.35 V              ; -0.0129 V           ; 0.191 V                              ; 0.049 V                              ; 7.21e-10 s                  ; 7.09e-10 s                  ; Yes                        ; Yes                        ; 2.32 V                      ; 2.13e-09 V                  ; 2.35 V             ; -0.0129 V          ; 0.191 V                             ; 0.049 V                             ; 7.21e-10 s                 ; 7.09e-10 s                 ; Yes                       ; Yes                       ;
; dout[12]      ; 2.5 V        ; 0 s                 ; 0 s                 ; 2.32 V                       ; 2.86e-09 V                   ; 2.37 V              ; -0.0148 V           ; 0.107 V                              ; 0.037 V                              ; 4.37e-10 s                  ; 4.02e-10 s                  ; Yes                        ; Yes                        ; 2.32 V                      ; 2.86e-09 V                  ; 2.37 V             ; -0.0148 V          ; 0.107 V                             ; 0.037 V                             ; 4.37e-10 s                 ; 4.02e-10 s                 ; Yes                       ; Yes                       ;
; dout[13]      ; 2.5 V        ; 0 s                 ; 0 s                 ; 2.32 V                       ; 2.86e-09 V                   ; 2.37 V              ; -0.0148 V           ; 0.107 V                              ; 0.037 V                              ; 4.37e-10 s                  ; 4.02e-10 s                  ; Yes                        ; Yes                        ; 2.32 V                      ; 2.86e-09 V                  ; 2.37 V             ; -0.0148 V          ; 0.107 V                             ; 0.037 V                             ; 4.37e-10 s                 ; 4.02e-10 s                 ; Yes                       ; Yes                       ;
; dout[14]      ; 2.5 V        ; 0 s                 ; 0 s                 ; 2.32 V                       ; 2.86e-09 V                   ; 2.37 V              ; -0.0148 V           ; 0.107 V                              ; 0.037 V                              ; 4.37e-10 s                  ; 4.02e-10 s                  ; Yes                        ; Yes                        ; 2.32 V                      ; 2.86e-09 V                  ; 2.37 V             ; -0.0148 V          ; 0.107 V                             ; 0.037 V                             ; 4.37e-10 s                 ; 4.02e-10 s                 ; Yes                       ; Yes                       ;
; dout[15]      ; 2.5 V        ; 0 s                 ; 0 s                 ; 2.32 V                       ; 2.86e-09 V                   ; 2.37 V              ; -0.0148 V           ; 0.107 V                              ; 0.037 V                              ; 4.37e-10 s                  ; 4.02e-10 s                  ; Yes                        ; Yes                        ; 2.32 V                      ; 2.86e-09 V                  ; 2.37 V             ; -0.0148 V          ; 0.107 V                             ; 0.037 V                             ; 4.37e-10 s                 ; 4.02e-10 s                 ; Yes                       ; Yes                       ;
; ~ALTERA_DCLK~ ; 2.5 V        ; 0 s                 ; 0 s                 ; 2.32 V                       ; 1.51e-09 V                   ; 2.37 V              ; -0.0161 V           ; 0.162 V                              ; 0.02 V                               ; 4.95e-10 s                  ; 4.49e-10 s                  ; Yes                        ; Yes                        ; 2.32 V                      ; 1.51e-09 V                  ; 2.37 V             ; -0.0161 V          ; 0.162 V                             ; 0.02 V                              ; 4.95e-10 s                 ; 4.49e-10 s                 ; Yes                       ; Yes                       ;
; ~ALTERA_nCEO~ ; 2.5 V        ; 0 s                 ; 0 s                 ; 2.32 V                       ; 2.83e-09 V                   ; 2.35 V              ; -0.00181 V          ; 0.151 V                              ; 0.007 V                              ; 6.94e-10 s                  ; 8.74e-10 s                  ; Yes                        ; Yes                        ; 2.32 V                      ; 2.83e-09 V                  ; 2.35 V             ; -0.00181 V         ; 0.151 V                             ; 0.007 V                             ; 6.94e-10 s                 ; 8.74e-10 s                 ; Yes                       ; Yes                       ;
+---------------+--------------+---------------------+---------------------+------------------------------+------------------------------+---------------------+---------------------+--------------------------------------+--------------------------------------+-----------------------------+-----------------------------+----------------------------+----------------------------+-----------------------------+-----------------------------+--------------------+--------------------+-------------------------------------+-------------------------------------+----------------------------+----------------------------+---------------------------+---------------------------+


+--------------------------------------------------------------------------------------------------------------------------------------------------------------------------------------------------------------------------------------------------------------------------------------------------------------------------------------------------------------------------------------------------------------------------------------------------------------------------------------------------------------------------------------------------------------------------------------------------------------------------------------------------------------------------------------------+
; Signal Integrity Metrics (Slow 1200mv 85c Model)                                                                                                                                                                                                                                                                                                                                                                                                                                                                                                                                                                                                                                           ;
+---------------+--------------+---------------------+---------------------+------------------------------+------------------------------+---------------------+---------------------+--------------------------------------+--------------------------------------+-----------------------------+-----------------------------+----------------------------+----------------------------+-----------------------------+-----------------------------+--------------------+--------------------+-------------------------------------+-------------------------------------+----------------------------+----------------------------+---------------------------+---------------------------+
; Pin           ; I/O Standard ; Board Delay on Rise ; Board Delay on Fall ; Steady State Voh at FPGA Pin ; Steady State Vol at FPGA Pin ; Voh Max at FPGA Pin ; Vol Min at FPGA Pin ; Ringback Voltage on Rise at FPGA Pin ; Ringback Voltage on Fall at FPGA Pin ; 10-90 Rise Time at FPGA Pin ; 90-10 Fall Time at FPGA Pin ; Monotonic Rise at FPGA Pin ; Monotonic Fall at FPGA Pin ; Steady State Voh at Far-end ; Steady State Vol at Far-end ; Voh Max at Far-end ; Vol Min at Far-end ; Ringback Voltage on Rise at Far-end ; Ringback Voltage on Fall at Far-end ; 10-90 Rise Time at Far-end ; 90-10 Fall Time at Far-end ; Monotonic Rise at Far-end ; Monotonic Fall at Far-end ;
+---------------+--------------+---------------------+---------------------+------------------------------+------------------------------+---------------------+---------------------+--------------------------------------+--------------------------------------+-----------------------------+-----------------------------+----------------------------+----------------------------+-----------------------------+-----------------------------+--------------------+--------------------+-------------------------------------+-------------------------------------+----------------------------+----------------------------+---------------------------+---------------------------+
; clkdv         ; 2.5 V        ; 0 s                 ; 0 s                 ; 2.32 V                       ; 1.95e-07 V                   ; 2.34 V              ; -0.00547 V          ; 0.075 V                              ; 0.023 V                              ; 9.12e-10 s                  ; 8.83e-10 s                  ; Yes                        ; Yes                        ; 2.32 V                      ; 1.95e-07 V                  ; 2.34 V             ; -0.00547 V         ; 0.075 V                             ; 0.023 V                             ; 9.12e-10 s                 ; 8.83e-10 s                 ; Yes                       ; Yes                       ;
; dout[0]       ; 2.5 V        ; 0 s                 ; 0 s                 ; 2.32 V                       ; 2.89e-07 V                   ; 2.35 V              ; -0.000666 V         ; 0.058 V                              ; 0.002 V                              ; 4.86e-10 s                  ; 4.98e-10 s                  ; Yes                        ; Yes                        ; 2.32 V                      ; 2.89e-07 V                  ; 2.35 V             ; -0.000666 V        ; 0.058 V                             ; 0.002 V                             ; 4.86e-10 s                 ; 4.98e-10 s                 ; Yes                       ; Yes                       ;
; dout[1]       ; 2.5 V        ; 0 s                 ; 0 s                 ; 2.32 V                       ; 1.95e-07 V                   ; 2.34 V              ; -0.00607 V          ; 0.064 V                              ; 0.017 V                              ; 6.9e-10 s                   ; 6.78e-10 s                  ; Yes                        ; Yes                        ; 2.32 V                      ; 1.95e-07 V                  ; 2.34 V             ; -0.00607 V         ; 0.064 V                             ; 0.017 V                             ; 6.9e-10 s                  ; 6.78e-10 s                 ; Yes                       ; Yes                       ;
; dout[2]       ; 2.5 V        ; 0 s                 ; 0 s                 ; 2.32 V                       ; 1.95e-07 V                   ; 2.33 V              ; -0.00196 V          ; 0.092 V                              ; 0.052 V                              ; 3.98e-09 s                  ; 3.76e-09 s                  ; Yes                        ; Yes                        ; 2.32 V                      ; 1.95e-07 V                  ; 2.33 V             ; -0.00196 V         ; 0.092 V                             ; 0.052 V                             ; 3.98e-09 s                 ; 3.76e-09 s                 ; Yes                       ; Yes                       ;
; dout[3]       ; 2.5 V        ; 0 s                 ; 0 s                 ; 2.32 V                       ; 1.95e-07 V                   ; 2.33 V              ; -0.00196 V          ; 0.092 V                              ; 0.052 V                              ; 3.98e-09 s                  ; 3.76e-09 s                  ; Yes                        ; Yes                        ; 2.32 V                      ; 1.95e-07 V                  ; 2.33 V             ; -0.00196 V         ; 0.092 V                             ; 0.052 V                             ; 3.98e-09 s                 ; 3.76e-09 s                 ; Yes                       ; Yes                       ;
; dout[4]       ; 2.5 V        ; 0 s                 ; 0 s                 ; 2.32 V                       ; 2.89e-07 V                   ; 2.35 V              ; -0.000666 V         ; 0.058 V                              ; 0.002 V                              ; 4.86e-10 s                  ; 4.98e-10 s                  ; Yes                        ; Yes                        ; 2.32 V                      ; 2.89e-07 V                  ; 2.35 V             ; -0.000666 V        ; 0.058 V                             ; 0.002 V                             ; 4.86e-10 s                 ; 4.98e-10 s                 ; Yes                       ; Yes                       ;
; dout[5]       ; 2.5 V        ; 0 s                 ; 0 s                 ; 2.32 V                       ; 2.89e-07 V                   ; 2.35 V              ; -0.000666 V         ; 0.058 V                              ; 0.002 V                              ; 4.86e-10 s                  ; 4.98e-10 s                  ; Yes                        ; Yes                        ; 2.32 V                      ; 2.89e-07 V                  ; 2.35 V             ; -0.000666 V        ; 0.058 V                             ; 0.002 V                             ; 4.86e-10 s                 ; 4.98e-10 s                 ; Yes                       ; Yes                       ;
; dout[6]       ; 2.5 V        ; 0 s                 ; 0 s                 ; 2.32 V                       ; 2.89e-07 V                   ; 2.35 V              ; -0.000666 V         ; 0.058 V                              ; 0.002 V                              ; 4.86e-10 s                  ; 4.98e-10 s                  ; Yes                        ; Yes                        ; 2.32 V                      ; 2.89e-07 V                  ; 2.35 V             ; -0.000666 V        ; 0.058 V                             ; 0.002 V                             ; 4.86e-10 s                 ; 4.98e-10 s                 ; Yes                       ; Yes                       ;
; dout[7]       ; 2.5 V        ; 0 s                 ; 0 s                 ; 2.32 V                       ; 2.89e-07 V                   ; 2.35 V              ; -0.000666 V         ; 0.058 V                              ; 0.002 V                              ; 4.86e-10 s                  ; 4.98e-10 s                  ; Yes                        ; Yes                        ; 2.32 V                      ; 2.89e-07 V                  ; 2.35 V             ; -0.000666 V        ; 0.058 V                             ; 0.002 V                             ; 4.86e-10 s                 ; 4.98e-10 s                 ; Yes                       ; Yes                       ;
; dout[8]       ; 2.5 V        ; 0 s                 ; 0 s                 ; 2.32 V                       ; 2.89e-07 V                   ; 2.35 V              ; -0.000666 V         ; 0.058 V                              ; 0.002 V                              ; 4.86e-10 s                  ; 4.98e-10 s                  ; Yes                        ; Yes                        ; 2.32 V                      ; 2.89e-07 V                  ; 2.35 V             ; -0.000666 V        ; 0.058 V                             ; 0.002 V                             ; 4.86e-10 s                 ; 4.98e-10 s                 ; Yes                       ; Yes                       ;
; dout[9]       ; 2.5 V        ; 0 s                 ; 0 s                 ; 2.32 V                       ; 2.89e-07 V                   ; 2.35 V              ; -0.000666 V         ; 0.058 V                              ; 0.002 V                              ; 4.86e-10 s                  ; 4.98e-10 s                  ; Yes                        ; Yes                        ; 2.32 V                      ; 2.89e-07 V                  ; 2.35 V             ; -0.000666 V        ; 0.058 V                             ; 0.002 V                             ; 4.86e-10 s                 ; 4.98e-10 s                 ; Yes                       ; Yes                       ;
; dout[10]      ; 2.5 V        ; 0 s                 ; 0 s                 ; 2.32 V                       ; 2.89e-07 V                   ; 2.35 V              ; -0.000666 V         ; 0.058 V                              ; 0.002 V                              ; 4.86e-10 s                  ; 4.98e-10 s                  ; Yes                        ; Yes                        ; 2.32 V                      ; 2.89e-07 V                  ; 2.35 V             ; -0.000666 V        ; 0.058 V                             ; 0.002 V                             ; 4.86e-10 s                 ; 4.98e-10 s                 ; Yes                       ; Yes                       ;
; dout[11]      ; 2.5 V        ; 0 s                 ; 0 s                 ; 2.32 V                       ; 1.95e-07 V                   ; 2.34 V              ; -0.00547 V          ; 0.075 V                              ; 0.023 V                              ; 9.12e-10 s                  ; 8.83e-10 s                  ; Yes                        ; Yes                        ; 2.32 V                      ; 1.95e-07 V                  ; 2.34 V             ; -0.00547 V         ; 0.075 V                             ; 0.023 V                             ; 9.12e-10 s                 ; 8.83e-10 s                 ; Yes                       ; Yes                       ;
; dout[12]      ; 2.5 V        ; 0 s                 ; 0 s                 ; 2.32 V                       ; 2.89e-07 V                   ; 2.35 V              ; -0.000666 V         ; 0.058 V                              ; 0.002 V                              ; 4.86e-10 s                  ; 4.98e-10 s                  ; Yes                        ; Yes                        ; 2.32 V                      ; 2.89e-07 V                  ; 2.35 V             ; -0.000666 V        ; 0.058 V                             ; 0.002 V                             ; 4.86e-10 s                 ; 4.98e-10 s                 ; Yes                       ; Yes                       ;
; dout[13]      ; 2.5 V        ; 0 s                 ; 0 s                 ; 2.32 V                       ; 2.89e-07 V                   ; 2.35 V              ; -0.000666 V         ; 0.058 V                              ; 0.002 V                              ; 4.86e-10 s                  ; 4.98e-10 s                  ; Yes                        ; Yes                        ; 2.32 V                      ; 2.89e-07 V                  ; 2.35 V             ; -0.000666 V        ; 0.058 V                             ; 0.002 V                             ; 4.86e-10 s                 ; 4.98e-10 s                 ; Yes                       ; Yes                       ;
; dout[14]      ; 2.5 V        ; 0 s                 ; 0 s                 ; 2.32 V                       ; 2.89e-07 V                   ; 2.35 V              ; -0.000666 V         ; 0.058 V                              ; 0.002 V                              ; 4.86e-10 s                  ; 4.98e-10 s                  ; Yes                        ; Yes                        ; 2.32 V                      ; 2.89e-07 V                  ; 2.35 V             ; -0.000666 V        ; 0.058 V                             ; 0.002 V                             ; 4.86e-10 s                 ; 4.98e-10 s                 ; Yes                       ; Yes                       ;
; dout[15]      ; 2.5 V        ; 0 s                 ; 0 s                 ; 2.32 V                       ; 2.89e-07 V                   ; 2.35 V              ; -0.000666 V         ; 0.058 V                              ; 0.002 V                              ; 4.86e-10 s                  ; 4.98e-10 s                  ; Yes                        ; Yes                        ; 2.32 V                      ; 2.89e-07 V                  ; 2.35 V             ; -0.000666 V        ; 0.058 V                             ; 0.002 V                             ; 4.86e-10 s                 ; 4.98e-10 s                 ; Yes                       ; Yes                       ;
; ~ALTERA_DCLK~ ; 2.5 V        ; 0 s                 ; 0 s                 ; 2.32 V                       ; 1.53e-07 V                   ; 2.34 V              ; -0.00806 V          ; 0.104 V                              ; 0.015 V                              ; 6.53e-10 s                  ; 5.56e-10 s                  ; Yes                        ; Yes                        ; 2.32 V                      ; 1.53e-07 V                  ; 2.34 V             ; -0.00806 V         ; 0.104 V                             ; 0.015 V                             ; 6.53e-10 s                 ; 5.56e-10 s                 ; Yes                       ; Yes                       ;
; ~ALTERA_nCEO~ ; 2.5 V        ; 0 s                 ; 0 s                 ; 2.32 V                       ; 2.51e-07 V                   ; 2.34 V              ; -0.0032 V           ; 0.057 V                              ; 0.016 V                              ; 8.65e-10 s                  ; 1.08e-09 s                  ; Yes                        ; Yes                        ; 2.32 V                      ; 2.51e-07 V                  ; 2.34 V             ; -0.0032 V          ; 0.057 V                             ; 0.016 V                             ; 8.65e-10 s                 ; 1.08e-09 s                 ; Yes                       ; Yes                       ;
+---------------+--------------+---------------------+---------------------+------------------------------+------------------------------+---------------------+---------------------+--------------------------------------+--------------------------------------+-----------------------------+-----------------------------+----------------------------+----------------------------+-----------------------------+-----------------------------+--------------------+--------------------+-------------------------------------+-------------------------------------+----------------------------+----------------------------+---------------------------+---------------------------+


+--------------------------------------------------------------------------------------------------------------------------------------------------------------------------------------------------------------------------------------------------------------------------------------------------------------------------------------------------------------------------------------------------------------------------------------------------------------------------------------------------------------------------------------------------------------------------------------------------------------------------------------------------------------------------------------------+
; Signal Integrity Metrics (Fast 1200mv 0c Model)                                                                                                                                                                                                                                                                                                                                                                                                                                                                                                                                                                                                                                            ;
+---------------+--------------+---------------------+---------------------+------------------------------+------------------------------+---------------------+---------------------+--------------------------------------+--------------------------------------+-----------------------------+-----------------------------+----------------------------+----------------------------+-----------------------------+-----------------------------+--------------------+--------------------+-------------------------------------+-------------------------------------+----------------------------+----------------------------+---------------------------+---------------------------+
; Pin           ; I/O Standard ; Board Delay on Rise ; Board Delay on Fall ; Steady State Voh at FPGA Pin ; Steady State Vol at FPGA Pin ; Voh Max at FPGA Pin ; Vol Min at FPGA Pin ; Ringback Voltage on Rise at FPGA Pin ; Ringback Voltage on Fall at FPGA Pin ; 10-90 Rise Time at FPGA Pin ; 90-10 Fall Time at FPGA Pin ; Monotonic Rise at FPGA Pin ; Monotonic Fall at FPGA Pin ; Steady State Voh at Far-end ; Steady State Vol at Far-end ; Voh Max at Far-end ; Vol Min at Far-end ; Ringback Voltage on Rise at Far-end ; Ringback Voltage on Fall at Far-end ; 10-90 Rise Time at Far-end ; 90-10 Fall Time at Far-end ; Monotonic Rise at Far-end ; Monotonic Fall at Far-end ;
+---------------+--------------+---------------------+---------------------+------------------------------+------------------------------+---------------------+---------------------+--------------------------------------+--------------------------------------+-----------------------------+-----------------------------+----------------------------+----------------------------+-----------------------------+-----------------------------+--------------------+--------------------+-------------------------------------+-------------------------------------+----------------------------+----------------------------+---------------------------+---------------------------+
; clkdv         ; 2.5 V        ; 0 s                 ; 0 s                 ; 2.62 V                       ; 2.78e-08 V                   ; 2.71 V              ; -0.0338 V           ; 0.25 V                               ; 0.066 V                              ; 4.98e-10 s                  ; 5.2e-10 s                   ; No                         ; Yes                        ; 2.62 V                      ; 2.78e-08 V                  ; 2.71 V             ; -0.0338 V          ; 0.25 V                              ; 0.066 V                             ; 4.98e-10 s                 ; 5.2e-10 s                  ; No                        ; Yes                       ;
; dout[0]       ; 2.5 V        ; 0 s                 ; 0 s                 ; 2.62 V                       ; 4.11e-08 V                   ; 2.72 V              ; -0.0549 V           ; 0.19 V                               ; 0.12 V                               ; 2.69e-10 s                  ; 2.76e-10 s                  ; Yes                        ; Yes                        ; 2.62 V                      ; 4.11e-08 V                  ; 2.72 V             ; -0.0549 V          ; 0.19 V                              ; 0.12 V                              ; 2.69e-10 s                 ; 2.76e-10 s                 ; Yes                       ; Yes                       ;
; dout[1]       ; 2.5 V        ; 0 s                 ; 0 s                 ; 2.62 V                       ; 2.78e-08 V                   ; 2.72 V              ; -0.0386 V           ; 0.161 V                              ; 0.078 V                              ; 4.51e-10 s                  ; 4.33e-10 s                  ; No                         ; Yes                        ; 2.62 V                      ; 2.78e-08 V                  ; 2.72 V             ; -0.0386 V          ; 0.161 V                             ; 0.078 V                             ; 4.51e-10 s                 ; 4.33e-10 s                 ; No                        ; Yes                       ;
; dout[2]       ; 2.5 V        ; 0 s                 ; 0 s                 ; 2.62 V                       ; 2.78e-08 V                   ; 2.64 V              ; -0.0107 V           ; 0.241 V                              ; 0.161 V                              ; 2.42e-09 s                  ; 2.37e-09 s                  ; No                         ; Yes                        ; 2.62 V                      ; 2.78e-08 V                  ; 2.64 V             ; -0.0107 V          ; 0.241 V                             ; 0.161 V                             ; 2.42e-09 s                 ; 2.37e-09 s                 ; No                        ; Yes                       ;
; dout[3]       ; 2.5 V        ; 0 s                 ; 0 s                 ; 2.62 V                       ; 2.78e-08 V                   ; 2.64 V              ; -0.0107 V           ; 0.241 V                              ; 0.161 V                              ; 2.42e-09 s                  ; 2.37e-09 s                  ; No                         ; Yes                        ; 2.62 V                      ; 2.78e-08 V                  ; 2.64 V             ; -0.0107 V          ; 0.241 V                             ; 0.161 V                             ; 2.42e-09 s                 ; 2.37e-09 s                 ; No                        ; Yes                       ;
; dout[4]       ; 2.5 V        ; 0 s                 ; 0 s                 ; 2.62 V                       ; 4.11e-08 V                   ; 2.72 V              ; -0.0549 V           ; 0.19 V                               ; 0.12 V                               ; 2.69e-10 s                  ; 2.76e-10 s                  ; Yes                        ; Yes                        ; 2.62 V                      ; 4.11e-08 V                  ; 2.72 V             ; -0.0549 V          ; 0.19 V                              ; 0.12 V                              ; 2.69e-10 s                 ; 2.76e-10 s                 ; Yes                       ; Yes                       ;
; dout[5]       ; 2.5 V        ; 0 s                 ; 0 s                 ; 2.62 V                       ; 4.11e-08 V                   ; 2.72 V              ; -0.0549 V           ; 0.19 V                               ; 0.12 V                               ; 2.69e-10 s                  ; 2.76e-10 s                  ; Yes                        ; Yes                        ; 2.62 V                      ; 4.11e-08 V                  ; 2.72 V             ; -0.0549 V          ; 0.19 V                              ; 0.12 V                              ; 2.69e-10 s                 ; 2.76e-10 s                 ; Yes                       ; Yes                       ;
; dout[6]       ; 2.5 V        ; 0 s                 ; 0 s                 ; 2.62 V                       ; 4.11e-08 V                   ; 2.72 V              ; -0.0549 V           ; 0.19 V                               ; 0.12 V                               ; 2.69e-10 s                  ; 2.76e-10 s                  ; Yes                        ; Yes                        ; 2.62 V                      ; 4.11e-08 V                  ; 2.72 V             ; -0.0549 V          ; 0.19 V                              ; 0.12 V                              ; 2.69e-10 s                 ; 2.76e-10 s                 ; Yes                       ; Yes                       ;
; dout[7]       ; 2.5 V        ; 0 s                 ; 0 s                 ; 2.62 V                       ; 4.11e-08 V                   ; 2.72 V              ; -0.0549 V           ; 0.19 V                               ; 0.12 V                               ; 2.69e-10 s                  ; 2.76e-10 s                  ; Yes                        ; Yes                        ; 2.62 V                      ; 4.11e-08 V                  ; 2.72 V             ; -0.0549 V          ; 0.19 V                              ; 0.12 V                              ; 2.69e-10 s                 ; 2.76e-10 s                 ; Yes                       ; Yes                       ;
; dout[8]       ; 2.5 V        ; 0 s                 ; 0 s                 ; 2.62 V                       ; 4.11e-08 V                   ; 2.72 V              ; -0.0549 V           ; 0.19 V                               ; 0.12 V                               ; 2.69e-10 s                  ; 2.76e-10 s                  ; Yes                        ; Yes                        ; 2.62 V                      ; 4.11e-08 V                  ; 2.72 V             ; -0.0549 V          ; 0.19 V                              ; 0.12 V                              ; 2.69e-10 s                 ; 2.76e-10 s                 ; Yes                       ; Yes                       ;
; dout[9]       ; 2.5 V        ; 0 s                 ; 0 s                 ; 2.62 V                       ; 4.11e-08 V                   ; 2.72 V              ; -0.0549 V           ; 0.19 V                               ; 0.12 V                               ; 2.69e-10 s                  ; 2.76e-10 s                  ; Yes                        ; Yes                        ; 2.62 V                      ; 4.11e-08 V                  ; 2.72 V             ; -0.0549 V          ; 0.19 V                              ; 0.12 V                              ; 2.69e-10 s                 ; 2.76e-10 s                 ; Yes                       ; Yes                       ;
; dout[10]      ; 2.5 V        ; 0 s                 ; 0 s                 ; 2.62 V                       ; 4.11e-08 V                   ; 2.72 V              ; -0.0549 V           ; 0.19 V                               ; 0.12 V                               ; 2.69e-10 s                  ; 2.76e-10 s                  ; Yes                        ; Yes                        ; 2.62 V                      ; 4.11e-08 V                  ; 2.72 V             ; -0.0549 V          ; 0.19 V                              ; 0.12 V                              ; 2.69e-10 s                 ; 2.76e-10 s                 ; Yes                       ; Yes                       ;
; dout[11]      ; 2.5 V        ; 0 s                 ; 0 s                 ; 2.62 V                       ; 2.78e-08 V                   ; 2.71 V              ; -0.0338 V           ; 0.25 V                               ; 0.066 V                              ; 4.98e-10 s                  ; 5.2e-10 s                   ; No                         ; Yes                        ; 2.62 V                      ; 2.78e-08 V                  ; 2.71 V             ; -0.0338 V          ; 0.25 V                              ; 0.066 V                             ; 4.98e-10 s                 ; 5.2e-10 s                  ; No                        ; Yes                       ;
; dout[12]      ; 2.5 V        ; 0 s                 ; 0 s                 ; 2.62 V                       ; 4.11e-08 V                   ; 2.72 V              ; -0.0549 V           ; 0.19 V                               ; 0.12 V                               ; 2.69e-10 s                  ; 2.76e-10 s                  ; Yes                        ; Yes                        ; 2.62 V                      ; 4.11e-08 V                  ; 2.72 V             ; -0.0549 V          ; 0.19 V                              ; 0.12 V                              ; 2.69e-10 s                 ; 2.76e-10 s                 ; Yes                       ; Yes                       ;
; dout[13]      ; 2.5 V        ; 0 s                 ; 0 s                 ; 2.62 V                       ; 4.11e-08 V                   ; 2.72 V              ; -0.0549 V           ; 0.19 V                               ; 0.12 V                               ; 2.69e-10 s                  ; 2.76e-10 s                  ; Yes                        ; Yes                        ; 2.62 V                      ; 4.11e-08 V                  ; 2.72 V             ; -0.0549 V          ; 0.19 V                              ; 0.12 V                              ; 2.69e-10 s                 ; 2.76e-10 s                 ; Yes                       ; Yes                       ;
; dout[14]      ; 2.5 V        ; 0 s                 ; 0 s                 ; 2.62 V                       ; 4.11e-08 V                   ; 2.72 V              ; -0.0549 V           ; 0.19 V                               ; 0.12 V                               ; 2.69e-10 s                  ; 2.76e-10 s                  ; Yes                        ; Yes                        ; 2.62 V                      ; 4.11e-08 V                  ; 2.72 V             ; -0.0549 V          ; 0.19 V                              ; 0.12 V                              ; 2.69e-10 s                 ; 2.76e-10 s                 ; Yes                       ; Yes                       ;
; dout[15]      ; 2.5 V        ; 0 s                 ; 0 s                 ; 2.62 V                       ; 4.11e-08 V                   ; 2.72 V              ; -0.0549 V           ; 0.19 V                               ; 0.12 V                               ; 2.69e-10 s                  ; 2.76e-10 s                  ; Yes                        ; Yes                        ; 2.62 V                      ; 4.11e-08 V                  ; 2.72 V             ; -0.0549 V          ; 0.19 V                              ; 0.12 V                              ; 2.69e-10 s                 ; 2.76e-10 s                 ; Yes                       ; Yes                       ;
; ~ALTERA_DCLK~ ; 2.5 V        ; 0 s                 ; 0 s                 ; 2.62 V                       ; 2.19e-08 V                   ; 2.71 V              ; -0.0718 V           ; 0.277 V                              ; 0.167 V                              ; 3.12e-10 s                  ; 3.02e-10 s                  ; No                         ; Yes                        ; 2.62 V                      ; 2.19e-08 V                  ; 2.71 V             ; -0.0718 V          ; 0.277 V                             ; 0.167 V                             ; 3.12e-10 s                 ; 3.02e-10 s                 ; No                        ; Yes                       ;
; ~ALTERA_nCEO~ ; 2.5 V        ; 0 s                 ; 0 s                 ; 2.62 V                       ; 3.52e-08 V                   ; 2.7 V               ; -0.0198 V           ; 0.2 V                                ; 0.049 V                              ; 4.85e-10 s                  ; 6.73e-10 s                  ; Yes                        ; Yes                        ; 2.62 V                      ; 3.52e-08 V                  ; 2.7 V              ; -0.0198 V          ; 0.2 V                               ; 0.049 V                             ; 4.85e-10 s                 ; 6.73e-10 s                 ; Yes                       ; Yes                       ;
+---------------+--------------+---------------------+---------------------+------------------------------+------------------------------+---------------------+---------------------+--------------------------------------+--------------------------------------+-----------------------------+-----------------------------+----------------------------+----------------------------+-----------------------------+-----------------------------+--------------------+--------------------+-------------------------------------+-------------------------------------+----------------------------+----------------------------+---------------------------+---------------------------+


+-------------------------------------------------------------------+
; Setup Transfers                                                   ;
+------------+----------+----------+----------+----------+----------+
; From Clock ; To Clock ; RR Paths ; FR Paths ; RF Paths ; FF Paths ;
+------------+----------+----------+----------+----------+----------+
; Ts_clk     ; Ts_clk   ; 93468    ; 0        ; 0        ; 0        ;
+------------+----------+----------+----------+----------+----------+
Entries labeled "false path" only account for clock-to-clock false paths and not path-based false paths. As a result, actual path counts may be lower than reported.


+-------------------------------------------------------------------+
; Hold Transfers                                                    ;
+------------+----------+----------+----------+----------+----------+
; From Clock ; To Clock ; RR Paths ; FR Paths ; RF Paths ; FF Paths ;
+------------+----------+----------+----------+----------+----------+
; Ts_clk     ; Ts_clk   ; 93468    ; 0        ; 0        ; 0        ;
+------------+----------+----------+----------+----------+----------+
Entries labeled "false path" only account for clock-to-clock false paths and not path-based false paths. As a result, actual path counts may be lower than reported.


+-------------------------------------------------------------------+
; Recovery Transfers                                                ;
+------------+----------+----------+----------+----------+----------+
; From Clock ; To Clock ; RR Paths ; FR Paths ; RF Paths ; FF Paths ;
+------------+----------+----------+----------+----------+----------+
; Ts_clk     ; Ts_clk   ; 32       ; 0        ; 0        ; 0        ;
+------------+----------+----------+----------+----------+----------+
Entries labeled "false path" only account for clock-to-clock false paths and not path-based false paths. As a result, actual path counts may be lower than reported.


+-------------------------------------------------------------------+
; Removal Transfers                                                 ;
+------------+----------+----------+----------+----------+----------+
; From Clock ; To Clock ; RR Paths ; FR Paths ; RF Paths ; FF Paths ;
+------------+----------+----------+----------+----------+----------+
; Ts_clk     ; Ts_clk   ; 32       ; 0        ; 0        ; 0        ;
+------------+----------+----------+----------+----------+----------+
Entries labeled "false path" only account for clock-to-clock false paths and not path-based false paths. As a result, actual path counts may be lower than reported.


---------------
; Report TCCS ;
---------------
No dedicated SERDES Transmitter circuitry present in device or used in design


---------------
; Report RSKM ;
---------------
No dedicated SERDES Receiver circuitry present in device or used in design


+------------------------------------------------+
; Unconstrained Paths                            ;
+---------------------------------+-------+------+
; Property                        ; Setup ; Hold ;
+---------------------------------+-------+------+
; Illegal Clocks                  ; 0     ; 0    ;
; Unconstrained Clocks            ; 1     ; 1    ;
; Unconstrained Input Ports       ; 13    ; 13   ;
; Unconstrained Input Port Paths  ; 1968  ; 1968 ;
; Unconstrained Output Ports      ; 17    ; 17   ;
; Unconstrained Output Port Paths ; 17    ; 17   ;
+---------------------------------+-------+------+


+------------------------------------+
; TimeQuest Timing Analyzer Messages ;
+------------------------------------+
Info: *******************************************************************
Info: Running Quartus II TimeQuest Timing Analyzer
    Info: Version 10.0 Build 262 08/18/2010 Service Pack 1 SJ Full Version
    Info: Processing started: Thu Mar 31 08:34:22 2016
Info: Command: quartus_sta TransformFilter -c TransformFilter
Info: qsta_default_script.tcl version: #1
Info: Parallel compilation is enabled and will use 2 of the 2 processors detected
Info: Core supply voltage is 1.2V
Info: Low junction temperature is 0 degrees C
Info: High junction temperature is 85 degrees C
Info: Reading SDC File: 'TransformFilter.sdc'
Info: Clock uncertainty calculation is delayed until the next update_timing_netlist call
Warning: Node: window:u0|clk16dv was determined to be a clock but was found without an associated clock assignment.
Info: Deriving Clock Uncertainty
    Info: set_clock_uncertainty -rise_from [get_clocks {Ts_clk}] -rise_to [get_clocks {Ts_clk}] -setup 0.020
    Info: set_clock_uncertainty -rise_from [get_clocks {Ts_clk}] -fall_to [get_clocks {Ts_clk}] -setup 0.020
    Info: set_clock_uncertainty -fall_from [get_clocks {Ts_clk}] -rise_to [get_clocks {Ts_clk}] -setup 0.020
    Info: set_clock_uncertainty -fall_from [get_clocks {Ts_clk}] -fall_to [get_clocks {Ts_clk}] -setup 0.020
    Info: set_clock_uncertainty -rise_from [get_clocks {Ts_clk}] -rise_to [get_clocks {Ts_clk}] -hold 0.020
    Info: set_clock_uncertainty -rise_from [get_clocks {Ts_clk}] -fall_to [get_clocks {Ts_clk}] -hold 0.020
    Info: set_clock_uncertainty -fall_from [get_clocks {Ts_clk}] -rise_to [get_clocks {Ts_clk}] -hold 0.020
    Info: set_clock_uncertainty -fall_from [get_clocks {Ts_clk}] -fall_to [get_clocks {Ts_clk}] -hold 0.020
Info: Analyzing Slow 1200mV 85C Model
Info: Worst-case setup slack is 10.796
    Info:     Slack End Point TNS Clock 
    Info: ========= ============= =====================
    Info:    10.796         0.000 Ts_clk 
Info: Worst-case hold slack is 0.382
    Info:     Slack End Point TNS Clock 
    Info: ========= ============= =====================
    Info:     0.382         0.000 Ts_clk 
Info: Worst-case recovery slack is 17.384
    Info:     Slack End Point TNS Clock 
    Info: ========= ============= =====================
    Info:    17.384         0.000 Ts_clk 
Info: Worst-case removal slack is 1.911
    Info:     Slack End Point TNS Clock 
    Info: ========= ============= =====================
    Info:     1.911         0.000 Ts_clk 
Info: Worst-case minimum pulse width slack is 9.483
    Info:     Slack End Point TNS Clock 
    Info: ========= ============= =====================
    Info:     9.483         0.000 Ts_clk 
Info: Analyzing Slow 1200mV 0C Model
Info: Started post-fitting delay annotation
Info: Delay annotation completed successfully
Warning: Node: window:u0|clk16dv was determined to be a clock but was found without an associated clock assignment.
Info: Deriving Clock Uncertainty
    Info: set_clock_uncertainty -rise_from [get_clocks {Ts_clk}] -rise_to [get_clocks {Ts_clk}] -setup 0.020
    Info: set_clock_uncertainty -rise_from [get_clocks {Ts_clk}] -fall_to [get_clocks {Ts_clk}] -setup 0.020
    Info: set_clock_uncertainty -fall_from [get_clocks {Ts_clk}] -rise_to [get_clocks {Ts_clk}] -setup 0.020
    Info: set_clock_uncertainty -fall_from [get_clocks {Ts_clk}] -fall_to [get_clocks {Ts_clk}] -setup 0.020
    Info: set_clock_uncertainty -rise_from [get_clocks {Ts_clk}] -rise_to [get_clocks {Ts_clk}] -hold 0.020
    Info: set_clock_uncertainty -rise_from [get_clocks {Ts_clk}] -fall_to [get_clocks {Ts_clk}] -hold 0.020
    Info: set_clock_uncertainty -fall_from [get_clocks {Ts_clk}] -rise_to [get_clocks {Ts_clk}] -hold 0.020
    Info: set_clock_uncertainty -fall_from [get_clocks {Ts_clk}] -fall_to [get_clocks {Ts_clk}] -hold 0.020
Info: Worst-case setup slack is 11.583
    Info:     Slack End Point TNS Clock 
    Info: ========= ============= =====================
    Info:    11.583         0.000 Ts_clk 
Info: Worst-case hold slack is 0.368
    Info:     Slack End Point TNS Clock 
    Info: ========= ============= =====================
    Info:     0.368         0.000 Ts_clk 
Info: Worst-case recovery slack is 17.562
    Info:     Slack End Point TNS Clock 
    Info: ========= ============= =====================
    Info:    17.562         0.000 Ts_clk 
Info: Worst-case removal slack is 1.732
    Info:     Slack End Point TNS Clock 
    Info: ========= ============= =====================
    Info:     1.732         0.000 Ts_clk 
Info: Worst-case minimum pulse width slack is 9.513
    Info:     Slack End Point TNS Clock 
    Info: ========= ============= =====================
    Info:     9.513         0.000 Ts_clk 
Info: Analyzing Fast 1200mV 0C Model
Info: Started post-fitting delay annotation
Info: Delay annotation completed successfully
Warning: Node: window:u0|clk16dv was determined to be a clock but was found without an associated clock assignment.
Info: Deriving Clock Uncertainty
    Info: set_clock_uncertainty -rise_from [get_clocks {Ts_clk}] -rise_to [get_clocks {Ts_clk}] -setup 0.020
    Info: set_clock_uncertainty -rise_from [get_clocks {Ts_clk}] -fall_to [get_clocks {Ts_clk}] -setup 0.020
    Info: set_clock_uncertainty -fall_from [get_clocks {Ts_clk}] -rise_to [get_clocks {Ts_clk}] -setup 0.020
    Info: set_clock_uncertainty -fall_from [get_clocks {Ts_clk}] -fall_to [get_clocks {Ts_clk}] -setup 0.020
    Info: set_clock_uncertainty -rise_from [get_clocks {Ts_clk}] -rise_to [get_clocks {Ts_clk}] -hold 0.020
    Info: set_clock_uncertainty -rise_from [get_clocks {Ts_clk}] -fall_to [get_clocks {Ts_clk}] -hold 0.020
    Info: set_clock_uncertainty -fall_from [get_clocks {Ts_clk}] -rise_to [get_clocks {Ts_clk}] -hold 0.020
    Info: set_clock_uncertainty -fall_from [get_clocks {Ts_clk}] -fall_to [get_clocks {Ts_clk}] -hold 0.020
Info: Worst-case setup slack is 15.994
    Info:     Slack End Point TNS Clock 
    Info: ========= ============= =====================
    Info:    15.994         0.000 Ts_clk 
Info: Worst-case hold slack is 0.114
    Info:     Slack End Point TNS Clock 
    Info: ========= ============= =====================
    Info:     0.114         0.000 Ts_clk 
Info: Worst-case recovery slack is 18.848
    Info:     Slack End Point TNS Clock 
    Info: ========= ============= =====================
    Info:    18.848         0.000 Ts_clk 
Info: Worst-case removal slack is 0.815
    Info:     Slack End Point TNS Clock 
    Info: ========= ============= =====================
    Info:     0.815         0.000 Ts_clk 
Info: Worst-case minimum pulse width slack is 9.377
    Info:     Slack End Point TNS Clock 
    Info: ========= ============= =====================
    Info:     9.377         0.000 Ts_clk 
Info: Design is not fully constrained for setup requirements
Info: Design is not fully constrained for hold requirements
Info: Quartus II TimeQuest Timing Analyzer was successful. 0 errors, 3 warnings
    Info: Peak virtual memory: 314 megabytes
    Info: Processing ended: Thu Mar 31 08:34:43 2016
    Info: Elapsed time: 00:00:21
    Info: Total CPU time (on all processors): 00:00:14


